snapshot_date,underlying,direction,score,reason,call_volume,put_volume,total_volume,call_share,put_share,put_call_ratio,direction_x_base,total_x_base,prior_direction,direction_share_base,reversal_bonus,history_days
2026-07-17,US.FIG,CALL,57.16,CALL 占比 93%; 暂无历史基线,71372,5457,76829,0.929,0.071,0.0765,,,,,,0
2026-07-17,US.BBAI,CALL,53.52,CALL 占比 84%; 暂无历史基线,16379,3168,19547,0.8379,0.1621,0.1934,,,,,,0
2026-07-17,US.DUOL,CALL,51.82,CALL 占比 80%; 暂无历史基线,3032,780,3812,0.7954,0.2046,0.2573,,,,,,0
2026-07-17,US.OPEN,CALL,51.4,CALL 占比 78%; 暂无历史基线,42598,11669,54267,0.785,0.215,0.2739,,,,,,0
2026-07-17,US.SMCI,CALL,51.08,CALL 占比 78%; 暂无历史基线,136503,39193,175696,0.7769,0.2231,0.2871,,,,,,0
2026-07-17,US.MARA,CALL,50.43,CALL 占比 76%; 暂无历史基线,140076,44062,184138,0.7607,0.2393,0.3146,,,,,,0
2026-07-17,US.GDS,CALL,50.42,CALL 占比 76%; 暂无历史基线,543,171,714,0.7605,0.2395,0.3149,,,,,,0
2026-07-17,US.ORCL,CALL,50.38,CALL 占比 76%; 暂无历史基线,297662,94320,391982,0.7594,0.2406,0.3169,,,,,,0
2026-07-17,US.COIN,CALL,49.4,CALL 占比 74%; 暂无历史基线,113674,40970,154644,0.7351,0.2649,0.3604,,,,,,0
2026-07-17,US.MSTR,CALL,49.39,CALL 占比 73%; 暂无历史基线,347538,125501,473039,0.7347,0.2653,0.3611,,,,,,0
2026-07-17,US.UVXY,CALL,49.23,CALL 占比 73%; 暂无历史基线,37337,13753,51090,0.7308,0.2692,0.3683,,,,,,0
2026-07-17,US.APLD,CALL,48.87,CALL 占比 72%; 暂无历史基线,43603,16816,60419,0.7217,0.2783,0.3857,,,,,,0
2026-07-17,US.NOK,CALL,48.74,CALL 占比 72%; 暂无历史基线,144355,56535,200890,0.7186,0.2814,0.3916,,,,,,0
2026-07-17,US.MSFT,CALL,48.7,CALL 占比 72%; 暂无历史基线,347317,136706,484023,0.7176,0.2824,0.3936,,,,,,0
2026-07-17,US.CRM,CALL,48.68,CALL 占比 72%; 暂无历史基线,31187,12306,43493,0.7171,0.2829,0.3946,,,,,,0
2026-07-17,US.META,CALL,48.51,CALL 占比 71%; 暂无历史基线,598941,241327,840268,0.7128,0.2872,0.4029,,,,,,0
2026-07-17,US.AMZN,CALL,47.98,CALL 占比 70%; 暂无历史基线,349701,150133,499834,0.6996,0.3004,0.4293,,,,,,0
2026-07-17,US.SNOW,CALL,47.58,CALL 占比 69%; 暂无历史基线,21393,9635,31028,0.6895,0.3105,0.4504,,,,,,0
2026-07-17,US.HOOD,CALL,47.47,CALL 占比 69%; 暂无历史基线,168306,76753,245059,0.6868,0.3132,0.456,,,,,,0
2026-07-17,US.SOFI,CALL,47.39,CALL 占比 68%; 暂无历史基线,193134,88911,282045,0.6848,0.3152,0.4604,,,,,,0
2026-07-17,US.DDOG,CALL,47.35,CALL 占比 68%; 暂无历史基线,9727,4497,14224,0.6838,0.3162,0.4623,,,,,,0
2026-07-17,US.EUV,CALL,47.32,CALL 占比 68%; 暂无历史基线,871,404,1275,0.6831,0.3169,0.4638,,,,,,0
2026-07-17,US.CRWV,CALL,47.3,CALL 占比 68%; 暂无历史基线,124757,58049,182806,0.6825,0.3175,0.4653,,,,,,0
2026-07-17,US.RDDT,CALL,46.68,CALL 占比 67%; 暂无历史基线,16100,8035,24135,0.6671,0.3329,0.4991,,,,,,0
2026-07-17,US.FOTO,PUT,46.43,PUT 占比 66%; 暂无历史基线,115,224,339,0.3392,0.6608,1.9478,,,,,,0
2026-07-17,US.NVDA,CALL,46.38,CALL 占比 66%; 暂无历史基线,2083074,1075156,3158230,0.6596,0.3404,0.5161,,,,,,0
2026-07-17,US.IWM,PUT,46.19,PUT 占比 65%; 暂无历史基线,430982,817434,1248416,0.3452,0.6548,1.8967,,,,,,0
2026-07-17,US.MRVL,CALL,45.98,CALL 占比 65%; 暂无历史基线,121706,65674,187380,0.6495,0.3505,0.5396,,,,,,0
2026-07-17,US.NOW,CALL,45.98,CALL 占比 65%; 暂无历史基线,47520,25649,73169,0.6495,0.3505,0.5398,,,,,,0
2026-07-17,US.BABA,CALL,45.9,CALL 占比 65%; 暂无历史基线,80841,44028,124869,0.6474,0.3526,0.5446,,,,,,0
2026-07-17,US.GOOGL,CALL,45.89,CALL 占比 65%; 暂无历史基线,268843,146568,415411,0.6472,0.3528,0.5452,,,,,,0
2026-07-17,US.CRWD,CALL,45.71,CALL 占比 64%; 暂无历史基线,49132,27312,76444,0.6427,0.3573,0.5559,,,,,,0
2026-07-17,US.IBM,CALL,45.68,CALL 占比 64%; 暂无历史基线,79907,44560,124467,0.642,0.358,0.5576,,,,,,0
2026-07-17,US.IBIT,CALL,45.42,CALL 占比 64%; 暂无历史基线,258766,148342,407108,0.6356,0.3644,0.5733,,,,,,0
2026-07-17,US.PANW,CALL,45.14,CALL 占比 63%; 暂无历史基线,15735,9304,25039,0.6284,0.3716,0.5913,,,,,,0
2026-07-17,US.CBRS,CALL,44.98,CALL 占比 62%; 暂无历史基线,17436,10482,27918,0.6245,0.3755,0.6012,,,,,,0
2026-07-17,US.CRCL,CALL,44.98,CALL 占比 62%; 暂无历史基线,49790,29923,79713,0.6246,0.3754,0.601,,,,,,0
2026-07-17,US.SOUN,CALL,44.87,CALL 占比 62%; 暂无历史基线,17358,10558,27916,0.6218,0.3782,0.6082,,,,,,0
2026-07-17,US.YINN,CALL,44.56,CALL 占比 61%; 暂无历史基线,2261,1422,3683,0.6139,0.3861,0.6289,,,,,,0
2026-07-17,US.DRAM,CALL,44.55,CALL 占比 61%; 暂无历史基线,264304,166320,430624,0.6138,0.3862,0.6293,,,,,,0
2026-07-17,US.PLTR,CALL,44.07,CALL 占比 60%; 暂无历史基线,223245,147767,371012,0.6017,0.3983,0.6619,,,,,,0
2026-07-17,US.TEAM,CALL,43.64,CALL 占比 59%; 暂无历史基线,1982,1372,3354,0.5909,0.4091,0.6922,,,,,,0
2026-07-17,US.SAP,CALL,43.31,CALL 占比 58%; 暂无历史基线,951,681,1632,0.5827,0.4173,0.7161,,,,,,0
2026-07-17,US.OKLO,CALL,43.08,CALL 占比 58%; 暂无历史基线,20544,15052,35596,0.5771,0.4229,0.7327,,,,,,0
2026-07-17,US.IGV,PUT,43.05,PUT 占比 58%; 暂无历史基线,10926,14854,25780,0.4238,0.5762,1.3595,,,,,,0
2026-07-17,US.TSM,PUT,43.04,PUT 占比 58%; 暂无历史基线,83240,113050,196290,0.4241,0.5759,1.3581,,,,,,0
2026-07-17,US.AAPL,CALL,42.99,CALL 占比 57%; 暂无历史基线,920816,681169,1601985,0.5748,0.4252,0.7397,,,,,,0
2026-07-17,US.AMD,CALL,42.92,CALL 占比 57%; 暂无历史基线,279498,208323,487821,0.573,0.427,0.7453,,,,,,0
2026-07-17,US.FUTU,PUT,42.59,PUT 占比 56%; 暂无历史基线,2526,3278,5804,0.4352,0.5648,1.2977,,,,,,0
2026-07-17,US.MDB,PUT,42.43,PUT 占比 56%; 暂无历史基线,3094,3950,7044,0.4392,0.5608,1.2767,,,,,,0
2026-07-17,US.INTU,CALL,42.18,CALL 占比 55%; 暂无历史基线,6233,5008,11241,0.5545,0.4455,0.8035,,,,,,0
2026-07-17,US.HPE,CALL,42.04,CALL 占比 55%; 暂无历史基线,6833,5568,12401,0.551,0.449,0.8149,,,,,,0
2026-07-17,US.GFS,PUT,41.95,PUT 占比 55%; 暂无历史基线,1759,2139,3898,0.4513,0.5487,1.216,,,,,,0
2026-07-17,US.IREN,PUT,41.93,PUT 占比 55%; 暂无历史基线,125339,152072,277411,0.4518,0.5482,1.2133,,,,,,0
2026-07-17,US.GLW,CALL,41.76,CALL 占比 54%; 暂无历史基线,28596,23961,52557,0.5441,0.4559,0.8379,,,,,,0
2026-07-17,US.QCOM,CALL,41.74,CALL 占比 54%; 暂无历史基线,35373,29711,65084,0.5435,0.4565,0.8399,,,,,,0
2026-07-17,US.AVGO,CALL,41.72,CALL 占比 54%; 暂无历史基线,100612,84707,185319,0.5429,0.4571,0.8419,,,,,,0
2026-07-17,US.UPST,CALL,41.6,CALL 占比 54%; 暂无历史基线,7754,6602,14356,0.5401,0.4599,0.8514,,,,,,0
2026-07-17,US.NET,CALL,41.51,CALL 占比 54%; 暂无历史基线,6595,5668,12263,0.5378,0.4622,0.8594,,,,,,0
2026-07-17,US.COHR,PUT,41.48,PUT 占比 54%; 暂无历史基线,7192,8337,15529,0.4631,0.5369,1.1592,,,,,,0
2026-07-17,US.INTC,CALL,41.43,CALL 占比 54%; 暂无历史基线,421951,365777,787728,0.5357,0.4643,0.8669,,,,,,0
2026-07-17,US.VST,CALL,41.15,CALL 占比 53%; 暂无历史基线,7770,6926,14696,0.5287,0.4713,0.8914,,,,,,0
2026-07-17,US.NBIS,CALL,40.95,CALL 占比 52%; 暂无历史基线,116401,105843,222244,0.5238,0.4762,0.9093,,,,,,0
2026-07-17,US.BE,PUT,40.82,PUT 占比 52%; 暂无历史基线,54901,59626,114527,0.4794,0.5206,1.0861,,,,,,0
2026-07-17,US.TSLA,CALL,40.5,CALL 占比 51%; 暂无历史基线,1044064,993019,2037083,0.5125,0.4875,0.9511,,,,,,0
2026-07-17,US.GEV,PUT,40.42,PUT 占比 51%; 暂无历史基线,7024,7324,14348,0.4895,0.5105,1.0427,,,,,,0
2026-07-17,US.DELL,PUT,40.23,PUT 占比 51%; 暂无历史基线,47545,48647,96192,0.4943,0.5057,1.0232,,,,,,0
2026-07-17,US.LITE,PUT,40.22,PUT 占比 51%; 暂无历史基线,12307,12582,24889,0.4945,0.5055,1.0223,,,,,,0
2026-07-17,US.TWLO,PUT,40.21,PUT 占比 51%; 暂无历史基线,2075,2119,4194,0.4948,0.5052,1.0212,,,,,,0
2026-07-17,US.ASML,PUT,40.14,PUT 占比 50%; 暂无历史基线,10713,10858,21571,0.4966,0.5034,1.0135,,,,,,0
2026-07-16,US.OKLO,PUT,105.11,"PUT 占比 82%; PUT 较基线 7.0x; 总量较基线 3.0x; 方向反转 CALL->PUT, 占比提升 48%",17238,80827,98065,0.1758,0.8242,4.6889,6.982,2.962,CALL,0.3451,14.37,6
2026-07-16,US.ORCL,PUT,79.62,"PUT 占比 60%; PUT 较基线 4.3x; 总量较基线 1.8x; 方向反转 CALL->PUT, 占比提升 36%",158002,239619,397621,0.3974,0.6026,1.5166,4.262,1.778,CALL,0.2441,10.76,6
2026-07-16,US.GFS,PUT,72.96,PUT 占比 66%; PUT 较基线 3.8x; 总量较基线 2.8x,3646,7053,10699,0.3408,0.6592,1.9344,3.76,2.751,CALL,0.4694,,6
2026-07-16,US.FIG,CALL,71.98,CALL 占比 91%; CALL 较基线 2.6x; 总量较基线 2.4x,163130,15221,178351,0.9147,0.0853,0.0933,2.608,2.422,CALL,0.7924,,6
2026-07-16,US.MARA,CALL,71.52,CALL 占比 80%; CALL 较基线 2.8x; 总量较基线 2.8x,293600,74265,367865,0.7981,0.2019,0.2529,2.842,2.81,CALL,0.7727,,6
2026-07-16,US.CRWV,PUT,70.87,"PUT 占比 65%; PUT 较基线 3.2x; 总量较基线 1.9x; 方向反转 CALL->PUT, 占比提升 27%",80629,148687,229316,0.3516,0.6484,1.8441,3.175,1.891,CALL,0.3754,8.19,6
2026-07-16,US.IBM,CALL,70.31,CALL 占比 61%; CALL 较基线 3.1x; 总量较基线 3.5x,140258,91487,231745,0.6052,0.3948,0.6523,3.103,3.547,CALL,0.7574,,6
2026-07-16,US.VST,PUT,68.8,"PUT 占比 62%; PUT 较基线 3.5x; 总量较基线 0.9x; 方向反转 CALL->PUT, 占比提升 35%",10958,18038,28996,0.3779,0.6221,1.6461,3.518,0.902,CALL,0.2768,10.36,6
2026-07-16,US.GLW,PUT,68.75,PUT 占比 73%; PUT 较基线 3.3x; 总量较基线 2.2x,22153,58556,80709,0.2745,0.7255,2.6433,3.298,2.225,CALL,0.4964,,6
2026-07-16,US.SAP,PUT,63.92,PUT 占比 64%; PUT 较基线 3.4x; 总量较基线 1.8x,2327,4078,6405,0.3633,0.6367,1.7525,3.443,1.818,CALL,0.364,,6
2026-07-16,US.MSFT,CALL,60.14,CALL 占比 82%; CALL 较基线 1.9x; 总量较基线 2.0x,505297,109527,614824,0.8219,0.1781,0.2168,1.938,1.961,CALL,0.8328,,6
2026-07-16,US.BE,CALL,59.01,CALL 占比 51%; CALL 较基线 3.2x; 总量较基线 2.1x,93432,90221,183653,0.5087,0.4913,0.9656,3.228,2.141,PUT,0.3837,,6
2026-07-16,US.CBRS,CALL,56.9,CALL 占比 81%; CALL 较基线 1.8x; 总量较基线 1.7x,26431,6199,32630,0.81,0.19,0.2345,1.819,1.658,CALL,0.7105,,6
2026-07-16,US.TSM,CALL,56.88,CALL 占比 61%; CALL 较基线 2.5x; 总量较基线 2.1x,145609,94953,240562,0.6053,0.3947,0.6521,2.477,2.142,CALL,0.5289,,6
2026-07-16,US.NBIS,PUT,56.81,PUT 占比 70%; PUT 较基线 2.3x; 总量较基线 1.8x,68090,155455,223545,0.3046,0.6954,2.2831,2.311,1.75,PUT,0.5114,,6
2026-07-16,US.INTU,CALL,56.16,CALL 占比 59%; CALL 较基线 2.2x; 总量较基线 2.5x,13495,9507,23002,0.5867,0.4133,0.7045,2.245,2.455,CALL,0.6309,,6
2026-07-16,US.COHR,PUT,55.05,PUT 占比 66%; PUT 较基线 2.2x; 总量较基线 1.8x,7531,14801,22332,0.3372,0.6628,1.9653,2.224,1.792,PUT,0.5511,,6
2026-07-16,US.HPE,CALL,53.34,CALL 占比 79%; CALL 较基线 1.7x; 总量较基线 1.4x,24343,6398,30741,0.7919,0.2081,0.2628,1.654,1.406,CALL,0.6623,,6
2026-07-16,US.FOTO,CALL,52.54,CALL 占比 78%; CALL 较基线 1.8x; 总量较基线 1.2x,212,61,273,0.7766,0.2234,0.2877,1.774,1.214,CALL,0.5042,,6
2026-07-16,US.HOOD,CALL,50.79,CALL 占比 72%; CALL 较基线 1.5x; 总量较基线 1.7x,161136,62633,223769,0.7201,0.2799,0.3887,1.477,1.695,CALL,0.8217,,6
2026-07-16,US.GOOGL,CALL,50.5,CALL 占比 63%; CALL 较基线 1.6x; 总量较基线 2.1x,273616,158327,431943,0.6335,0.3665,0.5786,1.607,2.051,CALL,0.7745,,6
2026-07-16,US.DRAM,PUT,49.07,PUT 占比 51%; PUT 较基线 2.5x; 总量较基线 1.5x,221273,226614,447887,0.494,0.506,1.0241,2.509,1.46,CALL,0.2964,,6
2026-07-16,US.NOK,CALL,49.0,CALL 占比 61%; CALL 较基线 1.6x; 总量较基线 2.0x,199735,128520,328255,0.6085,0.3915,0.6435,1.6,1.977,CALL,0.7626,,6
2026-07-16,US.GEV,PUT,48.96,PUT 占比 78%; PUT 较基线 1.4x; 总量较基线 1.0x,2352,8353,10705,0.2197,0.7803,3.5514,1.436,1.043,PUT,0.565,,6
2026-07-16,US.MRVL,CALL,48.73,CALL 占比 64%; CALL 较基线 1.7x; 总量较基线 1.6x,124162,68953,193115,0.6429,0.3571,0.5553,1.659,1.624,CALL,0.6381,,6
2026-07-16,US.AVGO,CALL,48.72,CALL 占比 70%; CALL 较基线 1.5x; 总量较基线 1.5x,127560,54950,182510,0.6989,0.3011,0.4308,1.458,1.517,CALL,0.7142,,6
2026-07-16,US.AAPL,CALL,48.35,CALL 占比 63%; CALL 较基线 1.6x; 总量较基线 1.7x,830549,483739,1314288,0.6319,0.3681,0.5824,1.623,1.682,CALL,0.6581,,6
2026-07-16,US.QCOM,PUT,48.27,PUT 占比 57%; PUT 较基线 2.2x; 总量较基线 1.3x,25322,33952,59274,0.4272,0.5728,1.3408,2.169,1.334,CALL,0.3598,,6
2026-07-16,US.SMCI,CALL,47.72,CALL 占比 60%; CALL 较基线 1.5x; 总量较基线 2.0x,133369,89256,222625,0.5991,0.4009,0.6692,1.498,1.962,CALL,0.763,,6
2026-07-16,US.APLD,CALL,47.37,CALL 占比 75%; CALL 较基线 1.3x; 总量较基线 1.2x,47487,15596,63083,0.7528,0.2472,0.3284,1.274,1.177,CALL,0.6952,,6
2026-07-16,US.LITE,PUT,46.44,PUT 占比 61%; PUT 较基线 1.7x; 总量较基线 1.4x,5956,9184,15140,0.3934,0.6066,1.542,1.73,1.39,CALL,0.4966,,6
2026-07-16,US.BBAI,CALL,46.11,CALL 占比 78%; CALL 较基线 1.1x; 总量较基线 1.1x,21809,6280,28089,0.7764,0.2236,0.288,1.052,1.106,CALL,0.8213,,6
2026-07-16,US.META,CALL,45.87,CALL 占比 84%; CALL 较基线 0.9x; 总量较基线 0.9x,228113,42686,270799,0.8424,0.1576,0.1871,0.873,0.865,CALL,0.8251,,6
2026-07-16,US.NOW,CALL,45.39,CALL 占比 60%; CALL 较基线 1.3x; 总量较基线 1.8x,92804,60910,153714,0.6037,0.3963,0.6563,1.339,1.756,CALL,0.787,,6
2026-07-16,US.PLTR,CALL,44.99,CALL 占比 74%; CALL 较基线 1.1x; 总量较基线 1.1x,245241,87629,332870,0.7367,0.2633,0.3573,1.097,1.125,CALL,0.7561,,6
2026-07-16,US.IREN,PUT,44.75,PUT 占比 63%; PUT 较基线 1.6x; 总量较基线 1.1x,108338,187265,295603,0.3665,0.6335,1.7285,1.593,1.111,CALL,0.4346,,6
2026-07-16,US.UPST,PUT,44.44,PUT 占比 56%; PUT 较基线 1.9x; 总量较基线 1.1x,5958,7687,13645,0.4366,0.5634,1.2902,1.898,1.12,CALL,0.3272,,6
2026-07-16,US.AMZN,CALL,43.69,CALL 占比 72%; CALL 较基线 1.1x; 总量较基线 1.1x,323071,128648,451719,0.7152,0.2848,0.3982,1.058,1.103,CALL,0.746,,6
2026-07-16,US.UVXY,CALL,43.37,CALL 占比 72%; CALL 较基线 1.0x; 总量较基线 1.1x,26448,10519,36967,0.7154,0.2846,0.3977,1.005,1.119,CALL,0.7934,,6
2026-07-16,US.IGV,PUT,42.94,PUT 占比 62%; PUT 较基线 1.3x; 总量较基线 1.2x,21071,34938,56009,0.3762,0.6238,1.6581,1.348,1.201,PUT,0.5227,,6
2026-07-16,US.INTC,CALL,42.52,CALL 占比 65%; CALL 较基线 1.1x; 总量较基线 1.3x,317891,173550,491441,0.6469,0.3531,0.5459,1.124,1.275,CALL,0.7266,,6
2026-07-16,US.NVDA,CALL,41.74,CALL 占比 69%; CALL 较基线 1.0x; 总量较基线 1.0x,1239703,553926,1793629,0.6912,0.3088,0.4468,0.988,1.032,CALL,0.7269,,6
2026-07-16,US.IWM,PUT,41.19,PUT 占比 72%; PUT 较基线 0.9x; 总量较基线 0.9x,163602,419209,582811,0.2807,0.7193,2.5624,0.909,0.859,PUT,0.6973,,6
2026-07-16,US.RDDT,CALL,38.51,CALL 占比 59%; CALL 较基线 1.0x; 总量较基线 1.2x,16726,11729,28455,0.5878,0.4122,0.7012,0.991,1.179,CALL,0.6916,,6
2026-07-16,US.TSLA,CALL,38.45,CALL 占比 54%; CALL 较基线 1.1x; 总量较基线 1.3x,817523,694176,1511699,0.5408,0.4592,0.8491,1.148,1.273,CALL,0.6127,,6
2026-07-16,US.EUV,CALL,38.27,CALL 占比 62%; CALL 较基线 0.9x; 总量较基线 1.1x,630,388,1018,0.6189,0.3811,0.6159,0.869,1.095,CALL,0.7686,,6
2026-07-16,US.CRM,CALL,37.87,CALL 占比 64%; CALL 较基线 0.9x; 总量较基线 0.9x,33901,19133,53034,0.6392,0.3608,0.5644,0.884,0.871,CALL,0.6782,,6
2026-07-16,US.PANW,CALL,37.75,CALL 占比 73%; CALL 较基线 0.6x; 总量较基线 0.6x,7870,2856,10726,0.7337,0.2663,0.3629,0.632,0.558,CALL,0.6528,,6
2026-07-16,US.YINN,CALL,37.17,CALL 占比 73%; CALL 较基线 0.6x; 总量较基线 0.6x,2052,745,2797,0.7336,0.2664,0.3631,0.552,0.569,CALL,0.725,,6
2026-07-16,US.AMD,CALL,36.78,CALL 占比 55%; CALL 较基线 1.0x; 总量较基线 1.1x,112286,92423,204709,0.5485,0.4515,0.8231,0.995,1.145,CALL,0.6305,,6
2026-07-16,US.SOFI,CALL,36.26,CALL 占比 68%; CALL 较基线 0.6x; 总量较基线 0.7x,155593,72449,228042,0.6823,0.3177,0.4656,0.598,0.697,CALL,0.788,,6
2026-07-16,US.SOUN,CALL,36.02,CALL 占比 77%; CALL 较基线 0.4x; 总量较基线 0.3x,18472,5505,23977,0.7704,0.2296,0.298,0.395,0.341,CALL,0.7366,,6
2026-07-16,US.CRWD,CALL,36.02,CALL 占比 58%; CALL 较基线 0.9x; 总量较基线 0.9x,24403,17557,41960,0.5816,0.4184,0.7195,0.883,0.949,CALL,0.6093,,6
2026-07-16,US.DDOG,CALL,35.97,CALL 占比 66%; CALL 较基线 0.7x; 总量较基线 0.7x,4674,2380,7054,0.6626,0.3374,0.5092,0.654,0.707,CALL,0.7156,,6
2026-07-16,US.NET,PUT,35.77,PUT 占比 60%; PUT 较基线 1.0x; 总量较基线 0.6x,3931,5908,9839,0.3995,0.6005,1.5029,1.002,0.621,CALL,0.405,,6
2026-07-16,US.OPEN,CALL,35.61,CALL 占比 73%; CALL 较基线 0.4x; 总量较基线 0.5x,36319,13126,49445,0.7345,0.2655,0.3614,0.42,0.479,CALL,0.8338,,6
2026-07-16,US.BABA,CALL,35.36,CALL 占比 63%; CALL 较基线 0.6x; 总量较基线 0.8x,72692,41986,114678,0.6339,0.3661,0.5776,0.642,0.811,CALL,0.7889,,6
2026-07-16,US.ASML,CALL,34.6,CALL 占比 52%; CALL 较基线 1.0x; 总量较基线 1.0x,5425,5020,10445,0.5194,0.4806,0.9253,0.976,1.003,CALL,0.569,,6
2026-07-16,US.GDS,CALL,34.24,CALL 占比 69%; CALL 较基线 0.5x; 总量较基线 0.5x,944,429,1373,0.6875,0.3125,0.4544,0.486,0.476,CALL,0.7773,,6
2026-07-16,US.TEAM,CALL,34.13,CALL 占比 62%; CALL 较基线 0.6x; 总量较基线 0.8x,3040,1901,4941,0.6153,0.3847,0.6253,0.618,0.763,CALL,0.762,,6
2026-07-16,US.COIN,CALL,33.88,CALL 占比 56%; CALL 较基线 0.8x; 总量较基线 0.9x,32684,25467,58151,0.5621,0.4379,0.7792,0.766,0.878,CALL,0.6243,,6
2026-07-16,US.MSTR,CALL,33.63,CALL 占比 51%; CALL 较基线 0.9x; 总量较基线 1.1x,92409,88061,180470,0.512,0.488,0.9529,0.852,1.056,CALL,0.6279,,6
2026-07-16,US.TWLO,CALL,33.61,CALL 占比 62%; CALL 较基线 0.6x; 总量较基线 0.6x,1438,870,2308,0.6231,0.3769,0.605,0.599,0.649,CALL,0.6568,,6
2026-07-16,US.SNOW,CALL,32.3,CALL 占比 53%; CALL 较基线 0.7x; 总量较基线 0.9x,9188,8051,17239,0.533,0.467,0.8763,0.691,0.91,CALL,0.6962,,6
2026-07-16,US.IBIT,CALL,31.79,CALL 占比 54%; CALL 较基线 0.7x; 总量较基线 0.8x,118558,101583,220141,0.5386,0.4614,0.8568,0.69,0.788,CALL,0.6119,,6
2026-07-16,US.FUTU,PUT,31.28,PUT 占比 57%; PUT 较基线 0.6x; 总量较基线 0.6x,1689,2241,3930,0.4298,0.5702,1.3268,0.579,0.64,PUT,0.6148,,6
2026-07-16,US.CRCL,CALL,30.63,CALL 占比 51%; CALL 较基线 0.6x; 总量较基线 0.9x,28265,27039,55304,0.5111,0.4889,0.9566,0.605,0.892,CALL,0.7186,,6
2026-07-16,US.DUOL,CALL,29.47,CALL 占比 58%; CALL 较基线 0.4x; 总量较基线 0.5x,1439,1058,2497,0.5763,0.4237,0.7352,0.427,0.5,CALL,0.6576,,6
2026-07-16,US.DELL,CALL,28.76,CALL 占比 52%; CALL 较基线 0.5x; 总量较基线 0.7x,19243,17826,37069,0.5191,0.4809,0.9264,0.478,0.696,CALL,0.7264,,6
2026-07-16,US.MDB,CALL,25.7,CALL 占比 55%; CALL 较基线 0.2x; 总量较基线 0.3x,2891,2376,5267,0.5489,0.4511,0.8219,0.222,0.327,CALL,0.7205,,6
2026-07-15,US.GOOGL,CALL,93.09,CALL 占比 86%; CALL 较基线 4.4x; 总量较基线 3.9x,493030,81947,574977,0.8575,0.1425,0.1662,4.399,3.934,CALL,0.7591,,6
2026-07-15,US.SOUN,CALL,81.37,CALL 占比 54%; CALL 较基线 3.7x; 总量较基线 5.5x,116200,98894,215094,0.5402,0.4598,0.8511,3.72,5.504,CALL,0.7819,,6
2026-07-15,US.AAPL,CALL,78.49,CALL 占比 67%; CALL 较基线 3.7x; 总量较基线 3.7x,1389350,695717,2085067,0.6663,0.3337,0.5007,3.729,3.667,CALL,0.6611,,6
2026-07-15,US.ASML,PUT,74.27,PUT 占比 56%; PUT 较基线 4.5x; 总量较基线 2.6x,10779,13913,24692,0.4365,0.5635,1.2908,4.489,2.636,CALL,0.3674,,6
2026-07-15,US.DRAM,CALL,72.66,CALL 占比 83%; CALL 较基线 3.1x; 总量较基线 2.5x,473251,99321,572572,0.8265,0.1735,0.2099,3.09,2.48,CALL,0.6985,,6
2026-07-15,US.MSFT,CALL,68.93,CALL 占比 82%; CALL 较基线 2.6x; 总量较基线 2.6x,548078,123516,671594,0.8161,0.1839,0.2254,2.561,2.632,CALL,0.8354,,6
2026-07-15,US.GDS,CALL,64.31,CALL 占比 72%; CALL 较基线 2.6x; 总量较基线 2.4x,3705,1418,5123,0.7232,0.2768,0.3827,2.627,2.394,CALL,0.7866,,6
2026-07-15,US.IBM,CALL,63.97,CALL 占比 54%; CALL 较基线 2.5x; 总量较基线 3.8x,91722,79384,171106,0.5361,0.4639,0.8655,2.479,3.782,CALL,0.8081,,6
2026-07-15,US.META,CALL,63.5,CALL 占比 82%; CALL 较基线 2.2x; 总量较基线 2.2x,450866,95764,546630,0.8248,0.1752,0.2124,2.179,2.179,CALL,0.8072,,6
2026-07-15,US.AMZN,CALL,60.88,CALL 占比 74%; CALL 较基线 2.2x; 总量较基线 2.3x,594162,213710,807872,0.7355,0.2645,0.3597,2.232,2.267,CALL,0.7454,,6
2026-07-15,US.BABA,CALL,58.82,CALL 占比 86%; CALL 较基线 1.8x; 总量较基线 1.6x,174238,27791,202029,0.8624,0.1376,0.1595,1.815,1.633,CALL,0.7681,,6
2026-07-15,US.TSLA,CALL,57.53,CALL 占比 61%; CALL 较基线 2.3x; 总量较基线 2.4x,1522457,970791,2493248,0.6106,0.3894,0.6376,2.343,2.394,CALL,0.6293,,6
2026-07-15,US.CRM,CALL,55.99,CALL 占比 54%; CALL 较基线 2.2x; 总量较基线 2.8x,71529,60612,132141,0.5413,0.4587,0.8474,2.183,2.812,CALL,0.7177,,6
2026-07-15,US.NVDA,CALL,55.41,CALL 占比 69%; CALL 较基线 1.9x; 总量较基线 2.1x,2120658,942248,3062906,0.6924,0.3076,0.4443,1.926,2.051,CALL,0.736,,6
2026-07-15,US.FIG,CALL,52.49,CALL 占比 86%; CALL 较基线 1.3x; 总量较基线 1.3x,70641,11791,82432,0.857,0.143,0.1669,1.313,1.285,CALL,0.7684,,6
2026-07-15,US.NOK,CALL,52.33,CALL 占比 73%; CALL 较基线 1.6x; 总量较基线 1.7x,195589,72960,268549,0.7283,0.2717,0.373,1.639,1.681,CALL,0.7587,,6
2026-07-15,US.TSM,CALL,51.87,CALL 占比 51%; CALL 较基线 2.2x; 总量较基线 2.3x,110801,105059,215860,0.5133,0.4867,0.9482,2.175,2.323,CALL,0.5502,,6
2026-07-15,US.CRCL,CALL,51.46,CALL 占比 87%; CALL 较基线 1.3x; 总量较基线 1.0x,63209,9422,72631,0.8703,0.1297,0.1491,1.347,0.978,CALL,0.6469,,6
2026-07-15,US.COIN,CALL,51.3,CALL 占比 82%; CALL 较基线 1.5x; 总量较基线 1.1x,59552,13031,72583,0.8205,0.1795,0.2188,1.478,1.109,CALL,0.5983,,6
2026-07-15,US.IWM,PUT,51.01,PUT 占比 58%; PUT 较基线 1.9x; 总量较基线 2.2x,621644,867471,1489115,0.4175,0.5825,1.3954,1.85,2.152,PUT,0.697,,6
2026-07-15,US.HOOD,CALL,50.44,CALL 占比 89%; CALL 较基线 1.1x; 总量较基线 1.0x,115271,14260,129531,0.8899,0.1101,0.1237,1.105,1.0,CALL,0.7991,,6
2026-07-15,US.INTC,CALL,49.55,CALL 占比 75%; CALL 较基线 1.4x; 总量较基线 1.4x,398042,131232,529274,0.7521,0.2479,0.3297,1.397,1.382,CALL,0.7344,,6
2026-07-15,US.SAP,CALL,49.45,CALL 占比 72%; CALL 较基线 1.5x; 总量较基线 1.4x,3705,1417,5122,0.7234,0.2766,0.3825,1.479,1.448,CALL,0.666,,6
2026-07-15,US.YINN,CALL,48.37,CALL 占比 81%; CALL 较基线 1.2x; 总量较基线 1.0x,4303,980,5283,0.8145,0.1855,0.2277,1.199,1.032,CALL,0.6796,,6
2026-07-15,US.OPEN,CALL,48.33,CALL 占比 88%; CALL 较基线 1.0x; 总量较基线 0.9x,80411,11201,91612,0.8777,0.1223,0.1393,0.966,0.916,CALL,0.8275,,6
2026-07-15,US.NET,PUT,46.5,"PUT 占比 62%; PUT 较基线 1.3x; 总量较基线 0.7x; 方向反转 CALL->PUT, 占比提升 24%",4805,7877,12682,0.3789,0.6211,1.6393,1.264,0.746,CALL,0.3854,7.07,6
2026-07-15,US.ORCL,CALL,46.15,CALL 占比 74%; CALL 较基线 1.2x; 总量较基线 1.2x,182546,64542,247088,0.7388,0.2612,0.3536,1.189,1.182,CALL,0.7362,,6
2026-07-15,US.UVXY,CALL,45.52,CALL 占比 83%; CALL 较基线 0.9x; 总量较基线 0.8x,21693,4318,26011,0.834,0.166,0.1991,0.893,0.836,CALL,0.7656,,6
2026-07-15,US.PLTR,CALL,45.14,CALL 占比 77%; CALL 较基线 1.0x; 总量较基线 1.0x,221258,65989,287247,0.7703,0.2297,0.2982,1.038,1.004,CALL,0.7439,,6
2026-07-15,US.APLD,CALL,44.5,CALL 占比 73%; CALL 较基线 1.1x; 总量较基线 1.0x,40626,14939,55565,0.7311,0.2689,0.3677,1.122,1.047,CALL,0.6826,,6
2026-07-15,US.RDDT,CALL,44.32,CALL 占比 68%; CALL 较基线 1.2x; 总量较基线 1.2x,18753,8991,27744,0.6759,0.3241,0.4794,1.229,1.243,CALL,0.6678,,6
2026-07-15,US.CRWD,CALL,44.27,CALL 占比 65%; CALL 较基线 1.3x; 总量较基线 1.3x,31785,17145,48930,0.6496,0.3504,0.5394,1.332,1.272,CALL,0.6058,,6
2026-07-15,US.DDOG,CALL,43.95,CALL 占比 74%; CALL 较基线 1.1x; 总量较基线 1.0x,8039,2832,10871,0.7395,0.2605,0.3523,1.078,0.958,CALL,0.6786,,6
2026-07-15,US.NOW,CALL,42.97,CALL 占比 81%; CALL 较基线 0.8x; 总量较基线 0.8x,55414,13194,68608,0.8077,0.1923,0.2381,0.765,0.757,CALL,0.7934,,6
2026-07-15,US.AVGO,CALL,42.92,CALL 占比 67%; CALL 较基线 1.1x; 总量较基线 1.2x,91969,45262,137231,0.6702,0.3298,0.4921,1.099,1.219,CALL,0.7293,,6
2026-07-15,US.NBIS,PUT,42.89,PUT 占比 56%; PUT 较基线 1.5x; 总量较基线 1.4x,74218,92953,167171,0.444,0.556,1.2524,1.531,1.401,CALL,0.4954,,6
2026-07-15,US.IBIT,CALL,42.83,CALL 占比 70%; CALL 较基线 1.2x; 总量较基线 0.9x,203764,86808,290572,0.7013,0.2987,0.426,1.177,0.893,CALL,0.5572,,6
2026-07-15,US.SOFI,CALL,42.06,CALL 占比 75%; CALL 较基线 0.8x; 总量较基线 0.9x,210335,68620,278955,0.754,0.246,0.3262,0.829,0.877,CALL,0.7912,,6
2026-07-15,US.AMD,CALL,41.94,CALL 占比 60%; CALL 较基线 1.2x; 总量较基线 1.4x,146171,96947,243118,0.6012,0.3988,0.6632,1.221,1.354,CALL,0.6564,,6
2026-07-15,US.PANW,CALL,41.82,CALL 占比 70%; CALL 较基线 1.0x; 总量较基线 1.0x,12958,5556,18514,0.6999,0.3001,0.4288,1.015,0.951,CALL,0.6604,,6
2026-07-15,US.BBAI,CALL,41.73,CALL 占比 76%; CALL 较基线 0.8x; 总量较基线 0.8x,17005,5238,22243,0.7645,0.2355,0.308,0.772,0.828,CALL,0.8269,,6
2026-07-15,US.MARA,CALL,41.73,CALL 占比 74%; CALL 较基线 0.9x; 总量较基线 0.9x,86709,30127,116836,0.7421,0.2579,0.3474,0.851,0.873,CALL,0.7454,,6
2026-07-15,US.SMCI,CALL,41.11,CALL 占比 77%; CALL 较基线 0.7x; 总量较基线 0.7x,75590,22027,97617,0.7744,0.2256,0.2914,0.721,0.728,CALL,0.7621,,6
2026-07-15,US.IGV,CALL,41.07,"CALL 占比 62%; CALL 较基线 0.9x; 总量较基线 0.5x; 方向反转 PUT->CALL, 占比提升 20%",19920,12258,32178,0.6191,0.3809,0.6154,0.885,0.52,PUT,0.4156,6.11,6
2026-07-15,US.GEV,PUT,40.87,PUT 占比 65%; PUT 较基线 1.2x; 总量较基线 0.9x,3319,6177,9496,0.3495,0.6505,1.8611,1.214,0.857,CALL,0.4775,,6
2026-07-15,US.IREN,CALL,40.17,CALL 占比 60%; CALL 较基线 1.2x; 总量较基线 1.1x,164052,110535,274587,0.5974,0.4026,0.6738,1.203,1.109,CALL,0.5585,,6
2026-07-15,US.MDB,CALL,39.57,CALL 占比 76%; CALL 较基线 0.6x; 总量较基线 0.7x,7986,2567,10553,0.7568,0.2432,0.3214,0.649,0.685,CALL,0.6944,,6
2026-07-15,US.LITE,CALL,39.4,CALL 占比 54%; CALL 较基线 1.3x; 总量较基线 1.3x,7358,6383,13741,0.5355,0.4645,0.8675,1.287,1.28,CALL,0.5201,,6
2026-07-15,US.COHR,CALL,39.2,CALL 占比 51%; CALL 较基线 1.4x; 总量较基线 1.2x,7268,6854,14122,0.5147,0.4853,0.943,1.393,1.245,PUT,0.4472,,6
2026-07-15,US.GLW,PUT,39.11,PUT 占比 52%; PUT 较基线 1.4x; 总量较基线 1.2x,21625,23756,45381,0.4765,0.5235,1.0985,1.379,1.189,CALL,0.4695,,6
2026-07-15,US.DELL,CALL,39.08,CALL 占比 61%; CALL 较基线 0.9x; 总量较基线 1.2x,41858,26787,68645,0.6098,0.3902,0.6399,0.909,1.236,CALL,0.7792,,6
2026-07-15,US.TEAM,CALL,39.08,CALL 占比 71%; CALL 较基线 0.7x; 总量较基线 0.8x,4292,1751,6043,0.7102,0.2898,0.408,0.749,0.78,CALL,0.7551,,6
2026-07-15,US.FUTU,CALL,38.99,CALL 占比 56%; CALL 较基线 1.4x; 总量较基线 0.9x,3117,2442,5559,0.5607,0.4393,0.7834,1.415,0.873,PUT,0.3576,,6
2026-07-15,US.OKLO,CALL,38.82,CALL 占比 70%; CALL 较基线 0.8x; 总量较基线 0.7x,17658,7543,25201,0.7007,0.2993,0.4272,0.796,0.736,CALL,0.6505,,6
2026-07-15,US.HPE,CALL,38.59,CALL 占比 59%; CALL 较基线 1.0x; 总量较基线 1.2x,14408,10007,24415,0.5901,0.4099,0.6945,0.992,1.175,CALL,0.6877,,6
2026-07-15,US.CRWV,CALL,38.42,CALL 占比 50%; CALL 较基线 1.1x; 总量较基线 1.5x,87123,85403,172526,0.505,0.495,0.9803,1.136,1.521,CALL,0.6741,,6
2026-07-15,US.MRVL,CALL,38.29,CALL 占比 51%; CALL 较基线 1.1x; 总量较基线 1.5x,89415,84346,173761,0.5146,0.4854,0.9433,1.105,1.478,CALL,0.6787,,6
2026-07-15,US.BE,PUT,37.77,PUT 占比 65%; PUT 较基线 0.9x; 总量较基线 0.8x,24107,45093,69200,0.3484,0.6516,1.8705,0.859,0.806,PUT,0.5534,,6
2026-07-15,US.MSTR,CALL,36.35,CALL 占比 67%; CALL 较基线 0.7x; 总量较基线 0.6x,84975,41588,126563,0.6714,0.3286,0.4894,0.727,0.612,CALL,0.5819,,6
2026-07-15,US.EUV,CALL,36.25,CALL 占比 70%; CALL 较基线 0.6x; 总量较基线 0.6x,549,233,782,0.702,0.298,0.4244,0.557,0.619,CALL,0.7776,,6
2026-07-15,US.QCOM,CALL,35.81,CALL 占比 64%; CALL 较基线 0.7x; 总量较基线 0.7x,25019,13934,38953,0.6423,0.3577,0.5569,0.707,0.743,CALL,0.6567,,6
2026-07-15,US.UPST,CALL,35.76,CALL 占比 71%; CALL 较基线 0.5x; 总量较基线 0.5x,5438,2214,7652,0.7107,0.2893,0.4071,0.534,0.511,CALL,0.6754,,6
2026-07-15,US.FOTO,PUT,34.83,PUT 占比 64%; PUT 较基线 0.8x; 总量较基线 0.5x,43,76,119,0.3613,0.6387,1.7674,0.774,0.514,CALL,0.4239,,6
2026-07-15,US.SNOW,CALL,34.54,CALL 占比 64%; CALL 较基线 0.6x; 总量较基线 0.7x,9229,5135,14364,0.6425,0.3575,0.5564,0.605,0.666,CALL,0.7048,,6
2026-07-15,US.VST,CALL,34.52,CALL 占比 74%; CALL 较基线 0.3x; 总量较基线 0.4x,9100,3201,12301,0.7398,0.2602,0.3518,0.333,0.377,CALL,0.7205,,6
2026-07-15,US.CBRS,CALL,34.2,CALL 占比 67%; CALL 较基线 0.5x; 总量较基线 0.6x,8570,4257,12827,0.6681,0.3319,0.4967,0.503,0.574,CALL,0.7357,,6
2026-07-15,US.INTU,CALL,31.44,CALL 占比 59%; CALL 较基线 0.5x; 总量较基线 0.6x,3411,2346,5757,0.5925,0.4075,0.6878,0.527,0.588,CALL,0.6565,,6
2026-07-15,US.DUOL,CALL,31.29,CALL 占比 64%; CALL 较基线 0.4x; 总量较基线 0.4x,1547,868,2415,0.6406,0.3594,0.5611,0.389,0.424,CALL,0.6804,,6
2026-07-15,US.GFS,PUT,30.65,PUT 占比 51%; PUT 较基线 1.0x; 总量较基线 0.4x,1617,1661,3278,0.4933,0.5067,1.0272,0.965,0.443,CALL,0.39,,6
2026-07-15,US.TWLO,CALL,30.39,CALL 占比 58%; CALL 较基线 0.5x; 总量较基线 0.6x,1205,864,2069,0.5824,0.4176,0.717,0.473,0.552,CALL,0.667,,6
2026-07-13,US.FIG,CALL,106.8,CALL 占比 93%; CALL 较基线 6.1x; 总量较基线 5.0x,171530,13410,184940,0.9275,0.0725,0.0782,6.112,4.95,CALL,0.7309,,6
2026-07-13,US.DRAM,PUT,64.12,PUT 占比 50%; PUT 较基线 3.9x; 总量较基线 2.1x,223336,227034,450370,0.4959,0.5041,1.0166,3.897,2.13,CALL,0.2725,,6
2026-07-13,US.GFS,PUT,59.7,PUT 占比 71%; PUT 较基线 3.3x; 总量较基线 0.8x,1656,4044,5700,0.2905,0.7095,2.442,3.305,0.814,CALL,0.3256,,6
2026-07-13,US.INTU,CALL,52.34,CALL 占比 65%; CALL 较基线 1.9x; 总量较基线 1.9x,10421,5532,15953,0.6532,0.3468,0.5309,1.886,1.854,CALL,0.6367,,6
2026-07-13,US.ORCL,CALL,52.05,CALL 占比 69%; CALL 较基线 1.7x; 总量较基线 1.8x,224823,101631,326454,0.6887,0.3113,0.452,1.713,1.8,CALL,0.7166,,6
2026-07-13,US.SOFI,CALL,51.06,CALL 占比 81%; CALL 较基线 1.3x; 总量较基线 1.3x,316532,74059,390591,0.8104,0.1896,0.234,1.346,1.312,CALL,0.7842,,6
2026-07-13,US.TSM,CALL,50.22,CALL 占比 53%; CALL 较基线 2.0x; 总量较基线 2.1x,90683,79221,169904,0.5337,0.4663,0.8736,2.026,2.111,CALL,0.5551,,6
2026-07-13,US.UVXY,CALL,49.11,CALL 占比 82%; CALL 较基线 1.2x; 总量较基线 1.1x,27171,6036,33207,0.8182,0.1818,0.2221,1.195,1.137,CALL,0.7658,,6
2026-07-13,US.MSFT,CALL,48.54,CALL 占比 85%; CALL 较基线 1.1x; 总量较基线 1.0x,223076,40115,263191,0.8476,0.1524,0.1798,1.051,1.038,CALL,0.8337,,6
2026-07-13,US.CRCL,CALL,47.51,CALL 占比 79%; CALL 较基线 1.3x; 总量较基线 1.0x,53231,14373,67604,0.7874,0.2126,0.27,1.264,0.984,CALL,0.6349,,6
2026-07-13,US.CRM,CALL,47.25,CALL 占比 57%; CALL 较基线 1.6x; 总量较基线 2.0x,46579,35754,82333,0.5657,0.4343,0.7676,1.559,2.025,CALL,0.7337,,6
2026-07-13,US.TWLO,CALL,47.2,CALL 占比 72%; CALL 较基线 1.4x; 总量较基线 1.3x,3182,1268,4450,0.7151,0.2849,0.3985,1.369,1.275,CALL,0.654,,6
2026-07-13,US.IBM,CALL,47.07,CALL 占比 84%; CALL 较基线 1.0x; 总量较基线 0.9x,38361,7488,45849,0.8367,0.1633,0.1952,0.988,0.95,CALL,0.7972,,6
2026-07-13,US.COHR,PUT,46.81,PUT 占比 70%; PUT 较基线 1.5x; 总量较基线 1.1x,3730,8741,12471,0.2991,0.7009,2.3434,1.55,1.063,PUT,0.5018,,6
2026-07-13,US.AAPL,CALL,46.05,CALL 占比 75%; CALL 较基线 1.2x; 总量较基线 1.0x,418892,138916,557808,0.751,0.249,0.3316,1.22,1.042,CALL,0.6498,,6
2026-07-13,US.NOK,CALL,45.8,CALL 占比 84%; CALL 较基线 0.9x; 总量较基线 0.8x,121674,23966,145640,0.8354,0.1646,0.197,0.923,0.833,CALL,0.7582,,6
2026-07-13,US.OKLO,CALL,45.53,CALL 占比 62%; CALL 较基线 1.4x; 总量较基线 1.5x,30295,18498,48793,0.6209,0.3791,0.6106,1.436,1.535,CALL,0.6635,,6
2026-07-13,US.META,CALL,45.38,CALL 占比 81%; CALL 较基线 0.9x; 总量较基线 0.9x,175220,41529,216749,0.8084,0.1916,0.237,0.923,0.943,CALL,0.8071,,6
2026-07-13,US.SAP,PUT,45.26,PUT 占比 55%; PUT 较基线 2.2x; 总量较基线 0.9x,1578,1947,3525,0.4477,0.5523,1.2338,2.193,0.937,CALL,0.279,,6
2026-07-13,US.GEV,PUT,44.65,PUT 占比 68%; PUT 较基线 1.5x; 总量较基线 0.9x,3063,6564,9627,0.3182,0.6818,2.143,1.508,0.886,CALL,0.4068,,6
2026-07-13,US.APLD,CALL,44.55,CALL 占比 72%; CALL 较基线 1.1x; 总量较基线 1.1x,42768,16462,59230,0.7221,0.2779,0.3849,1.143,1.087,CALL,0.6853,,6
2026-07-13,US.NBIS,PUT,44.39,PUT 占比 58%; PUT 较基线 1.6x; 总量较基线 1.4x,66947,91375,158322,0.4229,0.5771,1.3649,1.625,1.384,CALL,0.4826,,6
2026-07-13,US.EUV,CALL,43.92,CALL 占比 84%; CALL 较基线 0.7x; 总量较基线 0.7x,784,144,928,0.8448,0.1552,0.1837,0.743,0.698,CALL,0.789,,6
2026-07-13,US.SOUN,CALL,43.85,CALL 占比 80%; CALL 较基线 0.8x; 总量较基线 0.9x,28710,7305,36015,0.7972,0.2028,0.2544,0.844,0.868,CALL,0.7989,,6
2026-07-13,US.FOTO,CALL,43.69,CALL 占比 73%; CALL 较基线 1.1x; 总量较基线 0.9x,159,58,217,0.7327,0.2673,0.3648,1.14,0.877,CALL,0.5587,,6
2026-07-13,US.PLTR,CALL,43.47,CALL 占比 74%; CALL 较基线 1.0x; 总量较基线 1.0x,215635,77764,293399,0.735,0.265,0.3606,1.005,1.005,CALL,0.735,,6
2026-07-13,US.IREN,PUT,42.92,PUT 占比 57%; PUT 较基线 1.6x; 总量较基线 1.2x,121261,161229,282490,0.4293,0.5707,1.3296,1.609,1.203,CALL,0.4232,,6
2026-07-13,US.AMZN,CALL,42.81,CALL 占比 77%; CALL 较基线 0.9x; 总量较基线 0.9x,263260,79075,342335,0.769,0.231,0.3004,0.861,0.86,CALL,0.7583,,6
2026-07-13,US.NOW,CALL,42.7,CALL 占比 72%; CALL 较基线 0.9x; 总量较基线 1.0x,70518,26861,97379,0.7242,0.2758,0.3809,0.937,1.04,CALL,0.7993,,6
2026-07-13,US.OPEN,CALL,42.64,CALL 占比 78%; CALL 较基线 0.8x; 总量较基线 0.9x,68389,19409,87798,0.7789,0.2211,0.2838,0.791,0.859,CALL,0.8424,,6
2026-07-13,US.TEAM,CALL,42.48,CALL 占比 68%; CALL 较基线 1.0x; 总量较基线 1.1x,5847,2712,8559,0.6831,0.3169,0.4638,1.039,1.14,CALL,0.7638,,6
2026-07-13,US.FUTU,PUT,42.28,PUT 占比 71%; PUT 较基线 1.0x; 总量较基线 0.9x,1668,4085,5753,0.2899,0.7101,2.449,1.033,0.936,PUT,0.6304,,6
2026-07-13,US.BBAI,CALL,42.25,CALL 占比 71%; CALL 较基线 0.9x; 总量较基线 1.1x,21671,8774,30445,0.7118,0.2882,0.4049,0.905,1.09,CALL,0.8584,,6
2026-07-13,US.RDDT,CALL,41.95,CALL 占比 65%; CALL 较基线 1.1x; 总量较基线 1.2x,16692,9003,25695,0.6496,0.3504,0.5394,1.106,1.185,CALL,0.6795,,6
2026-07-13,US.IWM,PUT,41.8,PUT 占比 77%; PUT 较基线 0.8x; 总量较基线 0.7x,122397,419835,542232,0.2257,0.7743,3.4301,0.812,0.721,PUT,0.6991,,6
2026-07-13,US.CRWV,CALL,39.66,CALL 占比 68%; CALL 较基线 0.9x; 总量较基线 0.9x,72833,34679,107512,0.6774,0.3226,0.4761,0.899,0.895,CALL,0.6726,,6
2026-07-13,US.DUOL,CALL,39.48,CALL 占比 73%; CALL 较基线 0.7x; 总量较基线 0.7x,2898,1064,3962,0.7314,0.2686,0.3671,0.748,0.706,CALL,0.6683,,6
2026-07-13,US.MARA,CALL,39.41,CALL 占比 77%; CALL 较基线 0.6x; 总量较基线 0.6x,65241,19833,85074,0.7669,0.2331,0.304,0.63,0.616,CALL,0.7316,,6
2026-07-13,US.SNOW,CALL,39.34,CALL 占比 65%; CALL 较基线 0.9x; 总量较基线 1.0x,14622,7832,22454,0.6512,0.3488,0.5356,0.94,0.962,CALL,0.6796,,6
2026-07-13,US.CRWD,CALL,39.3,CALL 占比 55%; CALL 较基线 1.1x; 总量较基线 1.4x,26240,21270,47510,0.5523,0.4477,0.8106,1.133,1.358,CALL,0.6518,,6
2026-07-13,US.HOOD,CALL,39.16,CALL 占比 71%; CALL 较基线 0.7x; 总量较基线 0.8x,78982,31990,110972,0.7117,0.2883,0.405,0.718,0.824,CALL,0.8128,,6
2026-07-13,US.MRVL,CALL,39.16,CALL 占比 63%; CALL 较基线 0.9x; 总量较基线 1.1x,76530,44103,120633,0.6344,0.3656,0.5763,0.934,1.053,CALL,0.7076,,6
2026-07-13,US.ASML,PUT,38.57,PUT 占比 55%; PUT 较基线 1.5x; 总量较基线 0.8x,3507,4302,7809,0.4491,0.5509,1.2267,1.455,0.815,CALL,0.3385,,6
2026-07-13,US.BE,PUT,38.29,PUT 占比 62%; PUT 较基线 1.0x; 总量较基线 0.9x,31515,50975,82490,0.382,0.618,1.6175,1.006,0.921,PUT,0.514,,6
2026-07-13,US.NVDA,CALL,37.72,CALL 占比 68%; CALL 较基线 0.7x; 总量较基线 0.8x,786531,376858,1163389,0.6761,0.3239,0.4791,0.731,0.804,CALL,0.7439,,6
2026-07-13,US.DDOG,CALL,37.25,CALL 占比 71%; CALL 较基线 0.7x; 总量较基线 0.6x,5516,2292,7808,0.7065,0.2935,0.4155,0.679,0.594,CALL,0.6459,,6
2026-07-13,US.INTC,CALL,36.88,CALL 占比 69%; CALL 较基线 0.6x; 总量较基线 0.7x,196179,87548,283727,0.6914,0.3086,0.4463,0.632,0.694,CALL,0.7513,,6
2026-07-13,US.BABA,CALL,36.69,CALL 占比 72%; CALL 较基线 0.6x; 总量较基线 0.6x,59141,23139,82280,0.7188,0.2812,0.3913,0.559,0.578,CALL,0.7498,,6
2026-07-13,US.GOOGL,CALL,36.66,CALL 占比 72%; CALL 较基线 0.6x; 总量较基线 0.6x,69542,27692,97234,0.7152,0.2848,0.3982,0.552,0.607,CALL,0.7808,,6
2026-07-13,US.LITE,PUT,35.44,PUT 占比 51%; PUT 较基线 1.2x; 总量较基线 0.9x,5991,6190,12181,0.4918,0.5082,1.0332,1.18,0.946,CALL,0.4452,,6
2026-07-13,US.AVGO,CALL,34.79,CALL 占比 64%; CALL 较基线 0.6x; 总量较基线 0.7x,56432,31535,87967,0.6415,0.3585,0.5588,0.606,0.713,CALL,0.7458,,6
2026-07-13,US.NET,CALL,34.61,CALL 占比 57%; CALL 较基线 0.8x; 总量较基线 0.9x,8782,6526,15308,0.5737,0.4263,0.7431,0.789,0.892,CALL,0.6307,,6
2026-07-13,US.COIN,CALL,34.46,CALL 占比 57%; CALL 较基线 0.8x; 总量较基线 0.9x,32476,24586,57062,0.5691,0.4309,0.7571,0.819,0.858,CALL,0.579,,6
2026-07-13,US.QCOM,CALL,34.34,CALL 占比 60%; CALL 较基线 0.7x; 总量较基线 0.8x,27304,17923,45227,0.6037,0.3963,0.6564,0.704,0.759,CALL,0.6467,,6
2026-07-13,US.MDB,PUT,33.18,PUT 占比 54%; PUT 较基线 1.1x; 总量较基线 0.4x,3204,3769,6973,0.4595,0.5405,1.1763,1.129,0.421,CALL,0.2789,,6
2026-07-13,US.PANW,CALL,32.59,CALL 占比 64%; CALL 较基线 0.5x; 总量较基线 0.5x,7920,4465,12385,0.6395,0.3605,0.5638,0.493,0.512,CALL,0.6675,,6
2026-07-13,US.HPE,CALL,32.56,CALL 占比 60%; CALL 较基线 0.6x; 总量较基线 0.7x,9195,6260,15455,0.595,0.405,0.6808,0.57,0.701,CALL,0.7238,,6
2026-07-13,US.YINN,CALL,32.32,CALL 占比 62%; CALL 较基线 0.5x; 总量较基线 0.6x,1928,1162,3090,0.6239,0.3761,0.6027,0.502,0.558,CALL,0.677,,6
2026-07-13,US.UPST,CALL,32.26,CALL 占比 54%; CALL 较基线 0.7x; 总量较基线 0.9x,8544,7255,15799,0.5408,0.4592,0.8491,0.651,0.905,CALL,0.7278,,6
2026-07-13,US.VST,CALL,32.24,CALL 占比 57%; CALL 较基线 0.6x; 总量较基线 0.8x,14503,10823,25326,0.5727,0.4273,0.7463,0.55,0.822,CALL,0.7241,,6
2026-07-13,US.IGV,PUT,31.62,PUT 占比 61%; PUT 较基线 0.5x; 总量较基线 0.5x,14692,23024,37716,0.3895,0.6105,1.5671,0.516,0.512,PUT,0.5662,,6
2026-07-13,US.SMCI,CALL,31.54,CALL 占比 67%; CALL 较基线 0.3x; 总量较基线 0.4x,40332,20052,60384,0.6679,0.3321,0.4972,0.336,0.356,CALL,0.7305,,6
2026-07-13,US.GLW,PUT,31.02,PUT 占比 55%; PUT 较基线 0.7x; 总量较基线 0.5x,10796,13275,24071,0.4485,0.5515,1.2296,0.74,0.507,CALL,0.4143,,6
2026-07-13,US.AMD,CALL,30.6,CALL 占比 56%; CALL 较基线 0.6x; 总量较基线 0.6x,69273,54811,124084,0.5583,0.4417,0.7912,0.553,0.642,CALL,0.6467,,6
2026-07-13,US.GDS,CALL,30.33,CALL 占比 65%; CALL 较基线 0.3x; 总量较基线 0.3x,554,295,849,0.6525,0.3475,0.5325,0.288,0.322,CALL,0.8366,,6
2026-07-13,US.TSLA,CALL,30.23,CALL 占比 56%; CALL 较基线 0.5x; 总量较基线 0.6x,355532,275823,631355,0.5631,0.4369,0.7758,0.522,0.588,CALL,0.645,,6
2026-07-13,US.IBIT,CALL,29.81,CALL 占比 54%; CALL 较基线 0.6x; 总量较基线 0.6x,113547,95600,209147,0.5429,0.4571,0.8419,0.599,0.551,CALL,0.5326,,6
2026-07-13,US.MSTR,CALL,27.9,CALL 占比 54%; CALL 较基线 0.5x; 总量较基线 0.4x,58393,49589,107982,0.5408,0.4592,0.8492,0.453,0.441,CALL,0.5565,,6
2026-07-13,US.CBRS,CALL,27.65,CALL 占比 58%; CALL 较基线 0.3x; 总量较基线 0.4x,6839,4933,11772,0.581,0.419,0.7213,0.268,0.377,CALL,0.7869,,6
2026-07-13,US.DELL,CALL,27.43,CALL 占比 55%; CALL 较基线 0.3x; 总量较基线 0.5x,14393,11544,25937,0.5549,0.4451,0.8021,0.305,0.465,CALL,0.8154,,6
2026-07-10,US.META,CALL,74.53,CALL 占比 88%; CALL 较基线 2.9x; 总量较基线 2.6x,395458,52922,448380,0.882,0.118,0.1338,2.936,2.627,CALL,0.7745,,6
2026-07-10,US.CRCL,CALL,63.79,CALL 占比 82%; CALL 较基线 2.6x; 总量较基线 1.7x,82039,17582,99621,0.8235,0.1765,0.2143,2.553,1.737,CALL,0.6149,,6
2026-07-10,US.SOFI,CALL,58.01,CALL 占比 85%; CALL 较基线 1.8x; 总量较基线 1.6x,356922,64091,421013,0.8478,0.1522,0.1796,1.796,1.622,CALL,0.7626,,6
2026-07-10,US.UVXY,CALL,56.18,CALL 占比 85%; CALL 较基线 1.7x; 总量较基线 1.5x,34246,6177,40423,0.8472,0.1528,0.1804,1.654,1.51,CALL,0.7669,,6
2026-07-10,US.OPEN,CALL,53.04,CALL 占比 85%; CALL 较基线 1.4x; 总量较基线 1.4x,105118,19218,124336,0.8454,0.1546,0.1828,1.375,1.37,CALL,0.8365,,6
2026-07-10,US.HOOD,CALL,51.63,CALL 占比 84%; CALL 较基线 1.3x; 总量较基线 1.3x,133567,25296,158863,0.8408,0.1592,0.1894,1.307,1.257,CALL,0.8058,,6
2026-07-10,US.FUTU,PUT,51.45,PUT 占比 85%; PUT 较基线 1.4x; 总量较基线 1.0x,882,5032,5914,0.1491,0.8509,5.7052,1.42,1.009,PUT,0.5905,,6
2026-07-10,US.NVDA,CALL,49.83,CALL 占比 78%; CALL 较基线 1.4x; 总量较基线 1.3x,1306691,364709,1671400,0.7818,0.2182,0.2791,1.376,1.258,CALL,0.7087,,6
2026-07-10,US.HPE,CALL,49.55,CALL 占比 80%; CALL 较基线 1.3x; 总量较基线 1.2x,20201,5116,25317,0.7979,0.2021,0.2533,1.331,1.164,CALL,0.6936,,6
2026-07-10,US.IREN,PUT,49.29,PUT 占比 61%; PUT 较基线 2.0x; 总量较基线 1.5x,142744,223296,366040,0.39,0.61,1.5643,1.96,1.536,CALL,0.4533,,6
2026-07-10,US.ORCL,CALL,48.43,CALL 占比 79%; CALL 较基线 1.3x; 总量较基线 1.1x,145732,38260,183992,0.7921,0.2079,0.2625,1.263,1.107,CALL,0.6743,,6
2026-07-10,US.MSFT,CALL,47.96,CALL 占比 87%; CALL 较基线 1.0x; 总量较基线 0.9x,218228,33470,251698,0.867,0.133,0.1534,0.966,0.925,CALL,0.8271,,6
2026-07-10,US.MARA,CALL,47.28,CALL 占比 79%; CALL 较基线 1.1x; 总量较基线 1.1x,124245,32448,156693,0.7929,0.2071,0.2612,1.13,1.087,CALL,0.7398,,6
2026-07-10,US.TEAM,CALL,47.24,CALL 占比 81%; CALL 较基线 1.1x; 总量较基线 1.0x,5840,1360,7200,0.8111,0.1889,0.2329,1.101,0.999,CALL,0.7496,,6
2026-07-10,US.SMCI,CALL,45.99,CALL 占比 78%; CALL 较基线 1.1x; 总量较基线 1.0x,125807,35143,160950,0.7817,0.2183,0.2793,1.109,0.975,CALL,0.7089,,6
2026-07-10,US.OKLO,CALL,45.77,CALL 占比 76%; CALL 较基线 1.2x; 总量较基线 1.0x,24162,7723,31885,0.7578,0.2422,0.3196,1.196,0.982,CALL,0.6241,,6
2026-07-10,US.BABA,CALL,44.48,CALL 占比 85%; CALL 较基线 0.8x; 总量较基线 0.7x,89263,16126,105389,0.847,0.153,0.1807,0.815,0.681,CALL,0.7118,,6
2026-07-10,US.COIN,CALL,43.26,CALL 占比 62%; CALL 较基线 1.4x; 总量较基线 1.3x,48707,30478,79185,0.6151,0.3849,0.6257,1.373,1.278,CALL,0.5516,,6
2026-07-10,US.GDS,CALL,42.76,CALL 占比 93%; CALL 较基线 0.4x; 总量较基线 0.3x,859,63,922,0.9317,0.0683,0.0733,0.444,0.322,CALL,0.7482,,6
2026-07-10,US.AMZN,CALL,42.38,CALL 占比 77%; CALL 较基线 0.8x; 总量较基线 0.8x,248191,73523,321714,0.7715,0.2285,0.2962,0.826,0.819,CALL,0.7543,,6
2026-07-10,US.BBAI,CALL,42.28,CALL 占比 89%; CALL 较基线 0.5x; 总量较基线 0.5x,13119,1688,14807,0.886,0.114,0.1287,0.494,0.48,CALL,0.8595,,6
2026-07-10,US.PLTR,CALL,41.8,CALL 占比 78%; CALL 较基线 0.8x; 总量较基线 0.7x,165597,46446,212043,0.781,0.219,0.2805,0.784,0.714,CALL,0.7052,,6
2026-07-10,US.AAPL,CALL,41.56,CALL 占比 75%; CALL 较基线 0.9x; 总量较基线 0.7x,307809,101185,408994,0.7526,0.2474,0.3287,0.876,0.741,CALL,0.6397,,6
2026-07-10,US.APLD,PUT,41.3,PUT 占比 51%; PUT 较基线 1.8x; 总量较基线 1.1x,26567,27345,53912,0.4928,0.5072,1.0293,1.835,1.054,CALL,0.3006,,6
2026-07-10,US.NOK,CALL,40.49,CALL 占比 84%; CALL 较基线 0.5x; 总量较基线 0.5x,78966,15045,94011,0.84,0.16,0.1905,0.519,0.457,CALL,0.7377,,6
2026-07-10,US.FIG,CALL,40.11,CALL 占比 71%; CALL 较基线 0.8x; 总量较基线 0.9x,23335,9414,32749,0.7125,0.2875,0.4034,0.801,0.867,CALL,0.7529,,6
2026-07-10,US.TSLA,CALL,39.59,CALL 占比 72%; CALL 较基线 0.8x; 总量较基线 0.7x,531719,205480,737199,0.7213,0.2787,0.3864,0.816,0.701,CALL,0.6228,,6
2026-07-10,US.SNOW,CALL,39.49,CALL 占比 67%; CALL 较基线 0.9x; 总量较基线 0.9x,15021,7324,22345,0.6722,0.3278,0.4876,0.896,0.905,CALL,0.6892,,6
2026-07-10,US.GOOGL,CALL,38.95,CALL 占比 71%; CALL 较基线 0.7x; 总量较基线 0.8x,101249,42349,143598,0.7051,0.2949,0.4183,0.725,0.825,CALL,0.7977,,6
2026-07-10,US.RDDT,CALL,38.79,CALL 占比 65%; CALL 较基线 0.9x; 总量较基线 1.0x,13711,7527,21238,0.6456,0.3544,0.549,0.888,0.977,CALL,0.6939,,6
2026-07-10,US.COHR,PUT,38.36,PUT 占比 59%; PUT 较基线 1.2x; 总量较基线 0.9x,4444,6359,10803,0.4114,0.5886,1.4309,1.174,0.905,CALL,0.4728,,6
2026-07-10,US.NOW,CALL,38.3,CALL 占比 76%; CALL 较基线 0.6x; 总量较基线 0.5x,45333,13940,59273,0.7648,0.2352,0.3075,0.553,0.548,CALL,0.7701,,6
2026-07-10,US.CBRS,CALL,38.16,CALL 占比 74%; CALL 较基线 0.6x; 总量较基线 0.6x,14885,5113,19998,0.7443,0.2557,0.3435,0.577,0.629,CALL,0.7798,,6
2026-07-10,US.LITE,CALL,38.08,CALL 占比 62%; CALL 较基线 1.0x; 总量较基线 0.9x,7482,4574,12056,0.6206,0.3794,0.6113,0.989,0.891,CALL,0.5252,,6
2026-07-10,US.CRWD,CALL,38.08,CALL 占比 57%; CALL 较基线 1.0x; 总量较基线 1.2x,22253,16680,38933,0.5716,0.4284,0.7496,0.997,1.207,CALL,0.6829,,6
2026-07-10,US.IGV,PUT,38.02,PUT 占比 68%; PUT 较基线 0.8x; 总量较基线 0.8x,26564,55819,82383,0.3224,0.6776,2.1013,0.78,0.779,PUT,0.5853,,6
2026-07-10,US.CRM,CALL,37.19,CALL 占比 69%; CALL 较基线 0.7x; 总量较基线 0.7x,21669,9800,31469,0.6886,0.3114,0.4523,0.669,0.716,CALL,0.7389,,6
2026-07-10,US.SOUN,CALL,37.14,CALL 占比 76%; CALL 较基线 0.5x; 总量较基线 0.5x,15698,4857,20555,0.7637,0.2363,0.3094,0.457,0.489,CALL,0.7954,,6
2026-07-10,US.MSTR,CALL,36.96,CALL 占比 63%; CALL 较基线 0.9x; 总量较基线 0.7x,124413,71975,196388,0.6335,0.3665,0.5785,0.924,0.705,CALL,0.5176,,6
2026-07-10,US.AMD,CALL,36.76,CALL 占比 70%; CALL 较基线 0.6x; 总量较基线 0.6x,79131,33398,112529,0.7032,0.2968,0.4221,0.643,0.582,CALL,0.6248,,6
2026-07-10,US.AVGO,CALL,36.64,CALL 占比 68%; CALL 较基线 0.7x; 总量较基线 0.7x,58605,28002,86607,0.6767,0.3233,0.4778,0.663,0.712,CALL,0.7005,,6
2026-07-10,US.INTC,CALL,36.53,CALL 占比 70%; CALL 较基线 0.6x; 总量较基线 0.6x,177465,74776,252241,0.7036,0.2964,0.4214,0.576,0.629,CALL,0.7686,,6
2026-07-10,US.NET,PUT,36.19,PUT 占比 53%; PUT 较基线 1.3x; 总量较基线 0.8x,6292,7113,13405,0.4694,0.5306,1.1305,1.256,0.82,CALL,0.3765,,6
2026-07-10,US.VST,CALL,35.07,CALL 占比 74%; CALL 较基线 0.4x; 总量较基线 0.4x,9406,3312,12718,0.7396,0.2604,0.3521,0.368,0.424,CALL,0.7048,,6
2026-07-10,US.BE,PUT,34.98,PUT 占比 56%; PUT 较基线 0.9x; 总量较基线 0.9x,35411,45780,81191,0.4361,0.5639,1.2928,0.886,0.89,PUT,0.5041,,5
2026-07-10,US.IBM,CALL,34.9,CALL 占比 75%; CALL 较基线 0.3x; 总量较基线 0.4x,14911,4911,19822,0.7522,0.2478,0.3294,0.332,0.36,CALL,0.8142,,6
2026-07-10,US.DDOG,CALL,34.85,CALL 占比 61%; CALL 较基线 0.7x; 总量较基线 0.7x,6331,4032,10363,0.6109,0.3891,0.6369,0.742,0.748,CALL,0.6444,,6
2026-07-10,US.TSM,CALL,34.84,CALL 占比 52%; CALL 较基线 1.0x; 总量较基线 1.0x,45415,42533,87948,0.5164,0.4836,0.9365,1.006,1.022,CALL,0.5344,,6
2026-07-10,US.CRWV,CALL,33.91,CALL 占比 57%; CALL 较基线 0.7x; 总量较基线 0.9x,57573,44054,101627,0.5665,0.4335,0.7652,0.745,0.881,CALL,0.6584,,6
2026-07-10,US.IBIT,CALL,33.86,CALL 占比 53%; CALL 较基线 1.0x; 总量较基线 0.8x,170605,149577,320182,0.5328,0.4672,0.8767,0.961,0.81,PUT,0.4831,,6
2026-07-10,US.DUOL,CALL,33.76,CALL 占比 66%; CALL 较基线 0.5x; 总量较基线 0.6x,2046,1065,3111,0.6577,0.3423,0.5205,0.517,0.552,CALL,0.6895,,6
2026-07-10,US.DRAM,CALL,33.41,CALL 占比 63%; CALL 较基线 0.5x; 总量较基线 0.6x,87484,50692,138176,0.6331,0.3669,0.5794,0.544,0.623,CALL,0.7323,,6
2026-07-10,US.DELL,CALL,33.18,CALL 占比 73%; CALL 较基线 0.3x; 总量较基线 0.3x,12655,4709,17364,0.7288,0.2712,0.3721,0.273,0.308,CALL,0.7545,,6
2026-07-10,US.GEV,PUT,33.01,PUT 占比 56%; PUT 较基线 0.9x; 总量较基线 0.6x,2900,3713,6613,0.4385,0.5615,1.2803,0.868,0.6,CALL,0.3855,,6
2026-07-10,US.SAP,CALL,32.92,CALL 占比 54%; CALL 较基线 0.7x; 总量较基线 1.0x,1951,1658,3609,0.5406,0.4594,0.8498,0.685,0.97,CALL,0.7199,,6
2026-07-10,US.INTU,CALL,32.91,CALL 占比 61%; CALL 较基线 0.6x; 总量较基线 0.6x,3556,2312,5868,0.606,0.394,0.6502,0.608,0.635,CALL,0.6301,,6
2026-07-10,US.MRVL,CALL,32.62,CALL 占比 61%; CALL 较基线 0.6x; 总量较基线 0.6x,45696,29814,75510,0.6052,0.3948,0.6524,0.571,0.641,CALL,0.666,,6
2026-07-10,US.EUV,CALL,32.22,CALL 占比 70%; CALL 较基线 0.3x; 总量较基线 0.3x,338,142,480,0.7042,0.2958,0.4201,0.27,0.315,CALL,0.8244,,6
2026-07-10,US.YINN,CALL,32.11,CALL 占比 64%; CALL 较基线 0.4x; 总量较基线 0.5x,1807,1004,2811,0.6428,0.3572,0.5556,0.449,0.467,CALL,0.6555,,6
2026-07-10,US.PANW,CALL,31.84,CALL 占比 63%; CALL 较基线 0.5x; 总量较基线 0.5x,7644,4494,12138,0.6298,0.3702,0.5879,0.466,0.486,CALL,0.6577,,6
2026-07-10,US.NBIS,CALL,31.81,CALL 占比 56%; CALL 较基线 0.7x; 总量较基线 0.6x,41413,32189,73602,0.5627,0.4373,0.7773,0.725,0.584,PUT,0.4644,,6
2026-07-10,US.IWM,PUT,31.65,PUT 占比 64%; PUT 较基线 0.4x; 总量较基线 0.5x,140028,247013,387041,0.3618,0.6382,1.764,0.414,0.468,PUT,0.7362,,6
2026-07-10,US.FOTO,PUT,31.01,PUT 占比 69%; PUT 较基线 0.3x; 总量较基线 0.2x,15,34,49,0.3061,0.6939,2.2667,0.284,0.164,CALL,0.3745,,6
2026-07-10,US.TWLO,CALL,30.98,CALL 占比 55%; CALL 较基线 0.6x; 总量较基线 0.7x,1327,1092,2419,0.5486,0.4514,0.8229,0.588,0.722,CALL,0.6587,,6
2026-07-10,US.GFS,PUT,30.41,PUT 占比 54%; PUT 较基线 0.9x; 总量较基线 0.3x,844,1007,1851,0.456,0.544,1.1931,0.889,0.257,CALL,0.2606,,6
2026-07-10,US.ASML,CALL,29.97,CALL 占比 54%; CALL 较基线 0.5x; 总量较基线 0.7x,3460,2956,6416,0.5393,0.4607,0.8543,0.543,0.674,CALL,0.624,,6
2026-07-10,US.QCOM,CALL,29.89,CALL 占比 60%; CALL 较基线 0.4x; 总量较基线 0.4x,18036,12049,30085,0.5995,0.4005,0.6681,0.409,0.44,CALL,0.6468,,6
2026-07-10,US.UPST,CALL,29.36,CALL 占比 54%; CALL 较基线 0.5x; 总量较基线 0.7x,6358,5420,11778,0.5398,0.4602,0.8525,0.466,0.673,CALL,0.7691,,6
2026-07-10,US.MDB,CALL,27.2,CALL 占比 54%; CALL 较基线 0.3x; 总量较基线 0.5x,4632,3988,8620,0.5374,0.4626,0.861,0.334,0.506,CALL,0.756,,6
2026-07-10,US.GLW,CALL,26.76,CALL 占比 50%; CALL 较基线 0.4x; 总量较基线 0.5x,13217,12960,26177,0.5049,0.4951,0.9806,0.421,0.533,CALL,0.6142,,6
2026-07-08,US.VST,CALL,108.74,CALL 占比 97%; CALL 较基线 8.8x; 总量较基线 6.6x,100519,3266,103785,0.9685,0.0315,0.0325,8.821,6.584,CALL,0.6826,,6
2026-07-08,US.BE,PUT,96.58,"PUT 占比 82%; PUT 较基线 4.7x; 总量较基线 2.4x; 方向反转 CALL->PUT, 占比提升 40%",29570,139310,168880,0.1751,0.8249,4.7112,4.682,2.351,CALL,0.4238,12.03,4
2026-07-08,US.MDB,CALL,76.8,CALL 占比 97%; CALL 较基线 3.1x; 总量较基线 2.2x,29089,1019,30108,0.9662,0.0338,0.035,3.092,2.236,CALL,0.6387,,6
2026-07-08,US.DELL,CALL,64.04,CALL 占比 89%; CALL 较基线 2.2x; 总量较基线 1.9x,77115,9698,86813,0.8883,0.1117,0.1258,2.156,1.877,CALL,0.6949,,6
2026-07-08,US.BABA,CALL,63.29,CALL 占比 80%; CALL 较基线 2.5x; 总量较基线 1.8x,216233,54930,271163,0.7974,0.2026,0.254,2.537,1.849,CALL,0.6315,,6
2026-07-08,US.AVGO,CALL,60.76,CALL 占比 81%; CALL 较基线 2.2x; 总量较基线 1.8x,157475,37215,194690,0.8088,0.1912,0.2363,2.177,1.832,CALL,0.6642,,6
2026-07-08,US.MARA,CALL,60.47,CALL 占比 91%; CALL 较基线 1.9x; 总量较基线 1.5x,184820,18965,203785,0.9069,0.0931,0.1026,1.89,1.512,CALL,0.7151,,6
2026-07-08,US.YINN,CALL,56.69,CALL 占比 82%; CALL 较基线 1.9x; 总量较基线 1.5x,7605,1668,9273,0.8201,0.1799,0.2193,1.884,1.469,CALL,0.6349,,6
2026-07-08,US.ORCL,CALL,56.16,CALL 占比 80%; CALL 较基线 1.9x; 总量较基线 1.5x,177232,44695,221927,0.7986,0.2014,0.2522,1.921,1.475,CALL,0.5917,,6
2026-07-08,US.NET,CALL,55.44,CALL 占比 80%; CALL 较基线 1.9x; 总量较基线 1.4x,16397,3978,20375,0.8048,0.1952,0.2426,1.876,1.373,CALL,0.5594,,6
2026-07-08,US.SMCI,CALL,53.87,CALL 占比 89%; CALL 较基线 1.5x; 总量较基线 1.1x,155137,19391,174528,0.8889,0.1111,0.125,1.47,1.092,CALL,0.6859,,6
2026-07-08,US.SAP,CALL,53.49,CALL 占比 86%; CALL 较基线 1.6x; 总量较基线 1.1x,4806,815,5621,0.855,0.145,0.1696,1.557,1.139,CALL,0.6581,,6
2026-07-08,US.DUOL,PUT,53.11,PUT 占比 64%; PUT 较基线 2.7x; 总量较基线 1.0x,2010,3623,5633,0.3568,0.6432,1.8025,2.708,0.954,CALL,0.2398,,6
2026-07-08,US.NVDA,CALL,52.8,CALL 占比 78%; CALL 较基线 1.6x; 总量较基线 1.4x,1420969,392486,1813455,0.7836,0.2164,0.2762,1.638,1.393,CALL,0.6713,,6
2026-07-08,US.GDS,CALL,51.32,CALL 占比 94%; CALL 较基线 1.2x; 总量较基线 0.8x,2285,158,2443,0.9353,0.0647,0.0691,1.159,0.773,CALL,0.6914,,6
2026-07-08,US.DRAM,CALL,50.5,CALL 占比 85%; CALL 较基线 1.3x; 总量较基线 1.1x,203936,36262,240198,0.849,0.151,0.1778,1.259,1.077,CALL,0.7332,,6
2026-07-08,US.BBAI,CALL,49.82,CALL 占比 90%; CALL 较基线 1.0x; 总量较基线 0.9x,26118,2846,28964,0.9017,0.0983,0.109,1.009,0.946,CALL,0.8418,,6
2026-07-08,US.INTU,CALL,49.8,CALL 占比 74%; CALL 较基线 1.6x; 总量较基线 1.2x,8156,2812,10968,0.7436,0.2564,0.3448,1.621,1.18,CALL,0.5543,,6
2026-07-08,US.UVXY,CALL,48.9,CALL 占比 70%; CALL 较基线 1.4x; 总量较基线 1.6x,26476,11340,37816,0.7001,0.2999,0.4283,1.416,1.594,CALL,0.7736,,6
2026-07-08,US.HOOD,CALL,48.14,CALL 占比 86%; CALL 较基线 1.0x; 总量较基线 0.9x,105501,17260,122761,0.8594,0.1406,0.1636,1.026,0.926,CALL,0.7761,,6
2026-07-08,US.HPE,CALL,47.04,CALL 占比 77%; CALL 较基线 1.2x; 总量较基线 1.1x,19139,5575,24714,0.7744,0.2256,0.2913,1.192,1.088,CALL,0.698,,6
2026-07-08,US.IWM,PUT,46.61,PUT 占比 80%; PUT 较基线 1.1x; 总量较基线 1.0x,168859,660294,829153,0.2037,0.7963,3.9103,1.105,0.986,PUT,0.7262,,6
2026-07-08,US.APLD,CALL,43.86,CALL 占比 74%; CALL 较基线 1.0x; 总量较基线 1.0x,36663,12854,49517,0.7404,0.2596,0.3506,1.037,0.992,CALL,0.6997,,6
2026-07-08,US.SOFI,CALL,43.63,CALL 占比 76%; CALL 较基线 0.9x; 总量较基线 0.9x,183661,56927,240588,0.7634,0.2366,0.31,0.946,0.922,CALL,0.7394,,6
2026-07-08,US.OPEN,CALL,43.02,CALL 占比 82%; CALL 较基线 0.7x; 总量较基线 0.7x,56171,12150,68321,0.8222,0.1778,0.2163,0.723,0.725,CALL,0.818,,6
2026-07-08,US.CRWV,CALL,41.69,CALL 占比 69%; CALL 较基线 1.0x; 总量较基线 1.0x,76623,35022,111645,0.6863,0.3137,0.4571,1.037,0.99,CALL,0.6422,,6
2026-07-08,US.NBIS,PUT,41.54,PUT 占比 57%; PUT 较基线 1.4x; 总量较基线 1.3x,62636,84427,147063,0.4259,0.5741,1.3479,1.365,1.275,PUT,0.5241,,6
2026-07-08,US.TWLO,CALL,41.35,CALL 占比 68%; CALL 较基线 1.0x; 总量较基线 1.0x,2257,1045,3302,0.6835,0.3165,0.463,0.996,1.006,CALL,0.6784,,6
2026-07-08,US.LITE,PUT,40.98,PUT 占比 73%; PUT 较基线 1.0x; 总量较基线 0.6x,2262,6208,8470,0.2671,0.7329,2.7445,1.029,0.573,CALL,0.422,,6
2026-07-08,US.CRM,CALL,40.59,CALL 占比 79%; CALL 较基线 0.7x; 总量较基线 0.6x,22287,5880,28167,0.7912,0.2088,0.2638,0.67,0.597,CALL,0.7032,,6
2026-07-08,US.PLTR,CALL,40.52,CALL 占比 68%; CALL 较基线 1.0x; 总量较基线 0.9x,201251,94957,296208,0.6794,0.3206,0.4718,0.985,0.911,CALL,0.6491,,6
2026-07-08,US.MRVL,CALL,40.16,CALL 占比 71%; CALL 较基线 0.9x; 总量较基线 0.8x,69113,28806,97919,0.7058,0.2942,0.4168,0.87,0.828,CALL,0.6577,,6
2026-07-08,US.NOW,CALL,39.56,CALL 占比 74%; CALL 较基线 0.7x; 总量较基线 0.7x,57072,19604,76676,0.7443,0.2557,0.3435,0.698,0.7,CALL,0.7539,,6
2026-07-08,US.MSFT,CALL,39.37,CALL 占比 83%; CALL 较基线 0.5x; 总量较基线 0.4x,115235,23351,138586,0.8315,0.1685,0.2026,0.452,0.415,CALL,0.783,,6
2026-07-08,US.INTC,CALL,39.2,CALL 占比 69%; CALL 较基线 0.8x; 总量较基线 0.9x,248921,112094,361015,0.6895,0.3105,0.4503,0.788,0.886,CALL,0.7768,,6
2026-07-08,US.META,CALL,39.02,CALL 占比 76%; CALL 较基线 0.6x; 总量较基线 0.6x,84909,26517,111426,0.762,0.238,0.3123,0.622,0.595,CALL,0.7235,,6
2026-07-08,US.EUV,CALL,38.15,CALL 占比 77%; CALL 较基线 0.5x; 总量较基线 0.5x,621,185,806,0.7705,0.2295,0.2979,0.512,0.539,CALL,0.8014,,6
2026-07-08,US.UPST,CALL,37.93,CALL 占比 75%; CALL 较基线 0.6x; 总量较基线 0.6x,7730,2570,10300,0.7505,0.2495,0.3325,0.555,0.578,CALL,0.7732,,6
2026-07-08,US.FOTO,CALL,37.86,CALL 占比 53%; CALL 较基线 1.1x; 总量较基线 1.3x,187,164,351,0.5328,0.4672,0.877,1.095,1.299,CALL,0.6643,,6
2026-07-08,US.TEAM,CALL,37.65,CALL 占比 71%; CALL 较基线 0.7x; 总量较基线 0.7x,3846,1594,5440,0.707,0.293,0.4145,0.677,0.659,CALL,0.7178,,6
2026-07-08,US.IBM,CALL,37.45,CALL 占比 78%; CALL 较基线 0.4x; 总量较基线 0.5x,22604,6385,28989,0.7797,0.2203,0.2825,0.438,0.459,CALL,0.819,,6
2026-07-08,US.SNOW,CALL,37.31,CALL 占比 72%; CALL 较基线 0.6x; 总量较基线 0.6x,10632,4053,14685,0.724,0.276,0.3812,0.614,0.574,CALL,0.6845,,6
2026-07-08,US.RDDT,CALL,37.09,CALL 占比 67%; CALL 较基线 0.7x; 总量较基线 0.8x,11290,5533,16823,0.6711,0.3289,0.4901,0.718,0.751,CALL,0.6868,,6
2026-07-08,US.MSTR,CALL,36.53,CALL 占比 63%; CALL 较基线 1.0x; 总量较基线 0.6x,121217,70334,191551,0.6328,0.3672,0.5802,0.956,0.595,PUT,0.4394,,6
2026-07-08,US.AMD,CALL,36.45,CALL 占比 62%; CALL 较基线 0.8x; 总量较基线 0.8x,102100,63564,165664,0.6163,0.3837,0.6226,0.838,0.849,CALL,0.6122,,6
2026-07-08,US.FUTU,CALL,36.42,CALL 占比 52%; CALL 较基线 1.3x; 总量较基线 0.9x,2684,2487,5171,0.519,0.481,0.9266,1.281,0.901,PUT,0.3738,,6
2026-07-08,US.DDOG,CALL,36.38,CALL 占比 67%; CALL 较基线 0.7x; 总量较基线 0.6x,6155,3014,9169,0.6713,0.3287,0.4897,0.73,0.613,CALL,0.591,,6
2026-07-08,US.SOUN,CALL,36.08,CALL 占比 74%; CALL 较基线 0.4x; 总量较基线 0.5x,15764,5611,21375,0.7375,0.2625,0.3559,0.448,0.499,CALL,0.8029,,6
2026-07-08,US.NOK,CALL,35.68,CALL 占比 70%; CALL 较基线 0.5x; 总量较基线 0.6x,89717,38998,128715,0.697,0.303,0.4347,0.54,0.58,CALL,0.7498,,6
2026-07-08,US.PANW,CALL,35.62,CALL 占比 55%; CALL 较基线 0.9x; 总量较基线 1.1x,14197,11668,25865,0.5489,0.4511,0.8219,0.89,1.09,CALL,0.6705,,6
2026-07-08,US.GOOGL,CALL,35.08,CALL 占比 72%; CALL 较基线 0.4x; 总量较基线 0.5x,63509,24727,88236,0.7198,0.2802,0.3893,0.437,0.466,CALL,0.7673,,6
2026-07-08,US.COHR,PUT,34.74,PUT 占比 63%; PUT 较基线 0.8x; 总量较基线 0.6x,2787,4714,7501,0.3716,0.6284,1.6914,0.774,0.569,CALL,0.4655,,6
2026-07-08,US.ASML,CALL,34.48,CALL 占比 60%; CALL 较基线 0.7x; 总量较基线 0.8x,4521,2998,7519,0.6013,0.3987,0.6631,0.716,0.784,CALL,0.6117,,6
2026-07-08,US.CBRS,CALL,34.44,CALL 占比 71%; CALL 较基线 0.4x; 总量较基线 0.4x,13182,5310,18492,0.7128,0.2872,0.4028,0.422,0.425,CALL,0.7471,,6
2026-07-08,US.GEV,PUT,34.25,PUT 占比 55%; PUT 较基线 1.1x; 总量较基线 0.6x,3369,4068,7437,0.453,0.547,1.2075,1.06,0.648,CALL,0.3179,,6
2026-07-08,US.OKLO,CALL,34.09,CALL 占比 58%; CALL 较基线 0.8x; 总量较基线 0.8x,16006,11750,27756,0.5767,0.4233,0.7341,0.773,0.807,CALL,0.6086,,6
2026-07-08,US.AMZN,CALL,33.76,CALL 占比 69%; CALL 较基线 0.4x; 总量较基线 0.5x,143008,64622,207630,0.6888,0.3112,0.4519,0.43,0.46,CALL,0.7395,,6
2026-07-08,US.QCOM,CALL,33.31,CALL 占比 66%; CALL 较基线 0.5x; 总量较基线 0.5x,29556,15305,44861,0.6588,0.3412,0.5178,0.491,0.505,CALL,0.6623,,6
2026-07-08,US.TSM,CALL,33.25,CALL 占比 61%; CALL 较基线 0.7x; 总量较基线 0.6x,31259,20220,51479,0.6072,0.3928,0.6469,0.7,0.56,PUT,0.4877,,6
2026-07-08,US.FIG,CALL,33.18,CALL 占比 61%; CALL 较基线 0.6x; 总量较基线 0.7x,18395,11851,30246,0.6082,0.3918,0.6443,0.561,0.728,CALL,0.7785,,6
2026-07-08,US.GLW,PUT,33.02,PUT 占比 52%; PUT 较基线 1.0x; 总量较基线 0.7x,17164,18262,35426,0.4845,0.5155,1.064,1.037,0.683,CALL,0.3599,,5
2026-07-08,US.GFS,CALL,32.45,CALL 占比 73%; CALL 较基线 0.2x; 总量较基线 0.3x,1769,659,2428,0.7286,0.2714,0.3725,0.218,0.26,CALL,0.7719,,6
2026-07-08,US.CRCL,CALL,32.35,CALL 占比 57%; CALL 较基线 0.7x; 总量较基线 0.7x,22247,16679,38926,0.5715,0.4285,0.7497,0.691,0.66,CALL,0.5967,,6
2026-07-08,US.TSLA,CALL,32.04,CALL 占比 59%; CALL 较基线 0.6x; 总量较基线 0.6x,403115,279411,682526,0.5906,0.4094,0.6931,0.598,0.605,CALL,0.6038,,6
2026-07-08,US.CRWD,CALL,30.79,CALL 占比 52%; CALL 较基线 0.6x; 总量较基线 0.8x,13149,12080,25229,0.5212,0.4788,0.9187,0.612,0.84,CALL,0.7092,,6
2026-07-08,US.IBIT,CALL,29.91,CALL 占比 52%; CALL 较基线 0.7x; 总量较基线 0.5x,133004,121216,254220,0.5232,0.4768,0.9114,0.733,0.518,PUT,0.4276,,6
2026-07-08,US.IREN,CALL,29.85,CALL 占比 52%; CALL 较基线 0.7x; 总量较基线 0.6x,83443,77663,161106,0.5179,0.4821,0.9307,0.677,0.621,CALL,0.505,,6
2026-07-08,US.AAPL,CALL,29.72,CALL 占比 55%; CALL 较基线 0.5x; 总量较基线 0.6x,234164,194169,428333,0.5467,0.4533,0.8292,0.528,0.604,CALL,0.6449,,6
2026-07-08,US.COIN,CALL,29.34,CALL 占比 50%; CALL 较基线 0.6x; 总量较基线 0.7x,23640,23262,46902,0.504,0.496,0.984,0.649,0.664,CALL,0.5169,,6
2026-07-08,US.IGV,CALL,25.77,CALL 占比 52%; CALL 较基线 0.4x; 总量较基线 0.3x,15506,14441,29947,0.5178,0.4822,0.9313,0.438,0.259,PUT,0.3706,,6
2026-07-07,US.GEV,PUT,81.4,"PUT 占比 62%; PUT 较基线 4.4x; 总量较基线 1.8x; 方向反转 CALL->PUT, 占比提升 34%",6622,10711,17333,0.382,0.618,1.6175,4.444,1.818,CALL,0.2774,10.22,6
2026-07-07,US.GDS,PUT,80.72,PUT 占比 57%; PUT 较基线 6.3x; 总量较基线 3.0x,2842,3701,6543,0.4344,0.5656,1.3023,6.341,3.016,CALL,0.2376,,6
2026-07-07,US.META,CALL,79.32,CALL 占比 82%; CALL 较基线 3.6x; 总量较基线 2.9x,327738,69717,397455,0.8246,0.1754,0.2127,3.592,2.933,CALL,0.6931,,6
2026-07-07,US.NET,CALL,66.85,CALL 占比 73%; CALL 较基线 3.0x; 总量较基线 2.2x,18731,6963,25694,0.729,0.271,0.3717,3.044,2.224,CALL,0.5274,,6
2026-07-07,US.TWLO,CALL,56.88,CALL 占比 72%; CALL 较基线 2.1x; 总量较基线 2.0x,3877,1526,5403,0.7176,0.2824,0.3936,2.055,1.956,CALL,0.6762,,6
2026-07-07,US.FIG,CALL,55.67,CALL 占比 78%; CALL 较基线 1.7x; 总量较基线 1.8x,47653,13317,60970,0.7816,0.2184,0.2795,1.733,1.756,CALL,0.7813,,6
2026-07-07,US.FUTU,PUT,55.62,PUT 占比 73%; PUT 较基线 2.0x; 总量较基线 1.7x,2481,6624,9105,0.2725,0.7275,2.6699,2.017,1.731,PUT,0.6246,,6
2026-07-07,US.IBIT,CALL,55.39,"CALL 占比 75%; CALL 较基线 1.3x; 总量较基线 0.5x; 方向反转 PUT->CALL, 占比提升 41%",212401,72024,284425,0.7468,0.2532,0.3391,1.265,0.512,PUT,0.3357,12.33,6
2026-07-07,US.FOTO,PUT,54.11,PUT 占比 55%; PUT 较基线 2.7x; 总量较基线 1.7x,189,231,420,0.45,0.55,1.2222,2.728,1.713,CALL,0.3322,,6
2026-07-07,US.ORCL,CALL,53.48,CALL 占比 74%; CALL 较基线 1.9x; 总量较基线 1.4x,152833,52503,205336,0.7443,0.2557,0.3435,1.925,1.384,CALL,0.5331,,6
2026-07-07,US.NOW,CALL,53.35,CALL 占比 84%; CALL 较基线 1.5x; 总量较基线 1.3x,108343,21051,129394,0.8373,0.1627,0.1943,1.498,1.312,CALL,0.7501,,6
2026-07-07,US.MSFT,CALL,53.04,CALL 占比 85%; CALL 较基线 1.5x; 总量较基线 1.3x,316442,57135,373577,0.8471,0.1529,0.1806,1.451,1.258,CALL,0.7466,,6
2026-07-07,US.NVDA,CALL,50.28,CALL 占比 68%; CALL 较基线 1.7x; 总量较基线 1.6x,1300462,616116,1916578,0.6785,0.3215,0.4738,1.693,1.6,CALL,0.6492,,6
2026-07-07,US.TSLA,PUT,49.69,PUT 占比 53%; PUT 较基线 2.3x; 总量较基线 1.6x,752654,848910,1601564,0.4699,0.5301,1.1279,2.325,1.648,CALL,0.3883,,6
2026-07-07,US.PLTR,CALL,49.23,CALL 占比 75%; CALL 较基线 1.5x; 总量较基线 1.2x,283623,94029,377652,0.751,0.249,0.3315,1.516,1.176,CALL,0.6095,,6
2026-07-07,US.IBM,CALL,49.21,CALL 占比 83%; CALL 较基线 1.1x; 总量较基线 1.1x,58012,11961,69973,0.8291,0.1709,0.2062,1.147,1.145,CALL,0.8292,,6
2026-07-07,US.GOOGL,CALL,49.16,CALL 占比 79%; CALL 较基线 1.3x; 总量较基线 1.2x,170928,45058,215986,0.7914,0.2086,0.2636,1.279,1.213,CALL,0.7498,,6
2026-07-07,US.CRM,CALL,49.11,CALL 占比 76%; CALL 较基线 1.4x; 总量较基线 1.3x,43273,13554,56827,0.7615,0.2385,0.3132,1.373,1.277,CALL,0.7096,,6
2026-07-07,US.SNOW,CALL,48.71,CALL 占比 81%; CALL 较基线 1.3x; 总量较基线 1.0x,20407,4833,25240,0.8085,0.1915,0.2368,1.28,1.023,CALL,0.6521,,6
2026-07-07,US.TEAM,CALL,48.22,CALL 占比 84%; CALL 较基线 1.1x; 总量较基线 0.9x,6253,1150,7403,0.8447,0.1553,0.1839,1.139,0.886,CALL,0.6839,,6
2026-07-07,US.EUV,CALL,47.93,CALL 占比 82%; CALL 较基线 1.1x; 总量较基线 1.1x,1191,267,1458,0.8169,0.1831,0.2242,1.091,1.087,CALL,0.8093,,6
2026-07-07,US.DELL,CALL,46.88,CALL 占比 77%; CALL 较基线 1.2x; 总量较基线 1.2x,37331,11461,48792,0.7651,0.2349,0.307,1.162,1.164,CALL,0.6808,,6
2026-07-07,US.COHR,CALL,45.99,CALL 占比 60%; CALL 较基线 1.7x; 总量较基线 1.5x,10368,7019,17387,0.5963,0.4037,0.677,1.665,1.47,CALL,0.5279,,6
2026-07-07,US.MRVL,CALL,45.58,CALL 占比 69%; CALL 较基线 1.3x; 总量较基线 1.3x,97533,43454,140987,0.6918,0.3082,0.4455,1.293,1.261,CALL,0.6623,,6
2026-07-07,US.SOFI,CALL,45.56,CALL 占比 76%; CALL 较基线 1.1x; 总量较基线 1.1x,217791,68477,286268,0.7608,0.2392,0.3144,1.097,1.059,CALL,0.7319,,6
2026-07-07,US.BBAI,CALL,44.5,CALL 占比 81%; CALL 较基线 0.8x; 总量较基线 0.9x,22822,5196,28018,0.8145,0.1855,0.2277,0.841,0.864,CALL,0.8362,,6
2026-07-07,US.MDB,CALL,44.26,CALL 占比 75%; CALL 较基线 1.1x; 总量较基线 0.9x,9017,2971,11988,0.7522,0.2478,0.3295,1.08,0.922,CALL,0.5613,,6
2026-07-07,US.NOK,CALL,44.21,CALL 占比 83%; CALL 较基线 0.8x; 总量较基线 0.7x,139114,29151,168265,0.8268,0.1732,0.2095,0.832,0.747,CALL,0.7416,,6
2026-07-07,US.AMZN,CALL,44.06,CALL 占比 74%; CALL 较基线 1.0x; 总量较基线 1.0x,343144,122148,465292,0.7375,0.2625,0.356,1.039,1.042,CALL,0.7423,,6
2026-07-07,US.CRWD,CALL,43.45,CALL 占比 65%; CALL 较基线 1.2x; 总量较基线 1.3x,22091,12101,34192,0.6461,0.3539,0.5478,1.203,1.331,CALL,0.6737,,6
2026-07-07,US.OPEN,CALL,43.32,CALL 占比 82%; CALL 较基线 0.7x; 总量较基线 0.7x,60885,13011,73896,0.8239,0.1761,0.2137,0.734,0.75,CALL,0.836,,6
2026-07-07,US.AVGO,CALL,42.63,CALL 占比 70%; CALL 较基线 1.1x; 总量较基线 1.0x,73560,32163,105723,0.6958,0.3042,0.4372,1.079,1.028,CALL,0.6437,,6
2026-07-07,US.UVXY,CALL,42.57,CALL 占比 69%; CALL 较基线 1.0x; 总量较基线 1.2x,18031,8087,26118,0.6904,0.3096,0.4485,0.995,1.166,CALL,0.7921,,6
2026-07-07,US.HOOD,CALL,42.42,CALL 占比 78%; CALL 较基线 0.8x; 总量较基线 0.8x,88212,25403,113615,0.7764,0.2236,0.288,0.828,0.79,CALL,0.7481,,6
2026-07-07,US.DDOG,CALL,42.33,CALL 占比 72%; CALL 较基线 1.1x; 总量较基线 0.8x,8379,3201,11580,0.7236,0.2764,0.382,1.086,0.784,CALL,0.5355,,6
2026-07-07,US.APLD,CALL,42.28,CALL 占比 71%; CALL 较基线 1.0x; 总量较基线 1.0x,35125,14562,49687,0.7069,0.2931,0.4146,0.999,1.003,CALL,0.7016,,6
2026-07-07,US.SOUN,CALL,41.77,CALL 占比 72%; CALL 较基线 0.9x; 总量较基线 1.0x,31048,11993,43041,0.7214,0.2786,0.3863,0.869,0.994,CALL,0.8079,,6
2026-07-07,US.DUOL,CALL,41.56,CALL 占比 71%; CALL 较基线 0.9x; 总量较基线 1.0x,4295,1770,6065,0.7082,0.2918,0.4121,0.902,1.003,CALL,0.7736,,6
2026-07-07,US.MSTR,CALL,41.25,"CALL 占比 61%; CALL 较基线 0.9x; 总量较基线 0.5x; 方向反转 PUT->CALL, 占比提升 24%",105538,67893,173431,0.6085,0.3915,0.6433,0.863,0.486,PUT,0.3722,7.09,6
2026-07-07,US.BABA,CALL,41.15,CALL 占比 73%; CALL 较基线 1.0x; 总量较基线 0.7x,78762,29324,108086,0.7287,0.2713,0.3723,0.953,0.73,CALL,0.6013,,6
2026-07-07,US.GLW,PUT,40.96,PUT 占比 59%; PUT 较基线 1.6x; 总量较基线 0.8x,17071,24877,41948,0.407,0.593,1.4573,1.575,0.772,CALL,0.3016,,4
2026-07-07,US.INTC,CALL,40.56,CALL 占比 66%; CALL 较基线 0.9x; 总量较基线 1.1x,287517,148514,436031,0.6594,0.3406,0.5165,0.929,1.126,CALL,0.7986,,6
2026-07-07,US.IREN,CALL,40.52,CALL 占比 67%; CALL 较基线 1.1x; 总量较基线 0.7x,135785,66427,202212,0.6715,0.3285,0.4892,1.147,0.748,PUT,0.4594,,6
2026-07-07,US.DRAM,CALL,40.37,CALL 占比 67%; CALL 较基线 1.0x; 总量较基线 1.0x,151034,75821,226855,0.6658,0.3342,0.502,0.959,1.011,CALL,0.7104,,6
2026-07-07,US.ASML,CALL,40.25,CALL 占比 66%; CALL 较基线 1.0x; 总量较基线 1.0x,6166,3119,9285,0.6641,0.3359,0.5058,0.993,0.957,CALL,0.5936,,6
2026-07-07,US.BE,PUT,40.14,PUT 占比 58%; PUT 较基线 1.4x; 总量较基线 0.9x,27643,38501,66144,0.4179,0.5821,1.3928,1.434,0.897,CALL,0.3711,,3
2026-07-07,US.INTU,CALL,40.11,CALL 占比 62%; CALL 较基线 1.2x; 总量较基线 1.0x,5603,3418,9021,0.6211,0.3789,0.61,1.166,0.99,CALL,0.5403,,6
2026-07-07,US.RDDT,CALL,39.13,CALL 占比 72%; CALL 较基线 0.8x; 总量较基线 0.7x,12672,5017,17689,0.7164,0.2836,0.3959,0.758,0.735,CALL,0.6791,,6
2026-07-07,US.OKLO,CALL,38.95,CALL 占比 60%; CALL 较基线 1.1x; 总量较基线 1.1x,22012,14694,36706,0.5997,0.4003,0.6675,1.064,1.075,CALL,0.612,,6
2026-07-07,US.AMD,CALL,38.41,CALL 占比 59%; CALL 较基线 1.0x; 总量较基线 1.1x,117719,80650,198369,0.5934,0.4066,0.6851,1.026,1.077,CALL,0.6074,,6
2026-07-07,US.MARA,CALL,37.75,CALL 占比 66%; CALL 较基线 0.8x; 总量较基线 0.8x,76472,38866,115338,0.663,0.337,0.5082,0.776,0.837,CALL,0.7064,,6
2026-07-07,US.PANW,CALL,37.39,CALL 占比 73%; CALL 较基线 0.6x; 总量较基线 0.6x,9563,3591,13154,0.727,0.273,0.3755,0.624,0.554,CALL,0.6226,,6
2026-07-07,US.UPST,CALL,36.82,CALL 占比 72%; CALL 较基线 0.6x; 总量较基线 0.6x,8549,3379,11928,0.7167,0.2833,0.3953,0.553,0.621,CALL,0.7999,,6
2026-07-07,US.CRWV,CALL,36.64,CALL 占比 55%; CALL 较基线 1.0x; 总量较基线 1.2x,67844,55362,123206,0.5507,0.4493,0.816,0.957,1.161,CALL,0.6498,,6
2026-07-07,US.AAPL,CALL,36.09,CALL 占比 53%; CALL 较基线 1.0x; 总量较基线 1.2x,392826,345524,738350,0.532,0.468,0.8796,0.98,1.163,CALL,0.6328,,6
2026-07-07,US.SMCI,CALL,35.94,CALL 占比 72%; CALL 较基线 0.5x; 总量较基线 0.5x,61990,24032,86022,0.7206,0.2794,0.3877,0.531,0.478,CALL,0.6707,,6
2026-07-07,US.NBIS,CALL,35.56,CALL 占比 57%; CALL 较基线 1.0x; 总量较基线 0.8x,53383,40356,93739,0.5695,0.4305,0.756,1.006,0.79,PUT,0.4557,,6
2026-07-07,US.SAP,CALL,35.53,CALL 占比 77%; CALL 较基线 0.4x; 总量较基线 0.3x,1138,343,1481,0.7684,0.2316,0.3014,0.372,0.302,CALL,0.6485,,6
2026-07-07,US.GFS,CALL,35.3,CALL 占比 70%; CALL 较基线 0.5x; 总量较基线 0.6x,3780,1656,5436,0.6954,0.3046,0.4381,0.484,0.603,CALL,0.7495,,6
2026-07-07,US.TSM,PUT,34.23,PUT 占比 55%; PUT 较基线 0.9x; 总量较基线 0.8x,33749,40887,74636,0.4522,0.5478,1.2115,0.908,0.842,PUT,0.5049,,6
2026-07-07,US.YINN,CALL,34.09,CALL 占比 68%; CALL 较基线 0.5x; 总量较基线 0.5x,2166,1030,3196,0.6777,0.3223,0.4755,0.513,0.48,CALL,0.6265,,6
2026-07-07,US.CBRS,CALL,33.31,CALL 占比 71%; CALL 较基线 0.3x; 总量较基线 0.3x,14768,5914,20682,0.7141,0.2859,0.4005,0.349,0.326,CALL,0.7255,,6
2026-07-07,US.IWM,PUT,33.21,PUT 占比 68%; PUT 较基线 0.4x; 总量较基线 0.5x,131777,274691,406468,0.3242,0.6758,2.0845,0.43,0.457,PUT,0.7367,,6
2026-07-07,US.CRCL,CALL,31.72,CALL 占比 60%; CALL 较基线 0.6x; 总量较基线 0.5x,18429,12177,30606,0.6021,0.3979,0.6608,0.576,0.505,CALL,0.5682,,6
2026-07-07,US.HPE,CALL,31.32,CALL 占比 55%; CALL 较基线 0.6x; 总量较基线 0.8x,10148,8258,18406,0.5513,0.4487,0.8138,0.589,0.759,CALL,0.7096,,6
2026-07-07,US.IGV,PUT,30.3,PUT 占比 59%; PUT 较基线 0.4x; 总量较基线 0.5x,24028,34746,58774,0.4088,0.5912,1.4461,0.444,0.516,PUT,0.6071,,6
2026-07-07,US.QCOM,CALL,30.25,CALL 占比 64%; CALL 较基线 0.3x; 总量较基线 0.3x,23156,12911,36067,0.642,0.358,0.5576,0.315,0.341,CALL,0.6804,,6
2026-07-07,US.COIN,PUT,29.73,PUT 占比 51%; PUT 较基线 0.7x; 总量较基线 0.7x,26521,27894,54415,0.4874,0.5126,1.0518,0.665,0.652,CALL,0.4916,,6
2026-07-07,US.LITE,CALL,29.08,CALL 占比 51%; CALL 较基线 0.6x; 总量较基线 0.7x,5090,4912,10002,0.5089,0.4911,0.965,0.58,0.681,CALL,0.5859,,6
2026-07-07,US.VST,CALL,26.65,CALL 占比 52%; CALL 较基线 0.4x; 总量较基线 0.5x,4405,4064,8469,0.5201,0.4799,0.9226,0.377,0.472,CALL,0.644,,6
2026-07-06,US.CRWD,CALL,93.52,CALL 占比 71%; CALL 较基线 4.7x; 总量较基线 4.6x,50384,20096,70480,0.7149,0.2851,0.3989,4.695,4.561,CALL,0.6379,,6
2026-07-06,US.MDB,CALL,89.56,CALL 占比 85%; CALL 较基线 4.7x; 总量较基线 2.9x,24136,4227,28363,0.851,0.149,0.1751,4.743,2.929,CALL,0.5099,,6
2026-07-06,US.IREN,CALL,71.78,"CALL 占比 79%; CALL 较基线 2.7x; 总量较基线 1.3x; 方向反转 PUT->CALL, 占比提升 38%",243690,66219,309909,0.7863,0.2137,0.2717,2.676,1.254,PUT,0.4062,11.4,6
2026-07-06,US.SOUN,CALL,71.18,CALL 占比 86%; CALL 较基线 2.7x; 总量较基线 2.5x,73332,11999,85331,0.8594,0.1406,0.1636,2.708,2.524,CALL,0.7915,,6
2026-07-06,US.OPEN,CALL,65.41,CALL 占比 85%; CALL 较基线 2.3x; 总量较基线 2.2x,147954,25183,173137,0.8545,0.1455,0.1702,2.261,2.19,CALL,0.8201,,6
2026-07-06,US.DELL,CALL,63.48,CALL 占比 81%; CALL 较基线 2.3x; 总量较基线 2.1x,58338,13523,71861,0.8118,0.1882,0.2318,2.302,2.1,CALL,0.6598,,6
2026-07-06,US.DUOL,CALL,60.42,CALL 占比 85%; CALL 较基线 2.0x; 总量较基线 1.8x,7446,1307,8753,0.8507,0.1493,0.1755,1.972,1.77,CALL,0.7518,,6
2026-07-06,US.UVXY,CALL,59.05,CALL 占比 87%; CALL 较基线 1.8x; 总量较基线 1.6x,30218,4503,34721,0.8703,0.1297,0.149,1.799,1.64,CALL,0.7827,,6
2026-07-06,US.FIG,CALL,58.74,CALL 占比 87%; CALL 较基线 1.8x; 总量较基线 1.6x,43767,6661,50428,0.8679,0.1321,0.1522,1.805,1.597,CALL,0.764,,5
2026-07-06,US.RDDT,CALL,54.27,CALL 占比 79%; CALL 较基线 1.7x; 总量较基线 1.5x,28177,7447,35624,0.791,0.209,0.2643,1.726,1.47,CALL,0.6649,,6
2026-07-06,US.META,CALL,53.36,CALL 占比 85%; CALL 较基线 1.5x; 总量较基线 1.2x,133303,23758,157061,0.8487,0.1513,0.1782,1.548,1.171,CALL,0.6663,,6
2026-07-06,US.SOFI,CALL,52.19,CALL 占比 79%; CALL 较基线 1.5x; 总量较基线 1.4x,274694,72358,347052,0.7915,0.2085,0.2634,1.515,1.401,CALL,0.7346,,6
2026-07-06,US.INTC,CALL,52.15,CALL 占比 86%; CALL 较基线 1.3x; 总量较基线 1.2x,388589,61512,450101,0.8633,0.1367,0.1583,1.314,1.185,CALL,0.7803,,6
2026-07-06,US.ORCL,CALL,51.3,CALL 占比 77%; CALL 较基线 1.7x; 总量较基线 1.1x,121536,35680,157216,0.7731,0.2269,0.2936,1.701,1.128,CALL,0.5235,,6
2026-07-06,US.GDS,CALL,50.97,CALL 占比 99%; CALL 较基线 0.9x; 总量较基线 0.7x,1420,19,1439,0.9868,0.0132,0.0134,0.934,0.672,CALL,0.7315,,6
2026-07-06,US.MSTR,CALL,50.77,"CALL 占比 68%; CALL 较基线 1.2x; 总量较基线 0.6x; 方向反转 PUT->CALL, 占比提升 33%",156045,73339,229384,0.6803,0.3197,0.47,1.236,0.611,PUT,0.3469,10.0,6
2026-07-06,US.PLTR,CALL,50.02,CALL 占比 82%; CALL 较基线 1.4x; 总量较基线 1.0x,253779,55681,309460,0.8201,0.1799,0.2194,1.419,0.977,CALL,0.5932,,6
2026-07-06,US.AMD,CALL,49.85,CALL 占比 71%; CALL 较基线 1.6x; 总量较基线 1.4x,162407,66208,228615,0.7104,0.2896,0.4077,1.631,1.398,CALL,0.6029,,6
2026-07-06,US.HOOD,CALL,49.79,CALL 占比 85%; CALL 较基线 1.2x; 总量较基线 1.0x,133007,23136,156143,0.8518,0.1482,0.1739,1.186,1.038,CALL,0.7487,,6
2026-07-06,US.COIN,CALL,49.78,CALL 占比 75%; CALL 较基线 1.7x; 总量较基线 1.1x,65278,21783,87061,0.7498,0.2502,0.3337,1.68,1.058,PUT,0.4862,,6
2026-07-06,US.PANW,CALL,49.36,CALL 占比 67%; CALL 较基线 1.6x; 总量较基线 1.6x,22416,10963,33379,0.6716,0.3284,0.4891,1.631,1.575,CALL,0.6298,,6
2026-07-06,US.IBIT,CALL,48.36,"CALL 占比 62%; CALL 较基线 1.2x; 总量较基线 0.5x; 方向反转 PUT->CALL, 占比提升 34%",198209,119363,317572,0.6241,0.3759,0.6022,1.233,0.537,PUT,0.2805,10.31,6
2026-07-06,US.NOW,CALL,48.13,CALL 占比 84%; CALL 较基线 1.1x; 总量较基线 0.9x,79284,14683,93967,0.8437,0.1563,0.1852,1.1,0.93,CALL,0.7288,,6
2026-07-06,US.VST,CALL,47.84,CALL 占比 80%; CALL 较基线 1.2x; 总量较基线 1.1x,24099,6094,30193,0.7982,0.2018,0.2529,1.158,1.107,CALL,0.6632,,6
2026-07-06,US.AVGO,CALL,47.48,CALL 占比 79%; CALL 较基线 1.2x; 总量较基线 1.0x,86912,22782,109694,0.7923,0.2077,0.2621,1.203,1.027,CALL,0.6501,,6
2026-07-06,US.APLD,CALL,47.02,CALL 占比 78%; CALL 较基线 1.2x; 总量较基线 1.1x,41845,11935,53780,0.7781,0.2219,0.2852,1.177,1.08,CALL,0.7045,,6
2026-07-06,US.CRWV,CALL,46.84,CALL 占比 76%; CALL 较基线 1.2x; 总量较基线 1.1x,84699,26493,111192,0.7617,0.2383,0.3128,1.245,1.068,CALL,0.6361,,6
2026-07-06,US.GOOGL,CALL,46.63,CALL 占比 86%; CALL 较基线 0.9x; 总量较基线 0.8x,123361,20405,143766,0.8581,0.1419,0.1654,0.938,0.8,CALL,0.7266,,6
2026-07-06,US.DDOG,CALL,46.37,CALL 占比 84%; CALL 较基线 1.1x; 总量较基线 0.7x,8484,1594,10078,0.8418,0.1582,0.1879,1.095,0.657,CALL,0.5032,,6
2026-07-06,US.TWLO,CALL,45.75,CALL 占比 69%; CALL 较基线 1.3x; 总量较基线 1.3x,2555,1130,3685,0.6934,0.3066,0.4423,1.296,1.273,CALL,0.6747,,6
2026-07-06,US.IBM,CALL,45.43,CALL 占比 81%; CALL 较基线 0.9x; 总量较基线 0.9x,45609,10659,56268,0.8106,0.1894,0.2337,0.926,0.932,CALL,0.8157,,6
2026-07-06,US.BBAI,CALL,45.41,CALL 占比 85%; CALL 较基线 0.8x; 总量较基线 0.8x,23693,4204,27897,0.8493,0.1507,0.1774,0.83,0.799,CALL,0.8195,,6
2026-07-06,US.TSLA,CALL,45.14,CALL 占比 72%; CALL 较基线 1.2x; 总量较基线 1.1x,707047,274288,981335,0.7205,0.2795,0.3879,1.248,1.055,CALL,0.5976,,6
2026-07-06,US.YINN,CALL,44.67,CALL 占比 77%; CALL 较基线 1.1x; 总量较基线 0.8x,4499,1335,5834,0.7712,0.2288,0.2967,1.092,0.848,CALL,0.5883,,6
2026-07-06,US.DRAM,CALL,43.63,CALL 占比 75%; CALL 较基线 1.0x; 总量较基线 0.9x,159297,52793,212090,0.7511,0.2489,0.3314,1.01,0.918,CALL,0.6915,,6
2026-07-06,US.CRCL,CALL,43.06,CALL 占比 66%; CALL 较基线 1.3x; 总量较基线 1.1x,41172,21538,62710,0.6565,0.3435,0.5231,1.312,1.051,CALL,0.5682,,6
2026-07-06,US.CBRS,CALL,43.0,CALL 占比 84%; CALL 较基线 0.7x; 总量较基线 0.6x,28937,5394,34331,0.8429,0.1571,0.1864,0.734,0.567,CALL,0.692,,6
2026-07-06,US.EUV,CALL,42.79,CALL 占比 77%; CALL 较基线 0.8x; 总量较基线 0.9x,869,255,1124,0.7731,0.2269,0.2934,0.826,0.877,CALL,0.8178,,6
2026-07-06,US.UPST,CALL,42.73,CALL 占比 78%; CALL 较基线 0.8x; 总量较基线 0.8x,12160,3460,15620,0.7785,0.2215,0.2845,0.818,0.841,CALL,0.7913,,6
2026-07-06,US.GEV,CALL,41.96,CALL 占比 67%; CALL 较基线 1.0x; 总量较基线 1.2x,7399,3660,11059,0.669,0.331,0.4947,1.027,1.165,CALL,0.7326,,6
2026-07-06,US.BE,CALL,41.72,CALL 占比 54%; 暂无历史基线,25442,21418,46860,0.5429,0.4571,0.8418,,,,,,2
2026-07-06,US.MARA,CALL,40.65,CALL 占比 76%; CALL 较基线 0.7x; 总量较基线 0.7x,82280,25381,107661,0.7643,0.2357,0.3085,0.728,0.71,CALL,0.7271,,6
2026-07-06,US.AMZN,CALL,40.6,CALL 占比 77%; CALL 较基线 0.7x; 总量较基线 0.7x,240836,70515,311351,0.7735,0.2265,0.2928,0.701,0.676,CALL,0.7478,,6
2026-07-06,US.TEAM,CALL,40.54,CALL 占比 82%; CALL 较基线 0.6x; 总量较基线 0.5x,3449,780,4229,0.8156,0.1844,0.2262,0.627,0.484,CALL,0.6381,,6
2026-07-06,US.BABA,CALL,40.33,CALL 占比 78%; CALL 较基线 0.7x; 总量较基线 0.5x,61984,17545,79529,0.7794,0.2206,0.2831,0.749,0.526,CALL,0.5775,,6
2026-07-06,US.ASML,CALL,39.85,CALL 占比 72%; CALL 较基线 0.8x; 总量较基线 0.7x,4907,1874,6781,0.7236,0.2764,0.3819,0.825,0.718,CALL,0.5789,,6
2026-07-06,US.NVDA,CALL,39.78,CALL 占比 75%; CALL 较基线 0.7x; 总量较基线 0.6x,596626,199929,796555,0.749,0.251,0.3351,0.745,0.643,CALL,0.6502,,6
2026-07-06,US.MSFT,CALL,39.77,CALL 占比 79%; CALL 较基线 0.6x; 总量较基线 0.6x,143588,38727,182315,0.7876,0.2124,0.2697,0.607,0.567,CALL,0.7442,,6
2026-07-06,US.AAPL,CALL,39.45,CALL 占比 70%; CALL 较基线 0.9x; 总量较基线 0.8x,327761,140653,468414,0.6997,0.3003,0.4291,0.857,0.767,CALL,0.6266,,6
2026-07-06,US.CRM,CALL,39.25,CALL 占比 72%; CALL 较基线 0.8x; 总量较基线 0.7x,24778,9609,34387,0.7206,0.2794,0.3878,0.765,0.719,CALL,0.6818,,6
2026-07-06,US.OKLO,CALL,38.85,CALL 占比 67%; CALL 较基线 0.9x; 总量较基线 0.8x,19079,9247,28326,0.6736,0.3264,0.4847,0.887,0.802,CALL,0.6131,,6
2026-07-06,US.GLW,CALL,38.79,CALL 占比 70%; CALL 较基线 0.8x; 总量较基线 0.8x,31297,13391,44688,0.7003,0.2997,0.4279,0.765,0.777,CALL,0.6978,,3
2026-07-06,US.MRVL,CALL,38.7,CALL 占比 68%; CALL 较基线 0.8x; 总量较基线 0.8x,70801,33811,104612,0.6768,0.3232,0.4775,0.822,0.843,CALL,0.676,,6
2026-07-06,US.HPE,CALL,38.55,CALL 占比 67%; CALL 较基线 0.8x; 总量较基线 0.9x,15233,7660,22893,0.6654,0.3346,0.5029,0.83,0.882,CALL,0.7096,,6
2026-07-06,US.SMCI,CALL,37.65,CALL 占比 74%; CALL 较基线 0.6x; 总量较基线 0.5x,75381,25912,101293,0.7442,0.2558,0.3437,0.591,0.527,CALL,0.6796,,6
2026-07-06,US.FUTU,CALL,37.59,CALL 占比 52%; CALL 较基线 1.4x; 总量较基线 1.0x,2767,2552,5319,0.5202,0.4798,0.9223,1.358,0.987,PUT,0.3748,,6
2026-07-06,US.IGV,CALL,37.43,"CALL 占比 61%; CALL 较基线 0.5x; 总量较基线 0.3x; 方向反转 PUT->CALL, 占比提升 24%",23539,15280,38819,0.6064,0.3936,0.6491,0.54,0.293,PUT,0.3699,7.1,6
2026-07-06,US.NBIS,CALL,37.3,CALL 占比 51%; CALL 较基线 1.3x; 总量较基线 1.1x,64057,62324,126381,0.5069,0.4931,0.9729,1.295,1.111,PUT,0.4439,,6
2026-07-06,US.QCOM,CALL,36.9,CALL 占比 70%; CALL 较基线 0.6x; 总量较基线 0.7x,49666,21777,71443,0.6952,0.3048,0.4385,0.641,0.662,CALL,0.7096,,6
2026-07-06,US.NOK,CALL,36.24,CALL 占比 65%; CALL 较基线 0.7x; 总量较基线 0.8x,123938,67266,191204,0.6482,0.3518,0.5427,0.684,0.806,CALL,0.7649,,6
2026-07-06,US.FOTO,CALL,36.24,CALL 占比 64%; CALL 较基线 0.7x; 总量较基线 0.8x,124,69,193,0.6425,0.3575,0.5565,0.746,0.761,CALL,0.669,,6
2026-07-06,US.IWM,PUT,35.0,PUT 占比 72%; PUT 较基线 0.5x; 总量较基线 0.5x,118195,299177,417372,0.2832,0.7168,2.5312,0.45,0.454,PUT,0.746,,6
2026-07-06,US.SNOW,CALL,34.77,CALL 占比 68%; CALL 较基线 0.6x; 总量较基线 0.5x,9926,4696,14622,0.6788,0.3212,0.4731,0.552,0.533,CALL,0.6568,,6
2026-07-06,US.TSM,CALL,34.37,CALL 占比 55%; CALL 较基线 0.9x; 总量较基线 0.8x,40807,33278,74085,0.5508,0.4492,0.8155,0.919,0.832,CALL,0.5032,,6
2026-07-06,US.INTU,CALL,34.25,CALL 占比 57%; CALL 较基线 0.8x; 总量较基线 0.8x,4922,3730,8652,0.5689,0.4311,0.7578,0.83,0.81,CALL,0.5532,,6
2026-07-06,US.NET,CALL,33.93,CALL 占比 61%; CALL 较基线 0.7x; 总量较基线 0.6x,4622,2907,7529,0.6139,0.3861,0.6289,0.715,0.609,CALL,0.5128,,6
2026-07-06,US.COHR,CALL,33.89,CALL 占比 50%; CALL 较基线 1.0x; 总量较基线 1.0x,6256,6243,12499,0.5005,0.4995,0.9979,0.955,1.039,CALL,0.5443,,6
2026-07-06,US.LITE,CALL,31.69,CALL 占比 60%; CALL 较基线 0.6x; 总量较基线 0.6x,5301,3589,8890,0.5963,0.4037,0.677,0.563,0.556,CALL,0.5779,,6
2026-07-06,US.GFS,CALL,26.14,CALL 占比 52%; CALL 较基线 0.3x; 总量较基线 0.5x,2411,2227,4638,0.5198,0.4802,0.9237,0.296,0.497,CALL,0.7758,,6
2026-07-06,US.SAP,PUT,25.91,PUT 占比 52%; PUT 较基线 0.4x; 总量较基线 0.3x,857,926,1783,0.4807,0.5193,1.0805,0.406,0.314,CALL,0.3555,,6
2026-06-30,US.GFS,CALL,103.22,CALL 占比 97%; CALL 较基线 5.2x; 总量较基线 4.1x,23631,734,24365,0.9699,0.0301,0.0311,5.167,4.071,CALL,0.6986,,6
2026-06-30,US.DELL,CALL,91.09,CALL 占比 93%; CALL 较基线 4.4x; 总量较基线 3.1x,76416,6081,82497,0.9263,0.0737,0.0796,4.43,3.101,CALL,0.6316,,6
2026-06-30,US.CRCL,PUT,72.04,PUT 占比 56%; PUT 较基线 3.9x; 总量较基线 3.0x,64344,81841,146185,0.4402,0.5598,1.2719,3.921,3.048,CALL,0.4207,,6
2026-06-30,US.ASML,CALL,71.42,CALL 占比 82%; CALL 较基线 3.2x; 总量较基线 2.1x,15050,3347,18397,0.8181,0.1819,0.2224,3.247,2.121,CALL,0.5296,,6
2026-06-30,US.EUV,CALL,68.53,CALL 占比 76%; CALL 较基线 2.6x; 总量较基线 2.9x,2107,679,2786,0.7563,0.2437,0.3223,2.578,2.942,CALL,0.8405,,6
2026-06-30,US.GEV,CALL,58.93,CALL 占比 87%; CALL 较基线 1.8x; 总量较基线 1.5x,12608,1810,14418,0.8745,0.1255,0.1436,1.84,1.537,CALL,0.7141,,6
2026-06-30,US.AMD,CALL,56.0,CALL 占比 76%; CALL 较基线 2.0x; 总量较基线 1.6x,187594,60344,247938,0.7566,0.2434,0.3217,2.046,1.561,CALL,0.5835,,6
2026-06-30,US.TEAM,CALL,53.55,CALL 占比 67%; CALL 较基线 2.0x; 总量较基线 1.8x,9132,4514,13646,0.6692,0.3308,0.4943,1.962,1.848,CALL,0.6492,,6
2026-06-30,US.TSLA,CALL,53.49,CALL 占比 71%; CALL 较基线 2.0x; 总量较基线 1.5x,1148016,468051,1616067,0.7104,0.2896,0.4077,1.999,1.513,CALL,0.5607,,6
2026-06-30,US.SAP,CALL,52.92,CALL 占比 90%; CALL 较基线 1.4x; 总量较基线 0.9x,4704,503,5207,0.9034,0.0966,0.1069,1.447,0.867,CALL,0.5827,,6
2026-06-30,US.INTC,CALL,52.87,CALL 占比 80%; CALL 较基线 1.5x; 总量较基线 1.4x,410977,103044,514021,0.7995,0.2005,0.2507,1.524,1.449,CALL,0.764,,6
2026-06-30,US.DUOL,CALL,51.8,CALL 占比 78%; CALL 较基线 1.5x; 总量较基线 1.4x,5144,1471,6615,0.7776,0.2224,0.286,1.502,1.446,CALL,0.7378,,6
2026-06-30,US.MRVL,CALL,49.55,CALL 占比 76%; CALL 较基线 1.5x; 总量较基线 1.3x,125824,40104,165928,0.7583,0.2417,0.3187,1.454,1.264,CALL,0.6515,,6
2026-06-30,US.CRWV,CALL,49.51,CALL 占比 80%; CALL 较基线 1.4x; 总量较基线 1.1x,100409,24812,125221,0.8019,0.1981,0.2471,1.354,1.099,CALL,0.6266,,6
2026-06-30,US.BE,CALL,49.02,CALL 占比 73%; 暂无历史基线,50407,19059,69466,0.7256,0.2744,0.3781,,,,,,1
2026-06-30,US.NVDA,CALL,48.78,CALL 占比 75%; CALL 较基线 1.5x; 总量较基线 1.2x,1195372,405316,1600688,0.7468,0.2532,0.3391,1.457,1.208,CALL,0.6295,,6
2026-06-30,US.SMCI,CALL,48.38,CALL 占比 77%; CALL 较基线 1.3x; 总量较基线 1.2x,170360,51089,221449,0.7693,0.2307,0.2999,1.332,1.159,CALL,0.6853,,6
2026-06-30,US.MSFT,CALL,47.11,CALL 占比 83%; CALL 较基线 1.1x; 总量较基线 0.8x,267258,54247,321505,0.8313,0.1687,0.203,1.101,0.842,CALL,0.68,,6
2026-06-30,US.UPST,CALL,46.8,CALL 占比 73%; CALL 较基线 1.2x; 总量较基线 1.3x,17785,6701,24486,0.7263,0.2737,0.3768,1.222,1.328,CALL,0.7818,,6
2026-06-30,US.NOW,CALL,46.28,CALL 占比 85%; CALL 较基线 1.0x; 总量较基线 0.8x,73916,13445,87361,0.8461,0.1539,0.1819,0.988,0.755,CALL,0.6737,,6
2026-06-30,US.NET,PUT,46.22,PUT 占比 50%; PUT 较基线 1.9x; 总量较基线 1.8x,9786,9910,19696,0.4969,0.5031,1.0127,1.933,1.772,CALL,0.4757,,6
2026-06-30,US.IBM,CALL,46.1,CALL 占比 84%; CALL 较基线 0.9x; 总量较基线 0.8x,42466,8064,50530,0.8404,0.1596,0.1899,0.928,0.843,CALL,0.7511,,6
2026-06-30,US.OPEN,CALL,45.98,CALL 占比 84%; CALL 较基线 0.9x; 总量较基线 0.9x,61081,11625,72706,0.8401,0.1599,0.1903,0.889,0.878,CALL,0.8209,,6
2026-06-30,US.IGV,PUT,45.66,PUT 占比 75%; PUT 较基线 1.2x; 总量较基线 1.0x,30774,93097,123871,0.2484,0.7516,3.0252,1.196,1.005,PUT,0.568,,6
2026-06-30,US.AAPL,CALL,45.64,CALL 占比 68%; CALL 较基线 1.4x; 总量较基线 1.2x,554096,255194,809290,0.6847,0.3153,0.4606,1.365,1.221,CALL,0.616,,6
2026-06-30,US.GLW,CALL,45.51,CALL 占比 64%; 暂无历史基线,36197,20565,56762,0.6377,0.3623,0.5681,,,,,,2
2026-06-30,US.TSM,CALL,45.13,CALL 占比 64%; CALL 较基线 1.6x; 总量较基线 1.1x,63782,35721,99503,0.641,0.359,0.56,1.577,1.145,PUT,0.473,,6
2026-06-30,US.GOOGL,CALL,44.7,CALL 占比 76%; CALL 较基线 1.0x; 总量较基线 1.0x,143911,44200,188111,0.765,0.235,0.3071,1.039,0.966,CALL,0.7106,,6
2026-06-30,US.PANW,CALL,44.7,CALL 占比 75%; CALL 较基线 1.2x; 总量较基线 0.9x,14854,5063,19917,0.7458,0.2542,0.3409,1.164,0.927,CALL,0.5746,,6
2026-06-30,US.SNOW,CALL,44.42,CALL 占比 69%; CALL 较基线 1.2x; 总量较基线 1.2x,20874,9190,30064,0.6943,0.3057,0.4403,1.219,1.15,CALL,0.6598,,6
2026-06-30,US.CRM,CALL,44.12,CALL 占比 78%; CALL 较基线 1.1x; 总量较基线 0.7x,38005,10809,48814,0.7786,0.2214,0.2844,1.108,0.687,CALL,0.5958,,6
2026-06-30,US.BBAI,CALL,43.93,CALL 占比 80%; CALL 较基线 0.8x; 总量较基线 0.9x,24733,6256,30989,0.7981,0.2019,0.2529,0.848,0.871,CALL,0.8224,,6
2026-06-30,US.ORCL,CALL,43.7,CALL 占比 62%; CALL 较基线 1.5x; 总量较基线 1.2x,99064,60576,159640,0.6205,0.3795,0.6115,1.494,1.154,PUT,0.4938,,6
2026-06-30,US.AMZN,CALL,43.54,CALL 占比 73%; CALL 较基线 1.0x; 总量较基线 1.0x,358519,130991,489510,0.7324,0.2676,0.3654,1.032,0.998,CALL,0.721,,6
2026-06-30,US.SOUN,CALL,43.41,CALL 占比 81%; CALL 较基线 0.8x; 总量较基线 0.8x,22881,5297,28178,0.812,0.188,0.2315,0.788,0.771,CALL,0.7851,,6
2026-06-30,US.META,CALL,42.42,CALL 占比 72%; CALL 较基线 1.1x; 总量较基线 0.9x,124813,49088,173901,0.7177,0.2823,0.3933,1.062,0.869,CALL,0.6384,,6
2026-06-30,US.IWM,PUT,42.25,PUT 占比 58%; PUT 较基线 1.2x; 总量较基线 1.6x,657882,912017,1569899,0.4191,0.5809,1.3863,1.207,1.56,PUT,0.7651,,6
2026-06-30,US.INTU,CALL,42.22,CALL 占比 75%; CALL 较基线 1.1x; 总量较基线 0.6x,6179,2102,8281,0.7462,0.2538,0.3402,1.121,0.568,PUT,0.448,,6
2026-06-30,US.QCOM,CALL,42.01,CALL 占比 74%; CALL 较基线 0.9x; 总量较基线 0.9x,64516,22553,87069,0.741,0.259,0.3496,0.899,0.862,CALL,0.696,,6
2026-06-30,US.SOFI,CALL,41.47,CALL 占比 77%; CALL 较基线 0.8x; 总量较基线 0.7x,172091,50408,222499,0.7734,0.2266,0.2929,0.767,0.732,CALL,0.734,,6
2026-06-30,US.TWLO,CALL,41.42,CALL 占比 64%; CALL 较基线 1.1x; 总量较基线 1.2x,2079,1151,3230,0.6437,0.3563,0.5536,1.081,1.171,CALL,0.6909,,6
2026-06-30,US.FOTO,CALL,41.12,CALL 占比 79%; CALL 较基线 0.7x; 总量较基线 0.6x,126,33,159,0.7925,0.2075,0.2619,0.727,0.6,CALL,0.661,,6
2026-06-30,US.NOK,CALL,40.76,CALL 占比 70%; CALL 较基线 0.9x; 总量较基线 0.9x,162690,68078,230768,0.705,0.295,0.4185,0.865,0.94,CALL,0.7687,,6
2026-06-30,US.CBRS,CALL,40.73,CALL 占比 82%; CALL 较基线 0.6x; 总量较基线 0.5x,23529,5190,28719,0.8193,0.1807,0.2206,0.628,0.489,CALL,0.6676,,6
2026-06-30,US.DDOG,CALL,40.19,CALL 占比 52%; CALL 较基线 1.4x; 总量较基线 1.4x,9878,9211,19089,0.5175,0.4825,0.9325,1.377,1.413,CALL,0.5479,,6
2026-06-30,US.BABA,CALL,39.83,CALL 占比 74%; CALL 较基线 0.9x; 总量较基线 0.5x,70534,25135,95669,0.7373,0.2627,0.3564,0.896,0.528,PUT,0.4826,,6
2026-06-30,US.OKLO,CALL,39.76,CALL 占比 67%; CALL 较基线 1.0x; 总量较基线 0.8x,21508,10383,31891,0.6744,0.3256,0.4828,0.97,0.838,CALL,0.5888,,6
2026-06-30,US.AVGO,CALL,39.61,CALL 占比 76%; CALL 较基线 0.7x; 总量较基线 0.6x,69017,21737,90754,0.7605,0.2395,0.315,0.68,0.626,CALL,0.6509,,6
2026-06-30,US.DRAM,CALL,39.45,CALL 占比 80%; CALL 较基线 0.6x; 总量较基线 0.5x,93789,24031,117820,0.796,0.204,0.2562,0.585,0.488,CALL,0.6598,,6
2026-06-30,US.FIG,CALL,38.81,CALL 占比 71%; CALL 较基线 0.7x; 总量较基线 0.8x,18210,7334,25544,0.7129,0.2871,0.4027,0.707,0.772,CALL,0.7768,,4
2026-06-30,US.COIN,CALL,38.63,CALL 占比 66%; CALL 较基线 1.0x; 总量较基线 0.7x,45140,22816,67956,0.6643,0.3357,0.5054,0.986,0.694,PUT,0.4648,,6
2026-06-30,US.PLTR,CALL,38.48,CALL 占比 70%; CALL 较基线 0.8x; 总量较基线 0.7x,159006,69174,228180,0.6968,0.3032,0.435,0.823,0.671,CALL,0.5877,,6
2026-06-30,US.CRWD,CALL,37.96,CALL 占比 63%; CALL 较基线 0.9x; 总量较基线 1.0x,9058,5347,14405,0.6288,0.3712,0.5903,0.875,0.968,CALL,0.6358,,6
2026-06-30,US.APLD,CALL,37.76,CALL 占比 66%; CALL 较基线 0.8x; 总量较基线 0.9x,34357,18082,52439,0.6552,0.3448,0.5263,0.772,0.897,CALL,0.7363,,6
2026-06-30,US.LITE,CALL,37.28,CALL 占比 64%; CALL 较基线 0.9x; 总量较基线 0.8x,8166,4671,12837,0.6361,0.3639,0.572,0.887,0.79,CALL,0.5518,,6
2026-06-30,US.IBIT,PUT,37.18,PUT 占比 63%; PUT 较基线 0.8x; 总量较基线 0.9x,211256,354649,565905,0.3733,0.6267,1.6788,0.801,0.949,PUT,0.735,,6
2026-06-30,US.HPE,CALL,36.62,CALL 占比 74%; CALL 较基线 0.5x; 总量较基线 0.5x,13259,4605,17864,0.7422,0.2578,0.3473,0.485,0.507,CALL,0.7381,,6
2026-06-30,US.MSTR,PUT,36.49,PUT 占比 60%; PUT 较基线 0.8x; 总量较基线 0.9x,135319,206767,342086,0.3956,0.6044,1.528,0.846,0.923,PUT,0.6467,,6
2026-06-30,US.FUTU,PUT,36.24,PUT 占比 61%; PUT 较基线 0.8x; 总量较基线 0.9x,2734,4189,6923,0.3949,0.6051,1.5322,0.802,0.937,PUT,0.6603,,6
2026-06-30,US.HOOD,CALL,36.2,CALL 占比 75%; CALL 较基线 0.4x; 总量较基线 0.4x,86463,28142,114605,0.7544,0.2456,0.3255,0.433,0.428,CALL,0.7473,,6
2026-06-30,US.NBIS,CALL,36.19,CALL 占比 54%; CALL 较基线 1.1x; 总量较基线 0.9x,63084,53729,116813,0.54,0.46,0.8517,1.112,0.949,PUT,0.4572,,6
2026-06-30,US.VST,CALL,35.88,CALL 占比 72%; CALL 较基线 0.5x; 总量较基线 0.5x,10987,4186,15173,0.7241,0.2759,0.381,0.494,0.495,CALL,0.6348,,6
2026-06-30,US.GDS,CALL,35.0,CALL 占比 78%; CALL 较基线 0.3x; 总量较基线 0.2x,501,142,643,0.7792,0.2208,0.2834,0.331,0.196,CALL,0.6116,,6
2026-06-30,US.MARA,CALL,34.26,CALL 占比 58%; CALL 较基线 0.7x; 总量较基线 0.9x,77961,56893,134854,0.5781,0.4219,0.7298,0.706,0.915,CALL,0.7251,,6
2026-06-30,US.IREN,CALL,34.22,CALL 占比 56%; CALL 较基线 1.0x; 总量较基线 0.6x,91221,72947,164168,0.5557,0.4443,0.7997,1.012,0.649,PUT,0.3854,,6
2026-06-30,US.MDB,CALL,34.03,CALL 占比 60%; CALL 较基线 0.8x; 总量较基线 0.7x,3797,2528,6325,0.6003,0.3997,0.6658,0.759,0.657,CALL,0.5011,,6
2026-06-30,US.UVXY,CALL,33.59,CALL 占比 67%; CALL 较基线 0.4x; 总量较基线 0.5x,9561,4759,14320,0.6677,0.3323,0.4978,0.449,0.548,CALL,0.81,,6
2026-06-30,US.YINN,CALL,33.53,CALL 占比 54%; CALL 较基线 0.8x; 总量较基线 0.9x,3522,2975,6497,0.5421,0.4579,0.8447,0.809,0.896,CALL,0.5921,,6
2026-06-30,US.RDDT,CALL,28.74,CALL 占比 53%; CALL 较基线 0.5x; 总量较基线 0.6x,9011,7891,16902,0.5331,0.4669,0.8757,0.469,0.61,CALL,0.6922,,6
2026-06-30,US.COHR,CALL,28.22,CALL 占比 50%; CALL 较基线 0.6x; 总量较基线 0.6x,3720,3653,7373,0.5045,0.4955,0.982,0.556,0.599,CALL,0.5437,,6
2026-06-29,US.GDS,CALL,76.88,CALL 占比 95%; CALL 较基线 3.8x; 总量较基线 1.4x,3643,184,3827,0.9519,0.0481,0.0505,3.794,1.408,CALL,0.5791,,6
2026-06-29,US.CRWD,CALL,66.5,CALL 占比 83%; CALL 较基线 2.6x; 总量较基线 2.1x,22084,4581,26665,0.8282,0.1718,0.2074,2.626,2.06,CALL,0.6135,,6
2026-06-29,US.PANW,CALL,61.89,CALL 占比 68%; CALL 较基线 2.7x; 总量较基线 2.2x,27789,12962,40751,0.6819,0.3181,0.4664,2.656,2.228,CALL,0.5691,,6
2026-06-29,US.UPST,CALL,59.43,CALL 占比 85%; CALL 较基线 1.9x; 总量较基线 1.7x,26219,4457,30676,0.8547,0.1453,0.17,1.882,1.698,CALL,0.7712,,6
2026-06-29,US.CBRS,CALL,58.19,CALL 占比 89%; CALL 较基线 1.9x; 总量较基线 1.3x,57830,7312,65142,0.8878,0.1122,0.1264,1.882,1.269,CALL,0.6569,,6
2026-06-29,US.EUV,CALL,56.18,CALL 占比 91%; CALL 较基线 1.5x; 总量较基线 1.3x,1209,115,1324,0.9131,0.0869,0.0951,1.455,1.336,CALL,0.8239,,6
2026-06-29,US.SMCI,PUT,55.93,PUT 占比 52%; PUT 较基线 3.2x; 总量较基线 1.6x,131286,143231,274517,0.4782,0.5218,1.091,3.174,1.611,CALL,0.2663,,6
2026-06-29,US.LITE,CALL,55.27,CALL 占比 70%; CALL 较基线 2.1x; 总量较基线 1.7x,17505,7518,25023,0.6996,0.3004,0.4295,2.149,1.682,CALL,0.5461,,6
2026-06-29,US.AMZN,CALL,55.14,CALL 占比 85%; CALL 较基线 1.7x; 总量较基线 1.3x,501329,91344,592673,0.8459,0.1541,0.1822,1.658,1.34,CALL,0.7069,,6
2026-06-29,US.SOUN,CALL,52.89,CALL 占比 90%; CALL 较基线 1.3x; 总量较基线 1.1x,45425,5090,50515,0.8992,0.1008,0.1121,1.269,1.129,CALL,0.7789,,6
2026-06-29,US.OPEN,CALL,52.34,CALL 占比 87%; CALL 较基线 1.3x; 总量较基线 1.2x,87412,13293,100705,0.868,0.132,0.1521,1.279,1.231,CALL,0.8262,,6
2026-06-29,US.GLW,CALL,51.18,CALL 占比 78%; 暂无历史基线,62372,17630,80002,0.7796,0.2204,0.2827,,,,,,1
2026-06-29,US.BBAI,CALL,50.59,CALL 占比 90%; CALL 较基线 1.1x; 总量较基线 1.0x,33228,3660,36888,0.9008,0.0992,0.1101,1.088,0.975,CALL,0.8091,,6
2026-06-29,US.NET,CALL,50.25,CALL 占比 67%; CALL 较基线 1.8x; 总量较基线 1.5x,10919,5380,16299,0.6699,0.3301,0.4927,1.838,1.458,CALL,0.5188,,6
2026-06-29,US.MDB,CALL,49.79,CALL 占比 62%; CALL 较基线 2.0x; 总量较基线 1.5x,8623,5295,13918,0.6196,0.3804,0.6141,1.964,1.55,PUT,0.4802,,6
2026-06-29,US.INTC,CALL,49.02,CALL 占比 79%; CALL 较基线 1.3x; 总量较基线 1.2x,347708,91202,438910,0.7922,0.2078,0.2623,1.269,1.197,CALL,0.7538,,6
2026-06-29,US.GOOGL,CALL,48.56,CALL 占比 85%; CALL 较基线 1.1x; 总量较基线 0.9x,153260,28040,181300,0.8453,0.1547,0.183,1.139,0.939,CALL,0.6948,,6
2026-06-29,US.DRAM,CALL,48.29,CALL 占比 67%; CALL 较基线 1.5x; 总量较基线 1.5x,223402,109939,333341,0.6702,0.3298,0.4921,1.527,1.544,CALL,0.6768,,6
2026-06-29,US.IBM,CALL,47.08,CALL 占比 77%; CALL 较基线 1.2x; 总量较基线 1.1x,49430,14670,64100,0.7711,0.2289,0.2968,1.168,1.149,CALL,0.744,,6
2026-06-29,US.SAP,CALL,46.98,CALL 占比 78%; CALL 较基线 1.3x; 总量较基线 0.9x,3789,1081,4870,0.778,0.222,0.2853,1.327,0.873,CALL,0.5547,,6
2026-06-29,US.NOK,CALL,46.72,CALL 占比 83%; CALL 较基线 1.0x; 总量较基线 0.9x,196617,39580,236197,0.8324,0.1676,0.2013,0.989,0.918,CALL,0.7716,,6
2026-06-29,US.DELL,CALL,46.68,CALL 占比 77%; CALL 较基线 1.2x; 总量较基线 1.0x,21159,6257,27416,0.7718,0.2282,0.2957,1.219,1.01,CALL,0.6217,,6
2026-06-29,US.AVGO,CALL,46.11,CALL 占比 74%; CALL 较基线 1.2x; 总量较基线 1.1x,112926,39483,152409,0.7409,0.2591,0.3496,1.211,1.131,CALL,0.644,,6
2026-06-29,US.CRWV,CALL,45.29,CALL 占比 67%; CALL 较基线 1.3x; 总量较基线 1.3x,99013,49054,148067,0.6687,0.3313,0.4954,1.321,1.329,CALL,0.6457,,6
2026-06-29,US.BE,CALL,44.73,CALL 占比 62%; 暂无历史基线,64862,40052,104914,0.6182,0.3818,0.6175,,,,,,0
2026-06-29,US.IWM,PUT,44.42,PUT 占比 79%; PUT 较基线 1.0x; 总量较基线 0.9x,192237,708888,901125,0.2133,0.7867,3.6876,0.95,0.892,PUT,0.7514,,6
2026-06-29,US.NOW,CALL,44.31,CALL 占比 76%; CALL 较基线 1.0x; 总量较基线 0.9x,87560,27699,115259,0.7597,0.2403,0.3163,1.046,0.927,CALL,0.6876,,6
2026-06-29,US.BABA,CALL,44.14,CALL 占比 61%; CALL 较基线 1.6x; 总量较基线 1.1x,118446,76060,194506,0.609,0.391,0.6421,1.64,1.11,PUT,0.464,,6
2026-06-29,US.MSFT,CALL,44.08,CALL 占比 84%; CALL 较基线 0.8x; 总量较基线 0.6x,212403,41246,253649,0.8374,0.1626,0.1942,0.842,0.641,CALL,0.6736,,6
2026-06-29,US.SOFI,CALL,43.33,CALL 占比 77%; CALL 较基线 0.9x; 总量较基线 0.9x,206142,62138,268280,0.7684,0.2316,0.3014,0.914,0.881,CALL,0.7355,,6
2026-06-29,US.APLD,CALL,43.22,CALL 占比 74%; CALL 较基线 0.9x; 总量较基线 1.0x,50003,17695,67698,0.7386,0.2614,0.3539,0.947,1.017,CALL,0.7558,,6
2026-06-29,US.UVXY,CALL,43.2,CALL 占比 82%; CALL 较基线 0.8x; 总量较基线 0.7x,17878,3946,21824,0.8192,0.1808,0.2207,0.75,0.738,CALL,0.8034,,6
2026-06-29,US.TEAM,CALL,42.84,CALL 占比 74%; CALL 较基线 1.0x; 总量较基线 0.9x,5236,1886,7122,0.7352,0.2648,0.3602,1.004,0.9,CALL,0.6663,,6
2026-06-29,US.MRVL,CALL,42.31,CALL 占比 81%; CALL 较基线 0.8x; 总量较基线 0.6x,82769,19684,102453,0.8079,0.1921,0.2378,0.762,0.649,CALL,0.6536,,6
2026-06-29,US.PLTR,CALL,42.29,CALL 占比 68%; CALL 较基线 1.1x; 总量较基线 1.0x,224048,104519,328567,0.6819,0.3181,0.4665,1.146,0.973,CALL,0.6004,,6
2026-06-29,US.GEV,CALL,41.54,CALL 占比 74%; CALL 较基线 0.8x; 总量较基线 0.8x,6203,2152,8355,0.7424,0.2576,0.3469,0.846,0.845,CALL,0.7231,,6
2026-06-29,US.OKLO,CALL,41.29,CALL 占比 70%; CALL 较基线 1.0x; 总量较基线 0.9x,23847,10283,34130,0.6987,0.3013,0.4312,1.016,0.869,CALL,0.6,,6
2026-06-29,US.FOTO,CALL,40.99,CALL 占比 63%; CALL 较基线 1.1x; 总量较基线 1.2x,196,116,312,0.6282,0.3718,0.5918,1.096,1.182,CALL,0.6806,,6
2026-06-29,US.COHR,CALL,40.62,CALL 占比 60%; CALL 较基线 1.3x; 总量较基线 1.1x,8958,5854,14812,0.6048,0.3952,0.6535,1.26,1.058,CALL,0.5197,,6
2026-06-29,US.TSM,CALL,40.37,CALL 占比 56%; CALL 较基线 1.4x; 总量较基线 1.1x,53553,41605,95158,0.5628,0.4372,0.7769,1.371,1.148,PUT,0.4855,,6
2026-06-29,US.ASML,CALL,40.21,CALL 占比 62%; CALL 较基线 1.1x; 总量较基线 1.0x,5671,3442,9113,0.6223,0.3777,0.6069,1.138,1.036,CALL,0.557,,6
2026-06-29,US.META,CALL,39.34,CALL 占比 81%; CALL 较基线 0.6x; 总量较基线 0.4x,72871,17385,90256,0.8074,0.1926,0.2386,0.564,0.422,CALL,0.6411,,6
2026-06-29,US.TWLO,CALL,39.24,CALL 占比 64%; CALL 较基线 1.0x; 总量较基线 1.0x,1854,1056,2910,0.6371,0.3629,0.5696,0.952,1.024,CALL,0.6824,,6
2026-06-29,US.ORCL,CALL,39.02,CALL 占比 57%; CALL 较基线 1.2x; 总量较基线 1.1x,91241,68535,159776,0.5711,0.4289,0.7511,1.19,1.11,CALL,0.5308,,6
2026-06-29,US.NVDA,CALL,38.87,CALL 占比 72%; CALL 较基线 0.8x; 总量较基线 0.7x,637255,243709,880964,0.7234,0.2766,0.3824,0.752,0.652,CALL,0.6369,,6
2026-06-29,US.TSLA,CALL,38.74,CALL 占比 66%; CALL 较基线 1.0x; 总量较基线 0.8x,543519,283732,827251,0.657,0.343,0.522,0.965,0.789,CALL,0.5635,,6
2026-06-29,US.RDDT,CALL,38.56,CALL 占比 72%; CALL 较基线 0.7x; 总量较基线 0.7x,15679,6097,21776,0.72,0.28,0.3889,0.698,0.697,CALL,0.7083,,6
2026-06-29,US.HOOD,CALL,38.5,CALL 占比 79%; CALL 较基线 0.5x; 总量较基线 0.5x,113024,29308,142332,0.7941,0.2059,0.2593,0.49,0.469,CALL,0.7548,,6
2026-06-29,US.DDOG,CALL,38.02,CALL 占比 51%; CALL 较基线 1.2x; 总量较基线 1.4x,9516,9123,18639,0.5105,0.4895,0.9587,1.171,1.372,CALL,0.596,,6
2026-06-29,US.CRCL,CALL,37.74,CALL 占比 72%; CALL 较基线 0.7x; 总量较基线 0.6x,24481,9727,34208,0.7157,0.2843,0.3973,0.696,0.59,CALL,0.5889,,6
2026-06-29,US.MSTR,PUT,37.55,PUT 占比 61%; PUT 较基线 0.9x; 总量较基线 0.9x,130647,205802,336449,0.3883,0.6117,1.5753,0.927,0.944,PUT,0.5928,,6
2026-06-29,US.MARA,CALL,37.26,CALL 占比 68%; CALL 较基线 0.7x; 总量较基线 0.7x,75942,34986,110928,0.6846,0.3154,0.4607,0.674,0.748,CALL,0.7387,,6
2026-06-29,US.FIG,CALL,36.89,CALL 占比 70%; CALL 较基线 0.6x; 总量较基线 0.7x,17023,7206,24229,0.7026,0.2974,0.4233,0.594,0.672,CALL,0.8015,,3
2026-06-29,US.HPE,CALL,36.69,CALL 占比 81%; CALL 较基线 0.3x; 总量较基线 0.3x,18789,4366,23155,0.8114,0.1886,0.2324,0.29,0.318,CALL,0.7663,,6
2026-06-29,US.CRM,CALL,36.13,CALL 占比 66%; CALL 较基线 0.8x; 总量较基线 0.6x,29303,14992,44295,0.6615,0.3385,0.5116,0.791,0.557,CALL,0.5662,,6
2026-06-29,US.AMD,CALL,36.06,CALL 占比 50%; CALL 较基线 1.0x; 总量较基线 1.3x,103261,103165,206426,0.5002,0.4998,0.9991,1.029,1.304,CALL,0.6272,,6
2026-06-29,US.IBIT,PUT,35.83,PUT 占比 60%; PUT 较基线 0.8x; 总量较基线 0.9x,212338,324837,537175,0.3953,0.6047,1.5298,0.774,0.909,PUT,0.696,,6
2026-06-29,US.IREN,CALL,35.66,CALL 占比 54%; CALL 较基线 1.2x; 总量较基线 0.8x,110791,94617,205408,0.5394,0.4606,0.854,1.179,0.776,PUT,0.3762,,6
2026-06-29,US.DUOL,CALL,35.65,CALL 占比 66%; CALL 较基线 0.6x; 总量较基线 0.7x,2301,1190,3491,0.6591,0.3409,0.5172,0.624,0.717,CALL,0.7504,,6
2026-06-29,US.AAPL,CALL,35.21,CALL 占比 68%; CALL 较基线 0.6x; 总量较基线 0.5x,244087,113330,357417,0.6829,0.3171,0.4643,0.585,0.535,CALL,0.6364,,6
2026-06-29,US.YINN,CALL,34.95,CALL 占比 61%; CALL 较基线 0.8x; 总量较基线 0.8x,3429,2211,5640,0.608,0.392,0.6448,0.758,0.76,CALL,0.6019,,6
2026-06-29,US.SNOW,CALL,34.79,CALL 占比 50%; CALL 较基线 0.9x; 总量较基线 1.3x,16518,16511,33029,0.5001,0.4999,0.9996,0.901,1.263,CALL,0.6956,,6
2026-06-29,US.NBIS,PUT,34.5,PUT 占比 50%; PUT 较基线 1.0x; 总量较基线 1.1x,64237,64430,128667,0.4993,0.5007,1.003,1.012,1.063,PUT,0.5286,,6
2026-06-29,US.GFS,CALL,33.07,CALL 占比 68%; CALL 较基线 0.4x; 总量较基线 0.5x,2220,1059,3279,0.677,0.323,0.477,0.403,0.461,CALL,0.7148,,6
2026-06-29,US.FUTU,PUT,32.97,PUT 占比 64%; PUT 较基线 0.5x; 总量较基线 0.6x,1609,2840,4449,0.3617,0.6383,1.7651,0.511,0.558,PUT,0.6547,,6
2026-06-29,US.QCOM,CALL,32.37,CALL 占比 54%; CALL 较基线 0.7x; 总量较基线 0.9x,47786,40105,87891,0.5437,0.4563,0.8393,0.654,0.898,CALL,0.7384,,6
2026-06-29,US.INTU,CALL,31.55,CALL 占比 53%; CALL 较基线 0.8x; 总量较基线 0.6x,4729,4118,8847,0.5345,0.4655,0.8708,0.834,0.582,PUT,0.4342,,6
2026-06-29,US.IGV,PUT,31.11,PUT 占比 50%; PUT 较基线 0.7x; 总量较基线 0.9x,54060,54233,108293,0.4992,0.5008,1.0032,0.728,0.875,PUT,0.5359,,6
2026-06-29,US.COIN,PUT,31.08,PUT 占比 55%; PUT 较基线 0.7x; 总量较基线 0.6x,28766,34709,63475,0.4532,0.5468,1.2066,0.692,0.612,CALL,0.4829,,6
2026-06-29,US.VST,CALL,28.91,CALL 占比 59%; CALL 较基线 0.3x; 总量较基线 0.4x,8684,5934,14618,0.5941,0.4059,0.6833,0.329,0.419,CALL,0.6753,,6
2026-06-26,US.IGV,PUT,84.97,PUT 占比 79%; PUT 较基线 4.5x; 总量较基线 2.9x,57081,217727,274808,0.2077,0.7923,3.8144,4.461,2.932,PUT,0.5156,,6
2026-06-26,US.EWT,CALL,83.96,CALL 占比 97%; CALL 较基线 3.8x; 总量较基线 2.5x,6580,170,6750,0.9748,0.0252,0.0258,3.767,2.472,CALL,0.6216,,6
2026-06-26,US.MDB,CALL,67.86,"CALL 占比 75%; CALL 较基线 2.5x; 总量较基线 1.4x; 方向反转 PUT->CALL, 占比提升 31%",8590,2918,11508,0.7464,0.2536,0.3397,2.515,1.442,PUT,0.4384,9.24,6
2026-06-26,US.CRWD,CALL,65.32,CALL 占比 76%; CALL 较基线 2.8x; 总量较基线 2.2x,17129,5463,22592,0.7582,0.2418,0.3189,2.759,2.153,CALL,0.5701,,6
2026-06-26,US.EUV,CALL,65.28,CALL 占比 92%; CALL 较基线 2.2x; 总量较基线 1.9x,1501,137,1638,0.9164,0.0836,0.0913,2.153,1.901,CALL,0.8054,,5
2026-06-26,US.FCX,CALL,63.37,CALL 占比 83%; CALL 较基线 2.2x; 总量较基线 2.1x,85644,17551,103195,0.8299,0.1701,0.2049,2.234,2.051,CALL,0.7394,,6
2026-06-26,US.IREN,PUT,60.4,PUT 占比 79%; PUT 较基线 2.3x; 总量较基线 1.7x,80995,305853,386848,0.2094,0.7906,3.7762,2.317,1.707,PUT,0.5687,,6
2026-06-26,US.RXRX,CALL,56.6,CALL 占比 96%; CALL 较基线 1.3x; 总量较基线 1.3x,18066,767,18833,0.9593,0.0407,0.0425,1.33,1.265,CALL,0.9053,,6
2026-06-26,US.NBIS,PUT,55.23,PUT 占比 76%; PUT 较基线 2.2x; 总量较基线 1.3x,35168,108359,143527,0.245,0.755,3.0812,2.164,1.286,CALL,0.4545,,6
2026-06-26,US.FIG,CALL,53.76,CALL 占比 84%; 暂无历史基线,29769,5498,35267,0.8441,0.1559,0.1847,,,,,,2
2026-06-26,US.IBM,CALL,52.92,CALL 占比 85%; CALL 较基线 1.4x; 总量较基线 1.2x,51478,8771,60249,0.8544,0.1456,0.1704,1.424,1.225,CALL,0.719,,6
2026-06-26,US.GOOGL,CALL,51.87,CALL 占比 81%; CALL 较基线 1.5x; 总量较基线 1.3x,183244,43878,227122,0.8068,0.1932,0.2395,1.497,1.27,CALL,0.6909,,6
2026-06-26,US.MARA,CALL,51.33,CALL 占比 84%; CALL 较基线 1.3x; 总量较基线 1.2x,162169,30506,192675,0.8417,0.1583,0.1881,1.321,1.183,CALL,0.731,,6
2026-06-26,US.DELL,PUT,51.03,"PUT 占比 64%; PUT 较基线 1.5x; 总量较基线 0.7x; 方向反转 CALL->PUT, 占比提升 31%",7731,13522,21253,0.3638,0.6362,1.7491,1.478,0.743,CALL,0.3262,9.3,6
2026-06-26,US.TSM,PUT,50.77,PUT 占比 61%; PUT 较基线 2.1x; 总量较基线 1.7x,47664,73782,121446,0.3925,0.6075,1.548,2.053,1.674,CALL,0.4875,,6
2026-06-26,US.FOTO,CALL,49.71,CALL 占比 71%; CALL 较基线 1.6x; 总量较基线 1.5x,256,106,362,0.7072,0.2928,0.4141,1.567,1.481,CALL,0.6753,,5
2026-06-26,US.MRVL,PUT,49.16,"PUT 占比 64%; PUT 较基线 1.2x; 总量较基线 0.5x; 方向反转 CALL->PUT, 占比提升 35%",33903,61453,95356,0.3555,0.6445,1.8126,1.213,0.545,CALL,0.2977,10.4,6
2026-06-26,US.MSFT,CALL,48.96,CALL 占比 83%; CALL 较基线 1.3x; 总量较基线 1.0x,300555,62470,363025,0.8279,0.1721,0.2078,1.266,0.953,CALL,0.6637,,6
2026-06-26,US.BBAI,CALL,48.5,CALL 占比 89%; CALL 较基线 1.0x; 总量较基线 0.9x,28689,3456,32145,0.8925,0.1075,0.1205,0.958,0.855,CALL,0.7974,,6
2026-06-26,US.SOXL,PUT,48.29,PUT 占比 71%; PUT 较基线 1.6x; 总量较基线 1.1x,23200,56407,79607,0.2914,0.7086,2.4313,1.644,1.132,CALL,0.4783,,6
2026-06-26,US.RBRK,CALL,48.25,CALL 占比 90%; CALL 较基线 0.9x; 总量较基线 0.8x,3183,365,3548,0.8971,0.1029,0.1147,0.944,0.802,CALL,0.7558,,6
2026-06-26,US.IWM,PUT,47.3,PUT 占比 86%; PUT 较基线 1.0x; 总量较基线 0.8x,116567,720768,837335,0.1392,0.8608,6.1833,1.024,0.78,PUT,0.6721,,6
2026-06-26,US.GLW,CALL,47.04,CALL 占比 68%; 暂无历史基线,24180,11591,35771,0.676,0.324,0.4794,,,,,,0
2026-06-26,US.UVXY,CALL,46.31,CALL 占比 85%; CALL 较基线 0.9x; 总量较基线 0.8x,22059,3782,25841,0.8536,0.1464,0.1714,0.894,0.836,CALL,0.7941,,6
2026-06-26,US.SNOW,CALL,46.13,CALL 占比 73%; CALL 较基线 1.2x; 总量较基线 1.2x,22190,8234,30424,0.7294,0.2706,0.3711,1.243,1.168,CALL,0.6826,,6
2026-06-26,US.BABA,CALL,45.42,CALL 占比 62%; CALL 较基线 1.8x; 总量较基线 1.1x,111303,68521,179824,0.619,0.381,0.6156,1.752,1.106,PUT,0.4561,,6
2026-06-26,US.NOK,CALL,42.77,CALL 占比 72%; CALL 较基线 1.0x; 总量较基线 1.0x,200795,79411,280206,0.7166,0.2834,0.3955,0.982,1.043,CALL,0.7647,,6
2026-06-26,US.DJT,CALL,42.45,CALL 占比 80%; CALL 较基线 0.8x; 总量较基线 0.7x,8155,2012,10167,0.8021,0.1979,0.2467,0.775,0.693,CALL,0.7125,,6
2026-06-26,US.OPEN,CALL,41.75,CALL 占比 81%; CALL 较基线 0.7x; 总量较基线 0.7x,45101,10582,55683,0.81,0.19,0.2346,0.662,0.676,CALL,0.8162,,6
2026-06-26,US.IBIT,PUT,41.15,PUT 占比 76%; PUT 较基线 0.8x; 总量较基线 0.7x,97538,315900,413438,0.2359,0.7641,3.2387,0.788,0.713,PUT,0.6651,,6
2026-06-26,US.CRM,CALL,41.1,CALL 占比 72%; CALL 较基线 1.1x; 总量较基线 0.6x,36808,14294,51102,0.7203,0.2797,0.3883,1.063,0.631,CALL,0.5082,,6
2026-06-26,US.CVX,CALL,41.08,CALL 占比 76%; CALL 较基线 0.8x; 总量较基线 0.7x,20292,6340,26632,0.7619,0.2381,0.3124,0.798,0.703,CALL,0.6733,,6
2026-06-26,US.DUOL,CALL,40.94,CALL 占比 78%; CALL 较基线 0.7x; 总量较基线 0.7x,2551,699,3250,0.7849,0.2151,0.274,0.704,0.652,CALL,0.7115,,6
2026-06-26,US.UPST,CALL,40.83,CALL 占比 79%; CALL 较基线 0.7x; 总量较基线 0.7x,9442,2547,11989,0.7876,0.2124,0.2698,0.676,0.654,CALL,0.7583,,6
2026-06-26,US.MSTR,PUT,40.78,PUT 占比 60%; PUT 较基线 1.2x; 总量较基线 1.2x,159126,238799,397925,0.3999,0.6001,1.5007,1.231,1.155,PUT,0.5286,,6
2026-06-26,US.DDOG,CALL,40.54,CALL 占比 60%; CALL 较基线 1.2x; 总量较基线 1.2x,8803,5819,14622,0.602,0.398,0.661,1.192,1.154,CALL,0.5746,,6
2026-06-26,US.DRAM,CALL,40.4,CALL 占比 66%; CALL 较基线 1.0x; 总量较基线 1.0x,133213,68101,201314,0.6617,0.3383,0.5112,0.985,1.009,CALL,0.676,,6
2026-06-26,US.ASML,PUT,40.2,PUT 占比 69%; PUT 较基线 1.1x; 总量较基线 0.6x,1885,4101,5986,0.3149,0.6851,2.1756,1.131,0.624,CALL,0.3748,,6
2026-06-26,US.NOW,CALL,39.72,CALL 占比 59%; CALL 较基线 1.1x; 总量较基线 1.2x,85931,59861,145792,0.5894,0.4106,0.6966,1.09,1.238,CALL,0.6783,,6
2026-06-26,US.LITE,PUT,39.68,PUT 占比 56%; PUT 较基线 1.4x; 总量较基线 1.1x,7069,8873,15942,0.4434,0.5566,1.2552,1.385,1.056,CALL,0.4281,,6
2026-06-26,US.AAPL,CALL,39.61,CALL 占比 69%; CALL 较基线 0.9x; 总量较基线 0.8x,354307,157638,511945,0.6921,0.3079,0.4449,0.891,0.8,CALL,0.6365,,6
2026-06-26,US.INTC,CALL,39.57,CALL 占比 81%; CALL 较基线 0.5x; 总量较基线 0.5x,165622,39406,205028,0.8078,0.1922,0.2379,0.531,0.503,CALL,0.7648,,6
2026-06-26,US.GFS,CALL,39.55,CALL 占比 85%; CALL 较基线 0.4x; 总量较基线 0.4x,2542,465,3007,0.8454,0.1546,0.1829,0.432,0.378,CALL,0.6737,,6
2026-06-26,US.TEAM,CALL,39.46,CALL 占比 73%; CALL 较基线 0.8x; 总量较基线 0.7x,3923,1483,5406,0.7257,0.2743,0.378,0.782,0.695,CALL,0.643,,6
2026-06-26,US.AMZN,CALL,39.03,CALL 占比 75%; CALL 较基线 0.7x; 总量较基线 0.6x,216538,73029,289567,0.7478,0.2522,0.3373,0.674,0.621,CALL,0.7085,,6
2026-06-26,US.ASX,CALL,38.86,CALL 占比 86%; CALL 较基线 0.3x; 总量较基线 0.3x,2144,341,2485,0.8628,0.1372,0.159,0.312,0.309,CALL,0.778,,6
2026-06-26,US.BMNR,CALL,38.71,CALL 占比 79%; CALL 较基线 0.5x; 总量较基线 0.5x,46846,12740,59586,0.7862,0.2138,0.272,0.537,0.495,CALL,0.7214,,6
2026-06-26,US.XOM,CALL,38.45,CALL 占比 68%; CALL 较基线 0.9x; 总量较基线 0.7x,21890,10298,32188,0.6801,0.3199,0.4704,0.873,0.711,CALL,0.5586,,6
2026-06-26,US.RDDT,CALL,38.31,CALL 占比 73%; CALL 较基线 0.7x; 总量较基线 0.6x,15808,5796,21604,0.7317,0.2683,0.3666,0.655,0.633,CALL,0.6975,,6
2026-06-26,US.SOXS,CALL,37.64,CALL 占比 73%; CALL 较基线 0.6x; 总量较基线 0.6x,130057,48869,178926,0.7269,0.2731,0.3758,0.585,0.647,CALL,0.8064,,6
2026-06-26,US.SOFI,CALL,37.43,CALL 占比 72%; CALL 较基线 0.6x; 总量较基线 0.6x,138079,54215,192294,0.7181,0.2819,0.3926,0.613,0.634,CALL,0.7401,,6
2026-06-26,US.SQQQ,CALL,37.11,CALL 占比 70%; CALL 较基线 0.6x; 总量较基线 0.7x,33525,14631,48156,0.6962,0.3038,0.4364,0.631,0.702,CALL,0.7663,,6
2026-06-26,US.AMKR,CALL,37.09,CALL 占比 68%; CALL 较基线 0.7x; 总量较基线 0.7x,4753,2187,6940,0.6849,0.3151,0.4601,0.683,0.705,CALL,0.7127,,4
2026-06-26,US.GEMI,PUT,36.87,PUT 占比 60%; PUT 较基线 1.2x; 总量较基线 0.6x,740,1103,1843,0.4015,0.5985,1.4905,1.167,0.599,CALL,0.3875,,6
2026-06-26,US.HOOD,CALL,36.71,CALL 占比 80%; CALL 较基线 0.3x; 总量较基线 0.3x,86809,21849,108658,0.7989,0.2011,0.2517,0.345,0.333,CALL,0.7668,,6
2026-06-26,US.JD,CALL,36.68,CALL 占比 63%; CALL 较基线 0.8x; 总量较基线 0.8x,16345,9453,25798,0.6336,0.3664,0.5783,0.822,0.794,CALL,0.6689,,6
2026-06-26,US.AVGO,PUT,36.6,PUT 占比 60%; PUT 较基线 1.2x; 总量较基线 0.6x,30802,45338,76140,0.4045,0.5955,1.4719,1.171,0.569,CALL,0.3254,,6
2026-06-26,US.CRCL,CALL,36.57,CALL 占比 70%; CALL 较基线 0.6x; 总量较基线 0.5x,22132,9319,31451,0.7037,0.2963,0.4211,0.645,0.543,CALL,0.563,,6
2026-06-26,US.GDS,PUT,36.46,PUT 占比 60%; PUT 较基线 0.9x; 总量较基线 0.9x,909,1354,2263,0.4017,0.5983,1.4895,0.867,0.932,CALL,0.3783,,6
2026-06-26,US.SOUN,CALL,36.45,CALL 占比 74%; CALL 较基线 0.5x; 总量较基线 0.5x,17519,6060,23579,0.743,0.257,0.3459,0.465,0.501,CALL,0.7831,,6
2026-06-26,US.AEHR,PUT,36.37,PUT 占比 51%; PUT 较基线 1.3x; 总量较基线 0.9x,2145,2215,4360,0.492,0.508,1.0326,1.329,0.904,CALL,0.3531,,6
2026-06-26,US.VEEV,CALL,36.33,CALL 占比 59%; CALL 较基线 0.9x; 总量较基线 1.0x,1493,1042,2535,0.589,0.411,0.6979,0.878,0.958,CALL,0.6165,,6
2026-06-26,US.COHR,CALL,36.27,CALL 占比 59%; CALL 较基线 1.0x; 总量较基线 0.8x,7073,5011,12084,0.5853,0.4147,0.7085,0.971,0.849,CALL,0.5218,,6
2026-06-26,US.SCO,CALL,36.06,CALL 占比 75%; CALL 较基线 0.4x; 总量较基线 0.4x,2728,924,3652,0.747,0.253,0.3387,0.443,0.439,CALL,0.7391,,6
2026-06-26,US.MP,PUT,35.56,PUT 占比 53%; PUT 较基线 1.2x; 总量较基线 0.9x,6987,7770,14757,0.4735,0.5265,1.1121,1.165,0.863,CALL,0.3907,,6
2026-06-26,US.CBRS,CALL,35.44,CALL 占比 70%; CALL 较基线 0.6x; 总量较基线 0.5x,16447,6977,23424,0.7021,0.2979,0.4242,0.564,0.474,CALL,0.6384,,6
2026-06-26,US.SMCI,CALL,35.39,CALL 占比 65%; CALL 较基线 0.6x; 总量较基线 0.7x,86516,46146,132662,0.6522,0.3478,0.5334,0.621,0.723,CALL,0.76,,6
2026-06-26,US.NET,PUT,35.2,PUT 占比 57%; PUT 较基线 1.0x; 总量较基线 0.7x,3609,4849,8458,0.4267,0.5733,1.3436,0.983,0.734,CALL,0.4335,,6
2026-06-26,US.PANW,CALL,35.11,CALL 占比 57%; CALL 较基线 0.9x; 总量较基线 0.9x,9563,7184,16747,0.571,0.429,0.7512,0.876,0.876,CALL,0.5681,,6
2026-06-26,US.SBET,CALL,35.02,CALL 占比 65%; CALL 较基线 0.7x; 总量较基线 0.6x,8307,4571,12878,0.6451,0.3549,0.5503,0.71,0.589,CALL,0.6158,,6
2026-06-26,US.LI,CALL,34.78,CALL 占比 54%; CALL 较基线 1.0x; 总量较基线 0.8x,4576,3848,8424,0.5432,0.4568,0.8409,1.025,0.809,CALL,0.5594,,6
2026-06-26,US.PLTR,CALL,34.68,CALL 占比 60%; CALL 较基线 0.8x; 总量较基线 0.7x,144989,95770,240759,0.6022,0.3978,0.6605,0.767,0.743,CALL,0.6111,,6
2026-06-26,US.QCOM,CALL,34.64,CALL 占比 60%; CALL 较基线 0.7x; 总量较基线 0.9x,49896,33225,83121,0.6003,0.3997,0.6659,0.674,0.872,CALL,0.7764,,6
2026-06-26,US.INTU,CALL,34.44,CALL 占比 57%; CALL 较基线 1.0x; 总量较基线 0.6x,5503,4211,9714,0.5665,0.4335,0.7652,1.008,0.619,PUT,0.3955,,6
2026-06-26,US.TNA,PUT,34.24,PUT 占比 57%; PUT 较基线 0.8x; 总量较基线 0.8x,5763,7610,13373,0.4309,0.5691,1.3205,0.821,0.818,PUT,0.5623,,6
2026-06-26,US.META,CALL,33.81,CALL 占比 69%; CALL 较基线 0.5x; 总量较基线 0.4x,64515,29420,93935,0.6868,0.3132,0.456,0.474,0.425,CALL,0.655,,6
2026-06-26,US.SPY,PUT,33.06,PUT 占比 61%; PUT 较基线 0.6x; 总量较基线 0.6x,799415,1254484,2053899,0.3892,0.6108,1.5693,0.64,0.583,PUT,0.5696,,6
2026-06-26,US.SVIX,PUT,33.06,PUT 占比 63%; PUT 较基线 0.6x; 总量较基线 0.5x,1426,2449,3875,0.368,0.632,1.7174,0.573,0.532,PUT,0.5434,,6
2026-06-26,US.OKLO,CALL,32.98,CALL 占比 52%; CALL 较基线 0.8x; 总量较基线 0.9x,18778,17246,36024,0.5213,0.4787,0.9184,0.823,0.924,CALL,0.585,,6
2026-06-26,US.CRWV,PUT,32.46,PUT 占比 52%; PUT 较基线 1.0x; 总量较基线 0.6x,34949,37725,72674,0.4809,0.5191,1.0794,1.04,0.562,CALL,0.302,,6
2026-06-26,US.NVDA,CALL,32.35,CALL 占比 57%; CALL 较基线 0.6x; 总量较基线 0.7x,548645,412445,961090,0.5709,0.4291,0.7518,0.646,0.725,CALL,0.6586,,6
2026-06-26,US.AMD,CALL,31.94,CALL 占比 57%; CALL 较基线 0.6x; 总量较基线 0.7x,65186,48775,113961,0.572,0.428,0.7482,0.609,0.698,CALL,0.6547,,6
2026-06-26,US.GEV,CALL,31.85,CALL 占比 57%; CALL 较基线 0.6x; 总量较基线 0.8x,4249,3260,7509,0.5659,0.4341,0.7672,0.585,0.756,CALL,0.7106,,6
2026-06-26,US.TSLA,CALL,31.55,CALL 占比 59%; CALL 较基线 0.6x; 总量较基线 0.6x,354469,247955,602424,0.5884,0.4116,0.6995,0.587,0.553,CALL,0.5825,,6
2026-06-26,US.FUTU,PUT,31.26,PUT 占比 61%; PUT 较基线 0.5x; 总量较基线 0.5x,1630,2564,4194,0.3887,0.6113,1.573,0.464,0.516,PUT,0.6315,,6
2026-06-26,US.WDAY,CALL,31.2,CALL 占比 59%; CALL 较基线 0.6x; 总量较基线 0.4x,2593,1817,4410,0.588,0.412,0.7007,0.645,0.421,PUT,0.396,,6
2026-06-26,US.ORCL,CALL,30.43,CALL 占比 54%; CALL 较基线 0.6x; 总量较基线 0.6x,50445,43320,93765,0.538,0.462,0.8588,0.637,0.636,CALL,0.5366,,6
2026-06-26,US.YINN,CALL,30.16,CALL 占比 51%; CALL 较基线 0.6x; 总量较基线 0.7x,2924,2766,5690,0.5139,0.4861,0.946,0.641,0.746,CALL,0.5915,,6
2026-06-26,US.TMF,CALL,29.47,CALL 占比 55%; CALL 较基线 0.5x; 总量较基线 0.6x,4284,3477,7761,0.552,0.448,0.8116,0.461,0.617,CALL,0.725,,6
2026-06-26,US.TWLO,CALL,29.4,CALL 占比 58%; CALL 较基线 0.4x; 总量较基线 0.5x,912,669,1581,0.5769,0.4231,0.7336,0.417,0.498,CALL,0.696,,6
2026-06-26,US.COIN,PUT,29.35,PUT 占比 55%; PUT 较基线 0.6x; 总量较基线 0.5x,23427,28547,51974,0.4507,0.5493,1.2186,0.563,0.48,CALL,0.4588,,6
2026-06-26,US.QQQ,PUT,29.17,PUT 占比 54%; PUT 较基线 0.5x; 总量较基线 0.5x,453759,540891,994650,0.4562,0.5438,1.192,0.539,0.519,PUT,0.5224,,6
2026-06-26,US.SAP,CALL,28.82,CALL 占比 53%; CALL 较基线 0.5x; 总量较基线 0.5x,1798,1569,3367,0.534,0.466,0.8726,0.53,0.537,CALL,0.577,,6
2026-06-26,US.APLD,CALL,28.48,CALL 占比 58%; CALL 较基线 0.3x; 总量较基线 0.5x,19459,14268,33727,0.577,0.423,0.7332,0.331,0.458,CALL,0.7818,,6
2026-06-26,US.HPE,CALL,28.26,CALL 占比 62%; CALL 较基线 0.2x; 总量较基线 0.3x,14488,8989,23477,0.6171,0.3829,0.6204,0.214,0.309,CALL,0.7883,,6
2026-06-26,US.TIGR,CALL,28.09,CALL 占比 56%; CALL 较基线 0.4x; 总量较基线 0.4x,1012,798,1810,0.5591,0.4409,0.7885,0.383,0.444,CALL,0.6654,,6
2026-06-26,US.PDD,PUT,27.96,PUT 占比 50%; PUT 较基线 0.5x; 总量较基线 0.7x,23556,23587,47143,0.4997,0.5003,1.0013,0.488,0.674,PUT,0.623,,6
2026-06-26,US.VST,CALL,27.52,CALL 占比 62%; CALL 较基线 0.2x; 总量较基线 0.2x,4797,2892,7689,0.6239,0.3761,0.6029,0.168,0.204,CALL,0.6957,,6
2026-06-26,US.ADSK,CALL,26.59,CALL 占比 56%; CALL 较基线 0.4x; 总量较基线 0.2x,834,668,1502,0.5553,0.4447,0.801,0.383,0.219,PUT,0.4186,,6
2026-06-25,US.SBET,PUT,87.27,"PUT 占比 79%; PUT 较基线 3.9x; 总量较基线 1.6x; 方向反转 CALL->PUT, 占比提升 51%",6938,25807,32745,0.2119,0.7881,3.7197,3.905,1.586,CALL,0.2817,15.0,6
2026-06-25,US.GFS,CALL,80.4,CALL 占比 92%; CALL 较基线 3.6x; 总量较基线 2.5x,14099,1167,15266,0.9236,0.0764,0.0828,3.573,2.478,CALL,0.6118,,6
2026-06-25,US.PLTR,PUT,68.61,"PUT 占比 66%; PUT 较基线 3.0x; 总量较基线 1.6x; 方向反转 CALL->PUT, 占比提升 30%",159835,307072,466907,0.3423,0.6577,1.9212,2.951,1.611,CALL,0.3567,9.03,6
2026-06-25,US.GDS,CALL,65.33,CALL 占比 59%; CALL 较基线 3.6x; 总量较基线 2.1x,2519,1718,4237,0.5945,0.4055,0.682,3.593,2.136,CALL,0.6844,,6
2026-06-25,US.MSTR,PUT,62.81,PUT 占比 84%; PUT 较基线 2.6x; 总量较基线 1.5x,74122,378433,452555,0.1638,0.8362,5.1055,2.571,1.466,CALL,0.4581,,6
2026-06-25,US.DDOG,PUT,61.77,"PUT 占比 65%; PUT 较基线 2.4x; 总量较基线 1.3x; 方向反转 CALL->PUT, 占比提升 29%",5500,10176,15676,0.3509,0.6491,1.8502,2.438,1.28,CALL,0.3617,8.62,6
2026-06-25,US.SAP,PUT,61.18,PUT 占比 52%; PUT 较基线 3.2x; 总量较基线 2.5x,6240,6653,12893,0.484,0.516,1.0662,3.167,2.533,CALL,0.3942,,6
2026-06-25,US.IBM,CALL,60.88,CALL 占比 81%; CALL 较基线 2.2x; 总量较基线 1.9x,62714,14881,77595,0.8082,0.1918,0.2373,2.164,1.873,CALL,0.69,,6
2026-06-25,US.QCOM,CALL,60.86,CALL 占比 75%; CALL 较基线 2.2x; 总量较基线 2.2x,125975,41579,167554,0.7518,0.2482,0.3301,2.165,2.244,CALL,0.7694,,6
2026-06-25,US.ASX,PUT,59.3,PUT 占比 57%; PUT 较基线 4.0x; 总量较基线 0.7x,2318,3054,5372,0.4315,0.5685,1.3175,4.027,0.724,CALL,0.1768,,6
2026-06-25,US.IBIT,PUT,57.89,PUT 占比 81%; PUT 较基线 2.0x; 总量较基线 1.6x,156398,667249,823647,0.1899,0.8101,4.2664,1.984,1.602,PUT,0.6393,,6
2026-06-25,US.AAPL,CALL,56.56,CALL 占比 58%; CALL 较基线 2.3x; 总量较基线 2.5x,789721,577028,1366749,0.5778,0.4222,0.7307,2.288,2.524,CALL,0.6418,,6
2026-06-25,US.DRAM,CALL,55.99,CALL 占比 85%; CALL 较基线 1.8x; 总量较基线 1.3x,210838,35981,246819,0.8542,0.1458,0.1707,1.754,1.299,CALL,0.6404,,5
2026-06-25,US.COIN,PUT,54.3,"PUT 占比 70%; PUT 较基线 1.5x; 总量较基线 0.9x; 方向反转 CALL->PUT, 占比提升 30%",29312,69721,99033,0.296,0.704,2.3786,1.483,0.877,CALL,0.4035,9.02,6
2026-06-25,US.RBRK,CALL,53.89,CALL 占比 89%; CALL 较基线 1.4x; 总量较基线 1.2x,4443,524,4967,0.8945,0.1055,0.1179,1.4,1.152,CALL,0.7324,,6
2026-06-25,US.YINN,CALL,53.26,CALL 占比 70%; CALL 较基线 2.0x; 总量较基线 1.6x,7676,3348,11024,0.6963,0.3037,0.4362,1.969,1.61,CALL,0.5733,,6
2026-06-25,US.DUOL,CALL,53.14,CALL 占比 78%; CALL 较基线 1.6x; 总量较基线 1.5x,5660,1591,7251,0.7806,0.2194,0.2811,1.633,1.475,CALL,0.6961,,6
2026-06-25,US.IREN,PUT,52.72,PUT 占比 73%; PUT 较基线 1.9x; 总量较基线 1.4x,77457,211753,289210,0.2678,0.7322,2.7338,1.896,1.377,PUT,0.5259,,6
2026-06-25,US.GEV,CALL,51.08,CALL 占比 86%; CALL 较基线 1.3x; 总量较基线 1.0x,8719,1434,10153,0.8588,0.1412,0.1645,1.324,1.023,CALL,0.6447,,6
2026-06-25,US.FIG,CALL,50.48,CALL 占比 76%; 暂无历史基线,40289,12581,52870,0.762,0.238,0.3123,,,,,,1
2026-06-25,US.CBRS,CALL,49.9,CALL 占比 52%; CALL 较基线 1.9x; 总量较基线 2.3x,45877,42913,88790,0.5167,0.4833,0.9354,1.901,2.337,CALL,0.6824,,6
2026-06-25,US.BABA,PUT,48.56,PUT 占比 68%; PUT 较基线 1.6x; 总量较基线 1.4x,70270,152189,222459,0.3159,0.6841,2.1658,1.608,1.389,PUT,0.5306,,6
2026-06-25,US.IGV,PUT,48.23,PUT 占比 75%; PUT 较基线 1.5x; 总量较基线 1.0x,22719,67055,89774,0.2531,0.7469,2.9515,1.54,1.006,CALL,0.4852,,6
2026-06-25,US.WDAY,PUT,48.0,PUT 占比 67%; PUT 较基线 1.6x; 总量较基线 1.4x,4392,9093,13485,0.3257,0.6743,2.0704,1.594,1.379,PUT,0.5737,,6
2026-06-25,US.TSM,PUT,47.05,PUT 占比 67%; PUT 较基线 1.6x; 总量较基线 1.2x,28299,58192,86491,0.3272,0.6728,2.0563,1.634,1.178,CALL,0.4774,,6
2026-06-25,US.ORCL,PUT,46.99,"PUT 占比 70%; PUT 较基线 0.9x; 总量较基线 0.6x; 方向反转 CALL->PUT, 占比提升 27%",38517,88607,127124,0.303,0.697,2.3005,0.93,0.596,CALL,0.4271,8.1,6
2026-06-25,US.RXRX,CALL,46.37,CALL 占比 96%; CALL 较基线 0.6x; 总量较基线 0.5x,9839,413,10252,0.9597,0.0403,0.042,0.588,0.547,CALL,0.8894,,6
2026-06-25,US.DJT,CALL,46.0,CALL 占比 79%; CALL 较基线 1.1x; 总量较基线 1.0x,10711,2814,13525,0.7919,0.2081,0.2627,1.067,0.965,CALL,0.7167,,6
2026-06-25,US.GEMI,PUT,45.92,PUT 占比 66%; PUT 较基线 1.9x; 总量较基线 0.8x,768,1493,2261,0.3397,0.6603,1.944,1.857,0.775,CALL,0.36,,6
2026-06-25,US.SQQQ,CALL,45.92,CALL 占比 80%; CALL 较基线 1.0x; 总量较基线 1.0x,57485,13977,71462,0.8044,0.1956,0.2431,0.999,0.96,CALL,0.7633,,6
2026-06-25,US.SOXS,CALL,45.76,CALL 占比 78%; CALL 较基线 1.0x; 总量较基线 1.1x,251226,72530,323756,0.776,0.224,0.2887,1.033,1.077,CALL,0.811,,6
2026-06-25,US.MDB,PUT,45.64,PUT 占比 74%; PUT 较基线 1.3x; 总量较基线 1.0x,2280,6399,8679,0.2627,0.7373,2.8066,1.268,1.0,PUT,0.5591,,6
2026-06-25,US.JD,CALL,45.46,CALL 占比 54%; CALL 较基线 1.6x; 总量较基线 1.9x,30613,25959,56572,0.5411,0.4589,0.848,1.552,1.901,CALL,0.7018,,6
2026-06-25,US.TWLO,CALL,44.49,CALL 占比 80%; CALL 较基线 0.9x; 总量较基线 0.8x,2313,573,2886,0.8015,0.1985,0.2477,0.938,0.821,CALL,0.6968,,6
2026-06-25,US.EWT,PUT,43.72,PUT 占比 68%; PUT 较基线 1.5x; 总量较基线 0.7x,593,1244,1837,0.3228,0.6772,2.0978,1.537,0.721,CALL,0.3108,,6
2026-06-25,US.TIGR,CALL,43.53,CALL 占比 83%; CALL 较基线 0.8x; 总量较基线 0.6x,2148,436,2584,0.8313,0.1687,0.203,0.822,0.618,CALL,0.6298,,6
2026-06-25,US.MARA,CALL,42.69,CALL 占比 76%; CALL 较基线 0.9x; 总量较基线 0.9x,111821,35495,147316,0.7591,0.2409,0.3174,0.883,0.876,CALL,0.7301,,6
2026-06-25,US.OPEN,CALL,42.31,CALL 占比 71%; CALL 较基线 0.9x; 总量较基线 1.1x,63540,25808,89348,0.7112,0.2888,0.4062,0.905,1.104,CALL,0.8536,,6
2026-06-25,US.NOK,CALL,42.27,CALL 占比 77%; CALL 较基线 0.8x; 总量较基线 0.8x,173892,52061,225953,0.7696,0.2304,0.2994,0.819,0.821,CALL,0.7757,,6
2026-06-25,US.TEAM,CALL,42.04,CALL 占比 52%; CALL 较基线 1.4x; 总量较基线 1.8x,6071,5690,11761,0.5162,0.4838,0.9372,1.357,1.757,CALL,0.6464,,6
2026-06-25,US.NET,PUT,41.99,PUT 占比 58%; PUT 较基线 1.6x; 总量较基线 1.1x,4772,6596,11368,0.4198,0.5802,1.3822,1.56,1.05,CALL,0.3914,,6
2026-06-25,US.BMNR,CALL,41.89,CALL 占比 63%; CALL 较基线 1.1x; 总量较基线 1.3x,91270,53831,145101,0.629,0.371,0.5898,1.115,1.302,CALL,0.7241,,6
2026-06-25,US.INTC,CALL,41.88,CALL 占比 74%; CALL 较基线 0.9x; 总量较基线 0.9x,295917,104631,400548,0.7388,0.2612,0.3536,0.876,0.888,CALL,0.7552,,6
2026-06-25,US.BBAI,CALL,41.78,CALL 占比 80%; CALL 较基线 0.7x; 总量较基线 0.7x,22113,5678,27791,0.7957,0.2043,0.2568,0.712,0.71,CALL,0.7941,,6
2026-06-25,US.CRWD,CALL,41.47,CALL 占比 68%; CALL 较基线 1.1x; 总量较基线 1.0x,8075,3823,11898,0.6787,0.3213,0.4734,1.066,0.965,CALL,0.5755,,6
2026-06-25,US.SOXL,PUT,41.19,PUT 占比 52%; PUT 较基线 1.5x; 总量较基线 1.4x,46704,50454,97158,0.4807,0.5193,1.0803,1.525,1.369,CALL,0.4627,,6
2026-06-25,US.COHR,PUT,41.1,PUT 占比 58%; PUT 较基线 1.4x; 总量较基线 1.1x,6213,8744,14957,0.4154,0.5846,1.4074,1.386,1.105,CALL,0.4561,,6
2026-06-25,US.FOTO,CALL,40.92,CALL 占比 77%; CALL 较基线 0.8x; 总量较基线 0.7x,134,41,175,0.7657,0.2343,0.306,0.785,0.669,CALL,0.6528,,4
2026-06-25,US.MSFT,CALL,40.75,CALL 占比 57%; CALL 较基线 1.2x; 总量较基线 1.4x,288407,220303,508710,0.5669,0.4331,0.7639,1.245,1.353,CALL,0.6579,,6
2026-06-25,US.VST,CALL,40.53,CALL 占比 84%; CALL 较基线 0.5x; 总量较基线 0.5x,15403,3037,18440,0.8353,0.1647,0.1972,0.534,0.474,CALL,0.6629,,6
2026-06-25,US.IWM,PUT,40.29,PUT 占比 74%; PUT 较基线 0.8x; 总量较基线 0.7x,240205,670734,910939,0.2637,0.7363,2.7923,0.826,0.704,PUT,0.6481,,6
2026-06-25,US.UPST,CALL,40.13,CALL 占比 78%; CALL 较基线 0.7x; 总量较基线 0.6x,9436,2737,12173,0.7752,0.2248,0.2901,0.655,0.648,CALL,0.7645,,6
2026-06-25,US.LI,CALL,39.99,CALL 占比 58%; CALL 较基线 1.4x; 总量较基线 1.0x,5496,3933,9429,0.5829,0.4171,0.7156,1.365,0.96,CALL,0.543,,6
2026-06-25,US.FCX,CALL,39.84,CALL 占比 72%; CALL 较基线 0.8x; 总量较基线 0.8x,28843,11108,39951,0.722,0.278,0.3851,0.771,0.799,CALL,0.7219,,6
2026-06-25,US.AMZN,CALL,39.8,CALL 占比 60%; CALL 较基线 1.1x; 总量较基线 1.2x,334267,222787,557054,0.6001,0.3999,0.6665,1.052,1.23,CALL,0.7183,,6
2026-06-25,US.LITE,CALL,39.23,CALL 占比 58%; CALL 较基线 1.1x; 总量较基线 1.1x,9334,6652,15986,0.5839,0.4161,0.7127,1.15,1.113,CALL,0.5595,,6
2026-06-25,US.SCO,CALL,39.22,CALL 占比 70%; CALL 较基线 0.8x; 总量较基线 0.8x,4813,2076,6889,0.6987,0.3013,0.4313,0.782,0.837,CALL,0.7469,,6
2026-06-25,US.SMCI,CALL,38.49,CALL 占比 75%; CALL 较基线 0.6x; 总量较基线 0.6x,107494,35628,143122,0.7511,0.2489,0.3314,0.602,0.606,CALL,0.759,,6
2026-06-25,US.SNOW,CALL,38.49,CALL 占比 70%; CALL 较基线 0.8x; 总量较基线 0.8x,14026,6128,20154,0.6959,0.3041,0.4369,0.766,0.754,CALL,0.6813,,6
2026-06-25,US.PANW,CALL,38.43,CALL 占比 63%; CALL 较基线 1.0x; 总量较基线 0.9x,11516,6883,18399,0.6259,0.3741,0.5977,1.002,0.897,CALL,0.5568,,6
2026-06-25,US.META,PUT,38.12,PUT 占比 54%; PUT 较基线 1.3x; 总量较基线 0.9x,96329,115017,211346,0.4558,0.5442,1.194,1.349,0.927,CALL,0.331,,6
2026-06-25,US.AMKR,CALL,38.11,CALL 占比 79%; CALL 较基线 0.5x; 总量较基线 0.4x,3933,1054,4987,0.7887,0.2113,0.268,0.493,0.435,CALL,0.6874,,3
2026-06-25,US.MRNA,CALL,38.05,CALL 占比 67%; CALL 较基线 0.8x; 总量较基线 0.8x,23380,11546,34926,0.6694,0.3306,0.4938,0.787,0.83,CALL,0.6921,,6
2026-06-25,US.NVDA,CALL,37.98,CALL 占比 56%; CALL 较基线 1.0x; 总量较基线 1.2x,926835,729970,1656805,0.5594,0.4406,0.7876,1.036,1.219,CALL,0.6724,,6
2026-06-25,US.INTU,PUT,37.78,PUT 占比 71%; PUT 较基线 0.7x; 总量较基线 0.6x,3245,8006,11251,0.2884,0.7116,2.4672,0.695,0.626,PUT,0.5908,,6
2026-06-25,US.TMF,CALL,37.74,CALL 占比 68%; CALL 较基线 0.7x; 总量较基线 0.8x,7395,3405,10800,0.6847,0.3153,0.4604,0.711,0.778,CALL,0.7371,,6
2026-06-25,US.SOUN,CALL,37.71,CALL 占比 78%; CALL 较基线 0.5x; 总量较基线 0.4x,20832,5793,26625,0.7824,0.2176,0.2781,0.467,0.446,CALL,0.7546,,6
2026-06-25,US.OKLO,PUT,37.61,PUT 占比 52%; PUT 较基线 1.4x; 总量较基线 1.0x,19030,20287,39317,0.484,0.516,1.0661,1.377,0.992,CALL,0.3741,,6
2026-06-25,US.UVXY,CALL,37.59,CALL 占比 74%; CALL 较基线 0.6x; 总量较基线 0.6x,14421,5061,19482,0.7402,0.2598,0.3509,0.564,0.578,CALL,0.7615,,6
2026-06-25,US.HPE,CALL,37.23,CALL 占比 80%; CALL 较基线 0.4x; 总量较基线 0.4x,24397,6070,30467,0.8008,0.1992,0.2488,0.354,0.394,CALL,0.7938,,6
2026-06-25,US.APLD,CALL,37.11,CALL 占比 74%; CALL 较基线 0.5x; 总量较基线 0.5x,31346,10871,42217,0.7425,0.2575,0.3468,0.514,0.55,CALL,0.7779,,6
2026-06-25,US.PDD,PUT,37.02,PUT 占比 64%; PUT 较基线 0.8x; 总量较基线 0.9x,22707,39976,62683,0.3623,0.6377,1.7605,0.801,0.851,PUT,0.6128,,6
2026-06-25,US.TSLA,PUT,36.8,PUT 占比 52%; PUT 较基线 1.2x; 总量较基线 1.0x,540576,594441,1135017,0.4763,0.5237,1.0996,1.226,1.007,CALL,0.4023,,6
2026-06-25,US.CRCL,PUT,36.01,PUT 占比 54%; PUT 较基线 1.2x; 总量较基线 0.9x,22480,26181,48661,0.462,0.538,1.1646,1.17,0.854,CALL,0.42,,6
2026-06-25,US.VEEV,CALL,35.98,CALL 占比 76%; CALL 较基线 0.4x; 总量较基线 0.4x,748,239,987,0.7579,0.2421,0.3195,0.432,0.368,CALL,0.6186,,6
2026-06-25,US.NOW,CALL,35.85,CALL 占比 65%; CALL 较基线 0.7x; 总量较基线 0.7x,55347,30144,85491,0.6474,0.3526,0.5446,0.705,0.72,CALL,0.6681,,6
2026-06-25,US.XOM,CALL,35.78,CALL 占比 63%; CALL 较基线 0.8x; 总量较基线 0.7x,21456,12420,33876,0.6334,0.3666,0.5789,0.785,0.694,CALL,0.5595,,6
2026-06-25,US.FUTU,PUT,35.62,PUT 占比 70%; PUT 较基线 0.6x; 总量较基线 0.5x,1349,3079,4428,0.3047,0.6953,2.2824,0.574,0.536,PUT,0.5826,,6
2026-06-25,US.SOFI,CALL,35.26,CALL 占比 62%; CALL 较基线 0.7x; 总量较基线 0.8x,156011,93945,249956,0.6242,0.3758,0.6022,0.672,0.819,CALL,0.7618,,6
2026-06-25,US.MP,CALL,34.42,CALL 占比 68%; CALL 较基线 0.6x; 总量较基线 0.5x,5958,2837,8795,0.6774,0.3226,0.4762,0.554,0.483,CALL,0.5824,,6
2026-06-25,US.AMD,CALL,34.29,CALL 占比 54%; CALL 较基线 0.8x; 总量较基线 1.0x,95123,80919,176042,0.5403,0.4597,0.8507,0.814,1.026,CALL,0.6778,,6
2026-06-25,US.EUV,CALL,33.72,CALL 占比 63%; CALL 较基线 0.5x; 总量较基线 0.7x,406,236,642,0.6324,0.3676,0.5813,0.527,0.7,CALL,0.8486,,4
2026-06-25,US.CVX,CALL,33.57,CALL 占比 67%; CALL 较基线 0.5x; 总量较基线 0.5x,12635,6105,18740,0.6742,0.3258,0.4832,0.473,0.469,CALL,0.6677,,6
2026-06-25,US.MRVL,CALL,33.09,CALL 占比 66%; CALL 较基线 0.5x; 总量较基线 0.5x,65667,34440,100107,0.656,0.344,0.5245,0.474,0.509,CALL,0.7031,,6
2026-06-25,US.HOOD,CALL,32.88,CALL 占比 68%; CALL 较基线 0.4x; 总量较基线 0.4x,109156,51136,160292,0.681,0.319,0.4685,0.376,0.439,CALL,0.798,,6
2026-06-25,US.AVGO,CALL,32.8,CALL 占比 59%; CALL 较基线 0.6x; 总量较基线 0.7x,60820,42057,102877,0.5912,0.4088,0.6915,0.597,0.729,CALL,0.6919,,6
2026-06-25,US.ADSK,CALL,32.65,CALL 占比 54%; CALL 较基线 1.0x; 总量较基线 0.5x,2020,1720,3740,0.5401,0.4599,0.8515,0.994,0.517,PUT,0.3602,,6
2026-06-25,US.RDDT,CALL,32.59,CALL 占比 63%; CALL 较基线 0.5x; 总量较基线 0.6x,13037,7699,20736,0.6287,0.3713,0.5905,0.497,0.578,CALL,0.7294,,6
2026-06-25,US.CRWV,CALL,32.58,CALL 占比 59%; CALL 较基线 0.6x; 总量较基线 0.7x,56625,39413,96038,0.5896,0.4104,0.696,0.59,0.713,CALL,0.6958,,6
2026-06-25,US.CRM,CALL,32.3,CALL 占比 58%; CALL 较基线 0.8x; 总量较基线 0.5x,27425,20126,47551,0.5767,0.4233,0.7339,0.77,0.512,PUT,0.4588,,6
2026-06-25,US.DELL,CALL,32.11,CALL 占比 53%; CALL 较基线 0.7x; 总量较基线 0.9x,13661,12086,25747,0.5306,0.4694,0.8847,0.7,0.882,CALL,0.6653,,6
2026-06-25,US.SVIX,PUT,32.02,PUT 占比 64%; PUT 较基线 0.5x; 总量较基线 0.4x,1166,2057,3223,0.3618,0.6382,1.7642,0.487,0.433,PUT,0.5086,,6
2026-06-25,US.GOOGL,CALL,31.84,CALL 占比 54%; CALL 较基线 0.7x; 总量较基线 0.8x,96911,83403,180314,0.5375,0.4625,0.8606,0.659,0.844,CALL,0.7062,,6
2026-06-25,US.TNA,PUT,31.47,PUT 占比 54%; PUT 较基线 0.7x; 总量较基线 0.7x,5792,6681,12473,0.4644,0.5356,1.1535,0.7,0.742,PUT,0.5646,,6
2026-06-25,US.NBIS,PUT,31.25,PUT 占比 51%; PUT 较基线 0.8x; 总量较基线 0.7x,40904,41785,82689,0.4947,0.5053,1.0215,0.826,0.738,CALL,0.458,,6
2026-06-25,US.SPY,PUT,29.84,PUT 占比 59%; PUT 较基线 0.5x; 总量较基线 0.4x,932972,1337699,2270671,0.4109,0.5891,1.4338,0.463,0.429,PUT,0.5611,,6
2026-06-25,US.AEHR,CALL,29.53,CALL 占比 51%; CALL 较基线 0.6x; 总量较基线 0.8x,1826,1754,3580,0.5101,0.4899,0.9606,0.571,0.759,CALL,0.6801,,6
2026-06-25,US.QQQ,PUT,28.48,PUT 占比 54%; PUT 较基线 0.5x; 总量较基线 0.5x,656917,760240,1417157,0.4635,0.5365,1.1573,0.513,0.485,PUT,0.5144,,6
2026-06-25,US.ASML,CALL,27.79,CALL 占比 53%; CALL 较基线 0.4x; 总量较基线 0.6x,4207,3778,7985,0.5269,0.4731,0.898,0.41,0.572,CALL,0.6837,,6
2026-06-24,US.CBRS,CALL,93.36,CALL 占比 58%; CALL 较基线 6.1x; 总量较基线 7.4x,81615,58106,139721,0.5841,0.4159,0.712,6.052,7.409,CALL,0.7036,,6
2026-06-24,US.EWT,PUT,81.68,PUT 占比 65%; PUT 较基线 9.1x; 总量较基线 2.6x,1737,3176,4913,0.3536,0.6464,1.8284,9.053,2.637,CALL,0.2901,,6
2026-06-24,US.MSTR,PUT,73.3,"PUT 占比 79%; PUT 较基线 2.7x; 总量较基线 1.4x; 方向反转 CALL->PUT, 占比提升 38%",78761,305056,383817,0.2052,0.7948,3.8732,2.709,1.39,CALL,0.4116,11.5,6
2026-06-24,US.IBM,CALL,63.71,CALL 占比 89%; CALL 较基线 2.3x; 总量较基线 1.7x,51662,6359,58021,0.8904,0.1096,0.1231,2.272,1.654,CALL,0.6604,,6
2026-06-24,US.QCOM,CALL,60.66,CALL 占比 75%; CALL 较基线 2.2x; 总量较基线 2.2x,102833,34236,137069,0.7502,0.2498,0.3329,2.171,2.215,CALL,0.7491,,6
2026-06-24,US.IBIT,PUT,56.66,PUT 占比 80%; PUT 较基线 2.0x; 总量较基线 1.5x,132094,543268,675362,0.1956,0.8044,4.1127,1.967,1.458,PUT,0.5878,,6
2026-06-24,US.VST,PUT,56.16,"PUT 占比 71%; PUT 较基线 1.4x; 总量较基线 0.4x; 方向反转 CALL->PUT, 占比提升 46%",6197,15297,21494,0.2883,0.7117,2.4685,1.421,0.41,CALL,0.2497,13.86,6
2026-06-24,US.OPEN,CALL,54.14,CALL 占比 93%; CALL 较基线 1.2x; 总量较基线 1.2x,92943,6784,99727,0.932,0.068,0.073,1.245,1.15,CALL,0.8468,,6
2026-06-24,US.UPST,CALL,53.44,CALL 占比 88%; CALL 较基线 1.4x; 总量较基线 1.2x,17752,2493,20245,0.8769,0.1231,0.1404,1.414,1.177,CALL,0.721,,6
2026-06-24,US.CRM,CALL,53.08,"CALL 占比 80%; CALL 较基线 0.9x; 总量较基线 0.4x; 方向反转 PUT->CALL, 占比提升 37%",32740,8193,40933,0.7998,0.2002,0.2502,0.931,0.437,PUT,0.4324,11.02,6
2026-06-24,US.TMF,CALL,52.77,CALL 占比 76%; CALL 较基线 1.6x; 总量较基线 1.6x,13755,4247,18002,0.7641,0.2359,0.3088,1.606,1.56,CALL,0.7228,,6
2026-06-24,US.RBRK,CALL,52.64,CALL 占比 89%; CALL 较基线 1.3x; 总量较基线 1.1x,4168,537,4705,0.8859,0.1141,0.1288,1.328,1.096,CALL,0.7286,,6
2026-06-24,US.FIG,CALL,51.93,CALL 占比 80%; 暂无历史基线,15928,4024,19952,0.7983,0.2017,0.2526,,,,,,0
2026-06-24,US.DDOG,PUT,51.41,"PUT 占比 61%; PUT 较基线 1.7x; 总量较基线 0.8x; 方向反转 CALL->PUT, 占比提升 29%",4116,6425,10541,0.3905,0.6095,1.561,1.669,0.845,CALL,0.3227,8.6,6
2026-06-24,US.DUOL,CALL,51.12,CALL 占比 79%; CALL 较基线 1.5x; 总量较基线 1.3x,5458,1465,6923,0.7884,0.2116,0.2684,1.504,1.259,CALL,0.6677,,6
2026-06-24,US.BMNR,CALL,49.12,CALL 占比 69%; CALL 较基线 1.5x; 总量较基线 1.6x,110046,48781,158827,0.6929,0.3071,0.4433,1.482,1.591,CALL,0.7299,,6
2026-06-24,US.FCX,CALL,48.41,CALL 占比 78%; CALL 较基线 1.3x; 总量较基线 1.2x,42513,12012,54525,0.7797,0.2203,0.2825,1.277,1.167,CALL,0.6762,,6
2026-06-24,US.MDB,PUT,46.32,PUT 占比 71%; PUT 较基线 1.4x; 总量较基线 1.1x,2649,6560,9209,0.2877,0.7123,2.4764,1.437,1.056,PUT,0.5049,,6
2026-06-24,US.RXRX,CALL,45.46,CALL 占比 96%; CALL 较基线 0.5x; 总量较基线 0.5x,10120,434,10554,0.9589,0.0411,0.0429,0.521,0.488,CALL,0.8862,,6
2026-06-24,US.ORCL,PUT,45.23,"PUT 占比 61%; PUT 较基线 1.2x; 总量较基线 0.8x; 方向反转 CALL->PUT, 占比提升 23%",75563,116917,192480,0.3926,0.6074,1.5473,1.19,0.778,CALL,0.3824,6.75,6
2026-06-24,US.COIN,PUT,45.13,PUT 占比 56%; PUT 较基线 1.9x; 总量较基线 1.2x,57385,74109,131494,0.4364,0.5636,1.2914,1.891,1.242,CALL,0.3606,,6
2026-06-24,US.SOFI,CALL,44.82,CALL 占比 72%; CALL 较基线 1.1x; 总量较基线 1.2x,244387,96899,341286,0.7161,0.2839,0.3965,1.12,1.202,CALL,0.7676,,6
2026-06-24,US.BBAI,CALL,44.17,CALL 占比 78%; CALL 较基线 0.9x; 总量较基线 0.9x,30308,8505,38813,0.7809,0.2191,0.2806,0.909,0.943,CALL,0.8084,,6
2026-06-24,US.AMZN,CALL,44.11,CALL 占比 75%; CALL 较基线 1.0x; 总量较基线 0.9x,330766,107818,438584,0.7542,0.2458,0.326,1.049,0.925,CALL,0.6856,,6
2026-06-24,US.AMKR,CALL,44.07,CALL 占比 60%; 暂无历史基线,4630,3063,7693,0.6018,0.3982,0.6616,,,,,,2
2026-06-24,US.SOXS,CALL,43.95,CALL 占比 76%; CALL 较基线 0.9x; 总量较基线 1.0x,232016,74148,306164,0.7578,0.2422,0.3196,0.944,1.015,CALL,0.8169,,6
2026-06-24,US.IREN,PUT,43.87,PUT 占比 60%; PUT 较基线 1.5x; 总量较基线 1.3x,106392,160968,267360,0.3979,0.6021,1.513,1.505,1.292,PUT,0.5143,,6
2026-06-24,US.SCO,CALL,43.64,CALL 占比 75%; CALL 较基线 1.0x; 总量较基线 1.0x,5860,1914,7774,0.7538,0.2462,0.3266,0.965,0.962,CALL,0.7514,,6
2026-06-24,US.TEAM,CALL,43.59,CALL 占比 64%; CALL 较基线 1.2x; 总量较基线 1.3x,5121,2858,7979,0.6418,0.3582,0.5581,1.243,1.328,CALL,0.6692,,6
2026-06-24,US.FOTO,PUT,42.97,PUT 占比 53%; PUT 较基线 1.9x; 总量较基线 1.0x,127,143,270,0.4704,0.5296,1.126,1.941,1.042,CALL,0.2865,,3
2026-06-24,US.WDAY,CALL,42.65,CALL 占比 63%; CALL 较基线 1.5x; 总量较基线 0.9x,5548,3268,8816,0.6293,0.3707,0.589,1.474,0.948,PUT,0.4244,,6
2026-06-24,US.GDS,CALL,42.3,CALL 占比 86%; CALL 较基线 0.8x; 总量较基线 0.3x,523,85,608,0.8602,0.1398,0.1625,0.756,0.307,CALL,0.6731,,6
2026-06-24,US.INTC,CALL,42.05,CALL 占比 79%; CALL 较基线 0.8x; 总量较基线 0.7x,248822,66074,314896,0.7902,0.2098,0.2655,0.773,0.71,CALL,0.718,,6
2026-06-24,US.ADSK,CALL,41.96,CALL 占比 77%; CALL 较基线 1.1x; 总量较基线 0.4x,2055,599,2654,0.7743,0.2257,0.2915,1.1,0.364,PUT,0.2909,,6
2026-06-24,US.EUV,CALL,41.83,CALL 占比 86%; CALL 较基线 0.5x; 总量较基线 0.5x,459,72,531,0.8644,0.1356,0.1569,0.525,0.508,CALL,0.8434,,3
2026-06-24,US.CVX,CALL,41.5,CALL 占比 71%; CALL 较基线 1.0x; 总量较基线 0.9x,25429,10374,35803,0.7102,0.2898,0.408,0.963,0.898,CALL,0.6624,,6
2026-06-24,US.SQQQ,CALL,41.28,CALL 占比 76%; CALL 较基线 0.8x; 总量较基线 0.8x,50259,16249,66508,0.7557,0.2443,0.3233,0.78,0.802,CALL,0.7675,,6
2026-06-24,US.SBET,CALL,41.09,CALL 占比 60%; CALL 较基线 1.1x; 总量较基线 1.3x,15579,10555,26134,0.5961,0.4039,0.6775,1.148,1.344,CALL,0.7317,,6
2026-06-24,US.NOW,CALL,41.02,CALL 占比 81%; CALL 较基线 0.7x; 总量较基线 0.5x,51989,11840,63829,0.8145,0.1855,0.2277,0.657,0.53,CALL,0.6579,,6
2026-06-24,US.NOK,CALL,40.65,CALL 占比 78%; CALL 较基线 0.7x; 总量较基线 0.7x,145185,41433,186618,0.778,0.222,0.2854,0.682,0.679,CALL,0.7803,,6
2026-06-24,US.AEHR,CALL,40.4,CALL 占比 62%; CALL 较基线 1.1x; 总量较基线 1.2x,3334,2076,5410,0.6163,0.3837,0.6227,1.064,1.207,CALL,0.6994,,6
2026-06-24,US.ASX,CALL,40.29,CALL 占比 78%; CALL 较基线 0.6x; 总量较基线 0.7x,3755,1052,4807,0.7812,0.2188,0.2802,0.605,0.7,CALL,0.8032,,6
2026-06-24,US.FUTU,PUT,39.87,PUT 占比 72%; PUT 较基线 0.9x; 总量较基线 0.7x,1763,4482,6245,0.2823,0.7177,2.5423,0.87,0.701,PUT,0.5156,,6
2026-06-24,US.MP,CALL,39.51,CALL 占比 66%; CALL 较基线 1.0x; 总量较基线 0.9x,10185,5252,15437,0.6598,0.3402,0.5157,0.999,0.855,CALL,0.5502,,6
2026-06-24,US.NBIS,PUT,39.33,PUT 占比 55%; PUT 较基线 1.4x; 总量较基线 1.1x,51072,62909,113981,0.4481,0.5519,1.2318,1.363,1.057,CALL,0.4342,,6
2026-06-24,US.SOXL,PUT,39.11,PUT 占比 55%; PUT 较基线 1.3x; 总量较基线 1.1x,35759,43024,78783,0.4539,0.5461,1.2032,1.323,1.114,CALL,0.4571,,6
2026-06-24,US.UVXY,CALL,39.01,CALL 占比 80%; CALL 较基线 0.5x; 总量较基线 0.5x,14634,3627,18261,0.8014,0.1986,0.2478,0.507,0.484,CALL,0.7626,,6
2026-06-24,US.SOUN,CALL,38.83,CALL 占比 75%; CALL 较基线 0.6x; 总量较基线 0.6x,34279,11325,45604,0.7517,0.2483,0.3304,0.648,0.596,CALL,0.7249,,6
2026-06-24,US.MRNA,CALL,37.88,CALL 占比 68%; CALL 较基线 0.8x; 总量较基线 0.8x,23590,11355,34945,0.6751,0.3249,0.4813,0.751,0.811,CALL,0.7167,,6
2026-06-24,US.JD,CALL,37.77,CALL 占比 66%; CALL 较基线 0.8x; 总量较基线 0.8x,16320,8284,24604,0.6633,0.3367,0.5076,0.794,0.814,CALL,0.7203,,6
2026-06-24,US.DELL,CALL,37.74,CALL 占比 68%; CALL 较基线 0.8x; 总量较基线 0.7x,15489,7282,22771,0.6802,0.3198,0.4701,0.767,0.732,CALL,0.6466,,6
2026-06-24,US.OKLO,CALL,37.74,CALL 占比 62%; CALL 较基线 0.9x; 总量较基线 0.9x,21849,13378,35227,0.6202,0.3798,0.6123,0.921,0.928,CALL,0.6208,,6
2026-06-24,US.RDDT,CALL,37.42,CALL 占比 67%; CALL 较基线 0.7x; 总量较基线 0.8x,18578,9148,27726,0.6701,0.3299,0.4924,0.726,0.801,CALL,0.7392,,6
2026-06-24,US.DRAM,CALL,37.41,CALL 占比 53%; CALL 较基线 1.0x; 总量较基线 1.3x,124437,110728,235165,0.5291,0.4709,0.8898,1.044,1.316,CALL,0.6682,,4
2026-06-24,US.TWLO,CALL,37.38,CALL 占比 70%; CALL 较基线 0.7x; 总量较基线 0.6x,1609,674,2283,0.7048,0.2952,0.4189,0.663,0.648,CALL,0.6774,,6
2026-06-24,US.XOM,CALL,37.2,CALL 占比 66%; CALL 较基线 0.8x; 总量较基线 0.7x,23112,11745,34857,0.6631,0.3369,0.5082,0.813,0.695,CALL,0.5643,,6
2026-06-24,US.YINN,CALL,37.12,CALL 占比 63%; CALL 较基线 0.9x; 总量较基线 0.8x,3305,1961,5266,0.6276,0.3724,0.5933,0.896,0.808,CALL,0.5725,,6
2026-06-24,US.APLD,CALL,36.69,CALL 占比 72%; CALL 较基线 0.5x; 总量较基线 0.6x,34054,13381,47435,0.7179,0.2821,0.3929,0.543,0.605,CALL,0.7873,,6
2026-06-24,US.IWM,PUT,36.48,PUT 占比 74%; PUT 较基线 0.5x; 总量较基线 0.4x,183956,519409,703365,0.2615,0.7385,2.8236,0.532,0.447,PUT,0.6303,,6
2026-06-24,US.TNA,PUT,36.07,PUT 占比 61%; PUT 较基线 0.9x; 总量较基线 0.8x,5251,8148,13399,0.3919,0.6081,1.5517,0.867,0.801,PUT,0.5571,,6
2026-06-24,US.PLTR,CALL,35.92,CALL 占比 51%; CALL 较基线 1.0x; 总量较基线 1.3x,180929,171333,352262,0.5136,0.4864,0.947,0.964,1.278,CALL,0.678,,6
2026-06-24,US.GOOGL,CALL,35.89,CALL 占比 69%; CALL 较基线 0.6x; 总量较基线 0.6x,101356,46435,147791,0.6858,0.3142,0.4581,0.603,0.606,CALL,0.7076,,6
2026-06-24,US.CRCL,PUT,35.87,PUT 占比 57%; PUT 较基线 1.1x; 总量较基线 0.7x,17352,22927,40279,0.4308,0.5692,1.3213,1.109,0.705,CALL,0.3762,,6
2026-06-24,US.MRVL,CALL,35.77,CALL 占比 72%; CALL 较基线 0.5x; 总量较基线 0.5x,73630,28771,102401,0.719,0.281,0.3908,0.505,0.494,CALL,0.6988,,6
2026-06-24,US.DJT,CALL,35.6,CALL 占比 65%; CALL 较基线 0.7x; 总量较基线 0.7x,7353,3894,11247,0.6538,0.3462,0.5296,0.652,0.706,CALL,0.7163,,6
2026-06-24,US.VEEV,CALL,35.52,CALL 占比 65%; CALL 较基线 0.7x; 总量较基线 0.7x,1154,609,1763,0.6546,0.3454,0.5277,0.669,0.664,CALL,0.6263,,6
2026-06-24,US.TIGR,PUT,35.38,PUT 占比 58%; PUT 较基线 1.1x; 总量较基线 0.6x,1178,1617,2795,0.4215,0.5785,1.3727,1.074,0.607,CALL,0.3125,,6
2026-06-24,US.MARA,CALL,34.74,CALL 占比 61%; CALL 较基线 0.7x; 总量较基线 0.8x,81267,51896,133163,0.6103,0.3897,0.6386,0.663,0.836,CALL,0.7476,,6
2026-06-24,US.SMCI,CALL,34.65,CALL 占比 63%; CALL 较基线 0.6x; 总量较基线 0.7x,129885,76623,206508,0.629,0.371,0.5899,0.636,0.733,CALL,0.7526,,6
2026-06-24,US.BABA,CALL,34.09,CALL 占比 55%; CALL 较基线 1.0x; 总量较基线 0.7x,63444,52427,115871,0.5475,0.4525,0.8264,0.969,0.739,PUT,0.4889,,6
2026-06-24,US.LI,CALL,33.92,CALL 占比 62%; CALL 较基线 0.8x; 总量较基线 0.5x,3005,1813,4818,0.6237,0.3763,0.6033,0.757,0.485,CALL,0.5208,,6
2026-06-24,US.PANW,PUT,33.53,PUT 占比 56%; PUT 较基线 0.9x; 总量较基线 0.6x,5840,7461,13301,0.4391,0.5609,1.2776,0.903,0.645,CALL,0.3839,,6
2026-06-24,US.CRWD,PUT,33.53,PUT 占比 57%; PUT 较基线 0.9x; 总量较基线 0.6x,3483,4553,8036,0.4334,0.5666,1.3072,0.898,0.614,CALL,0.4154,,6
2026-06-24,US.SNOW,CALL,33.44,CALL 占比 61%; CALL 较基线 0.6x; 总量较基线 0.7x,12161,7645,19806,0.614,0.386,0.6286,0.599,0.682,CALL,0.6985,,6
2026-06-24,US.NVDA,CALL,32.47,CALL 占比 55%; CALL 较基线 0.7x; 总量较基线 0.8x,704164,586436,1290600,0.5456,0.4544,0.8328,0.705,0.834,CALL,0.673,,6
2026-06-24,US.SVIX,CALL,32.27,CALL 占比 68%; CALL 较基线 0.4x; 总量较基线 0.3x,1500,714,2214,0.6775,0.3225,0.476,0.439,0.276,PUT,0.4584,,6
2026-06-24,US.AMD,CALL,31.98,CALL 占比 56%; CALL 较基线 0.6x; 总量较基线 0.7x,74762,57599,132361,0.5648,0.4352,0.7704,0.623,0.735,CALL,0.6691,,6
2026-06-24,US.COHR,CALL,31.9,CALL 占比 56%; CALL 较基线 0.7x; 总量较基线 0.7x,5143,4089,9232,0.5571,0.4429,0.7951,0.709,0.657,CALL,0.5225,,6
2026-06-24,US.SAP,CALL,31.63,CALL 占比 71%; CALL 较基线 0.2x; 总量较基线 0.2x,944,384,1328,0.7108,0.2892,0.4068,0.237,0.217,CALL,0.6408,,6
2026-06-24,US.GEV,CALL,31.59,CALL 占比 62%; CALL 较基线 0.5x; 总量较基线 0.5x,3572,2145,5717,0.6248,0.3752,0.6005,0.481,0.458,CALL,0.6084,,6
2026-06-24,US.CRWV,CALL,31.47,CALL 占比 60%; CALL 较基线 0.5x; 总量较基线 0.6x,49856,33820,83676,0.5958,0.4042,0.6784,0.501,0.604,CALL,0.7088,,6
2026-06-24,US.GEMI,CALL,30.94,CALL 占比 55%; CALL 较基线 0.6x; 总量较基线 0.8x,1194,992,2186,0.5462,0.4538,0.8308,0.572,0.753,CALL,0.631,,6
2026-06-24,US.LITE,CALL,30.55,CALL 占比 56%; CALL 较基线 0.6x; 总量较基线 0.6x,5276,4212,9488,0.5561,0.4439,0.7983,0.578,0.613,CALL,0.5832,,6
2026-06-24,US.MSFT,CALL,30.33,CALL 占比 63%; CALL 较基线 0.4x; 总量较基线 0.4x,96329,56878,153207,0.6288,0.3712,0.5905,0.371,0.367,CALL,0.6627,,6
2026-06-24,US.META,CALL,30.14,CALL 占比 64%; CALL 较基线 0.3x; 总量较基线 0.3x,55550,30973,86523,0.642,0.358,0.5576,0.327,0.308,CALL,0.6534,,6
2026-06-24,US.AVGO,CALL,29.72,CALL 占比 57%; CALL 较基线 0.4x; 总量较基线 0.5x,48710,36286,84996,0.5731,0.4269,0.7449,0.446,0.537,CALL,0.6782,,6
2026-06-24,US.HOOD,CALL,29.69,CALL 占比 61%; CALL 较基线 0.3x; 总量较基线 0.4x,110392,70982,181374,0.6086,0.3914,0.643,0.333,0.447,CALL,0.837,,6
2026-06-24,US.GFS,CALL,29.59,CALL 占比 56%; CALL 较基线 0.5x; 总量较基线 0.5x,1981,1547,3528,0.5615,0.4385,0.7809,0.483,0.545,CALL,0.6082,,6
2026-06-24,US.ASML,CALL,29.48,CALL 占比 56%; CALL 较基线 0.4x; 总量较基线 0.6x,5536,4423,9959,0.5559,0.4441,0.799,0.441,0.619,CALL,0.7313,,6
2026-06-24,US.TSM,PUT,29.4,PUT 占比 50%; PUT 较基线 0.7x; 总量较基线 0.6x,27294,27728,55022,0.4961,0.5039,1.0159,0.682,0.631,CALL,0.4638,,6
2026-06-24,US.INTU,CALL,29.17,CALL 占比 54%; CALL 较基线 0.6x; 总量较基线 0.4x,4262,3671,7933,0.5372,0.4628,0.8613,0.639,0.429,PUT,0.4039,,6
2026-06-24,US.AAPL,PUT,28.89,PUT 占比 54%; PUT 较基线 0.6x; 总量较基线 0.4x,136049,159865,295914,0.4598,0.5402,1.1751,0.603,0.41,CALL,0.3373,,6
2026-06-24,US.HPE,CALL,28.85,CALL 占比 62%; CALL 较基线 0.2x; 总量较基线 0.3x,17131,10481,27612,0.6204,0.3796,0.6118,0.242,0.35,CALL,0.8159,,6
2026-06-24,US.QQQ,PUT,28.79,PUT 占比 60%; PUT 较基线 0.4x; 总量较基线 0.3x,462423,703355,1165778,0.3967,0.6033,1.521,0.357,0.302,PUT,0.5027,,6
2026-06-24,US.IGV,CALL,28.6,CALL 占比 54%; CALL 较基线 0.5x; 总量较基线 0.5x,25878,21815,47693,0.5426,0.4574,0.843,0.518,0.459,PUT,0.4872,,6
2026-06-24,US.NET,CALL,28.14,CALL 占比 54%; CALL 较基线 0.5x; 总量较基线 0.5x,3214,2767,5981,0.5374,0.4626,0.8609,0.458,0.496,CALL,0.5907,,6
2026-06-24,US.SPY,PUT,28.12,PUT 占比 58%; PUT 较基线 0.4x; 总量较基线 0.3x,1021397,1399774,2421171,0.4219,0.5781,1.3705,0.365,0.347,PUT,0.5593,,6
2026-06-24,US.PDD,PUT,27.3,PUT 占比 51%; PUT 较基线 0.4x; 总量较基线 0.6x,19482,20535,40017,0.4868,0.5132,1.054,0.426,0.561,PUT,0.5956,,6
2026-06-24,US.TSLA,CALL,27.06,CALL 占比 52%; CALL 较基线 0.4x; 总量较基线 0.5x,346424,322595,669019,0.5178,0.4822,0.9312,0.447,0.461,CALL,0.5845,,6
2026-06-18,US.ASX,CALL,108.73,CALL 占比 97%; CALL 较基线 9.6x; 总量较基线 7.6x,24477,802,25279,0.9683,0.0317,0.0328,9.582,7.594,CALL,0.7487,,6
2026-06-18,US.TIGR,PUT,67.19,PUT 占比 51%; PUT 较基线 4.2x; 总量较基线 2.2x,4020,4215,8235,0.4882,0.5118,1.0485,4.224,2.154,CALL,0.2822,,6
2026-06-18,US.VST,CALL,67.17,CALL 占比 91%; CALL 较基线 2.4x; 总量较基线 2.0x,78756,7486,86242,0.9132,0.0868,0.0951,2.358,1.963,CALL,0.7363,,6
2026-06-18,US.QCOM,CALL,56.45,CALL 占比 87%; CALL 较基线 1.7x; 总量较基线 1.3x,74177,11039,85216,0.8705,0.1295,0.1488,1.698,1.341,CALL,0.6951,,6
2026-06-18,US.MARA,CALL,55.64,CALL 占比 89%; CALL 较基线 1.6x; 总量较基线 1.3x,169374,21201,190575,0.8888,0.1112,0.1252,1.562,1.266,CALL,0.7016,,6
2026-06-18,US.INTU,CALL,55.6,"CALL 占比 65%; CALL 较基线 2.0x; 总量较基线 1.0x; 方向反转 PUT->CALL, 占比提升 26%",11684,6393,18077,0.6463,0.3537,0.5472,1.976,1.023,PUT,0.3861,7.81,6
2026-06-18,US.IBM,CALL,54.37,CALL 占比 73%; CALL 较基线 1.9x; 总量较基线 1.6x,37648,13947,51595,0.7297,0.2703,0.3705,1.942,1.609,CALL,0.6262,,6
2026-06-18,US.TMF,CALL,53.32,CALL 占比 78%; CALL 较基线 1.6x; 总量较基线 1.5x,11495,3195,14690,0.7825,0.2175,0.2779,1.628,1.499,CALL,0.6889,,6
2026-06-18,US.EUV,CALL,52.98,CALL 占比 82%; 暂无历史基线,634,135,769,0.8244,0.1756,0.2129,,,,,,2
2026-06-18,US.AMKR,CALL,49.98,CALL 占比 75%; 暂无历史基线,6026,2014,8040,0.7495,0.2505,0.3342,,,,,,1
2026-06-18,US.DRAM,CALL,47.56,CALL 占比 64%; CALL 较基线 1.5x; 总量较基线 1.6x,160862,91228,252090,0.6381,0.3619,0.5671,1.529,1.634,CALL,0.6782,,3
2026-06-18,US.IBIT,PUT,46.63,PUT 占比 71%; PUT 较基线 1.4x; 总量较基线 1.2x,155108,374876,529984,0.2927,0.7073,2.4169,1.411,1.175,PUT,0.584,,6
2026-06-18,US.AVGO,CALL,46.42,CALL 占比 83%; CALL 较基线 1.1x; 总量较基线 0.8x,111054,22660,133714,0.8305,0.1695,0.204,1.05,0.8,CALL,0.6203,,6
2026-06-18,US.FOTO,CALL,46.01,CALL 占比 65%; 暂无历史基线,158,85,243,0.6502,0.3498,0.538,,,,,,2
2026-06-18,US.TNA,PUT,45.91,PUT 占比 67%; PUT 较基线 1.5x; 总量较基线 1.2x,6372,13071,19443,0.3277,0.6723,2.0513,1.511,1.155,PUT,0.5162,,6
2026-06-18,US.TWLO,CALL,45.72,CALL 占比 68%; CALL 较基线 1.3x; 总量较基线 1.3x,3060,1414,4474,0.684,0.316,0.4621,1.317,1.304,CALL,0.6673,,6
2026-06-18,US.XOM,CALL,45.54,CALL 占比 63%; CALL 较基线 1.5x; 总量较基线 1.4x,42340,25093,67433,0.6279,0.3721,0.5927,1.511,1.391,CALL,0.5751,,6
2026-06-18,US.AMZN,CALL,45.17,CALL 占比 81%; CALL 较基线 1.0x; 总量较基线 0.8x,319572,76611,396183,0.8066,0.1934,0.2397,1.013,0.8,CALL,0.6532,,6
2026-06-18,US.BMNR,CALL,44.93,CALL 占比 80%; CALL 较基线 1.0x; 总量较基线 0.9x,69351,17087,86438,0.8023,0.1977,0.2464,0.954,0.868,CALL,0.713,,6
2026-06-18,US.RBRK,CALL,44.93,CALL 占比 74%; CALL 较基线 1.1x; 总量较基线 1.1x,3730,1335,5065,0.7364,0.2636,0.3579,1.103,1.109,CALL,0.7348,,6
2026-06-18,US.SNOW,CALL,44.39,CALL 占比 71%; CALL 较基线 1.2x; 总量较基线 1.1x,22039,9144,31183,0.7068,0.2932,0.4149,1.165,1.133,CALL,0.6846,,6
2026-06-18,US.SOXS,CALL,43.81,CALL 占比 84%; CALL 较基线 0.7x; 总量较基线 0.7x,208643,40376,249019,0.8379,0.1621,0.1935,0.743,0.726,CALL,0.818,,6
2026-06-18,US.PLTR,CALL,43.79,CALL 占比 72%; CALL 较基线 1.1x; 总量较基线 1.0x,204621,78523,283144,0.7227,0.2773,0.3837,1.108,1.004,CALL,0.6545,,6
2026-06-18,US.NOK,CALL,43.7,CALL 占比 79%; CALL 较基线 0.9x; 总量较基线 0.9x,207537,55820,263357,0.788,0.212,0.269,0.872,0.867,CALL,0.7857,,6
2026-06-18,US.INTC,CALL,43.38,CALL 占比 75%; CALL 较基线 1.0x; 总量较基线 0.9x,305393,99844,405237,0.7536,0.2464,0.3269,0.982,0.895,CALL,0.6793,,6
2026-06-18,US.GEV,CALL,43.11,CALL 占比 73%; CALL 较基线 1.1x; 总量较基线 0.8x,7891,2931,10822,0.7292,0.2708,0.3714,1.123,0.825,CALL,0.5498,,6
2026-06-18,US.MSFT,CALL,42.98,CALL 占比 77%; CALL 较基线 0.9x; 总量较基线 0.8x,253691,74637,328328,0.7727,0.2273,0.2942,0.945,0.752,CALL,0.649,,6
2026-06-18,US.CVX,CALL,42.82,CALL 占比 70%; CALL 较基线 1.1x; 总量较基线 1.0x,27250,11954,39204,0.6951,0.3049,0.4387,1.104,1.032,CALL,0.6475,,6
2026-06-18,US.SAP,PUT,42.78,PUT 占比 54%; PUT 较基线 1.8x; 总量较基线 1.1x,2933,3483,6416,0.4571,0.5429,1.1875,1.842,1.054,CALL,0.3227,,6
2026-06-18,US.SOFI,CALL,42.64,CALL 占比 81%; CALL 较基线 0.8x; 总量较基线 0.7x,171124,40865,211989,0.8072,0.1928,0.2388,0.757,0.717,CALL,0.7617,,6
2026-06-18,US.RDDT,CALL,42.54,CALL 占比 71%; CALL 较基线 1.0x; 总量较基线 1.1x,25835,10781,36616,0.7056,0.2944,0.4173,0.995,1.059,CALL,0.7505,,6
2026-06-18,US.BBAI,CALL,42.53,CALL 占比 75%; CALL 较基线 0.9x; 总量较基线 0.9x,32131,10763,42894,0.7491,0.2509,0.335,0.868,0.938,CALL,0.8117,,6
2026-06-18,US.PANW,CALL,41.95,CALL 占比 72%; CALL 较基线 1.1x; 总量较基线 0.8x,12896,5139,18035,0.7151,0.2849,0.3985,1.076,0.79,CALL,0.5533,,6
2026-06-18,US.SCO,CALL,41.9,CALL 占比 75%; CALL 较基线 0.9x; 总量较基线 0.8x,5459,1848,7307,0.7471,0.2529,0.3385,0.877,0.833,CALL,0.7193,,6
2026-06-18,US.MRVL,CALL,41.68,CALL 占比 76%; CALL 较基线 0.8x; 总量较基线 0.8x,135290,42932,178222,0.7591,0.2409,0.3173,0.84,0.766,CALL,0.6871,,6
2026-06-18,US.NOW,CALL,41.64,CALL 占比 72%; CALL 较基线 1.0x; 总量较基线 0.9x,77552,30853,108405,0.7154,0.2846,0.3978,0.978,0.868,CALL,0.6351,,6
2026-06-18,US.UVXY,CALL,41.55,CALL 占比 81%; CALL 较基线 0.7x; 总量较基线 0.6x,22222,5077,27299,0.814,0.186,0.2285,0.651,0.63,CALL,0.7747,,6
2026-06-18,US.SMCI,CALL,41.15,CALL 占比 80%; CALL 较基线 0.7x; 总量较基线 0.6x,140224,35589,175813,0.7976,0.2024,0.2538,0.687,0.625,CALL,0.7551,,6
2026-06-18,US.GDS,CALL,40.99,CALL 占比 80%; CALL 较基线 0.8x; 总量较基线 0.5x,1025,254,1279,0.8014,0.1986,0.2478,0.753,0.484,CALL,0.6997,,6
2026-06-18,US.HOOD,CALL,40.95,CALL 占比 86%; CALL 较基线 0.5x; 总量较基线 0.5x,167099,28255,195354,0.8554,0.1446,0.1691,0.49,0.468,CALL,0.8347,,6
2026-06-18,US.APLD,CALL,40.82,CALL 占比 80%; CALL 较基线 0.6x; 总量较基线 0.6x,44016,11312,55328,0.7955,0.2045,0.257,0.64,0.646,CALL,0.7915,,6
2026-06-18,US.OKLO,CALL,40.15,CALL 占比 68%; CALL 较基线 1.0x; 总量较基线 0.9x,24075,11336,35411,0.6799,0.3201,0.4709,0.956,0.884,CALL,0.6216,,6
2026-06-18,US.CRCL,CALL,40.07,CALL 占比 66%; CALL 较基线 1.0x; 总量较基线 1.0x,37568,19610,57178,0.657,0.343,0.522,0.992,0.976,CALL,0.6304,,6
2026-06-18,US.IGV,PUT,39.98,PUT 占比 53%; PUT 较基线 1.3x; 总量较基线 1.3x,70833,80386,151219,0.4684,0.5316,1.1349,1.335,1.339,PUT,0.5198,,6
2026-06-18,US.SBET,CALL,39.86,CALL 占比 76%; CALL 较基线 0.7x; 总量较基线 0.6x,9016,2781,11797,0.7643,0.2357,0.3085,0.689,0.63,CALL,0.7386,,6
2026-06-18,US.MRNA,CALL,39.76,CALL 占比 57%; CALL 较基线 1.0x; 总量较基线 1.4x,31509,23492,55001,0.5729,0.4271,0.7456,1.041,1.419,CALL,0.7637,,6
2026-06-18,US.EWT,CALL,39.66,CALL 占比 82%; CALL 较基线 0.5x; 总量较基线 0.5x,1400,313,1713,0.8173,0.1827,0.2236,0.512,0.478,CALL,0.6945,,6
2026-06-18,US.NVDA,CALL,39.4,CALL 占比 75%; CALL 较基线 0.7x; 总量较基线 0.6x,791310,257121,1048431,0.7548,0.2452,0.3249,0.711,0.586,CALL,0.6456,,6
2026-06-18,US.MSTR,CALL,39.15,CALL 占比 53%; CALL 较基线 1.2x; 总量较基线 1.3x,179270,159849,339119,0.5286,0.4714,0.8917,1.25,1.335,CALL,0.5473,,6
2026-06-18,US.DDOG,CALL,39.05,CALL 占比 65%; CALL 较基线 0.9x; 总量较基线 1.0x,8689,4721,13410,0.6479,0.3521,0.5433,0.893,0.998,CALL,0.702,,6
2026-06-18,US.DELL,CALL,38.78,CALL 占比 69%; CALL 较基线 0.8x; 总量较基线 0.8x,17613,8066,25679,0.6859,0.3141,0.458,0.842,0.767,CALL,0.6238,,6
2026-06-18,US.WDAY,PUT,38.6,PUT 占比 60%; PUT 较基线 1.1x; 总量较基线 1.0x,3632,5497,9129,0.3979,0.6021,1.5135,1.074,0.988,PUT,0.532,,6
2026-06-18,US.UPST,CALL,38.54,CALL 占比 73%; CALL 较基线 0.7x; 总量较基线 0.7x,8595,3223,11818,0.7273,0.2727,0.375,0.678,0.671,CALL,0.7094,,6
2026-06-18,US.GFS,CALL,38.19,CALL 占比 68%; CALL 较基线 0.8x; 总量较基线 0.8x,4426,2110,6536,0.6772,0.3228,0.4767,0.776,0.815,CALL,0.643,,6
2026-06-18,US.OPEN,CALL,38.11,CALL 占比 76%; CALL 较基线 0.5x; 总量较基线 0.6x,42568,13509,56077,0.7591,0.2409,0.3174,0.52,0.599,CALL,0.8676,,6
2026-06-18,US.AEHR,CALL,37.55,CALL 占比 62%; CALL 较基线 0.9x; 总量较基线 1.0x,2742,1716,4458,0.6151,0.3849,0.6258,0.888,0.972,CALL,0.6778,,6
2026-06-18,US.BABA,CALL,37.26,CALL 占比 64%; CALL 较基线 1.0x; 总量较基线 0.6x,62545,35801,98346,0.636,0.364,0.5724,0.994,0.646,PUT,0.4919,,6
2026-06-18,US.JD,CALL,37.14,CALL 占比 75%; CALL 较基线 0.5x; 总量较基线 0.5x,11409,3814,15223,0.7495,0.2505,0.3343,0.53,0.487,CALL,0.7292,,6
2026-06-18,US.GOOGL,CALL,37.03,CALL 占比 72%; CALL 较基线 0.6x; 总量较基线 0.6x,110144,43043,153187,0.719,0.281,0.3908,0.601,0.577,CALL,0.7056,,6
2026-06-18,US.CBRS,CALL,36.99,CALL 占比 64%; CALL 较基线 0.8x; 总量较基线 0.9x,11090,6190,17280,0.6418,0.3582,0.5582,0.765,0.866,CALL,0.7165,,6
2026-06-18,US.YINN,CALL,36.91,CALL 占比 54%; CALL 较基线 1.0x; 总量较基线 1.1x,3873,3271,7144,0.5421,0.4579,0.8446,1.049,1.139,CALL,0.596,,6
2026-06-18,US.NBIS,PUT,36.85,PUT 占比 56%; PUT 较基线 1.2x; 总量较基线 0.8x,42371,54773,97144,0.4362,0.5638,1.2927,1.157,0.841,CALL,0.4123,,6
2026-06-18,US.GEMI,CALL,36.78,CALL 占比 60%; CALL 较基线 0.9x; 总量较基线 1.0x,1642,1116,2758,0.5954,0.4046,0.6797,0.861,1.012,CALL,0.588,,6
2026-06-18,US.COHR,CALL,36.55,CALL 占比 60%; CALL 较基线 0.9x; 总量较基线 0.8x,8210,5505,13715,0.5986,0.4014,0.6705,0.947,0.839,CALL,0.5244,,6
2026-06-18,US.MDB,CALL,36.5,CALL 占比 54%; CALL 较基线 1.1x; 总量较基线 1.0x,4594,3874,8468,0.5425,0.4575,0.8433,1.126,0.964,PUT,0.4824,,6
2026-06-18,US.CRWV,CALL,36.44,CALL 占比 68%; CALL 较基线 0.7x; 总量较基线 0.7x,67245,31660,98905,0.6799,0.3201,0.4708,0.658,0.664,CALL,0.6812,,6
2026-06-18,US.PDD,CALL,36.36,CALL 占比 58%; CALL 较基线 1.2x; 总量较基线 0.7x,26128,19300,45428,0.5752,0.4248,0.7387,1.176,0.657,PUT,0.4178,,6
2026-06-18,US.DJT,CALL,35.98,CALL 占比 51%; CALL 较基线 0.9x; 总量较基线 1.4x,10246,9742,19988,0.5126,0.4874,0.9508,0.909,1.367,CALL,0.7705,,6
2026-06-18,US.IWM,PUT,35.73,PUT 占比 77%; PUT 较基线 0.4x; 总量较基线 0.3x,134560,456818,591378,0.2275,0.7725,3.3949,0.378,0.301,PUT,0.6056,,6
2026-06-18,US.SOUN,CALL,35.65,CALL 占比 76%; CALL 较基线 0.4x; 总量较基线 0.4x,21567,6782,28349,0.7608,0.2392,0.3145,0.386,0.354,CALL,0.73,,6
2026-06-18,US.TSM,CALL,35.59,CALL 占比 60%; CALL 较基线 0.9x; 总量较基线 0.8x,45935,30668,76603,0.5997,0.4003,0.6676,0.876,0.765,CALL,0.524,,6
2026-06-18,US.FCX,CALL,35.55,CALL 占比 68%; CALL 较基线 0.6x; 总量较基线 0.6x,19499,9385,28884,0.6751,0.3249,0.4813,0.596,0.63,CALL,0.677,,6
2026-06-18,US.RXRX,CALL,35.29,CALL 占比 76%; CALL 较基线 0.3x; 总量较基线 0.4x,6979,2263,9242,0.7551,0.2449,0.3243,0.333,0.403,CALL,0.9169,,6
2026-06-18,US.LITE,CALL,35.15,CALL 占比 55%; CALL 较基线 0.9x; 总量较基线 1.0x,9118,7522,16640,0.548,0.452,0.825,0.914,0.987,CALL,0.587,,6
2026-06-18,US.META,CALL,35.14,CALL 占比 69%; CALL 较基线 0.6x; 总量较基线 0.5x,102462,46411,148873,0.6883,0.3117,0.453,0.575,0.502,CALL,0.6414,,6
2026-06-18,US.COIN,CALL,35.06,CALL 占比 62%; CALL 较基线 0.7x; 总量较基线 0.7x,49122,30533,79655,0.6167,0.3833,0.6216,0.74,0.745,CALL,0.629,,6
2026-06-18,US.AMD,CALL,34.93,CALL 占比 68%; CALL 较基线 0.6x; 总量较基线 0.5x,71490,33072,104562,0.6837,0.3163,0.4626,0.561,0.516,CALL,0.6355,,6
2026-06-18,US.TEAM,CALL,34.8,CALL 占比 54%; CALL 较基线 0.8x; 总量较基线 1.1x,3533,3006,6539,0.5403,0.4597,0.8508,0.823,1.1,CALL,0.7032,,6
2026-06-18,US.ORCL,CALL,34.55,CALL 占比 72%; CALL 较基线 0.5x; 总量较基线 0.4x,73971,29399,103370,0.7156,0.2844,0.3974,0.451,0.387,CALL,0.6213,,6
2026-06-18,US.NET,CALL,33.6,CALL 占比 53%; CALL 较基线 0.9x; 总量较基线 0.9x,6512,5864,12376,0.5262,0.4738,0.9005,0.886,0.909,CALL,0.5681,,6
2026-06-18,US.MP,CALL,33.47,CALL 占比 51%; CALL 较基线 0.9x; 总量较基线 1.0x,9406,9125,18531,0.5076,0.4924,0.9701,0.899,0.995,CALL,0.5491,,6
2026-06-18,US.DUOL,CALL,33.17,CALL 占比 72%; CALL 较基线 0.3x; 总量较基线 0.3x,1542,600,2142,0.7199,0.2801,0.3891,0.321,0.301,CALL,0.6681,,6
2026-06-18,US.SVIX,CALL,32.8,CALL 占比 63%; CALL 较基线 0.7x; 总量较基线 0.4x,2461,1475,3936,0.6253,0.3747,0.5993,0.652,0.43,PUT,0.4256,,6
2026-06-18,US.IREN,PUT,32.59,PUT 占比 53%; PUT 较基线 0.8x; 总量较基线 0.8x,79568,90715,170283,0.4673,0.5327,1.1401,0.832,0.771,CALL,0.4936,,6
2026-06-18,US.SQQQ,CALL,32.41,CALL 占比 66%; CALL 较基线 0.4x; 总量较基线 0.5x,32987,16817,49804,0.6623,0.3377,0.5098,0.384,0.475,CALL,0.8053,,6
2026-06-18,US.TSLA,CALL,32.3,CALL 占比 64%; CALL 较基线 0.5x; 总量较基线 0.4x,465033,266654,731687,0.6356,0.3644,0.5734,0.532,0.438,CALL,0.5645,,6
2026-06-18,US.CRM,CALL,32.09,CALL 占比 55%; CALL 较基线 0.8x; 总量较基线 0.6x,30107,24266,54373,0.5537,0.4463,0.806,0.819,0.565,PUT,0.4365,,6
2026-06-18,US.SOXL,CALL,31.98,CALL 占比 57%; CALL 较基线 0.7x; 总量较基线 0.6x,29593,22455,52048,0.5686,0.4314,0.7588,0.685,0.626,CALL,0.5266,,6
2026-06-18,US.AAPL,CALL,31.96,CALL 占比 66%; CALL 较基线 0.4x; 总量较基线 0.4x,215373,109806,325179,0.6623,0.3377,0.5098,0.403,0.375,CALL,0.6471,,6
2026-06-18,US.VEEV,CALL,31.75,CALL 占比 57%; CALL 较基线 0.6x; 总量较基线 0.7x,1077,814,1891,0.5695,0.4305,0.7558,0.594,0.703,CALL,0.6587,,6
2026-06-18,US.HPE,CALL,31.43,CALL 占比 67%; CALL 较基线 0.3x; 总量较基线 0.4x,22047,11082,33129,0.6655,0.3345,0.5027,0.3,0.402,CALL,0.8225,,6
2026-06-18,US.FUTU,CALL,30.75,CALL 占比 52%; CALL 较基线 0.8x; 总量较基线 0.6x,3143,2943,6086,0.5164,0.4836,0.9364,0.787,0.633,PUT,0.4719,,6
2026-06-18,US.ASML,CALL,28.92,CALL 占比 64%; CALL 较基线 0.2x; 总量较基线 0.3x,3324,1906,5230,0.6356,0.3644,0.5734,0.233,0.273,CALL,0.7239,,6
2026-06-18,US.LI,CALL,27.76,CALL 占比 54%; CALL 较基线 0.5x; 总量较基线 0.4x,2008,1681,3689,0.5443,0.4557,0.8372,0.473,0.367,CALL,0.5696,,6
2026-06-18,US.ADSK,PUT,27.47,PUT 占比 53%; PUT 较基线 0.4x; 总量较基线 0.5x,1901,2123,4024,0.4724,0.5276,1.1168,0.394,0.537,PUT,0.6832,,6
2026-06-18,US.CRWD,CALL,27.41,CALL 占比 50%; CALL 较基线 0.5x; 总量较基线 0.5x,4561,4560,9121,0.5001,0.4999,0.9998,0.514,0.549,CALL,0.5545,,6
2026-06-18,US.SPY,PUT,25.83,PUT 占比 58%; PUT 较基线 0.2x; 总量较基线 0.2x,725285,999451,1724736,0.4205,0.5795,1.378,0.194,0.184,PUT,0.5546,,6
2026-06-18,US.QQQ,PUT,23.8,PUT 占比 54%; PUT 较基线 0.2x; 总量较基线 0.2x,418990,484248,903238,0.4639,0.5361,1.1558,0.171,0.166,PUT,0.505,,6
2026-06-17,US.LI,PUT,115.73,"PUT 占比 91%; PUT 较基线 11.5x; 总量较基线 4.0x; 方向反转 CALL->PUT, 占比提升 58%",2314,23726,26040,0.0889,0.9111,10.2532,11.514,4.047,CALL,0.3285,15.0,6
2026-06-17,US.BABA,PUT,91.21,"PUT 占比 83%; PUT 较基线 4.0x; 总量较基线 2.2x; 方向反转 CALL->PUT, 占比提升 41%",46402,229287,275689,0.1683,0.8317,4.9413,4.038,2.244,CALL,0.4259,12.17,6
2026-06-17,US.PDD,PUT,90.99,PUT 占比 86%; PUT 较基线 4.8x; 总量较基线 3.1x,22086,135138,157224,0.1405,0.8595,6.1187,4.757,3.091,PUT,0.5238,,6
2026-06-17,US.GDS,PUT,90.92,PUT 占比 94%; PUT 较基线 49.3x; 总量较基线 2.2x,449,7024,7473,0.0601,0.9399,15.6437,49.291,2.221,CALL,0.1464,,6
2026-06-17,US.FUTU,PUT,79.93,PUT 占比 82%; PUT 较基线 4.1x; 总量较基线 2.5x,3496,15436,18932,0.1847,0.8153,4.4153,4.058,2.476,CALL,0.4982,,6
2026-06-17,US.INTU,PUT,78.0,PUT 占比 88%; PUT 较基线 3.6x; 总量较基线 2.2x,3651,28037,31688,0.1152,0.8848,7.6793,3.64,2.247,PUT,0.5263,,6
2026-06-17,US.JD,PUT,73.38,PUT 占比 57%; PUT 较基线 4.8x; 总量较基线 2.0x,21673,28983,50656,0.4278,0.5722,1.3373,4.799,2.017,CALL,0.2567,,6
2026-06-17,US.CRM,PUT,72.99,PUT 占比 74%; PUT 较基线 3.5x; 总量较基线 2.5x,49507,138806,188313,0.2629,0.7371,2.8038,3.531,2.543,CALL,0.4954,,6
2026-06-17,US.MRNA,CALL,72.97,CALL 占比 85%; CALL 较基线 3.0x; 总量较基线 2.6x,63369,11517,74886,0.8462,0.1538,0.1817,2.952,2.585,CALL,0.7312,,6
2026-06-17,US.ADSK,PUT,70.55,PUT 占比 85%; PUT 较基线 3.0x; 总量较基线 2.1x,1958,11307,13265,0.1476,0.8524,5.7748,3.004,2.07,PUT,0.5789,,6
2026-06-17,US.AVGO,CALL,67.44,CALL 占比 77%; CALL 较基线 2.9x; 总量较基线 2.2x,244818,75045,319863,0.7654,0.2346,0.3065,2.929,2.232,CALL,0.5984,,6
2026-06-17,US.EWT,CALL,64.29,CALL 占比 94%; CALL 较基线 2.1x; 总量较基线 1.6x,4797,309,5106,0.9395,0.0605,0.0644,2.13,1.612,CALL,0.6599,,6
2026-06-17,US.HOOD,CALL,64.19,CALL 占比 75%; CALL 较基线 2.3x; 总量较基线 2.6x,611848,208316,820164,0.746,0.254,0.3405,2.319,2.634,CALL,0.8447,,6
2026-06-17,US.SOFI,CALL,63.02,CALL 占比 77%; CALL 较基线 2.3x; 总量较基线 2.3x,430261,128494,558755,0.77,0.23,0.2986,2.303,2.3,CALL,0.7678,,6
2026-06-17,US.WDAY,PUT,59.56,PUT 占比 68%; PUT 较基线 2.6x; 总量较基线 1.9x,4687,9871,14558,0.322,0.678,2.106,2.596,1.946,PUT,0.5012,,6
2026-06-17,US.CVX,CALL,59.25,CALL 占比 68%; CALL 较基线 2.3x; 总量较基线 2.2x,46725,22165,68890,0.6783,0.3217,0.4744,2.332,2.244,CALL,0.6593,,6
2026-06-17,US.MSFT,PUT,55.71,PUT 占比 55%; PUT 较基线 2.9x; 总量较基线 1.7x,305195,378968,684163,0.4461,0.5539,1.2417,2.945,1.666,CALL,0.3035,,6
2026-06-17,US.EUV,CALL,55.68,CALL 占比 89%; 暂无历史基线,694,84,778,0.892,0.108,0.121,,,,,,1
2026-06-17,US.APLD,CALL,53.59,CALL 占比 85%; CALL 较基线 1.5x; 总量较基线 1.4x,88288,16073,104361,0.846,0.154,0.1821,1.455,1.351,CALL,0.7724,,6
2026-06-17,US.IBM,PUT,52.74,PUT 占比 55%; PUT 较基线 2.6x; 总量较基线 1.6x,21760,26274,48034,0.453,0.547,1.2074,2.638,1.625,CALL,0.333,,6
2026-06-17,US.IBIT,PUT,52.33,PUT 占比 72%; PUT 较基线 1.9x; 总量较基线 1.4x,167569,429184,596753,0.2808,0.7192,2.5612,1.895,1.399,PUT,0.5359,,6
2026-06-17,US.TMF,CALL,52.25,CALL 占比 79%; CALL 较基线 1.6x; 总量较基线 1.4x,9980,2680,12660,0.7883,0.2117,0.2685,1.56,1.374,CALL,0.6672,,6
2026-06-17,US.GEV,CALL,51.68,CALL 占比 76%; CALL 较基线 1.8x; 总量较基线 1.1x,10474,3242,13716,0.7636,0.2364,0.3095,1.791,1.135,PUT,0.4979,,6
2026-06-17,US.ASX,CALL,51.1,CALL 占比 86%; CALL 较基线 1.3x; 总量较基线 1.1x,2941,497,3438,0.8554,0.1446,0.169,1.267,1.125,CALL,0.7485,,6
2026-06-17,US.META,CALL,50.94,CALL 占比 55%; CALL 较基线 1.9x; 总量较基线 2.2x,313540,256427,569967,0.5501,0.4499,0.8178,1.946,2.228,CALL,0.6577,,6
2026-06-17,US.FCX,CALL,50.46,CALL 占比 80%; CALL 较基线 1.4x; 总量较基线 1.2x,41550,10650,52200,0.796,0.204,0.2563,1.417,1.214,CALL,0.6447,,6
2026-06-17,US.NBIS,CALL,50.45,CALL 占比 62%; CALL 较基线 1.9x; 总量较基线 1.8x,106720,65514,172234,0.6196,0.3804,0.6139,1.872,1.782,CALL,0.5965,,6
2026-06-17,US.HPE,CALL,50.34,CALL 占比 91%; CALL 较基线 1.0x; 总量较基线 1.0x,67039,6348,73387,0.9135,0.0865,0.0947,1.0,0.967,CALL,0.8096,,6
2026-06-17,US.FOTO,CALL,49.78,CALL 占比 74%; 暂无历史基线,169,58,227,0.7445,0.2555,0.3432,,,,,,1
2026-06-17,US.UVXY,CALL,49.44,CALL 占比 83%; CALL 较基线 1.2x; 总量较基线 1.1x,36579,7415,43994,0.8315,0.1685,0.2027,1.188,1.112,CALL,0.7646,,6
2026-06-17,US.MP,CALL,49.19,CALL 占比 70%; CALL 较基线 1.7x; 总量较基线 1.3x,16303,6879,23182,0.7033,0.2967,0.4219,1.677,1.274,CALL,0.5275,,6
2026-06-17,US.CRWV,CALL,48.89,CALL 占比 74%; CALL 较基线 1.4x; 总量较基线 1.3x,137110,47017,184127,0.7446,0.2554,0.3429,1.41,1.305,CALL,0.6877,,6
2026-06-17,US.XOM,PUT,48.89,"PUT 占比 62%; PUT 较基线 1.4x; 总量较基线 0.9x; 方向反转 CALL->PUT, 占比提升 24%",17483,28688,46171,0.3787,0.6213,1.6409,1.447,0.891,CALL,0.3839,7.12,6
2026-06-17,US.AMKR,CALL,48.44,CALL 占比 71%; 暂无历史基线,13258,5391,18649,0.7109,0.2891,0.4066,,,,,,0
2026-06-17,US.OPEN,CALL,48.34,CALL 占比 85%; CALL 较基线 1.0x; 总量较基线 1.1x,80724,14799,95523,0.8451,0.1549,0.1833,1.022,1.059,CALL,0.8664,,6
2026-06-17,US.DELL,CALL,48.23,CALL 占比 76%; CALL 较基线 1.4x; 总量较基线 1.1x,27853,8916,36769,0.7575,0.2425,0.3201,1.411,1.107,CALL,0.5964,,6
2026-06-17,US.PLTR,CALL,47.07,CALL 占比 66%; CALL 较基线 1.5x; 总量较基线 1.5x,245355,124364,369719,0.6636,0.3364,0.5069,1.469,1.463,CALL,0.6628,,6
2026-06-17,US.UPST,CALL,46.71,CALL 占比 67%; CALL 较基线 1.4x; 总量较基线 1.5x,15875,7857,23732,0.6689,0.3311,0.4949,1.36,1.513,CALL,0.7318,,6
2026-06-17,US.SQQQ,CALL,45.61,CALL 占比 84%; CALL 较基线 0.9x; 总量较基线 0.8x,73012,13449,86461,0.8445,0.1555,0.1842,0.859,0.826,CALL,0.7977,,6
2026-06-17,US.MSTR,PUT,45.13,PUT 占比 57%; PUT 较基线 1.9x; 总量较基线 1.3x,136190,177734,313924,0.4338,0.5662,1.305,1.852,1.278,CALL,0.4151,,6
2026-06-17,US.SOXS,CALL,45.05,CALL 占比 83%; CALL 较基线 0.9x; 总量较基线 0.8x,239069,49783,288852,0.8277,0.1723,0.2082,0.861,0.843,CALL,0.8079,,6
2026-06-17,US.IWM,PUT,44.94,PUT 占比 70%; PUT 较基线 1.3x; 总量较基线 1.1x,636598,1457136,2093734,0.304,0.696,2.2889,1.299,1.117,PUT,0.5918,,6
2026-06-17,US.VEEV,PUT,44.74,PUT 占比 54%; PUT 较基线 2.0x; 总量较基线 1.2x,1534,1817,3351,0.4578,0.5422,1.1845,1.989,1.19,CALL,0.3337,,6
2026-06-17,US.AEHR,CALL,44.53,CALL 占比 68%; CALL 较基线 1.2x; 总量较基线 1.2x,3798,1756,5554,0.6838,0.3162,0.4623,1.249,1.197,CALL,0.6635,,6
2026-06-17,US.DRAM,CALL,44.23,CALL 占比 61%; 暂无历史基线,108550,70630,179180,0.6058,0.3942,0.6507,,,,,,2
2026-06-17,US.SMCI,CALL,44.19,CALL 占比 80%; CALL 较基线 0.9x; 总量较基线 0.8x,172092,42058,214150,0.8036,0.1964,0.2444,0.899,0.809,CALL,0.7583,,6
2026-06-17,US.TNA,CALL,43.83,CALL 占比 63%; CALL 较基线 1.5x; 总量较基线 1.1x,11486,6790,18276,0.6285,0.3715,0.5912,1.498,1.117,PUT,0.4694,,6
2026-06-17,US.RXRX,CALL,43.49,CALL 占比 88%; CALL 较基线 0.6x; 总量较基线 0.6x,11765,1566,13331,0.8825,0.1175,0.1331,0.576,0.596,CALL,0.9141,,6
2026-06-17,US.YINN,CALL,42.74,CALL 占比 56%; CALL 较基线 1.4x; 总量较基线 1.5x,4926,3799,8725,0.5646,0.4354,0.7712,1.409,1.48,CALL,0.5986,,6
2026-06-17,US.RDDT,CALL,42.73,CALL 占比 70%; CALL 较基线 1.0x; 总量较基线 1.1x,26337,11440,37777,0.6972,0.3028,0.4344,1.02,1.114,CALL,0.7597,,6
2026-06-17,US.SCO,CALL,42.55,CALL 占比 76%; CALL 较基线 0.9x; 总量较基线 0.8x,5383,1696,7079,0.7604,0.2396,0.3151,0.908,0.811,CALL,0.6806,,6
2026-06-17,US.TEAM,CALL,42.5,CALL 占比 74%; CALL 较基线 0.9x; 总量较基线 0.9x,4048,1454,5502,0.7357,0.2643,0.3592,0.95,0.912,CALL,0.6873,,6
2026-06-17,US.BBAI,CALL,41.98,CALL 占比 82%; CALL 较基线 0.7x; 总量较基线 0.7x,28584,6464,35048,0.8156,0.1844,0.2261,0.665,0.672,CALL,0.8209,,6
2026-06-17,US.AMD,CALL,41.93,CALL 占比 64%; CALL 较基线 1.2x; 总量较基线 1.1x,140362,79052,219414,0.6397,0.3603,0.5632,1.181,1.149,CALL,0.6277,,6
2026-06-17,US.SVIX,PUT,41.88,PUT 占比 71%; PUT 较基线 1.1x; 总量较基线 0.8x,2078,5129,7207,0.2883,0.7117,2.4682,1.062,0.82,PUT,0.517,,6
2026-06-17,US.COIN,CALL,41.85,CALL 占比 54%; CALL 较基线 1.3x; 总量较基线 1.6x,86662,74977,161639,0.5361,0.4639,0.8652,1.314,1.649,CALL,0.669,,6
2026-06-17,US.AMZN,CALL,41.84,CALL 占比 57%; CALL 较基线 1.3x; 总量较基线 1.5x,381418,286364,667782,0.5712,0.4288,0.7508,1.28,1.458,CALL,0.6622,,6
2026-06-17,US.SBET,CALL,41.67,CALL 占比 86%; CALL 较基线 0.6x; 总量较基线 0.5x,7679,1281,8960,0.857,0.143,0.1668,0.578,0.46,CALL,0.7067,,6
2026-06-17,US.TSLA,PUT,41.55,PUT 占比 51%; PUT 较基线 1.6x; 总量较基线 1.4x,1195188,1247209,2442397,0.4894,0.5106,1.0435,1.595,1.393,CALL,0.4161,,6
2026-06-17,US.AAPL,CALL,41.31,CALL 占比 62%; CALL 较基线 1.2x; 总量较基线 1.2x,695530,424199,1119729,0.6212,0.3788,0.6099,1.186,1.162,CALL,0.6425,,6
2026-06-17,US.NVDA,CALL,41.03,CALL 占比 62%; CALL 较基线 1.2x; 总量较基线 1.2x,1314692,796112,2110804,0.6228,0.3772,0.6056,1.15,1.153,CALL,0.6474,,6
2026-06-17,US.TIGR,CALL,40.98,CALL 占比 81%; CALL 较基线 0.6x; 总量较基线 0.6x,2014,481,2495,0.8072,0.1928,0.2388,0.648,0.585,CALL,0.704,,6
2026-06-17,US.NOW,CALL,40.42,CALL 占比 52%; CALL 较基线 1.2x; 总量较基线 1.6x,90433,84911,175344,0.5157,0.4843,0.9389,1.24,1.646,CALL,0.683,,6
2026-06-17,US.NOK,CALL,40.38,CALL 占比 73%; CALL 较基线 0.8x; 总量较基线 0.9x,204666,76581,281247,0.7277,0.2723,0.3742,0.763,0.862,CALL,0.819,,6
2026-06-17,US.BMNR,CALL,39.86,CALL 占比 67%; CALL 较基线 0.9x; 总量较基线 1.0x,65949,31803,97752,0.6747,0.3253,0.4822,0.88,0.973,CALL,0.7291,,6
2026-06-17,US.PANW,PUT,39.79,PUT 占比 59%; PUT 较基线 1.3x; 总量较基线 1.0x,8995,12710,21705,0.4144,0.5856,1.413,1.302,0.991,CALL,0.4127,,6
2026-06-17,US.GOOGL,CALL,39.69,CALL 占比 67%; CALL 较基线 0.9x; 总量较基线 1.0x,186501,92080,278581,0.6695,0.3305,0.4937,0.897,0.955,CALL,0.7219,,6
2026-06-17,US.SNOW,CALL,39.65,CALL 占比 71%; CALL 较基线 0.8x; 总量较基线 0.8x,15837,6389,22226,0.7125,0.2875,0.4034,0.804,0.786,CALL,0.6942,,6
2026-06-17,US.INTC,CALL,38.78,CALL 占比 70%; CALL 较基线 0.8x; 总量较基线 0.8x,254713,108409,363122,0.7015,0.2985,0.4256,0.766,0.766,CALL,0.6922,,6
2026-06-17,US.DDOG,CALL,38.67,CALL 占比 79%; CALL 较基线 0.5x; 总量较基线 0.5x,6433,1755,8188,0.7857,0.2143,0.2728,0.531,0.499,CALL,0.7047,,6
2026-06-17,US.SOUN,CALL,38.17,CALL 占比 77%; CALL 较基线 0.5x; 总量较基线 0.5x,34536,10111,44647,0.7735,0.2265,0.2928,0.529,0.499,CALL,0.7511,,6
2026-06-17,US.TWLO,CALL,37.51,CALL 占比 74%; CALL 较基线 0.6x; 总量较基线 0.6x,1795,628,2423,0.7408,0.2592,0.3499,0.57,0.554,CALL,0.6829,,6
2026-06-17,US.SAP,CALL,37.41,CALL 占比 53%; CALL 较基线 1.0x; 总量较基线 1.3x,3801,3340,7141,0.5323,0.4677,0.8787,1.004,1.347,CALL,0.6808,,6
2026-06-17,US.IREN,PUT,37.21,PUT 占比 57%; PUT 较基线 1.1x; 总量较基线 0.9x,85638,113159,198797,0.4308,0.5692,1.3214,1.131,0.899,CALL,0.4476,,6
2026-06-17,US.CRCL,CALL,37.18,CALL 占比 51%; CALL 较基线 1.1x; 总量较基线 1.4x,38536,37485,76021,0.5069,0.4931,0.9727,1.054,1.412,CALL,0.6532,,6
2026-06-17,US.OKLO,CALL,36.5,CALL 占比 53%; CALL 较基线 1.0x; 总量较基线 1.2x,25488,22740,48228,0.5285,0.4715,0.8922,0.995,1.233,CALL,0.6428,,6
2026-06-17,US.DJT,CALL,36.28,CALL 占比 67%; CALL 较基线 0.6x; 总量较基线 0.7x,7363,3560,10923,0.6741,0.3259,0.4835,0.63,0.714,CALL,0.7677,,6
2026-06-17,US.RBRK,CALL,36.22,CALL 占比 73%; CALL 较基线 0.5x; 总量较基线 0.5x,2518,950,3468,0.7261,0.2739,0.3773,0.49,0.542,CALL,0.7641,,6
2026-06-17,US.CBRS,CALL,36.06,CALL 占比 67%; CALL 较基线 0.6x; 总量较基线 0.7x,11899,5778,17677,0.6731,0.3269,0.4856,0.612,0.706,CALL,0.7478,,6
2026-06-17,US.QCOM,CALL,35.99,CALL 占比 66%; CALL 较基线 0.7x; 总量较基线 0.7x,29825,15395,45220,0.6596,0.3404,0.5162,0.679,0.695,CALL,0.682,,6
2026-06-17,US.SPY,PUT,35.93,PUT 占比 54%; PUT 较基线 1.0x; 总量较基线 1.0x,4613912,5307593,9921505,0.465,0.535,1.1503,1.029,1.049,PUT,0.5504,,6
2026-06-17,US.TSM,PUT,35.75,PUT 占比 54%; PUT 较基线 1.1x; 总量较基线 0.9x,39878,46880,86758,0.4596,0.5404,1.1756,1.09,0.903,CALL,0.4347,,6
2026-06-17,US.LITE,PUT,35.5,PUT 占比 52%; PUT 较基线 1.2x; 总量较基线 0.9x,6914,7494,14408,0.4799,0.5201,1.0839,1.191,0.862,CALL,0.3747,,6
2026-06-17,US.MRVL,CALL,35.41,CALL 占比 61%; CALL 较基线 0.7x; 总量较基线 0.9x,127960,81327,209287,0.6114,0.3886,0.6356,0.721,0.865,CALL,0.7279,,6
2026-06-17,US.NET,CALL,35.39,CALL 占比 57%; CALL 较基线 0.9x; 总量较基线 0.9x,6912,5303,12215,0.5659,0.4341,0.7672,0.912,0.909,CALL,0.5968,,6
2026-06-17,US.DUOL,CALL,35.35,CALL 占比 69%; CALL 较基线 0.5x; 总量较基线 0.5x,3042,1341,4383,0.694,0.306,0.4408,0.545,0.539,CALL,0.6757,,6
2026-06-17,US.QQQ,PUT,35.23,PUT 占比 53%; PUT 较基线 1.0x; 总量较基线 1.0x,2654592,2942771,5597363,0.4743,0.5257,1.1086,1.025,1.0,CALL,0.4974,,6
2026-06-17,US.IGV,CALL,35.18,CALL 占比 62%; CALL 较基线 0.8x; 总量较基线 0.6x,42227,25737,67964,0.6213,0.3787,0.6095,0.827,0.619,PUT,0.4851,,6
2026-06-17,US.SOXL,PUT,34.76,PUT 占比 52%; PUT 较基线 1.0x; 总量较基线 0.9x,38107,40757,78864,0.4832,0.5168,1.0695,1.049,0.95,CALL,0.4607,,6
2026-06-17,US.CRWD,CALL,34.21,CALL 占比 62%; CALL 较基线 0.7x; 总量较基线 0.6x,6769,4215,10984,0.6163,0.3837,0.6227,0.726,0.626,CALL,0.5469,,6
2026-06-17,US.ORCL,PUT,33.12,PUT 占比 56%; PUT 较基线 0.9x; 总量较基线 0.6x,67978,85579,153557,0.4427,0.5573,1.2589,0.91,0.592,CALL,0.3352,,6
2026-06-17,US.MDB,CALL,32.61,CALL 占比 55%; CALL 较基线 0.8x; 总量较基线 0.7x,3263,2696,5959,0.5476,0.4524,0.8262,0.812,0.701,CALL,0.5061,,6
2026-06-17,US.VST,CALL,31.88,CALL 占比 55%; CALL 较基线 0.6x; 总量较基线 0.8x,19653,15844,35497,0.5537,0.4463,0.8062,0.61,0.809,CALL,0.7035,,6
2026-06-17,US.MARA,CALL,31.29,CALL 占比 57%; CALL 较基线 0.6x; 总量较基线 0.7x,62218,47673,109891,0.5662,0.4338,0.7662,0.553,0.702,CALL,0.706,,6
2026-06-17,US.GEMI,CALL,29.78,CALL 占比 57%; CALL 较基线 0.4x; 总量较基线 0.5x,1048,777,1825,0.5742,0.4258,0.7414,0.443,0.545,CALL,0.6056,,6
2026-06-17,US.ASML,CALL,28.89,CALL 占比 52%; CALL 较基线 0.5x; 总量较基线 0.7x,7189,6591,13780,0.5217,0.4783,0.9168,0.47,0.711,CALL,0.7814,,6
2026-06-17,US.COHR,CALL,27.23,CALL 占比 50%; CALL 较基线 0.5x; 总量较基线 0.5x,4552,4539,9091,0.5007,0.4993,0.9971,0.495,0.54,CALL,0.548,,6
2026-06-17,US.GFS,CALL,26.4,CALL 占比 51%; CALL 较基线 0.4x; 总量较基线 0.5x,2175,2116,4291,0.5069,0.4931,0.9729,0.37,0.527,CALL,0.6665,,6
2026-06-15,US.HPE,CALL,107.25,CALL 占比 98%; CALL 较基线 6.1x; 总量较基线 4.7x,243302,4895,248197,0.9803,0.0197,0.0201,6.064,4.673,CALL,0.7681,,6
2026-06-15,US.GEMI,CALL,87.11,CALL 占比 91%; CALL 较基线 4.3x; 总量较基线 2.7x,6550,649,7199,0.9098,0.0902,0.0991,4.317,2.697,CALL,0.5325,,6
2026-06-15,US.VEEV,CALL,68.26,CALL 占比 82%; CALL 较基线 2.7x; 总量较基线 2.2x,4799,1039,5838,0.822,0.178,0.2165,2.747,2.234,CALL,0.6686,,6
2026-06-15,US.TEAM,CALL,64.07,CALL 占比 84%; CALL 较基线 2.4x; 总量较基线 1.9x,8608,1663,10271,0.8381,0.1619,0.1932,2.415,1.87,CALL,0.6521,,6
2026-06-15,US.UPST,CALL,63.99,CALL 占比 79%; CALL 较基线 2.4x; 总量较基线 2.1x,22496,5932,28428,0.7913,0.2087,0.2637,2.438,2.139,CALL,0.6927,,6
2026-06-15,US.NOW,CALL,63.25,CALL 占比 84%; CALL 较基线 2.4x; 总量较基线 1.7x,141224,26273,167497,0.8431,0.1569,0.186,2.38,1.747,CALL,0.6384,,6
2026-06-15,US.GEV,CALL,62.77,"CALL 占比 80%; CALL 较基线 1.8x; 总量较基线 0.9x; 方向反转 PUT->CALL, 占比提升 36%",9078,2327,11405,0.796,0.204,0.2563,1.79,0.949,PUT,0.4323,10.91,6
2026-06-15,US.CRCL,CALL,61.54,CALL 占比 77%; CALL 较基线 2.4x; 总量较基线 1.8x,72875,21393,94268,0.7731,0.2269,0.2936,2.448,1.839,CALL,0.5923,,6
2026-06-15,US.TIGR,CALL,61.2,CALL 占比 80%; CALL 较基线 2.2x; 总量较基线 2.0x,5733,1457,7190,0.7974,0.2026,0.2541,2.2,1.951,CALL,0.6925,,6
2026-06-15,US.FCX,CALL,60.86,CALL 占比 86%; CALL 较基线 2.1x; 总量较基线 1.6x,71505,11493,82998,0.8615,0.1385,0.1607,2.116,1.579,CALL,0.6179,,6
2026-06-15,US.BMNR,CALL,60.6,CALL 占比 84%; CALL 较基线 2.1x; 总量较基线 1.7x,138603,25558,164161,0.8443,0.1557,0.1844,2.092,1.682,CALL,0.6865,,6
2026-06-15,US.APLD,CALL,60.38,CALL 占比 86%; CALL 较基线 2.0x; 总量较基线 1.7x,99604,16791,116395,0.8557,0.1443,0.1686,1.973,1.728,CALL,0.742,,6
2026-06-15,US.DJT,CALL,58.1,CALL 占比 89%; CALL 较基线 1.7x; 总量较基线 1.4x,20021,2472,22493,0.8901,0.1099,0.1235,1.725,1.448,CALL,0.7558,,6
2026-06-15,US.SCO,CALL,56.36,CALL 占比 82%; CALL 较基线 1.9x; 总量较基线 1.4x,9034,1978,11012,0.8204,0.1796,0.219,1.907,1.38,CALL,0.5924,,6
2026-06-15,US.RXRX,CALL,54.74,CALL 占比 91%; CALL 较基线 1.3x; 总量较基线 1.3x,25298,2439,27737,0.9121,0.0879,0.0964,1.312,1.292,CALL,0.8997,,6
2026-06-15,US.ADSK,PUT,54.07,PUT 占比 65%; PUT 较基线 2.1x; 总量较基线 1.9x,3373,6150,9523,0.3542,0.6458,1.8233,2.14,1.853,PUT,0.5418,,6
2026-06-15,US.SOUN,CALL,53.15,CALL 占比 86%; CALL 较基线 1.4x; 总量较基线 1.2x,85984,13759,99743,0.8621,0.1379,0.16,1.441,1.19,CALL,0.7397,,6
2026-06-15,US.IBIT,CALL,52.87,"CALL 占比 63%; CALL 较基线 1.8x; 总量较基线 1.1x; 方向反转 PUT->CALL, 占比提升 23%",319350,188089,507439,0.6293,0.3707,0.589,1.79,1.102,PUT,0.4037,6.77,6
2026-06-15,US.SVIX,PUT,52.66,PUT 占比 58%; PUT 较基线 2.2x; 总量较基线 2.1x,7082,9586,16668,0.4249,0.5751,1.3536,2.167,2.054,PUT,0.5153,,6
2026-06-15,US.EUV,CALL,52.55,CALL 占比 81%; 暂无历史基线,1293,296,1589,0.8137,0.1863,0.2289,,,,,,0
2026-06-15,US.PDD,PUT,52.26,PUT 占比 68%; PUT 较基线 2.0x; 总量较基线 1.6x,23620,50165,73785,0.3201,0.6799,2.1238,1.963,1.56,PUT,0.5155,,6
2026-06-15,US.RDDT,CALL,51.8,CALL 占比 82%; CALL 较基线 1.4x; 总量较基线 1.3x,35186,7901,43087,0.8166,0.1834,0.2245,1.416,1.301,CALL,0.7513,,6
2026-06-15,US.WDAY,PUT,51.27,PUT 占比 72%; PUT 较基线 1.9x; 总量较基线 1.2x,2491,6300,8791,0.2834,0.7166,2.5291,1.899,1.236,CALL,0.4676,,6
2026-06-15,US.SBET,CALL,51.08,CALL 占比 57%; CALL 较基线 1.9x; 总量较基线 2.2x,22363,16871,39234,0.57,0.43,0.7544,1.87,2.221,CALL,0.6962,,6
2026-06-15,US.OPEN,CALL,50.87,CALL 占比 90%; CALL 较基线 1.1x; 总量较基线 1.0x,85142,9470,94612,0.8999,0.1001,0.1112,1.087,1.03,CALL,0.8463,,6
2026-06-15,US.DRAM,CALL,50.87,CALL 占比 77%; 暂无历史基线,139808,41347,181155,0.7718,0.2282,0.2957,,,,,,1
2026-06-15,US.DDOG,CALL,50.61,CALL 占比 80%; CALL 较基线 1.4x; 总量较基线 1.2x,15231,3831,19062,0.799,0.201,0.2515,1.411,1.226,CALL,0.658,,6
2026-06-15,US.HOOD,CALL,50.48,CALL 占比 84%; CALL 较基线 1.2x; 总量较基线 1.2x,297585,57154,354739,0.8389,0.1611,0.1921,1.207,1.211,CALL,0.8376,,6
2026-06-15,US.JD,CALL,50.29,CALL 占比 85%; CALL 较基线 1.2x; 总量较基线 1.1x,22737,3922,26659,0.8529,0.1471,0.1725,1.211,1.082,CALL,0.7472,,6
2026-06-15,US.PLTR,CALL,50.06,CALL 占比 76%; CALL 较基线 1.5x; 总量较基线 1.3x,236982,75738,312720,0.7578,0.2422,0.3196,1.506,1.284,CALL,0.6523,,6
2026-06-15,US.FOTO,CALL,49.84,CALL 占比 75%; 暂无历史基线,229,78,307,0.7459,0.2541,0.3406,,,,,,0
2026-06-15,US.MRVL,CALL,49.36,CALL 占比 82%; CALL 较基线 1.3x; 总量较基线 1.1x,215008,47034,262042,0.8205,0.1795,0.2188,1.256,1.081,CALL,0.7027,,6
2026-06-15,US.GFS,CALL,49.04,CALL 占比 77%; CALL 较基线 1.4x; 总量较基线 1.2x,7812,2278,10090,0.7742,0.2258,0.2916,1.351,1.211,CALL,0.6449,,6
2026-06-15,US.QCOM,CALL,48.88,CALL 占比 80%; CALL 较基线 1.3x; 总量较基线 1.0x,55363,14016,69379,0.798,0.202,0.2532,1.336,1.045,CALL,0.6356,,6
2026-06-15,US.VST,CALL,48.83,CALL 占比 84%; CALL 较基线 1.2x; 总量较基线 1.0x,33485,6503,39988,0.8374,0.1626,0.1942,1.176,0.989,CALL,0.6588,,6
2026-06-15,US.ASX,CALL,48.78,CALL 占比 76%; CALL 较基线 1.3x; 总量较基线 1.3x,3502,1096,4598,0.7616,0.2384,0.313,1.307,1.309,CALL,0.75,,6
2026-06-15,US.AMD,CALL,48.06,CALL 占比 76%; CALL 较基线 1.4x; 总量较基线 1.1x,155444,48335,203779,0.7628,0.2372,0.3109,1.399,1.06,CALL,0.5871,,6
2026-06-15,US.IBM,CALL,47.54,CALL 占比 73%; CALL 较基线 1.4x; 总量较基线 1.2x,28577,10667,39244,0.7282,0.2718,0.3733,1.375,1.235,CALL,0.6588,,6
2026-06-15,US.COHR,PUT,47.4,PUT 占比 54%; PUT 较基线 2.0x; 总量较基线 1.6x,11470,13424,24894,0.4608,0.5392,1.1704,2.031,1.598,CALL,0.4323,,6
2026-06-15,US.SOFI,CALL,46.77,CALL 占比 78%; CALL 较基线 1.1x; 总量较基线 1.1x,212920,60871,273791,0.7777,0.2223,0.2859,1.125,1.11,CALL,0.7657,,6
2026-06-15,US.TNA,PUT,46.63,PUT 占比 69%; PUT 较基线 1.5x; 总量较基线 1.1x,6038,13402,19440,0.3106,0.6894,2.2196,1.523,1.146,PUT,0.5171,,6
2026-06-15,US.COIN,CALL,46.01,CALL 占比 77%; CALL 较基线 1.2x; 总量较基线 1.0x,75386,22956,98342,0.7666,0.2334,0.3045,1.195,0.965,CALL,0.621,,6
2026-06-15,US.INTC,CALL,45.91,CALL 占比 73%; CALL 较基线 1.2x; 总量较基线 1.2x,373430,137440,510870,0.731,0.269,0.368,1.219,1.152,CALL,0.6812,,6
2026-06-15,US.UVXY,CALL,45.91,CALL 占比 78%; CALL 较基线 1.0x; 总量较基线 1.1x,33104,9355,42459,0.7797,0.2203,0.2826,1.048,1.057,CALL,0.7715,,6
2026-06-15,US.CBRS,CALL,45.72,CALL 占比 82%; CALL 较基线 1.0x; 总量较基线 0.9x,17393,3733,21126,0.8233,0.1767,0.2146,0.951,0.864,CALL,0.7102,,6
2026-06-15,US.CRWV,CALL,45.71,CALL 占比 78%; CALL 较基线 1.1x; 总量较基线 0.9x,104089,28755,132844,0.7835,0.2165,0.2763,1.106,0.921,CALL,0.651,,6
2026-06-15,US.IGV,CALL,45.51,CALL 占比 69%; CALL 较基线 1.5x; 总量较基线 1.0x,76576,34186,110762,0.6914,0.3086,0.4464,1.479,1.004,PUT,0.4889,,6
2026-06-15,US.NOK,CALL,45.45,CALL 占比 85%; CALL 较基线 0.8x; 总量较基线 0.8x,260495,46156,306651,0.8495,0.1505,0.1772,0.832,0.803,CALL,0.8147,,6
2026-06-15,US.OKLO,CALL,44.91,CALL 占比 77%; CALL 较基线 1.1x; 总量较基线 0.9x,31659,9655,41314,0.7663,0.2337,0.305,1.091,0.921,CALL,0.6295,,6
2026-06-15,US.MSFT,CALL,44.85,CALL 占比 80%; CALL 较基线 1.0x; 总量较基线 0.8x,269321,67660,336981,0.7992,0.2008,0.2512,0.985,0.834,CALL,0.6859,,6
2026-06-15,US.BBAI,CALL,44.81,CALL 占比 82%; CALL 较基线 0.9x; 总量较基线 0.8x,41377,9032,50409,0.8208,0.1792,0.2183,0.862,0.848,CALL,0.8115,,6
2026-06-15,US.TMF,CALL,44.77,CALL 占比 74%; CALL 较基线 1.1x; 总量较基线 1.1x,8627,3059,11686,0.7382,0.2618,0.3546,1.102,1.071,CALL,0.675,,6
2026-06-15,US.SNOW,CALL,44.59,CALL 占比 71%; CALL 较基线 1.2x; 总量较基线 1.1x,23700,9458,33158,0.7148,0.2852,0.3991,1.156,1.125,CALL,0.6926,,6
2026-06-15,US.SOXS,CALL,44.36,CALL 占比 82%; CALL 较基线 0.8x; 总量较基线 0.8x,238846,50806,289652,0.8246,0.1754,0.2127,0.814,0.81,CALL,0.8163,,6
2026-06-15,US.AEHR,CALL,44.31,CALL 占比 71%; CALL 较基线 1.2x; 总量较基线 1.1x,3424,1388,4812,0.7116,0.2884,0.4054,1.19,1.054,CALL,0.6385,,6
2026-06-15,US.NET,CALL,44.21,CALL 占比 64%; CALL 较基线 1.4x; 总量较基线 1.3x,10618,6057,16675,0.6368,0.3632,0.5704,1.399,1.257,CALL,0.6048,,6
2026-06-15,US.ORCL,CALL,44.15,CALL 占比 79%; CALL 较基线 1.0x; 总量较基线 0.8x,153464,40097,193561,0.7928,0.2072,0.2613,0.98,0.767,CALL,0.6446,,6
2026-06-15,US.META,CALL,43.94,CALL 占比 82%; CALL 较基线 0.9x; 总量较基线 0.6x,142952,30685,173637,0.8233,0.1767,0.2147,0.89,0.648,CALL,0.615,,6
2026-06-15,US.MSTR,CALL,43.69,CALL 占比 71%; CALL 较基线 1.2x; 总量较基线 0.9x,178437,72155,250592,0.7121,0.2879,0.4044,1.215,0.914,CALL,0.5298,,6
2026-06-15,US.YINN,CALL,43.26,CALL 占比 67%; CALL 较基线 1.3x; 总量较基线 1.1x,4440,2220,6660,0.6667,0.3333,0.5,1.271,1.07,CALL,0.5728,,6
2026-06-15,US.DELL,CALL,43.22,CALL 占比 71%; CALL 较基线 1.2x; 总量较基线 0.9x,21810,8816,30626,0.7121,0.2879,0.4042,1.164,0.904,CALL,0.5539,,6
2026-06-15,US.MP,CALL,43.11,CALL 占比 63%; CALL 较基线 1.4x; 总量较基线 1.1x,13354,7756,21110,0.6326,0.3674,0.5808,1.368,1.144,CALL,0.5224,,6
2026-06-15,US.CVX,CALL,43.0,CALL 占比 60%; CALL 较基线 1.3x; 总量较基线 1.5x,25617,17084,42701,0.5999,0.4001,0.6669,1.27,1.474,CALL,0.6956,,6
2026-06-15,US.BABA,PUT,42.49,PUT 占比 50%; PUT 较基线 1.7x; 总量较基线 1.4x,79368,80182,159550,0.4974,0.5026,1.0103,1.712,1.449,CALL,0.3836,,6
2026-06-15,US.CRWD,CALL,42.4,CALL 占比 69%; CALL 较基线 1.2x; 总量较基线 0.9x,10436,4597,15033,0.6942,0.3058,0.4405,1.185,0.858,CALL,0.5135,,6
2026-06-15,US.PANW,CALL,41.57,CALL 占比 65%; CALL 较基线 1.2x; 总量较基线 1.0x,13972,7559,21531,0.6489,0.3511,0.541,1.197,1.006,CALL,0.5793,,6
2026-06-15,US.LITE,CALL,40.95,CALL 占比 67%; CALL 较基线 1.1x; 总量较基线 1.0x,11168,5614,16782,0.6655,0.3345,0.5027,1.059,0.976,CALL,0.6151,,6
2026-06-15,US.NBIS,CALL,40.84,CALL 占比 58%; CALL 较基线 1.3x; 总量较基线 1.2x,68360,48564,116924,0.5847,0.4153,0.7104,1.255,1.235,CALL,0.5838,,6
2026-06-15,US.CRM,PUT,40.65,PUT 占比 52%; PUT 较基线 1.4x; 总量较基线 1.4x,45810,48920,94730,0.4836,0.5164,1.0679,1.432,1.424,CALL,0.4699,,6
2026-06-15,US.SQQQ,CALL,40.13,CALL 占比 77%; CALL 较基线 0.6x; 总量较基线 0.7x,61724,18472,80196,0.7697,0.2303,0.2993,0.643,0.701,CALL,0.8227,,6
2026-06-15,US.IREN,PUT,39.84,PUT 占比 52%; PUT 较基线 1.5x; 总量较基线 1.2x,133692,142560,276252,0.4839,0.5161,1.0663,1.466,1.245,CALL,0.4362,,6
2026-06-15,US.FUTU,PUT,39.8,PUT 占比 60%; PUT 较基线 1.2x; 总量较基线 1.0x,3141,4810,7951,0.395,0.605,1.5314,1.194,1.008,PUT,0.5068,,6
2026-06-15,US.MARA,CALL,39.72,CALL 占比 77%; CALL 较基线 0.7x; 总量较基线 0.6x,89357,27290,116647,0.766,0.234,0.3054,0.663,0.63,CALL,0.7072,,6
2026-06-15,US.AMZN,CALL,39.67,CALL 占比 76%; CALL 较基线 0.7x; 总量较基线 0.6x,231827,72654,304481,0.7614,0.2386,0.3134,0.699,0.605,CALL,0.6608,,6
2026-06-15,US.DUOL,CALL,39.34,CALL 占比 73%; CALL 较基线 0.7x; 总量较基线 0.7x,3880,1402,5282,0.7346,0.2654,0.3613,0.735,0.679,CALL,0.6616,,6
2026-06-15,US.NVDA,CALL,39.22,CALL 占比 77%; CALL 较基线 0.7x; 总量较基线 0.5x,796665,240700,1037365,0.768,0.232,0.3021,0.662,0.534,CALL,0.6317,,6
2026-06-15,US.ASML,CALL,38.83,CALL 占比 79%; CALL 较基线 0.5x; 总量较基线 0.5x,7752,2098,9850,0.787,0.213,0.2706,0.526,0.524,CALL,0.7619,,6
2026-06-15,US.AAPL,CALL,38.82,CALL 占比 81%; CALL 较基线 0.5x; 总量较基线 0.4x,311170,75141,386311,0.8055,0.1945,0.2415,0.528,0.396,CALL,0.6264,,6
2026-06-15,US.SMCI,CALL,38.79,CALL 占比 77%; CALL 较基线 0.6x; 总量较基线 0.6x,115334,34689,150023,0.7688,0.2312,0.3008,0.59,0.553,CALL,0.7548,,6
2026-06-15,US.GOOGL,CALL,38.61,CALL 占比 75%; CALL 较基线 0.6x; 总量较基线 0.6x,128912,42922,171834,0.7502,0.2498,0.333,0.63,0.594,CALL,0.7132,,6
2026-06-15,US.AVGO,CALL,37.16,CALL 占比 70%; CALL 较基线 0.7x; 总量较基线 0.6x,63373,27221,90594,0.6995,0.3005,0.4295,0.722,0.567,CALL,0.5597,,6
2026-06-15,US.MDB,PUT,37.13,PUT 占比 51%; PUT 较基线 1.2x; 总量较基线 1.1x,4971,5092,10063,0.494,0.506,1.0243,1.249,1.149,CALL,0.4482,,6
2026-06-15,US.LI,CALL,37.05,CALL 占比 76%; CALL 较基线 0.5x; 总量较基线 0.4x,2736,850,3586,0.763,0.237,0.3107,0.494,0.428,CALL,0.6508,,6
2026-06-15,US.XOM,CALL,36.55,CALL 占比 50%; CALL 较基线 1.1x; 总量较基线 1.4x,31203,31099,62302,0.5008,0.4992,0.9967,1.052,1.35,CALL,0.6335,,6
2026-06-15,US.MRNA,CALL,36.31,CALL 占比 71%; CALL 较基线 0.5x; 总量较基线 0.6x,13014,5283,18297,0.7113,0.2887,0.4059,0.548,0.58,CALL,0.745,,6
2026-06-15,US.TSM,CALL,35.6,CALL 占比 64%; CALL 较基线 0.8x; 总量较基线 0.7x,45297,25713,71010,0.6379,0.3621,0.5677,0.759,0.669,CALL,0.5663,,6
2026-06-15,US.IWM,PUT,35.38,PUT 占比 70%; PUT 较基线 0.5x; 总量较基线 0.5x,273223,650753,923976,0.2957,0.7043,2.3818,0.544,0.476,PUT,0.6106,,6
2026-06-15,US.SOXL,CALL,34.3,CALL 占比 58%; CALL 较基线 0.8x; 总量较基线 0.8x,37532,27511,65043,0.577,0.423,0.733,0.838,0.753,CALL,0.5242,,6
2026-06-15,US.EWT,CALL,34.22,CALL 占比 71%; CALL 较基线 0.4x; 总量较基线 0.4x,1742,708,2450,0.711,0.289,0.4064,0.413,0.414,CALL,0.6603,,6
2026-06-15,US.INTU,PUT,34.07,PUT 占比 55%; PUT 较基线 0.9x; 总量较基线 0.9x,5669,6878,12547,0.4518,0.5482,1.2133,0.868,0.866,PUT,0.5273,,6
2026-06-15,US.TSLA,CALL,33.24,CALL 占比 67%; CALL 较基线 0.5x; 总量较基线 0.4x,476167,230896,707063,0.6734,0.3266,0.4849,0.488,0.399,CALL,0.5751,,6
2026-06-15,US.RBRK,CALL,32.08,CALL 占比 65%; CALL 较基线 0.4x; 总量较基线 0.5x,3155,1720,4875,0.6472,0.3528,0.5452,0.389,0.513,CALL,0.8052,,6
2026-06-15,US.GDS,CALL,31.84,CALL 占比 76%; CALL 较基线 0.1x; 总量较基线 0.1x,336,108,444,0.7568,0.2432,0.3214,0.1,0.127,CALL,0.8848,,6
2026-06-15,US.TWLO,CALL,31.34,CALL 占比 59%; CALL 较基线 0.5x; 总量较基线 0.6x,1999,1411,3410,0.5862,0.4138,0.7059,0.51,0.636,CALL,0.7032,,6
2026-06-15,US.SAP,CALL,29.61,CALL 占比 61%; CALL 较基线 0.3x; 总量较基线 0.4x,1411,902,2313,0.61,0.39,0.6393,0.346,0.407,CALL,0.6936,,6
2026-06-15,US.SPY,PUT,24.28,PUT 占比 52%; PUT 较基线 0.2x; 总量较基线 0.3x,1208990,1302356,2511346,0.4814,0.5186,1.0772,0.245,0.262,PUT,0.5791,,6
2026-06-15,US.QQQ,CALL,24.24,CALL 占比 52%; CALL 较基线 0.2x; 总量较基线 0.2x,687783,630063,1317846,0.5219,0.4781,0.9161,0.248,0.23,PUT,0.4932,,6
2026-06-12,US.ADSK,PUT,68.66,PUT 占比 78%; PUT 较基线 3.2x; 总量较基线 2.0x,1764,6149,7913,0.2229,0.7771,3.4858,3.204,1.99,CALL,0.4872,,6
2026-06-12,US.LI,CALL,65.98,CALL 占比 75%; CALL 较基线 2.8x; 总量较基线 2.2x,11239,3670,14909,0.7538,0.2462,0.3265,2.799,2.24,CALL,0.6016,,6
2026-06-12,US.MARA,CALL,59.98,CALL 占比 80%; CALL 较基线 2.1x; 总量较基线 1.9x,222522,57189,279711,0.7955,0.2045,0.257,2.114,1.875,CALL,0.6938,,6
2026-06-12,US.ASX,CALL,57.72,CALL 占比 87%; CALL 较基线 1.7x; 总量较基线 1.5x,4192,628,4820,0.8697,0.1303,0.1498,1.735,1.508,CALL,0.754,,6
2026-06-12,US.MSTR,CALL,56.45,CALL 占比 79%; CALL 较基线 2.2x; 总量较基线 1.3x,257397,70472,327869,0.7851,0.2149,0.2738,2.165,1.287,PUT,0.4697,,6
2026-06-12,US.CRWV,CALL,54.62,CALL 占比 79%; CALL 较基线 1.8x; 总量较基线 1.4x,142971,36931,179902,0.7947,0.2053,0.2583,1.801,1.404,CALL,0.6277,,6
2026-06-12,US.INTC,CALL,53.42,CALL 占比 87%; CALL 较基线 1.5x; 总量较基线 1.1x,394504,56950,451454,0.8739,0.1261,0.1444,1.469,1.118,CALL,0.6666,,6
2026-06-12,US.SVIX,PUT,50.76,PUT 占比 64%; PUT 较基线 2.0x; 总量较基线 1.6x,3788,6675,10463,0.362,0.638,1.7621,1.954,1.601,PUT,0.5155,,6
2026-06-12,US.QCOM,CALL,50.09,CALL 占比 83%; CALL 较基线 1.4x; 总量较基线 1.0x,55768,11533,67301,0.8286,0.1714,0.2068,1.355,1.019,CALL,0.6357,,6
2026-06-12,US.AEHR,CALL,49.16,CALL 占比 74%; CALL 较基线 1.5x; 总量较基线 1.2x,3819,1311,5130,0.7444,0.2556,0.3433,1.528,1.193,CALL,0.5872,,6
2026-06-12,US.RXRX,CALL,48.63,CALL 占比 96%; CALL 较基线 0.7x; 总量较基线 0.7x,17519,667,18186,0.9633,0.0367,0.0381,0.739,0.698,CALL,0.9005,,6
2026-06-12,US.CRM,PUT,47.33,"PUT 占比 63%; PUT 较基线 1.3x; 总量较基线 1.0x; 方向反转 CALL->PUT, 占比提升 21%",22258,37508,59766,0.3724,0.6276,1.6851,1.263,0.956,CALL,0.4149,6.38,6
2026-06-12,US.APLD,CALL,47.29,CALL 占比 73%; CALL 较基线 1.3x; 总量较基线 1.3x,55576,20208,75784,0.7333,0.2667,0.3636,1.275,1.293,CALL,0.7209,,6
2026-06-12,US.HOOD,CALL,47.07,CALL 占比 87%; CALL 较基线 0.9x; 总量较基线 0.9x,214710,31811,246521,0.871,0.129,0.1482,0.884,0.86,CALL,0.8449,,6
2026-06-12,US.SCO,CALL,46.67,CALL 占比 65%; CALL 较基线 1.5x; 总量较基线 1.4x,6429,3398,9827,0.6542,0.3458,0.5285,1.548,1.354,CALL,0.5724,,6
2026-06-12,US.DRAM,CALL,46.28,CALL 占比 66%; 暂无历史基线,67332,35159,102491,0.657,0.343,0.5222,,,,,,0
2026-06-12,US.WDAY,PUT,45.35,PUT 占比 58%; PUT 较基线 1.8x; 总量较基线 1.3x,3383,4719,8102,0.4176,0.5824,1.3949,1.777,1.306,CALL,0.4174,,6
2026-06-12,US.SAP,CALL,45.23,CALL 占比 67%; CALL 较基线 1.2x; 总量较基线 1.4x,5035,2501,7536,0.6681,0.3319,0.4967,1.247,1.423,CALL,0.7356,,6
2026-06-12,US.SMCI,CALL,45.1,CALL 占比 81%; CALL 较基线 1.0x; 总量较基线 0.8x,171390,40230,211620,0.8099,0.1901,0.2347,0.957,0.841,CALL,0.75,,6
2026-06-12,US.UVXY,CALL,44.77,CALL 占比 80%; CALL 较基线 0.9x; 总量较基线 0.9x,27074,6859,33933,0.7979,0.2021,0.2533,0.921,0.914,CALL,0.7877,,6
2026-06-12,US.IWM,CALL,44.65,"CALL 占比 61%; CALL 较基线 1.1x; 总量较基线 0.6x; 方向反转 PUT->CALL, 占比提升 26%",748183,468971,1217154,0.6147,0.3853,0.6268,1.057,0.622,PUT,0.3522,7.88,6
2026-06-12,US.MRNA,CALL,44.63,CALL 占比 79%; CALL 较基线 0.9x; 总量较基线 0.9x,27553,7352,34905,0.7894,0.2106,0.2668,0.936,0.928,CALL,0.7575,,6
2026-06-12,US.JD,CALL,44.5,CALL 占比 78%; CALL 较基线 1.0x; 总量较基线 0.9x,16566,4705,21271,0.7788,0.2212,0.284,0.961,0.943,CALL,0.7566,,6
2026-06-12,US.AMZN,CALL,44.3,CALL 占比 76%; CALL 较基线 1.1x; 总量较基线 0.9x,329380,105401,434781,0.7576,0.2424,0.32,1.065,0.913,CALL,0.6539,,6
2026-06-12,US.UPST,CALL,43.77,CALL 占比 71%; CALL 较基线 1.1x; 总量较基线 1.1x,9670,3944,13614,0.7103,0.2897,0.4079,1.102,1.091,CALL,0.7072,,6
2026-06-12,US.YINN,PUT,43.3,PUT 占比 55%; PUT 较基线 1.7x; 总量较基线 1.3x,3142,3815,6957,0.4516,0.5484,1.2142,1.722,1.264,CALL,0.3809,,6
2026-06-12,US.NBIS,CALL,43.01,CALL 占比 69%; CALL 较基线 1.2x; 总量较基线 1.0x,59650,26865,86515,0.6895,0.3105,0.4504,1.192,0.983,CALL,0.5864,,6
2026-06-12,US.GEMI,CALL,42.34,CALL 占比 71%; CALL 较基线 1.1x; 总量较基线 0.9x,1579,645,2224,0.71,0.29,0.4085,1.08,0.884,CALL,0.5736,,6
2026-06-12,US.INTU,PUT,42.01,PUT 占比 67%; PUT 较基线 1.2x; 总量较基线 0.9x,4239,8459,12698,0.3338,0.6662,1.9955,1.21,0.947,CALL,0.4922,,6
2026-06-12,US.DELL,CALL,41.6,CALL 占比 68%; CALL 较基线 1.1x; 总量较基线 0.9x,20374,9736,30110,0.6767,0.3233,0.4779,1.146,0.894,CALL,0.5257,,6
2026-06-12,US.IGV,PUT,41.59,PUT 占比 67%; PUT 较基线 1.2x; 总量较基线 0.9x,31271,63649,94920,0.3294,0.6706,2.0354,1.165,0.907,PUT,0.5092,,6
2026-06-12,US.AMD,CALL,41.49,CALL 占比 74%; CALL 较基线 0.9x; 总量较基线 0.7x,105554,37697,143251,0.7368,0.2632,0.3571,0.95,0.737,CALL,0.5771,,6
2026-06-12,US.MSFT,CALL,41.29,CALL 占比 77%; CALL 较基线 0.8x; 总量较基线 0.7x,211421,63576,274997,0.7688,0.2312,0.3007,0.793,0.7,CALL,0.6928,,6
2026-06-12,US.NET,CALL,40.97,CALL 占比 71%; CALL 较基线 1.0x; 总量较基线 0.8x,7491,3017,10508,0.7129,0.2871,0.4027,0.993,0.751,CALL,0.5671,,6
2026-06-12,US.HPE,CALL,40.77,CALL 占比 75%; CALL 较基线 0.8x; 总量较基线 0.8x,31740,10627,42367,0.7492,0.2508,0.3348,0.763,0.783,CALL,0.7827,,6
2026-06-12,US.RDDT,CALL,40.49,CALL 占比 67%; CALL 较基线 0.9x; 总量较基线 1.1x,25861,12920,38781,0.6668,0.3332,0.4996,0.914,1.084,CALL,0.7819,,6
2026-06-12,US.SOFI,CALL,40.19,CALL 占比 75%; CALL 较基线 0.7x; 总量较基线 0.8x,136534,46575,183109,0.7456,0.2544,0.3411,0.729,0.757,CALL,0.7767,,6
2026-06-12,US.SOXS,CALL,40.12,CALL 占比 81%; CALL 较基线 0.5x; 总量较基线 0.5x,163711,37280,200991,0.8145,0.1855,0.2277,0.537,0.541,CALL,0.8166,,6
2026-06-12,US.BBAI,CALL,40.11,CALL 占比 82%; CALL 较基线 0.5x; 总量较基线 0.5x,25122,5421,30543,0.8225,0.1775,0.2158,0.519,0.51,CALL,0.8134,,6
2026-06-12,US.SNOW,CALL,39.8,CALL 占比 65%; CALL 较基线 0.9x; 总量较基线 1.0x,19358,10342,29700,0.6518,0.3482,0.5342,0.939,1.036,CALL,0.7179,,6
2026-06-12,US.PDD,PUT,39.62,PUT 占比 62%; PUT 较基线 1.1x; 总量较基线 0.9x,15205,25134,40339,0.3769,0.6231,1.653,1.13,0.943,CALL,0.4784,,6
2026-06-12,US.VST,CALL,39.27,CALL 占比 75%; CALL 较基线 0.7x; 总量较基线 0.6x,18106,6151,24257,0.7464,0.2536,0.3397,0.694,0.644,CALL,0.6164,,6
2026-06-12,US.LITE,CALL,38.86,CALL 占比 60%; CALL 较基线 1.1x; 总量较基线 1.1x,10338,6942,17280,0.5983,0.4017,0.6715,1.07,1.061,CALL,0.5868,,6
2026-06-12,US.OKLO,PUT,38.65,PUT 占比 57%; PUT 较基线 1.4x; 总量较基线 0.8x,14863,19608,34471,0.4312,0.5688,1.3192,1.42,0.756,CALL,0.3068,,6
2026-06-12,US.CVX,CALL,38.45,CALL 占比 68%; CALL 较基线 0.8x; 总量较基线 0.8x,14887,6947,21834,0.6818,0.3182,0.4666,0.791,0.808,CALL,0.6934,,6
2026-06-12,US.OPEN,CALL,38.3,CALL 占比 75%; CALL 较基线 0.6x; 总量较基线 0.6x,44150,14711,58861,0.7501,0.2499,0.3332,0.555,0.642,CALL,0.8703,,6
2026-06-12,US.DJT,CALL,38.16,CALL 占比 75%; CALL 较基线 0.6x; 总量较基线 0.6x,7406,2436,9842,0.7525,0.2475,0.3289,0.57,0.583,CALL,0.7771,,6
2026-06-12,US.GOOGL,CALL,38.01,CALL 占比 78%; CALL 较基线 0.5x; 总量较基线 0.5x,110462,30594,141056,0.7831,0.2169,0.277,0.495,0.454,CALL,0.7198,,6
2026-06-12,US.META,CALL,37.95,CALL 占比 77%; CALL 较基线 0.6x; 总量较基线 0.5x,105786,31513,137299,0.7705,0.2295,0.2979,0.551,0.455,CALL,0.6306,,6
2026-06-12,US.NOK,CALL,37.9,CALL 占比 68%; CALL 较基线 0.7x; 总量较基线 0.9x,235660,113173,348833,0.6756,0.3244,0.4802,0.699,0.88,CALL,0.8477,,6
2026-06-12,US.BMNR,CALL,37.89,CALL 占比 69%; CALL 较基线 0.8x; 总量较基线 0.7x,48344,22185,70529,0.6854,0.3146,0.4589,0.754,0.741,CALL,0.6794,,6
2026-06-12,US.SOUN,CALL,37.4,CALL 占比 77%; CALL 较基线 0.5x; 总量较基线 0.5x,28753,8684,37437,0.768,0.232,0.302,0.492,0.457,CALL,0.7508,,6
2026-06-12,US.SQQQ,CALL,37.11,CALL 占比 76%; CALL 较基线 0.5x; 总量较基线 0.5x,43456,13615,57071,0.7614,0.2386,0.3133,0.455,0.503,CALL,0.8285,,6
2026-06-12,US.IBM,CALL,37.09,CALL 占比 70%; CALL 较基线 0.7x; 总量较基线 0.6x,14518,6094,20612,0.7043,0.2957,0.4198,0.652,0.618,CALL,0.6719,,6
2026-06-12,US.GFS,CALL,37.08,CALL 占比 60%; CALL 较基线 0.9x; 总量较基线 1.0x,4778,3202,7980,0.5987,0.4013,0.6702,0.865,1.037,CALL,0.6737,,6
2026-06-12,US.BABA,CALL,37.05,CALL 占比 57%; CALL 较基线 1.0x; 总量较基线 1.0x,59099,44324,103423,0.5714,0.4286,0.75,0.998,1.035,CALL,0.6587,,6
2026-06-12,US.ASML,CALL,36.98,CALL 占比 72%; CALL 较基线 0.6x; 总量较基线 0.6x,7779,2961,10740,0.7243,0.2757,0.3806,0.552,0.599,CALL,0.763,,6
2026-06-12,US.SBET,CALL,36.75,CALL 占比 70%; CALL 较基线 0.6x; 总量较基线 0.7x,8630,3777,12407,0.6956,0.3044,0.4377,0.626,0.653,CALL,0.7407,,6
2026-06-12,US.MRVL,CALL,36.68,CALL 占比 65%; CALL 较基线 0.7x; 总量较基线 0.8x,127602,69402,197004,0.6477,0.3523,0.5439,0.731,0.82,CALL,0.7284,,6
2026-06-12,US.PANW,CALL,36.54,CALL 占比 57%; CALL 较基线 1.0x; 总量较基线 1.0x,12277,9439,21716,0.5653,0.4347,0.7688,1.021,0.96,CALL,0.5679,,6
2026-06-12,US.COHR,CALL,36.53,CALL 占比 60%; CALL 较基线 0.9x; 总量较基线 0.9x,8110,5449,13559,0.5981,0.4019,0.6719,0.916,0.88,CALL,0.5663,,6
2026-06-12,US.TSLA,CALL,35.72,CALL 占比 70%; CALL 较基线 0.6x; 总量较基线 0.5x,597299,253136,850435,0.7023,0.2977,0.4238,0.6,0.471,CALL,0.5706,,6
2026-06-12,US.PLTR,CALL,35.33,CALL 占比 67%; CALL 较基线 0.6x; 总量较基线 0.6x,107085,53592,160677,0.6665,0.3335,0.5005,0.622,0.616,CALL,0.6649,,6
2026-06-12,US.FCX,CALL,35.14,CALL 占比 60%; CALL 较基线 0.8x; 总量较基线 0.8x,26099,17230,43329,0.6023,0.3977,0.6602,0.751,0.841,CALL,0.6602,,6
2026-06-12,US.NOW,CALL,35.12,CALL 占比 53%; CALL 较基线 0.9x; 总量较基线 1.1x,56650,49466,106116,0.5338,0.4662,0.8732,0.884,1.116,CALL,0.689,,6
2026-06-12,US.TEAM,CALL,35.1,CALL 占比 59%; CALL 较基线 0.8x; 总量较基线 0.9x,2709,1914,4623,0.586,0.414,0.7065,0.783,0.898,CALL,0.6902,,6
2026-06-12,US.TWLO,CALL,34.42,CALL 占比 66%; CALL 较基线 0.5x; 总量较基线 0.6x,2349,1218,3567,0.6585,0.3415,0.5185,0.548,0.616,CALL,0.7173,,6
2026-06-12,US.COIN,CALL,34.3,CALL 占比 60%; CALL 较基线 0.7x; 总量较基线 0.8x,47414,32197,79611,0.5956,0.4044,0.6791,0.723,0.782,CALL,0.6525,,6
2026-06-12,US.MP,PUT,34.28,PUT 占比 52%; PUT 较基线 1.0x; 总量较基线 0.9x,7396,8166,15562,0.4753,0.5247,1.1041,1.012,0.866,CALL,0.4486,,6
2026-06-12,US.NVDA,CALL,34.0,CALL 占比 70%; CALL 较基线 0.4x; 总量较基线 0.4x,565671,241452,807123,0.7008,0.2992,0.4268,0.447,0.399,CALL,0.6354,,6
2026-06-12,US.TNA,CALL,33.74,CALL 占比 50%; CALL 较基线 1.0x; 总量较基线 0.9x,7607,7512,15119,0.5031,0.4969,0.9875,0.992,0.947,PUT,0.4834,,6
2026-06-12,US.VEEV,PUT,33.64,PUT 占比 56%; PUT 较基线 1.0x; 总量较基线 0.5x,896,1153,2049,0.4373,0.5627,1.2868,0.982,0.547,CALL,0.2941,,6
2026-06-12,US.IBIT,PUT,33.16,PUT 占比 58%; PUT 较基线 0.7x; 总量较基线 0.7x,146504,201185,347689,0.4214,0.5786,1.3732,0.696,0.741,PUT,0.6004,,6
2026-06-12,US.AAPL,CALL,33.09,CALL 占比 69%; CALL 较基线 0.4x; 总量较基线 0.4x,238617,106021,344638,0.6924,0.3076,0.4443,0.408,0.356,CALL,0.6341,,6
2026-06-12,US.TMF,CALL,32.97,CALL 占比 59%; CALL 较基线 0.6x; 总量较基线 0.7x,4543,3130,7673,0.5921,0.4079,0.689,0.607,0.739,CALL,0.6695,,6
2026-06-12,US.DDOG,PUT,32.73,PUT 占比 53%; PUT 较基线 1.0x; 总量较基线 0.6x,4326,4808,9134,0.4736,0.5264,1.1114,1.013,0.595,CALL,0.3523,,6
2026-06-12,US.IREN,CALL,31.13,CALL 占比 54%; CALL 较基线 0.7x; 总量较基线 0.7x,85359,72750,158109,0.5399,0.4601,0.8523,0.659,0.711,CALL,0.593,,6
2026-06-12,US.SOXL,CALL,31.05,CALL 占比 57%; CALL 较基线 0.6x; 总量较基线 0.6x,28374,21689,50063,0.5668,0.4332,0.7644,0.626,0.561,CALL,0.508,,6
2026-06-12,US.FUTU,CALL,30.64,CALL 占比 53%; CALL 较基线 0.7x; 总量较基线 0.6x,2707,2421,5128,0.5279,0.4721,0.8943,0.718,0.63,PUT,0.4605,,6
2026-06-12,US.CRCL,CALL,29.6,CALL 占比 55%; CALL 较基线 0.5x; 总量较基线 0.6x,17073,14079,31152,0.5481,0.4519,0.8246,0.525,0.578,CALL,0.6201,,6
2026-06-12,US.XOM,CALL,29.54,CALL 占比 55%; CALL 较基线 0.5x; 总量较基线 0.6x,14859,12274,27133,0.5476,0.4524,0.826,0.508,0.595,CALL,0.6273,,6
2026-06-12,US.CBRS,CALL,29.52,CALL 占比 59%; CALL 较基线 0.4x; 总量较基线 0.5x,7140,4929,12069,0.5916,0.4084,0.6903,0.372,0.481,CALL,0.7449,,6
2026-06-12,US.TSM,CALL,29.41,CALL 占比 55%; CALL 较基线 0.5x; 总量较基线 0.5x,32886,26402,59288,0.5547,0.4453,0.8028,0.514,0.519,CALL,0.5647,,6
2026-06-12,US.RBRK,CALL,29.39,CALL 占比 64%; CALL 较基线 0.2x; 总量较基线 0.3x,2225,1225,3450,0.6449,0.3551,0.5506,0.224,0.301,CALL,0.841,,6
2026-06-12,US.TIGR,CALL,29.36,CALL 占比 65%; CALL 较基线 0.2x; 总量较基线 0.3x,762,416,1178,0.6469,0.3531,0.5459,0.244,0.256,CALL,0.6812,,6
2026-06-12,US.GEV,PUT,29.15,PUT 占比 51%; PUT 较基线 0.6x; 总量较基线 0.7x,3831,3964,7795,0.4915,0.5085,1.0347,0.592,0.679,PUT,0.5736,,6
2026-06-12,US.MDB,PUT,29.02,PUT 占比 50%; PUT 较基线 0.7x; 总量较基线 0.5x,2737,2780,5517,0.4961,0.5039,1.0157,0.719,0.518,CALL,0.3791,,6
2026-06-12,US.ORCL,CALL,28.83,CALL 占比 57%; CALL 较基线 0.4x; 总量较基线 0.4x,65839,49039,114878,0.5731,0.4269,0.7448,0.401,0.449,CALL,0.6834,,6
2026-06-12,US.AVGO,CALL,28.74,CALL 占比 59%; CALL 较基线 0.4x; 总量较基线 0.4x,41454,29070,70524,0.5878,0.4122,0.7013,0.385,0.359,CALL,0.5538,,6
2026-06-12,US.DUOL,CALL,28.58,CALL 占比 55%; CALL 较基线 0.4x; 总量较基线 0.5x,2164,1758,3922,0.5518,0.4482,0.8124,0.422,0.522,CALL,0.6576,,6
2026-06-12,US.SPY,PUT,28.14,PUT 占比 62%; PUT 较基线 0.3x; 总量较基线 0.2x,871021,1404936,2275957,0.3827,0.6173,1.613,0.26,0.229,PUT,0.5495,,6
2026-06-12,US.GDS,CALL,28.02,CALL 占比 66%; CALL 较基线 0.1x; 总量较基线 0.2x,345,180,525,0.6571,0.3429,0.5217,0.103,0.151,CALL,0.9079,,6
2026-06-12,US.CRWD,PUT,25.36,PUT 占比 50%; PUT 较基线 0.4x; 总量较基线 0.4x,3926,3959,7885,0.4979,0.5021,1.0084,0.38,0.372,CALL,0.4812,,6
2026-06-12,US.QQQ,CALL,24.52,CALL 占比 55%; CALL 较基线 0.2x; 总量较基线 0.2x,602467,502970,1105437,0.545,0.455,0.8349,0.204,0.182,PUT,0.4932,,6
2026-06-12,US.EWT,CALL,23.98,CALL 占比 59%; CALL 较基线 0.0x; 总量较基线 0.0x,212,150,362,0.5856,0.4144,0.7075,0.035,0.046,CALL,0.7221,,6
2026-06-11,US.BABA,PUT,90.07,"PUT 占比 60%; PUT 较基线 5.6x; 总量较基线 2.7x; 方向反转 CALL->PUT, 占比提升 33%",82379,125788,208167,0.3957,0.6043,1.5269,5.598,2.683,CALL,0.2776,9.8,6
2026-06-11,US.CRM,PUT,88.27,"PUT 占比 72%; PUT 较基线 4.4x; 总量较基线 2.2x; 方向反转 CALL->PUT, 占比提升 36%",33274,85403,118677,0.2804,0.7196,2.5667,4.407,2.223,CALL,0.3565,10.89,6
2026-06-11,US.ADSK,PUT,74.51,PUT 占比 81%; PUT 较基线 3.9x; 总量较基线 1.8x,1146,4888,6034,0.1899,0.8101,4.2653,3.918,1.793,CALL,0.4125,,6
2026-06-11,US.ASML,CALL,73.44,CALL 占比 88%; CALL 较基线 3.0x; 总量较基线 2.4x,30023,4197,34220,0.8774,0.1226,0.1398,2.984,2.412,CALL,0.6991,,6
2026-06-11,US.MDB,PUT,70.34,"PUT 占比 72%; PUT 较基线 2.8x; 总量较基线 1.2x; 方向反转 CALL->PUT, 占比提升 40%",3570,9280,12850,0.2778,0.7222,2.5994,2.812,1.156,CALL,0.3215,12.02,6
2026-06-11,US.INTU,PUT,62.78,PUT 占比 63%; PUT 较基线 3.0x; 总量较基线 2.2x,9226,15662,24888,0.3707,0.6293,1.6976,3.038,2.218,CALL,0.4532,,6
2026-06-11,US.PDD,PUT,61.59,PUT 占比 58%; PUT 较基线 3.0x; 总量较基线 2.4x,36170,49233,85403,0.4235,0.5765,1.3612,2.987,2.44,CALL,0.4454,,6
2026-06-11,US.SMCI,CALL,60.83,CALL 占比 75%; CALL 较基线 2.2x; 总量较基线 2.2x,342454,117067,459521,0.7452,0.2548,0.3418,2.243,2.179,CALL,0.7674,,6
2026-06-11,US.TMF,CALL,58.8,CALL 占比 76%; CALL 较基线 2.1x; 总量较基线 1.9x,14039,4493,18532,0.7576,0.2424,0.32,2.121,1.922,CALL,0.648,,6
2026-06-11,US.JD,CALL,56.9,CALL 占比 74%; CALL 较基线 1.9x; 总量较基线 2.0x,29653,10502,40155,0.7385,0.2615,0.3542,1.925,1.994,CALL,0.7555,,6
2026-06-11,US.HOOD,CALL,56.81,CALL 占比 87%; CALL 较基线 1.6x; 总量较基线 1.5x,340278,51619,391897,0.8683,0.1317,0.1517,1.617,1.523,CALL,0.8135,,6
2026-06-11,US.SBET,CALL,56.63,CALL 占比 83%; CALL 较基线 1.8x; 总量较基线 1.5x,20984,4392,25376,0.8269,0.1731,0.2093,1.8,1.526,CALL,0.7248,,6
2026-06-11,US.RXRX,CALL,54.56,CALL 占比 86%; CALL 较基线 1.4x; 总量较基线 1.5x,28802,4510,33312,0.8646,0.1354,0.1566,1.392,1.473,CALL,0.8961,,6
2026-06-11,US.ORCL,CALL,51.46,CALL 占比 52%; CALL 较基线 1.9x; 总量较基线 2.6x,271841,250425,522266,0.5205,0.4795,0.9212,1.891,2.585,CALL,0.7219,,6
2026-06-11,US.UPST,CALL,51.37,CALL 占比 81%; CALL 较基线 1.5x; 总量较基线 1.2x,12085,2798,14883,0.812,0.188,0.2315,1.474,1.183,CALL,0.6644,,6
2026-06-11,US.SOXS,CALL,51.09,CALL 占比 80%; CALL 较基线 1.3x; 总量较基线 1.4x,376986,92357,469343,0.8032,0.1968,0.245,1.339,1.374,CALL,0.8195,,6
2026-06-11,US.INTC,CALL,50.58,CALL 占比 68%; CALL 较基线 1.6x; 总量较基线 1.7x,450662,211034,661696,0.6811,0.3189,0.4683,1.642,1.701,CALL,0.6945,,6
2026-06-11,US.MARA,CALL,49.19,CALL 占比 75%; CALL 较基线 1.4x; 总量较基线 1.3x,134711,44037,178748,0.7536,0.2464,0.3269,1.4,1.308,CALL,0.6974,,6
2026-06-11,US.OPEN,CALL,48.71,CALL 占比 94%; CALL 较基线 0.8x; 总量较基线 0.8x,75697,5227,80924,0.9354,0.0646,0.0691,0.836,0.768,CALL,0.8591,,6
2026-06-11,US.SCO,CALL,45.78,CALL 占比 75%; CALL 较基线 1.3x; 总量较基线 1.0x,4781,1633,6414,0.7454,0.2546,0.3416,1.277,0.958,CALL,0.5753,,6
2026-06-11,US.TWLO,CALL,45.73,CALL 占比 81%; CALL 较基线 1.0x; 总量较基线 0.9x,3984,954,4938,0.8068,0.1932,0.2395,0.998,0.912,CALL,0.7211,,6
2026-06-11,US.RDDT,CALL,45.55,CALL 占比 82%; CALL 较基线 0.9x; 总量较基线 0.9x,25621,5622,31243,0.8201,0.1799,0.2194,0.926,0.891,CALL,0.7801,,6
2026-06-11,US.GDS,CALL,45.52,CALL 占比 97%; CALL 较基线 0.5x; 总量较基线 0.5x,1529,46,1575,0.9708,0.0292,0.0301,0.48,0.473,CALL,0.8705,,6
2026-06-11,US.SQQQ,CALL,45.05,CALL 占比 79%; CALL 较基线 0.9x; 总量较基线 1.0x,83913,22812,106725,0.7863,0.2137,0.2719,0.937,1.017,CALL,0.8412,,6
2026-06-11,US.CRWD,CALL,45.02,CALL 占比 71%; CALL 较基线 1.4x; 总量较基线 0.9x,16281,6612,22893,0.7112,0.2888,0.4061,1.375,0.928,PUT,0.4862,,6
2026-06-11,US.SOFI,CALL,44.81,CALL 占比 75%; CALL 较基线 1.0x; 总量较基线 1.1x,197812,64433,262245,0.7543,0.2457,0.3257,1.033,1.062,CALL,0.778,,6
2026-06-11,US.AMD,CALL,44.51,CALL 占比 68%; CALL 较基线 1.3x; 总量较基线 1.2x,153223,72429,225652,0.679,0.321,0.4727,1.302,1.155,CALL,0.6023,,6
2026-06-11,US.APLD,CALL,44.3,CALL 占比 72%; CALL 较基线 1.1x; 总量较基线 1.1x,44300,17324,61624,0.7189,0.2811,0.3911,1.093,1.132,CALL,0.7192,,6
2026-06-11,US.SPY,PUT,43.62,PUT 占比 54%; PUT 较基线 1.6x; 总量较基线 1.6x,5947950,6928355,12876305,0.4619,0.5381,1.1648,1.569,1.591,PUT,0.5526,,6
2026-06-11,US.COIN,CALL,42.81,CALL 占比 63%; CALL 较基线 1.3x; 总量较基线 1.3x,79778,47270,127048,0.6279,0.3721,0.5925,1.262,1.267,CALL,0.6404,,6
2026-06-11,US.CBRS,CALL,42.73,CALL 占比 78%; CALL 较基线 0.8x; 总量较基线 0.8x,15649,4398,20047,0.7806,0.2194,0.281,0.834,0.806,CALL,0.7294,,6
2026-06-11,US.HPE,CALL,42.23,CALL 占比 83%; CALL 较基线 0.7x; 总量较基线 0.6x,32300,6449,38749,0.8336,0.1664,0.1997,0.657,0.605,CALL,0.7754,,6
2026-06-11,US.QQQ,CALL,41.99,CALL 占比 51%; CALL 较基线 1.6x; 总量较基线 1.5x,3805052,3627809,7432861,0.5119,0.4881,0.9534,1.58,1.48,PUT,0.4802,,6
2026-06-11,US.GOOGL,CALL,41.97,CALL 占比 63%; CALL 较基线 1.1x; 总量较基线 1.3x,245026,143965,388991,0.6299,0.3701,0.5875,1.111,1.315,CALL,0.742,,6
2026-06-11,US.XOM,CALL,41.91,CALL 占比 64%; CALL 较基线 1.2x; 总量较基线 1.2x,35098,19860,54958,0.6386,0.3614,0.5658,1.156,1.187,CALL,0.6392,,6
2026-06-11,US.DUOL,CALL,41.68,CALL 占比 69%; CALL 较基线 1.0x; 总量较基线 1.0x,4711,2135,6846,0.6881,0.3119,0.4532,1.014,1.006,CALL,0.6616,,6
2026-06-11,US.WDAY,CALL,41.68,CALL 占比 51%; CALL 较基线 1.4x; 总量较基线 1.6x,4708,4571,9279,0.5074,0.4926,0.9709,1.439,1.646,CALL,0.5841,,6
2026-06-11,US.CVX,CALL,41.61,CALL 占比 64%; CALL 较基线 1.1x; 总量较基线 1.2x,20223,11340,31563,0.6407,0.3593,0.5607,1.096,1.202,CALL,0.6975,,6
2026-06-11,US.DDOG,CALL,41.42,CALL 占比 73%; CALL 较基线 0.9x; 总量较基线 0.8x,9621,3507,13128,0.7329,0.2671,0.3645,0.899,0.818,CALL,0.6233,,6
2026-06-11,US.NOK,CALL,41.26,CALL 占比 84%; CALL 较基线 0.6x; 总量较基线 0.6x,220253,43467,263720,0.8352,0.1648,0.1974,0.559,0.564,CALL,0.8443,,6
2026-06-11,US.IWM,PUT,41.21,PUT 占比 59%; PUT 较基线 1.2x; 总量较基线 1.3x,910310,1319269,2229579,0.4083,0.5917,1.4493,1.197,1.327,PUT,0.6756,,6
2026-06-11,US.SOXL,CALL,41.13,CALL 占比 57%; CALL 较基线 1.4x; 总量较基线 1.2x,58073,43040,101113,0.5743,0.4257,0.7411,1.364,1.209,CALL,0.5147,,6
2026-06-11,US.SOUN,CALL,40.97,CALL 占比 61%; CALL 较基线 1.1x; 总量较基线 1.3x,62447,39670,102117,0.6115,0.3885,0.6353,1.077,1.316,CALL,0.7785,,6
2026-06-11,US.DJT,CALL,40.72,CALL 占比 82%; CALL 较基线 0.6x; 总量较基线 0.6x,7831,1753,9584,0.8171,0.1829,0.2239,0.587,0.557,CALL,0.7823,,6
2026-06-11,US.SAP,CALL,40.54,CALL 占比 66%; CALL 较基线 0.9x; 总量较基线 1.1x,3810,1994,5804,0.6564,0.3436,0.5234,0.94,1.128,CALL,0.7591,,6
2026-06-11,US.OKLO,CALL,40.0,CALL 占比 73%; CALL 较基线 0.8x; 总量较基线 0.8x,31379,11657,43036,0.7291,0.2709,0.3715,0.77,0.779,CALL,0.7124,,6
2026-06-11,US.AMZN,CALL,39.86,CALL 占比 66%; CALL 较基线 1.0x; 总量较基线 1.0x,313567,162274,475841,0.659,0.341,0.5175,0.958,0.973,CALL,0.6709,,6
2026-06-11,US.YINN,CALL,39.79,CALL 占比 59%; CALL 较基线 1.1x; 总量较基线 1.2x,3709,2610,6319,0.587,0.413,0.7037,1.147,1.19,CALL,0.6306,,6
2026-06-11,US.NVDA,CALL,39.44,CALL 占比 64%; CALL 较基线 1.0x; 总量较基线 1.0x,1196062,665357,1861419,0.6426,0.3574,0.5563,0.983,0.978,CALL,0.6626,,6
2026-06-11,US.IBIT,PUT,39.27,PUT 占比 66%; PUT 较基线 1.0x; 总量较基线 0.9x,147653,280787,428440,0.3446,0.6554,1.9017,0.962,0.894,PUT,0.5934,,6
2026-06-11,US.MSTR,CALL,39.14,CALL 占比 59%; CALL 较基线 1.3x; 总量较基线 0.9x,138997,98019,237016,0.5864,0.4136,0.7052,1.278,0.909,PUT,0.4199,,6
2026-06-11,US.TSM,PUT,39.07,PUT 占比 61%; PUT 较基线 1.2x; 总量较基线 0.8x,35667,56319,91986,0.3877,0.6123,1.579,1.195,0.835,CALL,0.4259,,6
2026-06-11,US.MRVL,CALL,38.58,CALL 占比 66%; CALL 较基线 0.8x; 总量较基线 0.9x,152238,78059,230297,0.6611,0.3389,0.5127,0.82,0.93,CALL,0.7508,,6
2026-06-11,US.BBAI,CALL,38.49,CALL 占比 78%; CALL 较基线 0.5x; 总量较基线 0.5x,28840,8355,37195,0.7754,0.2246,0.2897,0.523,0.548,CALL,0.8198,,6
2026-06-11,US.SNOW,CALL,37.9,CALL 占比 69%; CALL 较基线 0.7x; 总量较基线 0.8x,16705,7586,24291,0.6877,0.3123,0.4541,0.734,0.753,CALL,0.7108,,6
2026-06-11,US.AVGO,CALL,37.89,CALL 占比 70%; CALL 较基线 0.8x; 总量较基线 0.7x,101813,44688,146501,0.695,0.305,0.4389,0.771,0.653,CALL,0.5697,,6
2026-06-11,US.BMNR,CALL,37.86,CALL 占比 64%; CALL 较基线 0.9x; 总量较基线 0.9x,58720,32321,91041,0.645,0.355,0.5504,0.851,0.876,CALL,0.6741,,6
2026-06-11,US.AEHR,CALL,37.24,CALL 占比 71%; CALL 较基线 0.7x; 总量较基线 0.6x,2074,849,2923,0.7095,0.2905,0.4094,0.674,0.579,CALL,0.5932,,6
2026-06-11,US.LI,PUT,37.05,PUT 占比 52%; PUT 较基线 1.4x; 总量较基线 0.9x,2865,3050,5915,0.4844,0.5156,1.0646,1.367,0.915,CALL,0.3331,,6
2026-06-11,US.NBIS,PUT,36.83,PUT 占比 53%; PUT 较基线 1.2x; 总量较基线 1.0x,40481,44898,85379,0.4741,0.5259,1.1091,1.226,0.997,CALL,0.4122,,6
2026-06-11,US.MSFT,CALL,36.6,CALL 占比 53%; CALL 较基线 0.9x; 总量较基线 1.3x,254394,223996,478390,0.5318,0.4682,0.8805,0.945,1.295,CALL,0.7383,,6
2026-06-11,US.AAPL,CALL,35.92,CALL 占比 61%; CALL 较基线 0.8x; 总量较基线 0.8x,474344,303446,777790,0.6099,0.3901,0.6397,0.816,0.833,CALL,0.6625,,6
2026-06-11,US.CRWV,CALL,35.86,CALL 占比 58%; CALL 较基线 0.9x; 总量较基线 1.0x,74274,54645,128919,0.5761,0.4239,0.7357,0.868,0.978,CALL,0.6553,,6
2026-06-11,US.VST,CALL,35.36,CALL 占比 64%; CALL 较基线 0.7x; 总量较基线 0.7x,16709,9474,26183,0.6382,0.3618,0.567,0.688,0.721,CALL,0.5651,,6
2026-06-11,US.PANW,CALL,35.27,CALL 占比 56%; CALL 较基线 0.9x; 总量较基线 0.9x,14982,11859,26841,0.5582,0.4418,0.7915,0.943,0.9,CALL,0.5658,,6
2026-06-11,US.RBRK,CALL,34.77,CALL 占比 75%; CALL 较基线 0.3x; 总量较基线 0.4x,3245,1059,4304,0.7539,0.2461,0.3263,0.31,0.356,CALL,0.8473,,6
2026-06-11,US.NET,CALL,34.62,CALL 占比 67%; CALL 较基线 0.6x; 总量较基线 0.5x,4834,2356,7190,0.6723,0.3277,0.4874,0.601,0.486,CALL,0.564,,6
2026-06-11,US.NOW,CALL,34.54,CALL 占比 59%; CALL 较基线 0.7x; 总量较基线 0.9x,53362,37711,91073,0.5859,0.4141,0.7067,0.73,0.878,CALL,0.7173,,6
2026-06-11,US.QCOM,CALL,34.54,CALL 占比 71%; CALL 较基线 0.4x; 总量较基线 0.5x,31127,12751,43878,0.7094,0.2906,0.4096,0.432,0.451,CALL,0.6732,,6
2026-06-11,US.IBM,CALL,34.32,CALL 占比 63%; CALL 较基线 0.6x; 总量较基线 0.7x,19692,11342,31034,0.6345,0.3655,0.576,0.607,0.681,CALL,0.6947,,6
2026-06-11,US.TNA,PUT,34.28,PUT 占比 55%; PUT 较基线 0.9x; 总量较基线 0.9x,6861,8370,15231,0.4505,0.5495,1.2199,0.882,0.874,PUT,0.5327,,6
2026-06-11,US.UVXY,CALL,34.12,CALL 占比 54%; CALL 较基线 0.7x; 总量较基线 1.1x,19697,16464,36161,0.5447,0.4553,0.8359,0.718,1.099,CALL,0.8185,,6
2026-06-11,US.ASX,CALL,34.08,CALL 占比 70%; CALL 较基线 0.4x; 总量较基线 0.5x,1123,475,1598,0.7028,0.2972,0.423,0.406,0.452,CALL,0.7845,,6
2026-06-11,US.GEV,PUT,34.05,PUT 占比 54%; PUT 较基线 0.9x; 总量较基线 0.9x,4672,5421,10093,0.4629,0.5371,1.1603,0.866,0.939,PUT,0.5654,,6
2026-06-11,US.FCX,CALL,33.92,CALL 占比 62%; CALL 较基线 0.6x; 总量较基线 0.7x,23399,14518,37917,0.6171,0.3829,0.6205,0.631,0.699,CALL,0.6719,,6
2026-06-11,US.VEEV,CALL,33.91,CALL 占比 77%; CALL 较基线 0.2x; 总量较基线 0.2x,933,278,1211,0.7704,0.2296,0.298,0.234,0.204,CALL,0.6875,,6
2026-06-11,US.TSLA,CALL,33.69,CALL 占比 57%; CALL 较基线 0.8x; 总量较基线 0.8x,771901,588522,1360423,0.5674,0.4326,0.7624,0.787,0.783,CALL,0.595,,6
2026-06-11,US.SVIX,CALL,33.05,CALL 占比 57%; CALL 较基线 0.8x; 总量较基线 0.6x,2369,1784,4153,0.5704,0.4296,0.7531,0.794,0.647,PUT,0.4642,,6
2026-06-11,US.CRCL,CALL,33.0,CALL 占比 56%; CALL 较基线 0.7x; 总量较基线 0.8x,24282,18738,43020,0.5644,0.4356,0.7717,0.728,0.765,CALL,0.6119,,6
2026-06-11,US.FUTU,CALL,32.88,CALL 占比 60%; CALL 较基线 0.7x; 总量较基线 0.5x,3146,2112,5258,0.5983,0.4017,0.6713,0.723,0.526,PUT,0.428,,6
2026-06-11,US.MRNA,CALL,32.74,CALL 占比 56%; CALL 较基线 0.6x; 总量较基线 0.9x,19274,15289,34563,0.5576,0.4424,0.7932,0.616,0.919,CALL,0.8117,,6
2026-06-11,US.DELL,PUT,32.7,PUT 占比 52%; PUT 较基线 0.9x; 总量较基线 0.8x,14023,15213,29236,0.4796,0.5204,1.0849,0.914,0.762,CALL,0.4451,,6
2026-06-11,US.TIGR,CALL,32.56,CALL 占比 62%; CALL 较基线 0.6x; 总量较基线 0.6x,1981,1226,3207,0.6177,0.3823,0.6189,0.552,0.573,CALL,0.6649,,6
2026-06-11,US.PLTR,CALL,32.36,CALL 占比 54%; CALL 较基线 0.7x; 总量较基线 0.9x,139128,120773,259901,0.5353,0.4647,0.8681,0.697,0.894,CALL,0.6909,,6
2026-06-11,US.TEAM,CALL,31.94,CALL 占比 54%; CALL 较基线 0.7x; 总量较基线 0.9x,2823,2437,5260,0.5367,0.4633,0.8633,0.666,0.858,CALL,0.7129,,6
2026-06-11,US.META,CALL,31.59,CALL 占比 54%; CALL 较基线 0.6x; 总量较基线 0.8x,135573,115593,251166,0.5398,0.4602,0.8526,0.64,0.813,CALL,0.6856,,6
2026-06-11,US.MP,CALL,31.34,CALL 占比 52%; CALL 较基线 0.7x; 总量较基线 0.8x,7938,7455,15393,0.5157,0.4843,0.9392,0.742,0.796,CALL,0.5555,,6
2026-06-11,US.IREN,CALL,31.11,CALL 占比 52%; CALL 较基线 0.7x; 总量较基线 0.8x,99480,90004,189484,0.525,0.475,0.9047,0.673,0.787,CALL,0.6219,,6
2026-06-11,US.IGV,PUT,30.66,PUT 占比 56%; PUT 较基线 0.6x; 总量较基线 0.5x,27425,35550,62975,0.4355,0.5645,1.2963,0.61,0.533,CALL,0.4819,,6
2026-06-11,US.COHR,CALL,30.52,CALL 占比 55%; CALL 较基线 0.6x; 总量较基线 0.6x,5875,4848,10723,0.5479,0.4521,0.8252,0.643,0.576,CALL,0.5172,,6
2026-06-11,US.EWT,CALL,30.38,CALL 占比 73%; CALL 较基线 0.1x; 总量较基线 0.1x,534,199,733,0.7285,0.2715,0.3727,0.087,0.091,CALL,0.6778,,6
2026-06-11,US.LITE,CALL,29.08,CALL 占比 51%; CALL 较基线 0.6x; 总量较基线 0.7x,5897,5679,11576,0.5094,0.4906,0.963,0.577,0.681,CALL,0.5987,,6
2026-06-11,US.GEMI,CALL,26.32,CALL 占比 50%; CALL 较基线 0.4x; 总量较基线 0.5x,657,645,1302,0.5046,0.4954,0.9817,0.413,0.472,CALL,0.5752,,6
2026-06-11,US.GFS,CALL,25.92,CALL 占比 55%; CALL 较基线 0.2x; 总量较基线 0.3x,2504,2032,4536,0.552,0.448,0.8115,0.229,0.335,CALL,0.7288,,6
2026-06-10,US.VST,CALL,98.7,CALL 占比 81%; CALL 较基线 6.1x; 总量较基线 4.4x,82913,19123,102036,0.8126,0.1874,0.2306,6.087,4.367,CALL,0.5586,,6
2026-06-10,US.ASML,CALL,62.84,CALL 占比 84%; CALL 较基线 2.3x; 总量较基线 1.8x,19187,3599,22786,0.8421,0.1579,0.1876,2.279,1.821,CALL,0.6806,,6
2026-06-10,US.SAP,CALL,61.28,CALL 占比 92%; CALL 较基线 1.9x; 总量较基线 1.6x,6935,595,7530,0.921,0.079,0.0858,1.884,1.562,CALL,0.7454,,6
2026-06-10,US.HOOD,CALL,60.95,CALL 占比 84%; CALL 较基线 2.0x; 总量较基线 1.9x,359434,67194,426628,0.8425,0.1575,0.1869,1.974,1.909,CALL,0.814,,6
2026-06-10,US.GEV,PUT,59.58,PUT 占比 59%; PUT 较基线 2.6x; 总量较基线 2.5x,8591,12503,21094,0.4073,0.5927,1.4554,2.603,2.508,PUT,0.5555,,6
2026-06-10,US.ORCL,CALL,56.1,CALL 占比 66%; CALL 较基线 2.0x; 总量较基线 2.2x,262794,134816,397610,0.6609,0.3391,0.513,2.035,2.232,CALL,0.7267,,6
2026-06-10,US.RXRX,CALL,56.05,CALL 占比 94%; CALL 较基线 1.3x; 总量较基线 1.3x,26154,1681,27835,0.9396,0.0604,0.0643,1.339,1.292,CALL,0.8888,,6
2026-06-10,US.SMCI,CALL,55.84,CALL 占比 59%; CALL 较基线 2.0x; 总量较基线 2.7x,283128,196143,479271,0.5907,0.4093,0.6928,1.97,2.743,CALL,0.8148,,6
2026-06-10,US.FUTU,CALL,55.47,"CALL 占比 68%; CALL 较基线 1.7x; 总量较基线 1.0x; 方向反转 PUT->CALL, 占比提升 29%",6921,3197,10118,0.684,0.316,0.4619,1.676,0.976,PUT,0.3893,8.84,6
2026-06-10,US.UVXY,CALL,53.15,CALL 占比 81%; CALL 较基线 1.5x; 总量较基线 1.5x,34485,8217,42702,0.8076,0.1924,0.2383,1.476,1.507,CALL,0.7943,,6
2026-06-10,US.TSLA,PUT,52.44,PUT 占比 56%; PUT 较基线 2.5x; 总量较基线 1.7x,1143233,1463294,2606527,0.4386,0.5614,1.28,2.478,1.694,CALL,0.3662,,6
2026-06-10,US.SPY,PUT,51.7,PUT 占比 57%; PUT 较基线 2.1x; 总量较基线 2.0x,5408822,7098480,12507302,0.4325,0.5675,1.3124,2.119,2.008,PUT,0.5457,,6
2026-06-10,US.SCO,CALL,50.72,CALL 占比 78%; CALL 较基线 1.6x; 总量较基线 1.1x,5354,1502,6856,0.7809,0.2191,0.2805,1.638,1.064,CALL,0.5229,,6
2026-06-10,US.OPEN,CALL,50.38,CALL 占比 89%; CALL 较基线 1.1x; 总量较基线 1.0x,119591,14602,134193,0.8912,0.1088,0.1221,1.054,1.049,CALL,0.8695,,6
2026-06-10,US.MRNA,CALL,50.23,CALL 占比 82%; CALL 较基线 1.2x; 总量较基线 1.2x,33752,7281,41033,0.8226,0.1774,0.2157,1.242,1.233,CALL,0.7734,,6
2026-06-10,US.IWM,PUT,49.22,PUT 占比 63%; PUT 较基线 1.7x; 总量较基线 1.8x,875228,1502044,2377272,0.3682,0.6318,1.7162,1.675,1.759,PUT,0.6834,,6
2026-06-10,US.SOUN,CALL,49.2,CALL 占比 57%; CALL 较基线 1.6x; 总量较基线 2.3x,84031,62518,146549,0.5734,0.4266,0.744,1.575,2.277,CALL,0.8228,,6
2026-06-10,US.CVX,CALL,47.93,CALL 占比 68%; CALL 较基线 1.5x; 总量较基线 1.5x,23783,11257,35040,0.6787,0.3213,0.4733,1.458,1.519,CALL,0.6991,,6
2026-06-10,US.SQQQ,CALL,47.69,CALL 占比 78%; CALL 较基线 1.1x; 总量较基线 1.2x,91430,25711,117141,0.7805,0.2195,0.2812,1.122,1.248,CALL,0.8521,,6
2026-06-10,US.DUOL,CALL,47.12,CALL 占比 62%; CALL 较基线 1.5x; 总量较基线 1.7x,6432,3983,10415,0.6176,0.3824,0.6192,1.524,1.705,CALL,0.6625,,6
2026-06-10,US.JD,CALL,46.98,CALL 占比 77%; CALL 较基线 1.2x; 总量较基线 1.1x,21271,6206,27477,0.7741,0.2259,0.2918,1.179,1.098,CALL,0.7353,,6
2026-06-10,US.APLD,CALL,46.48,CALL 占比 77%; CALL 较基线 1.1x; 总量较基线 1.1x,44369,12931,57300,0.7743,0.2257,0.2914,1.122,1.088,CALL,0.7283,,6
2026-06-10,US.QQQ,PUT,45.48,PUT 占比 53%; PUT 较基线 1.8x; 总量较基线 1.7x,3193573,3646213,6839786,0.4669,0.5331,1.1417,1.751,1.691,PUT,0.5097,,6
2026-06-10,US.IGV,PUT,45.31,PUT 占比 62%; PUT 较基线 1.7x; 总量较基线 1.2x,51393,84860,136253,0.3772,0.6228,1.6512,1.676,1.165,CALL,0.4281,,6
2026-06-10,US.AAPL,CALL,44.77,CALL 占比 58%; CALL 较基线 1.4x; 总量较基线 1.6x,806182,571953,1378135,0.585,0.415,0.7095,1.448,1.63,CALL,0.6946,,6
2026-06-10,US.SOXS,CALL,44.48,CALL 占比 79%; CALL 较基线 0.9x; 总量较基线 0.9x,248197,64623,312820,0.7934,0.2066,0.2604,0.895,0.931,CALL,0.8196,,6
2026-06-10,US.BBAI,CALL,44.35,CALL 占比 87%; CALL 较基线 0.7x; 总量较基线 0.7x,43986,6766,50752,0.8667,0.1333,0.1538,0.713,0.664,CALL,0.811,,6
2026-06-10,US.DJT,CALL,43.85,CALL 占比 65%; CALL 较基线 1.2x; 总量较基线 1.4x,14827,7935,22762,0.6514,0.3486,0.5352,1.152,1.429,CALL,0.8071,,6
2026-06-10,US.ADSK,PUT,43.84,PUT 占比 64%; PUT 较基线 1.6x; 总量较基线 0.9x,1068,1913,2981,0.3583,0.6417,1.7912,1.63,0.855,CALL,0.3715,,6
2026-06-10,US.SBET,CALL,43.78,CALL 占比 68%; CALL 较基线 1.2x; 总量较基线 1.2x,12758,6100,18858,0.6765,0.3235,0.4781,1.216,1.165,CALL,0.6714,,6
2026-06-10,US.TSM,CALL,42.88,CALL 占比 58%; CALL 较基线 1.4x; 总量较基线 1.4x,79319,57962,137281,0.5778,0.4222,0.7307,1.413,1.41,CALL,0.5817,,6
2026-06-10,US.CBRS,CALL,42.36,CALL 占比 71%; CALL 较基线 1.0x; 总量较基线 1.0x,17747,7199,24946,0.7114,0.2886,0.4056,0.964,1.031,CALL,0.7364,,6
2026-06-10,US.SNOW,CALL,42.08,CALL 占比 72%; CALL 较基线 1.0x; 总量较基线 1.0x,24252,9549,33801,0.7175,0.2825,0.3937,0.958,0.954,CALL,0.7165,,6
2026-06-10,US.GOOGL,CALL,41.8,CALL 占比 69%; CALL 较基线 1.0x; 总量较基线 1.0x,227964,100515,328479,0.694,0.306,0.4409,0.98,1.033,CALL,0.7351,,6
2026-06-10,US.XOM,CALL,41.78,CALL 占比 69%; CALL 较基线 1.0x; 总量较基线 1.0x,29627,13180,42807,0.6921,0.3079,0.4449,1.028,0.98,CALL,0.6502,,6
2026-06-10,US.LITE,CALL,41.39,CALL 占比 70%; CALL 较基线 1.0x; 总量较基线 0.9x,11323,4895,16218,0.6982,0.3018,0.4323,1.011,0.896,CALL,0.6083,,6
2026-06-10,US.PLTR,CALL,41.36,CALL 占比 72%; CALL 较基线 0.9x; 总量较基线 0.9x,193388,74540,267928,0.7218,0.2782,0.3854,0.91,0.868,CALL,0.6904,,6
2026-06-10,US.COIN,CALL,41.25,CALL 占比 69%; CALL 较基线 1.0x; 总量较基线 0.9x,61537,27214,88751,0.6934,0.3066,0.4422,1.017,0.897,CALL,0.6184,,6
2026-06-10,US.IREN,PUT,41.14,PUT 占比 53%; PUT 较基线 1.7x; 总量较基线 1.0x,116297,132685,248982,0.4671,0.5329,1.1409,1.715,1.017,CALL,0.3138,,6
2026-06-10,US.SOFI,CALL,41.12,CALL 占比 75%; CALL 较基线 0.8x; 总量较基线 0.8x,160381,53172,213553,0.751,0.249,0.3315,0.773,0.815,CALL,0.7932,,6
2026-06-10,US.BMNR,CALL,40.89,CALL 占比 73%; CALL 较基线 0.9x; 总量较基线 0.8x,64668,24216,88884,0.7276,0.2724,0.3745,0.873,0.8,CALL,0.6723,,6
2026-06-10,US.TIGR,CALL,40.8,CALL 占比 77%; CALL 较基线 0.8x; 总量较基线 0.7x,4079,1237,5316,0.7673,0.2327,0.3033,0.766,0.663,CALL,0.6589,,6
2026-06-10,US.BABA,CALL,40.62,CALL 占比 66%; CALL 较基线 0.9x; 总量较基线 1.1x,63163,31919,95082,0.6643,0.3357,0.5053,0.941,1.086,CALL,0.7572,,6
2026-06-10,US.AEHR,CALL,39.92,CALL 占比 73%; CALL 较基线 0.8x; 总量较基线 0.7x,2946,1079,4025,0.7319,0.2681,0.3663,0.823,0.675,CALL,0.5759,,6
2026-06-10,US.MSFT,CALL,39.38,CALL 占比 66%; CALL 较基线 0.9x; 总量较基线 1.0x,262689,136709,399398,0.6577,0.3423,0.5204,0.869,1.02,CALL,0.7732,,6
2026-06-10,US.RBRK,CALL,39.29,CALL 占比 86%; CALL 较基线 0.3x; 总量较基线 0.3x,3958,628,4586,0.8631,0.1369,0.1587,0.339,0.342,CALL,0.8553,,6
2026-06-10,US.NOW,CALL,38.63,CALL 占比 75%; CALL 较基线 0.6x; 总量较基线 0.6x,55663,18234,73897,0.7533,0.2467,0.3276,0.613,0.599,CALL,0.7326,,6
2026-06-10,US.TEAM,CALL,38.43,CALL 占比 78%; CALL 较基线 0.5x; 总量较基线 0.5x,2991,853,3844,0.7781,0.2219,0.2852,0.548,0.487,CALL,0.7021,,6
2026-06-10,US.NET,PUT,38.41,PUT 占比 57%; PUT 较基线 1.3x; 总量较基线 0.9x,5746,7617,13363,0.43,0.57,1.3256,1.291,0.882,CALL,0.3685,,6
2026-06-10,US.CRCL,CALL,38.26,CALL 占比 69%; CALL 较基线 0.8x; 总量较基线 0.7x,28650,12689,41339,0.6931,0.3069,0.4429,0.798,0.692,CALL,0.6139,,6
2026-06-10,US.NBIS,CALL,38.21,CALL 占比 59%; CALL 较基线 1.0x; 总量较基线 1.0x,52324,36236,88560,0.5908,0.4092,0.6925,1.049,1.031,CALL,0.5953,,6
2026-06-10,US.AMZN,CALL,37.48,CALL 占比 56%; CALL 较基线 1.0x; 总量较基线 1.2x,315404,250281,565685,0.5576,0.4424,0.7935,0.975,1.23,CALL,0.7028,,6
2026-06-10,US.CRWV,CALL,37.34,CALL 占比 67%; CALL 较基线 0.7x; 总量较基线 0.8x,71352,34493,105845,0.6741,0.3259,0.4834,0.734,0.75,CALL,0.6883,,6
2026-06-10,US.META,CALL,37.33,CALL 占比 55%; CALL 较基线 1.0x; 总量较基线 1.3x,220447,181538,401985,0.5484,0.4516,0.8235,0.954,1.293,CALL,0.7292,,6
2026-06-10,US.WDAY,CALL,37.3,CALL 占比 62%; CALL 较基线 0.9x; 总量较基线 0.9x,3677,2271,5948,0.6182,0.3818,0.6176,0.902,0.892,CALL,0.598,,6
2026-06-10,US.NVDA,CALL,37.12,CALL 占比 55%; CALL 较基线 1.0x; 总量较基线 1.2x,1326507,1090482,2416989,0.5488,0.4512,0.8221,0.967,1.238,CALL,0.7096,,6
2026-06-10,US.NOK,CALL,37.01,CALL 占比 81%; CALL 较基线 0.3x; 总量较基线 0.4x,149060,35965,185025,0.8056,0.1944,0.2413,0.336,0.35,CALL,0.8446,,6
2026-06-10,US.PANW,CALL,37.0,CALL 占比 79%; CALL 较基线 0.4x; 总量较基线 0.3x,11099,2871,13970,0.7945,0.2055,0.2587,0.429,0.298,CALL,0.5352,,6
2026-06-10,US.MARA,CALL,36.84,CALL 占比 72%; CALL 较基线 0.6x; 总量较基线 0.6x,57055,22667,79722,0.7157,0.2843,0.3973,0.593,0.577,CALL,0.6851,,6
2026-06-10,US.RDDT,CALL,36.36,CALL 占比 73%; CALL 较基线 0.5x; 总量较基线 0.5x,14696,5461,20157,0.7291,0.2709,0.3716,0.494,0.541,CALL,0.7939,,6
2026-06-10,US.CRM,CALL,36.03,CALL 占比 64%; CALL 较基线 0.7x; 总量较基线 0.8x,29972,16768,46740,0.6412,0.3588,0.5595,0.734,0.753,CALL,0.6562,,6
2026-06-10,US.UPST,CALL,35.44,CALL 占比 62%; CALL 较基线 0.7x; 总量较基线 0.8x,6626,4133,10759,0.6159,0.3841,0.6238,0.739,0.815,CALL,0.6916,,6
2026-06-10,US.MRVL,CALL,35.38,CALL 占比 69%; CALL 较基线 0.5x; 总量较基线 0.6x,116139,51404,167543,0.6932,0.3068,0.4426,0.519,0.584,CALL,0.7772,,6
2026-06-10,US.MDB,CALL,35.24,CALL 占比 61%; CALL 较基线 0.7x; 总量较基线 0.8x,5816,3674,9490,0.6129,0.3871,0.6317,0.717,0.831,CALL,0.6884,,6
2026-06-10,US.AVGO,PUT,34.56,PUT 占比 51%; PUT 较基线 1.2x; 总量较基线 0.8x,92325,95800,188125,0.4908,0.5092,1.0376,1.16,0.818,CALL,0.373,,6
2026-06-10,US.HPE,CALL,34.28,CALL 占比 75%; CALL 较基线 0.3x; 总量较基线 0.3x,28756,9407,38163,0.7535,0.2465,0.3271,0.287,0.306,CALL,0.7888,,6
2026-06-10,US.DDOG,CALL,34.27,CALL 占比 62%; CALL 较基线 0.6x; 总量较基线 0.7x,7443,4474,11917,0.6246,0.3754,0.6011,0.642,0.691,CALL,0.6307,,6
2026-06-10,US.SOXL,PUT,34.11,PUT 占比 51%; PUT 较基线 1.0x; 总量较基线 0.9x,37670,39620,77290,0.4874,0.5126,1.0518,1.003,0.931,CALL,0.4685,,6
2026-06-10,US.GDS,CALL,33.88,CALL 占比 79%; CALL 较基线 0.1x; 总量较基线 0.2x,465,122,587,0.7922,0.2078,0.2624,0.143,0.174,CALL,0.8968,,6
2026-06-10,US.DELL,CALL,33.77,CALL 占比 57%; CALL 较基线 0.8x; 总量较基线 0.8x,19437,14799,34236,0.5677,0.4323,0.7614,0.778,0.806,CALL,0.571,,6
2026-06-10,US.MP,PUT,33.4,PUT 占比 53%; PUT 较基线 1.0x; 总量较基线 0.7x,6789,7757,14546,0.4667,0.5333,1.1426,0.983,0.7,CALL,0.3795,,6
2026-06-10,US.IBM,CALL,33.08,CALL 占比 71%; CALL 较基线 0.3x; 总量较基线 0.3x,14256,5738,19994,0.713,0.287,0.4025,0.318,0.335,CALL,0.7181,,6
2026-06-10,US.PDD,CALL,33.03,CALL 占比 59%; CALL 较基线 0.7x; 总量较基线 0.7x,15015,10418,25433,0.5904,0.4096,0.6938,0.68,0.662,CALL,0.5885,,6
2026-06-10,US.SVIX,PUT,33.03,PUT 占比 52%; PUT 较基线 0.8x; 总量较基线 0.9x,2727,2961,5688,0.4794,0.5206,1.0858,0.839,0.915,PUT,0.5802,,6
2026-06-10,US.AMD,CALL,32.82,CALL 占比 51%; CALL 较基线 0.8x; 总量较基线 1.0x,94224,89678,183902,0.5124,0.4876,0.9518,0.799,0.99,CALL,0.6431,,6
2026-06-10,US.LI,PUT,32.68,PUT 占比 51%; PUT 较基线 1.0x; 总量较基线 0.7x,2659,2765,5424,0.4902,0.5098,1.0399,0.994,0.723,CALL,0.335,,6
2026-06-10,US.QCOM,CALL,32.55,CALL 占比 63%; CALL 较基线 0.5x; 总量较基线 0.6x,37937,22414,60351,0.6286,0.3714,0.5908,0.486,0.586,CALL,0.6997,,6
2026-06-10,US.TNA,PUT,32.5,PUT 占比 56%; PUT 较基线 0.7x; 总量较基线 0.7x,5601,7214,12815,0.4371,0.5629,1.288,0.724,0.698,PUT,0.5302,,6
2026-06-10,US.TMF,CALL,32.33,CALL 占比 68%; CALL 较基线 0.4x; 总量较基线 0.4x,2701,1281,3982,0.6783,0.3217,0.4743,0.367,0.377,CALL,0.6603,,6
2026-06-10,US.IBIT,CALL,32.29,CALL 占比 50%; CALL 较基线 1.0x; 总量较基线 0.7x,186537,183165,369702,0.5046,0.4954,0.9819,0.987,0.701,PUT,0.3724,,6
2026-06-10,US.COHR,PUT,31.83,PUT 占比 57%; PUT 较基线 0.7x; 总量较基线 0.6x,5295,7051,12346,0.4289,0.5711,1.3316,0.702,0.561,CALL,0.4411,,6
2026-06-10,US.INTU,CALL,31.46,CALL 占比 51%; CALL 较基线 0.8x; 总量较基线 0.8x,5570,5441,11011,0.5059,0.4941,0.9768,0.772,0.842,CALL,0.5563,,6
2026-06-10,US.VEEV,CALL,31.29,CALL 占比 70%; CALL 较基线 0.2x; 总量较基线 0.2x,1111,474,1585,0.7009,0.2991,0.4266,0.234,0.23,CALL,0.701,,6
2026-06-10,US.GEMI,PUT,31.21,PUT 占比 51%; PUT 较基线 0.8x; 总量较基线 0.7x,1040,1073,2113,0.4922,0.5078,1.0317,0.832,0.706,CALL,0.4252,,6
2026-06-10,US.YINN,CALL,31.19,CALL 占比 62%; CALL 较基线 0.4x; 总量较基线 0.5x,2050,1241,3291,0.6229,0.3771,0.6054,0.439,0.46,CALL,0.6509,,6
2026-06-10,US.ASX,CALL,30.44,CALL 占比 66%; CALL 较基线 0.3x; 总量较基线 0.3x,984,503,1487,0.6617,0.3383,0.5112,0.259,0.317,CALL,0.8172,,6
2026-06-10,US.INTC,CALL,30.31,CALL 占比 57%; CALL 较基线 0.5x; 总量较基线 0.6x,152100,116070,268170,0.5672,0.4328,0.7631,0.48,0.63,CALL,0.7393,,6
2026-06-10,US.MSTR,PUT,29.18,PUT 占比 52%; PUT 较基线 0.6x; 总量较基线 0.7x,91405,97310,188715,0.4844,0.5156,1.0646,0.566,0.672,PUT,0.6105,,6
2026-06-10,US.TWLO,CALL,28.0,CALL 占比 59%; CALL 较基线 0.3x; 总量较基线 0.4x,1372,960,2332,0.5883,0.4117,0.6997,0.285,0.365,CALL,0.7523,,6
2026-06-10,US.CRWD,PUT,27.51,PUT 占比 51%; PUT 较基线 0.5x; 总量较基线 0.5x,6160,6467,12627,0.4878,0.5122,1.0498,0.507,0.494,CALL,0.4839,,6
2026-06-10,US.OKLO,CALL,27.39,CALL 占比 59%; CALL 较基线 0.2x; 总量较基线 0.3x,14921,10391,25312,0.5895,0.4105,0.6964,0.237,0.319,CALL,0.7593,,6
2026-06-10,US.FCX,CALL,26.23,CALL 占比 50%; CALL 较基线 0.4x; 总量较基线 0.5x,17622,17272,34894,0.505,0.495,0.9801,0.37,0.512,CALL,0.7019,,6
2026-06-10,US.GFS,CALL,25.63,CALL 占比 54%; CALL 较基线 0.2x; 总量较基线 0.4x,2938,2502,5440,0.5401,0.4599,0.8516,0.235,0.357,CALL,0.7707,,6
2026-06-10,US.EWT,PUT,22.7,PUT 占比 52%; PUT 较基线 0.2x; 总量较基线 0.1x,389,426,815,0.4773,0.5227,1.0951,0.165,0.078,CALL,0.2821,,6
2026-06-09,US.QQQ,PUT,84.07,PUT 占比 55%; PUT 较基线 4.6x; 总量较基线 4.2x,4654403,5687210,10341613,0.4501,0.5499,1.2219,4.638,4.162,PUT,0.5109,,6
2026-06-09,US.SPY,PUT,82.85,PUT 占比 55%; PUT 较基线 4.4x; 总量较基线 4.2x,7249365,8896515,16145880,0.449,0.551,1.2272,4.418,4.244,PUT,0.5464,,6
2026-06-09,US.UVXY,CALL,76.38,CALL 占比 89%; CALL 较基线 3.1x; 总量较基线 2.7x,53848,6870,60718,0.8869,0.1131,0.1276,3.064,2.732,CALL,0.7782,,6
2026-06-09,US.SQQQ,CALL,71.62,CALL 占比 89%; CALL 较基线 2.6x; 总量较基线 2.5x,161973,20105,182078,0.8896,0.1104,0.1241,2.618,2.515,CALL,0.842,,6
2026-06-09,US.VST,CALL,65.5,CALL 占比 83%; CALL 较基线 2.7x; 总量较基线 1.7x,29541,6078,35619,0.8294,0.1706,0.2057,2.74,1.734,CALL,0.5321,,6
2026-06-09,US.GDS,CALL,65.07,CALL 占比 96%; CALL 较基线 1.9x; 总量较基线 1.9x,5040,203,5243,0.9613,0.0387,0.0403,1.911,1.889,CALL,0.878,,6
2026-06-09,US.IWM,PUT,64.85,PUT 占比 62%; PUT 较基线 2.7x; 总量较基线 3.0x,1111272,1847245,2958517,0.3756,0.6244,1.6623,2.714,3.028,PUT,0.7081,,6
2026-06-09,US.APLD,CALL,64.21,CALL 占比 82%; CALL 较基线 2.4x; 总量较基线 2.1x,80661,17635,98296,0.8206,0.1794,0.2186,2.363,2.08,CALL,0.7132,,6
2026-06-09,US.CRWD,PUT,59.31,"PUT 占比 68%; PUT 较基线 2.0x; 总量较基线 1.2x; 方向反转 CALL->PUT, 占比提升 28%",9699,20636,30335,0.3197,0.6803,2.1276,2.045,1.23,CALL,0.4017,8.36,6
2026-06-09,US.DUOL,CALL,59.0,CALL 占比 72%; CALL 较基线 2.2x; 总量较基线 2.1x,8582,3300,11882,0.7223,0.2777,0.3845,2.217,2.062,CALL,0.6524,,6
2026-06-09,US.SOXS,CALL,58.91,CALL 占比 84%; CALL 较基线 1.8x; 总量较基线 1.8x,418739,77022,495761,0.8446,0.1554,0.1839,1.82,1.761,CALL,0.8138,,6
2026-06-09,US.NET,PUT,53.18,"PUT 占比 61%; PUT 较基线 1.8x; 总量较基线 0.9x; 方向反转 CALL->PUT, 占比提升 29%",8474,13222,21696,0.3906,0.6094,1.5603,1.817,0.908,CALL,0.3152,8.82,6
2026-06-09,US.IGV,PUT,52.52,PUT 占比 57%; PUT 较基线 2.6x; 总量较基线 1.5x,87216,117404,204620,0.4262,0.5738,1.3461,2.564,1.51,CALL,0.3792,,6
2026-06-09,US.GEV,PUT,51.34,PUT 占比 62%; PUT 较基线 1.9x; 总量较基线 1.8x,5505,9079,14584,0.3775,0.6225,1.6492,1.938,1.822,PUT,0.5666,,6
2026-06-09,US.GFS,CALL,50.91,CALL 占比 89%; CALL 较基线 1.1x; 总量较基线 1.0x,14005,1796,15801,0.8863,0.1137,0.1282,1.148,1.045,CALL,0.7476,,5
2026-06-09,US.SVIX,PUT,50.67,PUT 占比 57%; PUT 较基线 2.0x; 总量较基线 2.0x,4620,6160,10780,0.4286,0.5714,1.3333,2.012,1.953,PUT,0.5695,,6
2026-06-09,US.ASML,CALL,50.14,CALL 占比 59%; CALL 较基线 1.7x; 总量较基线 2.1x,13843,9584,23427,0.5909,0.4091,0.6923,1.728,2.113,CALL,0.7097,,6
2026-06-09,US.HOOD,CALL,49.99,CALL 占比 84%; CALL 较基线 1.2x; 总量较基线 1.1x,221358,41725,263083,0.8414,0.1586,0.1885,1.184,1.144,CALL,0.8119,,6
2026-06-09,US.SCO,CALL,49.02,CALL 占比 55%; CALL 较基线 2.0x; 总量较基线 1.8x,6350,5099,11449,0.5546,0.4454,0.803,2.001,1.805,CALL,0.5194,,6
2026-06-09,US.SOXL,PUT,48.01,PUT 占比 53%; PUT 较基线 2.0x; 总量较基线 1.8x,59398,66713,126111,0.471,0.529,1.1232,2.025,1.775,CALL,0.4644,,6
2026-06-09,US.MRNA,CALL,47.48,CALL 占比 86%; CALL 较基线 1.0x; 总量较基线 0.9x,24680,4178,28858,0.8552,0.1448,0.1693,0.982,0.904,CALL,0.7307,,6
2026-06-09,US.RXRX,CALL,46.85,CALL 占比 94%; CALL 较基线 0.7x; 总量较基线 0.7x,16068,1044,17112,0.939,0.061,0.065,0.673,0.651,CALL,0.8862,,6
2026-06-09,US.PANW,PUT,45.96,"PUT 占比 66%; PUT 较基线 1.0x; 总量较基线 0.6x; 方向反转 CALL->PUT, 占比提升 26%",10575,20663,31238,0.3385,0.6615,1.9539,1.014,0.609,CALL,0.4037,7.73,6
2026-06-09,US.EWT,CALL,45.79,CALL 占比 72%; CALL 较基线 1.2x; 总量较基线 1.2x,8717,3306,12023,0.725,0.275,0.3793,1.168,1.242,CALL,0.738,,6
2026-06-09,US.CRCL,CALL,45.66,CALL 占比 70%; CALL 较基线 1.4x; 总量较基线 1.2x,45798,19939,65737,0.6967,0.3033,0.4354,1.351,1.164,CALL,0.6198,,6
2026-06-09,US.DDOG,CALL,45.63,CALL 占比 80%; CALL 较基线 1.1x; 总量较基线 0.8x,15308,3917,19225,0.7963,0.2037,0.2559,1.098,0.832,CALL,0.5881,,6
2026-06-09,US.XOM,CALL,45.52,CALL 占比 69%; CALL 较基线 1.3x; 总量较基线 1.3x,39900,17675,57575,0.693,0.307,0.443,1.275,1.266,CALL,0.668,,6
2026-06-09,US.SMCI,CALL,45.46,CALL 占比 81%; CALL 较基线 0.9x; 总量较基线 0.9x,140249,32326,172575,0.8127,0.1873,0.2305,0.936,0.911,CALL,0.7923,,6
2026-06-09,US.NBIS,CALL,45.26,CALL 占比 57%; CALL 较基线 1.6x; 总量较基线 1.7x,81447,62021,143468,0.5677,0.4323,0.7615,1.561,1.677,CALL,0.613,,6
2026-06-09,US.AMD,PUT,44.82,PUT 占比 52%; PUT 较基线 2.0x; 总量较基线 1.3x,115569,124075,239644,0.4823,0.5177,1.0736,2.015,1.332,CALL,0.3412,,6
2026-06-09,US.COHR,CALL,44.77,CALL 占比 61%; CALL 较基线 1.6x; 总量较基线 1.3x,16725,10703,27428,0.6098,0.3902,0.6399,1.56,1.316,CALL,0.5334,,6
2026-06-09,US.SOFI,CALL,44.69,CALL 占比 77%; CALL 较基线 1.0x; 总量较基线 1.0x,218922,64806,283728,0.7716,0.2284,0.296,0.966,1.017,CALL,0.809,,6
2026-06-09,US.OPEN,CALL,44.53,CALL 占比 88%; CALL 较基线 0.7x; 总量较基线 0.7x,86243,11353,97596,0.8837,0.1163,0.1316,0.655,0.657,CALL,0.8688,,6
2026-06-09,US.JD,CALL,44.29,CALL 占比 80%; CALL 较基线 0.9x; 总量较基线 0.8x,17200,4216,21416,0.8031,0.1969,0.2451,0.918,0.804,CALL,0.7158,,6
2026-06-09,US.MRVL,CALL,44.05,CALL 占比 69%; CALL 较基线 1.1x; 总量较基线 1.3x,227138,102797,329935,0.6884,0.3116,0.4526,1.102,1.283,CALL,0.7972,,6
2026-06-09,US.AAPL,CALL,44.0,CALL 占比 57%; CALL 较基线 1.4x; 总量较基线 1.7x,682954,518095,1201049,0.5686,0.4314,0.7586,1.392,1.687,CALL,0.7196,,6
2026-06-09,US.NOK,CALL,43.83,CALL 占比 82%; CALL 较基线 0.8x; 总量较基线 0.8x,358165,78344,436509,0.8205,0.1795,0.2187,0.778,0.798,CALL,0.8494,,5
2026-06-09,US.ADSK,CALL,43.66,CALL 占比 63%; CALL 较基线 1.4x; 总量较基线 1.2x,3304,1959,5263,0.6278,0.3722,0.5929,1.395,1.232,CALL,0.5846,,6
2026-06-09,US.DJT,CALL,42.82,CALL 占比 84%; CALL 较基线 0.7x; 总量较基线 0.7x,10148,1964,12112,0.8378,0.1622,0.1935,0.667,0.662,CALL,0.8207,,6
2026-06-09,US.RDDT,CALL,42.82,CALL 占比 77%; CALL 较基线 0.8x; 总量较基线 0.9x,28102,8232,36334,0.7734,0.2266,0.2929,0.822,0.885,CALL,0.8194,,6
2026-06-09,US.CBRS,CALL,42.48,CALL 占比 72%; CALL 较基线 1.0x; 总量较基线 1.0x,17130,6690,23820,0.7191,0.2809,0.3905,0.964,1.001,CALL,0.7194,,6
2026-06-09,US.LI,CALL,42.47,CALL 占比 84%; CALL 较基线 0.7x; 总量较基线 0.5x,3656,710,4366,0.8374,0.1626,0.1942,0.73,0.521,CALL,0.6185,,6
2026-06-09,US.ORCL,CALL,42.3,CALL 占比 74%; CALL 较基线 0.9x; 总量较基线 0.9x,162298,57605,219903,0.738,0.262,0.3549,0.886,0.949,CALL,0.7534,,6
2026-06-09,US.GOOGL,CALL,41.73,CALL 占比 71%; CALL 较基线 0.9x; 总量较基线 1.0x,200648,83143,283791,0.707,0.293,0.4144,0.947,0.98,CALL,0.728,,6
2026-06-09,US.LITE,CALL,41.62,CALL 占比 57%; CALL 较基线 1.3x; 总量较基线 1.4x,14241,10699,24940,0.571,0.429,0.7513,1.27,1.436,CALL,0.6288,,6
2026-06-09,US.IBIT,PUT,40.9,PUT 占比 68%; PUT 较基线 1.0x; 总量较基线 0.9x,143491,311910,455401,0.3151,0.6849,2.1737,1.002,0.914,PUT,0.6022,,6
2026-06-09,US.MSFT,CALL,40.75,CALL 占比 69%; CALL 较基线 0.9x; 总量较基线 1.0x,307983,138254,446237,0.6902,0.3098,0.4489,0.861,1.042,CALL,0.818,,6
2026-06-09,US.TNA,CALL,40.75,CALL 占比 57%; CALL 较基线 1.4x; 总量较基线 1.1x,11548,8614,20162,0.5728,0.4272,0.7459,1.429,1.067,PUT,0.4434,,6
2026-06-09,US.BBAI,CALL,40.71,CALL 占比 77%; CALL 较基线 0.7x; 总量较基线 0.7x,54226,16292,70518,0.769,0.231,0.3004,0.683,0.747,CALL,0.8325,,6
2026-06-09,US.MSTR,PUT,40.69,PUT 占比 72%; PUT 较基线 0.9x; 总量较基线 0.8x,58080,147805,205885,0.2821,0.7179,2.5449,0.93,0.755,PUT,0.5653,,6
2026-06-09,US.TSM,CALL,40.54,CALL 占比 53%; CALL 较基线 1.3x; 总量较基线 1.5x,81427,73366,154793,0.526,0.474,0.901,1.277,1.548,CALL,0.6185,,6
2026-06-09,US.WDAY,CALL,40.49,CALL 占比 66%; CALL 较基线 1.0x; 总量较基线 1.0x,5794,2991,8785,0.6595,0.3405,0.5162,1.02,0.992,CALL,0.6056,,6
2026-06-09,US.NVDA,CALL,40.44,CALL 占比 59%; CALL 较基线 1.1x; 总量较基线 1.4x,1475540,1023553,2499093,0.5904,0.4096,0.6937,1.074,1.371,CALL,0.7549,,6
2026-06-09,US.SOUN,CALL,40.17,CALL 占比 79%; CALL 较基线 0.6x; 总量较基线 0.6x,39438,10402,49840,0.7913,0.2087,0.2638,0.593,0.629,CALL,0.8331,,6
2026-06-09,US.UPST,CALL,39.93,CALL 占比 66%; CALL 较基线 1.0x; 总量较基线 1.0x,9355,4858,14213,0.6582,0.3418,0.5193,0.952,0.997,CALL,0.6992,,6
2026-06-09,US.SAP,CALL,39.58,CALL 占比 68%; CALL 较基线 0.8x; 总量较基线 1.0x,4194,2011,6205,0.6759,0.3241,0.4795,0.818,1.0,CALL,0.7803,,6
2026-06-09,US.TSLA,CALL,39.57,CALL 占比 52%; CALL 较基线 1.2x; 总量较基线 1.5x,1064104,997891,2061995,0.5161,0.4839,0.9378,1.219,1.529,CALL,0.659,,6
2026-06-09,US.CVX,CALL,38.71,CALL 占比 61%; CALL 较基线 1.0x; 总量较基线 1.1x,16912,11011,27923,0.6057,0.3943,0.6511,0.958,1.137,CALL,0.7109,,6
2026-06-09,US.BMNR,CALL,38.66,CALL 占比 70%; CALL 较基线 0.8x; 总量较基线 0.7x,59897,25557,85454,0.7009,0.2991,0.4267,0.782,0.729,CALL,0.6575,,6
2026-06-09,US.TEAM,CALL,38.21,CALL 占比 74%; CALL 较基线 0.6x; 总量较基线 0.6x,4584,1572,6156,0.7446,0.2554,0.3429,0.6,0.604,CALL,0.7257,,6
2026-06-09,US.YINN,CALL,38.17,CALL 占比 68%; CALL 较基线 0.8x; 总量较基线 0.8x,3879,1799,5678,0.6832,0.3168,0.4638,0.785,0.76,CALL,0.6579,,6
2026-06-09,US.SBET,CALL,37.56,CALL 占比 81%; CALL 较基线 0.4x; 总量较基线 0.4x,6086,1468,7554,0.8057,0.1943,0.2412,0.401,0.354,CALL,0.6848,,6
2026-06-09,US.AMZN,CALL,37.55,CALL 占比 61%; CALL 较基线 0.8x; 总量较基线 1.0x,320431,202683,523114,0.6125,0.3875,0.6325,0.844,1.049,CALL,0.7461,,6
2026-06-09,US.PDD,CALL,37.47,CALL 占比 66%; CALL 较基线 0.8x; 总量较基线 0.8x,21227,11163,32390,0.6554,0.3446,0.5259,0.834,0.763,CALL,0.6017,,6
2026-06-09,US.MARA,CALL,37.12,CALL 占比 61%; CALL 较基线 0.8x; 总量较基线 1.0x,84917,53663,138580,0.6128,0.3872,0.6319,0.833,0.989,CALL,0.7151,,6
2026-06-09,US.RBRK,CALL,36.87,CALL 占比 77%; CALL 较基线 0.4x; 总量较基线 0.5x,5193,1520,6713,0.7736,0.2264,0.2927,0.399,0.455,CALL,0.8753,,6
2026-06-09,US.IREN,CALL,36.61,CALL 占比 59%; CALL 较基线 0.8x; 总量较基线 1.0x,149520,103157,252677,0.5917,0.4083,0.6899,0.839,1.039,CALL,0.735,,6
2026-06-09,US.AVGO,PUT,36.51,PUT 占比 52%; PUT 较基线 1.4x; 总量较基线 0.8x,90605,96896,187501,0.4832,0.5168,1.0694,1.352,0.836,CALL,0.3211,,6
2026-06-09,US.GEMI,PUT,36.39,PUT 占比 66%; PUT 较基线 0.8x; 总量较基线 0.5x,567,1114,1681,0.3373,0.6627,1.9647,0.847,0.517,CALL,0.3802,,6
2026-06-09,US.ASX,CALL,36.18,CALL 占比 64%; CALL 较基线 0.7x; 总量较基线 0.9x,2585,1448,4033,0.641,0.359,0.5602,0.665,0.87,CALL,0.8492,,6
2026-06-09,US.BABA,CALL,36.06,CALL 占比 65%; CALL 较基线 0.6x; 总量较基线 0.8x,47270,24946,72216,0.6546,0.3454,0.5277,0.649,0.781,CALL,0.782,,6
2026-06-09,US.FUTU,PUT,34.96,PUT 占比 56%; PUT 较基线 0.9x; 总量较基线 0.9x,4561,5774,10335,0.4413,0.5587,1.266,0.875,0.936,PUT,0.6096,,6
2026-06-09,US.OKLO,CALL,34.68,CALL 占比 69%; CALL 较基线 0.5x; 总量较基线 0.6x,32831,15074,47905,0.6853,0.3147,0.4591,0.479,0.572,CALL,0.7935,,6
2026-06-09,US.AEHR,PUT,34.44,PUT 占比 51%; PUT 较基线 1.1x; 总量较基线 0.8x,2457,2604,5061,0.4855,0.5145,1.0598,1.114,0.824,CALL,0.406,,5
2026-06-09,US.VEEV,CALL,34.35,CALL 占比 76%; CALL 较基线 0.3x; 总量较基线 0.3x,1609,498,2107,0.7636,0.2364,0.3095,0.282,0.258,CALL,0.6981,,6
2026-06-09,US.PLTR,CALL,34.27,CALL 占比 58%; CALL 较基线 0.7x; 总量较基线 0.9x,186574,134106,320680,0.5818,0.4182,0.7188,0.698,0.903,CALL,0.7368,,6
2026-06-09,US.COIN,CALL,33.82,CALL 占比 55%; CALL 较基线 0.8x; 总量较基线 0.9x,47608,38287,85895,0.5543,0.4457,0.8042,0.789,0.89,CALL,0.6353,,6
2026-06-09,US.META,CALL,33.66,CALL 占比 62%; CALL 较基线 0.6x; 总量较基线 0.7x,151204,94198,245402,0.6161,0.3839,0.623,0.578,0.731,CALL,0.7683,,6
2026-06-09,US.NOW,CALL,33.6,CALL 占比 58%; CALL 较基线 0.6x; 总量较基线 0.9x,78545,57106,135651,0.579,0.421,0.727,0.65,0.874,CALL,0.7682,,6
2026-06-09,US.MDB,PUT,33.3,PUT 占比 53%; PUT 较基线 1.1x; 总量较基线 0.5x,4113,4711,8824,0.4661,0.5339,1.1454,1.101,0.522,CALL,0.2647,,6
2026-06-09,US.INTC,CALL,33.25,CALL 占比 52%; CALL 较基线 0.7x; 总量较基线 1.1x,239659,220364,460023,0.521,0.479,0.9195,0.737,1.086,CALL,0.7597,,6
2026-06-09,US.INTU,CALL,32.95,CALL 占比 54%; CALL 较基线 0.8x; 总量较基线 0.9x,7126,6097,13223,0.5389,0.4611,0.8556,0.769,0.874,CALL,0.5933,,6
2026-06-09,US.CRM,CALL,32.88,CALL 占比 58%; CALL 较基线 0.6x; 总量较基线 0.8x,39859,29008,68867,0.5788,0.4212,0.7278,0.612,0.805,CALL,0.7073,,6
2026-06-09,US.HPE,CALL,32.38,CALL 占比 70%; CALL 较基线 0.3x; 总量较基线 0.3x,38021,15907,53928,0.705,0.295,0.4184,0.283,0.319,CALL,0.7985,,6
2026-06-09,US.QCOM,CALL,32.21,CALL 占比 55%; CALL 较基线 0.6x; 总量较基线 0.9x,52052,43187,95239,0.5465,0.4535,0.8297,0.621,0.898,CALL,0.7361,,6
2026-06-09,US.DELL,CALL,32.03,CALL 占比 55%; CALL 较基线 0.7x; 总量较基线 0.8x,21939,18009,39948,0.5492,0.4508,0.8209,0.668,0.787,CALL,0.6079,,6
2026-06-09,US.FCX,CALL,31.84,CALL 占比 68%; CALL 较基线 0.3x; 总量较基线 0.3x,16198,7620,23818,0.6801,0.3199,0.4704,0.327,0.336,CALL,0.7028,,6
2026-06-09,US.SNOW,CALL,31.07,CALL 占比 62%; CALL 较基线 0.4x; 总量较基线 0.5x,13660,8249,21909,0.6235,0.3765,0.6039,0.408,0.477,CALL,0.7352,,6
2026-06-09,US.MP,CALL,30.82,CALL 占比 50%; CALL 较基线 0.7x; 总量较基线 0.9x,10966,10937,21903,0.5007,0.4993,0.9974,0.662,0.916,CALL,0.6725,,6
2026-06-09,US.CRWV,CALL,30.71,CALL 占比 51%; CALL 较基线 0.6x; 总量较基线 0.9x,83490,78886,162376,0.5142,0.4858,0.9449,0.586,0.91,CALL,0.756,,6
2026-06-09,US.TIGR,CALL,30.56,CALL 占比 67%; CALL 较基线 0.3x; 总量较基线 0.2x,2378,1170,3548,0.6702,0.3298,0.492,0.3,0.226,CALL,0.6077,,6
2026-06-09,US.TWLO,CALL,30.04,CALL 占比 62%; CALL 较基线 0.3x; 总量较基线 0.4x,2440,1475,3915,0.6232,0.3768,0.6045,0.331,0.411,CALL,0.7784,,6
2026-06-09,US.TMF,CALL,27.68,CALL 占比 58%; CALL 较基线 0.3x; 总量较基线 0.3x,2464,1791,4255,0.5791,0.4209,0.7269,0.302,0.35,CALL,0.6517,,6
2026-06-09,US.IBM,CALL,25.28,CALL 占比 52%; CALL 较基线 0.2x; 总量较基线 0.4x,17540,15934,33474,0.524,0.476,0.9084,0.25,0.387,CALL,0.7753,,6
2026-06-08,US.GDS,CALL,102.31,CALL 占比 98%; CALL 较基线 4.6x; 总量较基线 4.4x,11615,196,11811,0.9834,0.0166,0.0169,4.581,4.388,CALL,0.8763,,6
2026-06-08,US.CBRS,CALL,77.47,CALL 占比 86%; CALL 较基线 3.4x; 总量较基线 2.7x,41504,6727,48231,0.8605,0.1395,0.1621,3.386,2.66,CALL,0.6752,,6
2026-06-08,US.VST,PUT,71.3,"PUT 占比 64%; PUT 较基线 3.3x; 总量较基线 2.0x; 方向反转 CALL->PUT, 占比提升 24%",12585,22653,35238,0.3571,0.6429,1.8,3.327,1.957,CALL,0.4019,7.23,6
2026-06-08,US.SPY,PUT,65.6,PUT 占比 51%; PUT 较基线 3.2x; 总量较基线 3.2x,5101998,5314161,10416159,0.4898,0.5102,1.0416,3.237,3.216,PUT,0.5344,,6
2026-06-08,US.QQQ,CALL,63.43,CALL 占比 52%; CALL 较基线 3.0x; 总量较基线 3.1x,3398762,3135487,6534249,0.5201,0.4799,0.9225,3.027,3.068,CALL,0.5002,,6
2026-06-08,US.DUOL,CALL,59.9,CALL 占比 74%; CALL 较基线 2.2x; 总量较基线 2.1x,7744,2724,10468,0.7398,0.2602,0.3518,2.234,2.073,CALL,0.6718,,6
2026-06-08,US.ASML,CALL,57.33,CALL 占比 87%; CALL 较基线 1.8x; 总量较基线 1.4x,13283,2046,15329,0.8665,0.1335,0.154,1.794,1.387,CALL,0.6717,,6
2026-06-08,US.AAPL,CALL,57.32,CALL 占比 59%; CALL 较基线 2.1x; 总量较基线 2.8x,1005072,687596,1692668,0.5938,0.4062,0.6841,2.109,2.782,CALL,0.7635,,6
2026-06-08,US.ADSK,CALL,56.05,CALL 占比 77%; CALL 较基线 2.3x; 总量较基线 1.1x,5201,1525,6726,0.7733,0.2267,0.2932,2.338,1.069,PUT,0.494,,6
2026-06-08,US.GOOGL,CALL,53.86,CALL 占比 77%; CALL 较基线 1.7x; 总量较基线 1.6x,334537,101546,436083,0.7671,0.2329,0.3035,1.695,1.602,CALL,0.7247,,6
2026-06-08,US.TSLA,CALL,53.35,CALL 占比 61%; CALL 较基线 2.0x; 总量较基线 2.2x,1777784,1156519,2934303,0.6059,0.3941,0.6505,1.988,2.201,CALL,0.6697,,6
2026-06-08,US.GEMI,CALL,51.77,CALL 占比 68%; CALL 较基线 1.8x; 总量较基线 1.6x,3792,1785,5577,0.6799,0.3201,0.4707,1.838,1.645,CALL,0.6249,,6
2026-06-08,US.DDOG,CALL,50.92,CALL 占比 80%; CALL 较基线 1.5x; 总量较基线 1.1x,20807,5136,25943,0.802,0.198,0.2468,1.524,1.107,CALL,0.5681,,6
2026-06-08,US.MRVL,CALL,50.7,CALL 占比 86%; CALL 较基线 1.2x; 总量较基线 1.1x,227392,37991,265383,0.8568,0.1432,0.1671,1.217,1.115,CALL,0.7791,,6
2026-06-08,US.SOUN,CALL,49.95,CALL 占比 90%; CALL 较基线 1.0x; 总量较基线 1.0x,90863,10060,100923,0.9003,0.0997,0.1107,1.013,0.972,CALL,0.8372,,6
2026-06-08,US.RBRK,CALL,49.65,CALL 占比 90%; CALL 较基线 1.0x; 总量较基线 1.0x,13042,1423,14465,0.9016,0.0984,0.1091,0.985,0.951,CALL,0.8642,,6
2026-06-08,US.MSTR,CALL,48.1,"CALL 占比 66%; CALL 较基线 1.2x; 总量较基线 0.8x; 方向反转 PUT->CALL, 占比提升 22%",174117,89948,264065,0.6594,0.3406,0.5166,1.242,0.847,PUT,0.436,6.7,6
2026-06-08,US.NOK,CALL,47.87,CALL 占比 93%; CALL 较基线 0.8x; 总量较基线 0.7x,386373,30055,416428,0.9278,0.0722,0.0778,0.807,0.718,CALL,0.8298,,4
2026-06-08,US.SQQQ,CALL,47.71,CALL 占比 80%; CALL 较基线 1.1x; 总量较基线 1.2x,67629,17040,84669,0.7987,0.2013,0.252,1.094,1.17,CALL,0.8417,,6
2026-06-08,US.INTC,CALL,47.08,CALL 占比 78%; CALL 较基线 1.1x; 总量较基线 1.1x,384277,109135,493412,0.7788,0.2212,0.284,1.148,1.124,CALL,0.7558,,6
2026-06-08,US.COIN,CALL,46.86,CALL 占比 78%; CALL 较基线 1.2x; 总量较基线 1.0x,84092,24255,108347,0.7761,0.2239,0.2884,1.227,1.001,CALL,0.6301,,6
2026-06-08,US.IWM,PUT,46.5,PUT 占比 61%; PUT 较基线 1.5x; 总量较基线 1.7x,593801,941291,1535092,0.3868,0.6132,1.5852,1.487,1.679,PUT,0.7003,,6
2026-06-08,US.TWLO,CALL,46.22,CALL 占比 83%; CALL 较基线 0.9x; 总量较基线 0.9x,6756,1339,8095,0.8346,0.1654,0.1982,0.95,0.874,CALL,0.7729,,6
2026-06-08,US.XOM,CALL,46.01,CALL 占比 62%; CALL 较基线 1.4x; 总量较基线 1.6x,41404,24877,66281,0.6247,0.3753,0.6008,1.441,1.583,CALL,0.6613,,6
2026-06-08,US.SOXS,CALL,44.7,CALL 占比 77%; CALL 较基线 1.0x; 总量较基线 1.0x,220014,66699,286713,0.7674,0.2326,0.3032,0.97,1.041,CALL,0.8196,,6
2026-06-08,US.APLD,CALL,44.66,CALL 占比 73%; CALL 较基线 1.1x; 总量较基线 1.1x,39496,14493,53989,0.7316,0.2684,0.3669,1.092,1.11,CALL,0.7299,,6
2026-06-08,US.CVX,CALL,43.87,CALL 占比 75%; CALL 较基线 1.0x; 总量较基线 0.9x,18802,6308,25110,0.7488,0.2512,0.3355,1.035,0.941,CALL,0.6824,,6
2026-06-08,US.BMNR,CALL,43.22,CALL 占比 77%; CALL 较基线 1.0x; 总量较基线 0.8x,79463,23543,103006,0.7714,0.2286,0.2963,0.953,0.791,CALL,0.6402,,6
2026-06-08,US.BBAI,CALL,42.83,CALL 占比 87%; CALL 较基线 0.6x; 总量较基线 0.6x,64162,9503,73665,0.871,0.129,0.1481,0.574,0.566,CALL,0.8372,,6
2026-06-08,US.UVXY,CALL,42.58,CALL 占比 77%; CALL 较基线 0.8x; 总量较基线 0.8x,16474,4899,21373,0.7708,0.2292,0.2974,0.844,0.832,CALL,0.7612,,6
2026-06-08,US.UPST,CALL,41.9,CALL 占比 80%; CALL 较基线 0.7x; 总量较基线 0.6x,9821,2412,12233,0.8028,0.1972,0.2456,0.738,0.648,CALL,0.6939,,6
2026-06-08,US.SVIX,CALL,41.42,CALL 占比 63%; CALL 较基线 1.4x; 总量较基线 0.9x,3133,1819,4952,0.6327,0.3673,0.5806,1.358,0.875,PUT,0.389,,6
2026-06-08,US.MSFT,CALL,41.33,CALL 占比 73%; CALL 较基线 0.8x; 总量较基线 1.0x,386005,141860,527865,0.7313,0.2687,0.3675,0.795,0.954,CALL,0.8467,,6
2026-06-08,US.CRWV,CALL,41.23,CALL 占比 78%; CALL 较基线 0.7x; 总量较基线 0.7x,107346,29640,136986,0.7836,0.2164,0.2761,0.701,0.712,CALL,0.7541,,6
2026-06-08,US.SOFI,CALL,41.21,CALL 占比 81%; CALL 较基线 0.6x; 总量较基线 0.7x,194409,46676,241085,0.8064,0.1936,0.2401,0.631,0.651,CALL,0.8186,,6
2026-06-08,US.NVDA,CALL,40.45,CALL 占比 63%; CALL 较基线 1.0x; 总量较基线 1.2x,1496339,864801,2361140,0.6337,0.3663,0.5779,0.98,1.21,CALL,0.778,,6
2026-06-08,US.RDDT,CALL,40.31,CALL 占比 75%; CALL 较基线 0.7x; 总量较基线 0.8x,25493,8399,33892,0.7522,0.2478,0.3295,0.691,0.782,CALL,0.8404,,6
2026-06-08,US.HOOD,CALL,40.14,CALL 占比 81%; CALL 较基线 0.6x; 总量较基线 0.6x,149617,36063,185680,0.8058,0.1942,0.241,0.558,0.575,CALL,0.8207,,6
2026-06-08,US.BABA,CALL,40.06,CALL 占比 66%; CALL 较基线 0.9x; 总量较基线 1.1x,65324,33494,98818,0.6611,0.3389,0.5127,0.894,1.078,CALL,0.7904,,6
2026-06-08,US.OPEN,CALL,39.88,CALL 占比 84%; CALL 较基线 0.4x; 总量较基线 0.5x,62951,12189,75140,0.8378,0.1622,0.1936,0.444,0.47,CALL,0.875,,6
2026-06-08,US.LITE,CALL,39.53,CALL 占比 71%; CALL 较基线 0.9x; 总量较基线 0.7x,9584,3924,13508,0.7095,0.2905,0.4094,0.856,0.718,CALL,0.582,,6
2026-06-08,US.IREN,CALL,39.23,CALL 占比 71%; CALL 较基线 0.8x; 总量较基线 0.8x,141962,58959,200921,0.7066,0.2934,0.4153,0.787,0.778,CALL,0.7055,,6
2026-06-08,US.ASX,CALL,38.96,CALL 占比 85%; CALL 较基线 0.3x; 总量较基线 0.3x,1539,263,1802,0.8541,0.1459,0.1709,0.347,0.336,CALL,0.8366,,6
2026-06-08,US.RXRX,CALL,38.47,CALL 占比 87%; CALL 较基线 0.3x; 总量较基线 0.3x,8620,1331,9951,0.8662,0.1338,0.1544,0.266,0.283,CALL,0.8999,,6
2026-06-08,US.SMCI,CALL,38.38,CALL 占比 82%; CALL 较基线 0.4x; 总量较基线 0.4x,95574,20631,116205,0.8225,0.1775,0.2159,0.388,0.396,CALL,0.807,,6
2026-06-08,US.SOXL,CALL,38.1,CALL 占比 56%; CALL 较基线 1.1x; 总量较基线 1.1x,43976,34604,78580,0.5596,0.4404,0.7869,1.145,1.093,CALL,0.5336,,6
2026-06-08,US.IBIT,CALL,37.61,CALL 占比 57%; CALL 较基线 1.2x; 总量较基线 0.9x,256431,193564,449995,0.5699,0.4301,0.7548,1.209,0.856,PUT,0.4132,,6
2026-06-08,US.TSM,CALL,37.22,CALL 占比 71%; CALL 较基线 0.7x; 总量较基线 0.6x,44109,18242,62351,0.7074,0.2926,0.4136,0.668,0.598,CALL,0.6095,,6
2026-06-08,US.PDD,PUT,37.11,PUT 占比 51%; PUT 较基线 1.3x; 总量较基线 1.0x,23476,24328,47804,0.4911,0.5089,1.0363,1.322,1.03,CALL,0.3899,,6
2026-06-08,US.META,CALL,36.98,CALL 占比 65%; CALL 较基线 0.7x; 总量较基线 0.9x,210775,114505,325280,0.648,0.352,0.5433,0.714,0.892,CALL,0.797,,6
2026-06-08,US.AEHR,CALL,36.88,CALL 占比 60%; CALL 较基线 0.9x; 总量较基线 0.9x,3518,2364,5882,0.5981,0.4019,0.672,0.908,0.948,CALL,0.593,,4
2026-06-08,US.SNOW,CALL,36.56,CALL 占比 77%; CALL 较基线 0.4x; 总量较基线 0.4x,20550,6149,26699,0.7697,0.2303,0.2992,0.412,0.412,CALL,0.7491,,6
2026-06-08,US.SCO,CALL,36.47,CALL 占比 53%; CALL 较基线 1.1x; 总量较基线 1.1x,3612,3229,6841,0.528,0.472,0.894,1.096,1.098,CALL,0.549,,6
2026-06-08,US.NOW,CALL,36.38,CALL 占比 80%; CALL 较基线 0.3x; 总量较基线 0.3x,52204,12819,65023,0.8029,0.1971,0.2456,0.303,0.306,CALL,0.7814,,6
2026-06-08,US.HPE,CALL,35.94,CALL 占比 84%; CALL 较基线 0.2x; 总量较基线 0.2x,28205,5521,33726,0.8363,0.1637,0.1957,0.181,0.172,CALL,0.7909,,5
2026-06-08,US.AMZN,CALL,35.78,CALL 占比 63%; CALL 较基线 0.7x; 总量较基线 0.9x,277335,166180,443515,0.6253,0.3747,0.5992,0.69,0.874,CALL,0.7799,,6
2026-06-08,US.CRCL,CALL,35.65,CALL 占比 64%; CALL 较基线 0.7x; 总量较基线 0.7x,30635,16970,47605,0.6435,0.3565,0.5539,0.709,0.707,CALL,0.6402,,6
2026-06-08,US.NET,CALL,35.65,CALL 占比 74%; CALL 较基线 0.4x; 总量较基线 0.4x,8299,2938,11237,0.7385,0.2615,0.354,0.442,0.429,CALL,0.7039,,6
2026-06-08,US.LI,CALL,35.56,CALL 占比 70%; CALL 较基线 0.6x; 总量较基线 0.5x,3084,1319,4403,0.7004,0.2996,0.4277,0.576,0.49,CALL,0.6085,,6
2026-06-08,US.TMF,CALL,35.53,CALL 占比 66%; CALL 较基线 0.7x; 总量较基线 0.7x,6019,3129,9148,0.658,0.342,0.5199,0.656,0.66,CALL,0.6461,,6
2026-06-08,US.NBIS,CALL,35.31,CALL 占比 67%; CALL 较基线 0.6x; 总量较基线 0.6x,39815,19406,59221,0.6723,0.3277,0.4874,0.617,0.58,CALL,0.6208,,6
2026-06-08,US.AVGO,CALL,35.05,CALL 占比 63%; CALL 较基线 0.7x; 总量较基线 0.7x,111897,64666,176563,0.6338,0.3662,0.5779,0.651,0.748,CALL,0.7259,,6
2026-06-08,US.INTU,CALL,34.45,CALL 占比 64%; CALL 较基线 0.6x; 总量较基线 0.6x,6566,3674,10240,0.6412,0.3588,0.5595,0.635,0.62,CALL,0.6039,,6
2026-06-08,US.YINN,CALL,34.3,CALL 占比 58%; CALL 较基线 0.8x; 总量较基线 0.8x,3750,2717,6467,0.5799,0.4201,0.7245,0.767,0.828,CALL,0.6285,,6
2026-06-08,US.COHR,CALL,34.21,CALL 占比 64%; CALL 较基线 0.7x; 总量较基线 0.5x,7728,4305,12033,0.6422,0.3578,0.5571,0.68,0.512,PUT,0.4952,,6
2026-06-08,US.FUTU,PUT,34.16,PUT 占比 64%; PUT 较基线 0.6x; 总量较基线 0.6x,2583,4507,7090,0.3643,0.6357,1.7449,0.642,0.599,PUT,0.6043,,5
2026-06-08,US.SBET,CALL,33.85,CALL 占比 67%; CALL 较基线 0.5x; 总量较基线 0.5x,8898,4466,13364,0.6658,0.3342,0.5019,0.512,0.519,CALL,0.6667,,6
2026-06-08,US.MP,CALL,33.73,CALL 占比 57%; CALL 较基线 0.7x; 总量较基线 0.9x,11876,8815,20691,0.574,0.426,0.7423,0.696,0.866,CALL,0.6966,,6
2026-06-08,US.AMD,CALL,33.66,CALL 占比 59%; CALL 较基线 0.7x; 总量较基线 0.8x,88869,61037,149906,0.5928,0.4072,0.6868,0.678,0.753,CALL,0.664,,6
2026-06-08,US.TNA,CALL,33.56,CALL 占比 54%; CALL 较基线 0.9x; 总量较基线 0.7x,8343,7040,15383,0.5424,0.4576,0.8438,0.941,0.723,PUT,0.4263,,6
2026-06-08,US.PLTR,CALL,33.49,CALL 占比 71%; CALL 较基线 0.3x; 总量较基线 0.4x,138871,55774,194645,0.7135,0.2865,0.4016,0.338,0.375,CALL,0.7596,,6
2026-06-08,US.TIGR,CALL,33.37,CALL 占比 72%; CALL 较基线 0.4x; 总量较基线 0.2x,3722,1415,5137,0.7245,0.2755,0.3802,0.397,0.202,CALL,0.5193,,6
2026-06-08,US.MARA,CALL,33.36,CALL 占比 59%; CALL 较基线 0.6x; 总量较基线 0.8x,86237,59385,145622,0.5922,0.4078,0.6886,0.6,0.812,CALL,0.7642,,6
2026-06-08,US.DJT,CALL,33.2,CALL 占比 66%; CALL 较基线 0.4x; 总量较基线 0.6x,9899,5160,15059,0.6573,0.3427,0.5213,0.444,0.559,CALL,0.8416,,6
2026-06-08,US.CRM,CALL,33.17,CALL 占比 67%; CALL 较基线 0.4x; 总量较基线 0.5x,37235,18234,55469,0.6713,0.3287,0.4897,0.416,0.498,CALL,0.7409,,6
2026-06-08,US.TEAM,CALL,32.57,CALL 占比 64%; CALL 较基线 0.5x; 总量较基线 0.5x,3862,2172,6034,0.64,0.36,0.5624,0.46,0.547,CALL,0.7428,,5
2026-06-08,US.ORCL,CALL,32.53,CALL 占比 70%; CALL 较基线 0.3x; 总量较基线 0.3x,76574,32282,108856,0.7034,0.2966,0.4216,0.29,0.346,CALL,0.7914,,6
2026-06-08,US.EWT,CALL,32.32,CALL 占比 73%; CALL 较基线 0.2x; 总量较基线 0.2x,1920,703,2623,0.732,0.268,0.3661,0.209,0.229,CALL,0.7711,,6
2026-06-08,US.GEV,PUT,31.99,PUT 占比 55%; PUT 较基线 0.7x; 总量较基线 0.8x,3410,4135,7545,0.452,0.548,1.2126,0.678,0.774,PUT,0.5922,,6
2026-06-08,US.OKLO,CALL,31.87,CALL 占比 66%; CALL 较基线 0.4x; 总量较基线 0.4x,27975,14693,42668,0.6556,0.3444,0.5252,0.372,0.445,CALL,0.7824,,6
2026-06-08,US.IBM,CALL,31.23,CALL 占比 70%; CALL 较基线 0.2x; 总量较基线 0.3x,23038,9978,33016,0.6978,0.3022,0.4331,0.218,0.263,CALL,0.808,,6
2026-06-08,US.CRWD,CALL,30.87,CALL 占比 57%; CALL 较基线 0.5x; 总量较基线 0.6x,9444,7102,16546,0.5708,0.4292,0.752,0.547,0.61,CALL,0.6395,,6
2026-06-08,US.MDB,CALL,30.5,CALL 占比 69%; CALL 较基线 0.2x; 总量较基线 0.2x,2917,1311,4228,0.6899,0.3101,0.4494,0.2,0.217,CALL,0.7443,,5
2026-06-08,US.MRNA,CALL,30.28,CALL 占比 65%; CALL 较基线 0.3x; 总量较基线 0.3x,10533,5646,16179,0.651,0.349,0.536,0.269,0.349,CALL,0.7756,,6
2026-06-08,US.FCX,CALL,30.22,CALL 占比 60%; CALL 较基线 0.4x; 总量较基线 0.5x,21059,13920,34979,0.602,0.398,0.661,0.409,0.479,CALL,0.7173,,6
2026-06-08,US.GFS,CALL,29.42,CALL 占比 65%; CALL 较基线 0.2x; 总量较基线 0.3x,3252,1769,5021,0.6477,0.3523,0.544,0.225,0.285,CALL,0.7726,,4
2026-06-08,US.IGV,CALL,29.24,CALL 占比 65%; CALL 较基线 0.3x; 总量较基线 0.2x,32342,17324,49666,0.6512,0.3488,0.5357,0.251,0.198,CALL,0.5721,,6
2026-06-08,US.QCOM,CALL,28.44,CALL 占比 58%; CALL 较基线 0.3x; 总量较基线 0.4x,31407,22678,54085,0.5807,0.4193,0.7221,0.316,0.448,CALL,0.7858,,6
2026-06-08,US.DELL,CALL,28.28,CALL 占比 59%; CALL 较基线 0.3x; 总量较基线 0.4x,20850,14304,35154,0.5931,0.4069,0.686,0.297,0.363,CALL,0.6401,,6
2026-06-08,US.PANW,CALL,28.28,CALL 占比 62%; CALL 较基线 0.2x; 总量较基线 0.3x,9975,6159,16134,0.6183,0.3817,0.6174,0.247,0.261,CALL,0.6336,,6
2026-06-08,US.SAP,CALL,26.0,CALL 占比 55%; CALL 较基线 0.2x; 总量较基线 0.3x,1334,1076,2410,0.5535,0.4465,0.8066,0.227,0.34,CALL,0.8154,,6
2026-06-08,US.VEEV,CALL,26.0,CALL 占比 50%; CALL 较基线 0.4x; 总量较基线 0.5x,2068,2039,4107,0.5035,0.4965,0.986,0.354,0.505,CALL,0.7357,,6
2026-06-08,US.JD,CALL,25.88,CALL 占比 51%; CALL 较基线 0.3x; 总量较基线 0.5x,7027,6683,13710,0.5125,0.4875,0.951,0.327,0.46,CALL,0.7494,,6
2026-06-08,US.WDAY,CALL,24.12,CALL 占比 51%; CALL 较基线 0.2x; 总量较基线 0.3x,2015,1964,3979,0.5064,0.4936,0.9747,0.241,0.323,CALL,0.6434,,6
2026-06-05,US.SQQQ,CALL,71.86,CALL 占比 92%; CALL 较基线 2.7x; 总量较基线 2.3x,127896,11161,139057,0.9197,0.0803,0.0873,2.675,2.279,CALL,0.7914,,6
2026-06-05,US.UVXY,CALL,62.9,CALL 占比 82%; CALL 较基线 2.2x; 总量较基线 2.0x,37961,8267,46228,0.8212,0.1788,0.2178,2.232,2.032,CALL,0.7575,,6
2026-06-05,US.RBRK,CALL,61.31,CALL 占比 89%; CALL 较基线 1.8x; 总量较基线 1.8x,21024,2492,23516,0.894,0.106,0.1185,1.848,1.794,CALL,0.8661,,6
2026-06-05,US.FCX,CALL,60.71,CALL 占比 70%; CALL 较基线 2.3x; 总量较基线 2.3x,98425,42008,140433,0.7009,0.2991,0.4268,2.33,2.339,CALL,0.7143,,6
2026-06-05,US.SVIX,PUT,60.07,PUT 占比 56%; PUT 较基线 2.7x; 总量较基线 2.6x,5501,7145,12646,0.435,0.565,1.2989,2.726,2.61,PUT,0.5761,,6
2026-06-05,US.IWM,PUT,58.91,PUT 占比 82%; PUT 较基线 2.0x; 总量较基线 1.7x,244362,1092256,1336618,0.1828,0.8172,4.4698,2.036,1.655,PUT,0.6865,,6
2026-06-05,US.TMF,CALL,58.28,CALL 占比 78%; CALL 较基线 2.1x; 总量较基线 1.7x,17186,4707,21893,0.785,0.215,0.2739,2.112,1.664,CALL,0.6183,,6
2026-06-05,US.SOXS,CALL,57.66,CALL 占比 87%; CALL 较基线 1.7x; 总量较基线 1.6x,332093,47486,379579,0.8749,0.1251,0.143,1.669,1.552,CALL,0.8144,,6
2026-06-05,US.MARA,CALL,56.41,CALL 占比 77%; CALL 较基线 1.8x; 总量较基线 1.9x,223332,65479,288811,0.7733,0.2267,0.2932,1.787,1.864,CALL,0.7638,,6
2026-06-05,US.EWT,CALL,55.04,CALL 占比 71%; CALL 较基线 1.8x; 总量较基线 2.1x,13546,5441,18987,0.7134,0.2866,0.4017,1.772,2.055,CALL,0.775,,6
2026-06-05,US.IBIT,PUT,54.3,PUT 占比 73%; PUT 较基线 2.0x; 总量较基线 1.5x,189994,522800,712794,0.2665,0.7335,2.7517,2.0,1.493,PUT,0.5471,,6
2026-06-05,US.CVX,CALL,53.71,CALL 占比 82%; CALL 较基线 1.6x; 总量较基线 1.3x,26462,5892,32354,0.8179,0.1821,0.2227,1.644,1.307,CALL,0.6591,,6
2026-06-05,US.SCO,PUT,52.86,PUT 占比 71%; PUT 较基线 2.1x; 总量较基线 1.3x,1891,4597,6488,0.2915,0.7085,2.431,2.12,1.26,CALL,0.3329,,6
2026-06-05,US.LI,CALL,52.6,CALL 占比 64%; CALL 较基线 2.1x; 总量较基线 1.7x,9703,5499,15202,0.6383,0.3617,0.5667,2.126,1.678,CALL,0.5551,,6
2026-06-05,US.CRCL,PUT,50.41,PUT 占比 59%; PUT 较基线 2.5x; 总量较基线 1.2x,32157,46635,78792,0.4081,0.5919,1.4502,2.45,1.188,CALL,0.2979,,6
2026-06-05,US.NOK,CALL,48.96,CALL 占比 82%; CALL 较基线 1.1x; 总量较基线 1.1x,528282,113329,641611,0.8234,0.1766,0.2145,1.142,1.148,CALL,0.832,,3
2026-06-05,US.ASX,CALL,47.05,CALL 占比 77%; CALL 较基线 1.1x; 总量较基线 1.2x,5650,1679,7329,0.7709,0.2291,0.2972,1.094,1.243,CALL,0.8675,,6
2026-06-05,US.MSTR,PUT,47.02,PUT 占比 62%; PUT 较基线 1.8x; 总量较基线 1.3x,160843,260636,421479,0.3816,0.6184,1.6204,1.804,1.309,CALL,0.495,,6
2026-06-05,US.SPY,PUT,46.03,PUT 占比 69%; PUT 较基线 1.5x; 总量较基线 1.1x,1006527,2245511,3252038,0.3095,0.6905,2.2309,1.498,1.07,PUT,0.5317,,6
2026-06-05,US.AMZN,CALL,45.94,CALL 占比 75%; CALL 较基线 1.1x; 总量较基线 1.2x,435192,143107,578299,0.7525,0.2475,0.3288,1.098,1.176,CALL,0.7922,,6
2026-06-05,US.PDD,PUT,45.43,"PUT 占比 63%; PUT 较基线 1.0x; 总量较基线 0.8x; 方向反转 CALL->PUT, 占比提升 25%",19357,33026,52383,0.3695,0.6305,1.7062,1.037,0.754,CALL,0.3842,7.39,6
2026-06-05,US.TSM,CALL,45.3,CALL 占比 64%; CALL 较基线 1.4x; 总量较基线 1.4x,84635,46767,131402,0.6441,0.3559,0.5526,1.404,1.384,CALL,0.6132,,6
2026-06-05,US.JD,CALL,45.27,CALL 占比 88%; CALL 较基线 0.8x; 总量较基线 0.6x,20919,2951,23870,0.8764,0.1236,0.1411,0.794,0.643,CALL,0.7268,,6
2026-06-05,US.DJT,CALL,45.1,CALL 占比 82%; CALL 较基线 0.9x; 总量较基线 0.9x,19516,4319,23835,0.8188,0.1812,0.2213,0.875,0.891,CALL,0.8489,,6
2026-06-05,US.GDS,CALL,43.7,CALL 占比 94%; CALL 较基线 0.4x; 总量较基线 0.4x,1089,65,1154,0.9437,0.0563,0.0597,0.428,0.422,CALL,0.8561,,6
2026-06-05,US.TWLO,CALL,43.18,CALL 占比 71%; CALL 较基线 1.0x; 总量较基线 1.1x,6617,2730,9347,0.7079,0.2921,0.4126,1.026,1.109,CALL,0.7557,,6
2026-06-05,US.VEEV,CALL,42.92,CALL 占比 84%; CALL 较基线 0.7x; 总量较基线 0.6x,3865,759,4624,0.8359,0.1641,0.1964,0.729,0.608,CALL,0.6662,,6
2026-06-05,US.MRNA,CALL,42.34,CALL 占比 79%; CALL 较基线 0.7x; 总量较基线 0.8x,26824,6949,33773,0.7942,0.2058,0.2591,0.739,0.777,CALL,0.7407,,6
2026-06-05,US.AVGO,PUT,42.16,PUT 占比 53%; PUT 较基线 2.0x; 总量较基线 0.9x,88651,101028,189679,0.4674,0.5326,1.1396,1.959,0.864,CALL,0.2304,,6
2026-06-05,US.BABA,CALL,42.09,CALL 占比 75%; CALL 较基线 0.8x; 总量较基线 0.9x,62389,20622,83011,0.7516,0.2484,0.3305,0.841,0.882,CALL,0.7819,,6
2026-06-05,US.RDDT,CALL,41.62,CALL 占比 77%; CALL 较基线 0.7x; 总量较基线 0.8x,29325,8953,38278,0.7661,0.2339,0.3053,0.745,0.836,CALL,0.8521,,6
2026-06-05,US.MRVL,CALL,40.92,CALL 占比 67%; CALL 较基线 0.9x; 总量较基线 1.1x,176468,87410,263878,0.6687,0.3313,0.4953,0.931,1.12,CALL,0.7963,,6
2026-06-05,US.COIN,PUT,40.79,PUT 占比 52%; PUT 较基线 1.7x; 总量较基线 1.1x,58161,63325,121486,0.4787,0.5213,1.0888,1.664,1.104,CALL,0.3504,,6
2026-06-05,US.SOFI,CALL,40.77,CALL 占比 77%; CALL 较基线 0.7x; 总量较基线 0.8x,227135,69689,296824,0.7652,0.2348,0.3068,0.699,0.761,CALL,0.8232,,6
2026-06-05,US.HOOD,CALL,40.5,CALL 占比 80%; CALL 较基线 0.6x; 总量较基线 0.6x,193995,49490,243485,0.7967,0.2033,0.2551,0.601,0.637,CALL,0.8325,,6
2026-06-05,US.TNA,PUT,40.43,PUT 占比 61%; PUT 较基线 1.2x; 总量较基线 1.1x,9036,14058,23094,0.3913,0.6087,1.5558,1.194,1.088,PUT,0.5471,,6
2026-06-05,US.APLD,CALL,40.38,CALL 占比 67%; CALL 较基线 0.9x; 总量较基线 1.1x,38528,18696,57224,0.6733,0.3267,0.4853,0.893,1.05,CALL,0.7626,,6
2026-06-05,US.SOXL,PUT,39.72,PUT 占比 51%; PUT 较基线 1.5x; 总量较基线 1.3x,41297,43611,84908,0.4864,0.5136,1.056,1.457,1.254,CALL,0.4428,,6
2026-06-05,US.RXRX,CALL,39.53,CALL 占比 83%; CALL 较基线 0.4x; 总量较基线 0.5x,18498,3911,22409,0.8255,0.1745,0.2114,0.437,0.502,CALL,0.9255,,6
2026-06-05,US.SOUN,CALL,39.51,CALL 占比 79%; CALL 较基线 0.5x; 总量较基线 0.6x,52488,13643,66131,0.7937,0.2063,0.2599,0.532,0.584,CALL,0.8504,,6
2026-06-05,US.GEV,PUT,38.63,PUT 占比 60%; PUT 较基线 1.0x; 总量较基线 1.1x,4420,6552,10972,0.4028,0.5972,1.4824,1.027,1.088,PUT,0.5983,,6
2026-06-05,US.OPEN,CALL,38.63,CALL 占比 78%; CALL 较基线 0.5x; 总量较基线 0.6x,81362,22995,104357,0.7797,0.2203,0.2826,0.499,0.574,CALL,0.8914,,6
2026-06-05,US.BMNR,CALL,38.53,CALL 占比 59%; CALL 较基线 1.0x; 总量较基线 1.1x,86463,60355,146818,0.5889,0.4111,0.698,1.02,1.136,CALL,0.6538,,6
2026-06-05,US.MDB,CALL,38.46,CALL 占比 77%; CALL 较基线 0.6x; 总量较基线 0.5x,8944,2704,11648,0.7679,0.2321,0.3023,0.56,0.544,CALL,0.7385,,4
2026-06-05,US.AAPL,CALL,38.22,CALL 占比 71%; CALL 较基线 0.7x; 总量较基线 0.7x,330453,135839,466292,0.7087,0.2913,0.4111,0.671,0.749,CALL,0.7742,,6
2026-06-05,US.BBAI,CALL,38.07,CALL 占比 76%; CALL 较基线 0.5x; 总量较基线 0.6x,71813,22161,93974,0.7642,0.2358,0.3086,0.502,0.58,CALL,0.8611,,6
2026-06-05,US.NVDA,CALL,38.07,CALL 占比 67%; CALL 较基线 0.7x; 总量较基线 0.9x,1156616,559599,1716215,0.6739,0.3261,0.4838,0.734,0.874,CALL,0.8012,,6
2026-06-05,US.LITE,CALL,37.87,CALL 占比 60%; CALL 较基线 1.0x; 总量较基线 1.0x,11896,7790,19686,0.6043,0.3957,0.6548,0.974,0.985,CALL,0.5935,,6
2026-06-05,US.OKLO,CALL,37.73,CALL 占比 69%; CALL 较基线 0.7x; 总量较基线 0.8x,52094,23795,75889,0.6864,0.3136,0.4568,0.685,0.8,CALL,0.8058,,6
2026-06-05,US.FUTU,PUT,37.61,PUT 占比 66%; PUT 较基线 0.9x; 总量较基线 0.8x,3225,6167,9392,0.3434,0.6566,1.9122,0.853,0.755,PUT,0.5913,,4
2026-06-05,US.VST,CALL,37.41,CALL 占比 57%; CALL 较基线 1.0x; 总量较基线 1.1x,11015,8348,19363,0.5689,0.4311,0.7579,0.991,1.121,CALL,0.6201,,6
2026-06-05,US.GEMI,PUT,37.35,PUT 占比 53%; PUT 较基线 1.4x; 总量较基线 0.9x,1469,1648,3117,0.4713,0.5287,1.1219,1.381,0.858,CALL,0.3178,,6
2026-06-05,US.QQQ,PUT,37.22,PUT 占比 54%; PUT 较基线 1.2x; 总量较基线 1.1x,978043,1125177,2103220,0.465,0.535,1.1504,1.185,1.057,PUT,0.513,,6
2026-06-05,US.INTU,PUT,37.14,PUT 占比 55%; PUT 较基线 1.2x; 总量较基线 0.9x,6620,8231,14851,0.4458,0.5542,1.2434,1.215,0.875,CALL,0.4164,,6
2026-06-05,US.SMCI,CALL,36.95,CALL 占比 75%; CALL 较基线 0.5x; 总量较基线 0.5x,140692,47439,188131,0.7478,0.2522,0.3372,0.473,0.542,CALL,0.8285,,6
2026-06-05,US.IGV,CALL,36.48,CALL 占比 71%; CALL 较基线 0.6x; 总量较基线 0.5x,80998,32500,113498,0.7137,0.2863,0.4012,0.648,0.459,CALL,0.5613,,6
2026-06-05,US.INTC,CALL,36.14,CALL 占比 67%; CALL 较基线 0.6x; 总量较基线 0.7x,216209,108836,325045,0.6652,0.3348,0.5034,0.636,0.739,CALL,0.7693,,6
2026-06-05,US.HPE,CALL,36.09,CALL 占比 73%; CALL 较基线 0.5x; 总量较基线 0.5x,81710,30068,111778,0.731,0.269,0.368,0.469,0.516,CALL,0.8059,,4
2026-06-05,US.CBRS,CALL,35.97,CALL 占比 60%; CALL 较基线 0.8x; 总量较基线 0.9x,10562,7091,17653,0.5983,0.4017,0.6714,0.801,0.938,CALL,0.6987,,6
2026-06-05,US.SAP,CALL,35.97,CALL 占比 69%; CALL 较基线 0.6x; 总量较基线 0.7x,3170,1444,4614,0.687,0.313,0.4555,0.554,0.675,CALL,0.819,,6
2026-06-05,US.GOOGL,CALL,35.9,CALL 占比 70%; CALL 较基线 0.6x; 总量较基线 0.6x,109953,47552,157505,0.6981,0.3019,0.4325,0.559,0.584,CALL,0.7336,,6
2026-06-05,US.MP,CALL,35.63,CALL 占比 60%; CALL 较基线 0.7x; 总量较基线 0.9x,13626,9014,22640,0.6019,0.3981,0.6615,0.746,0.93,CALL,0.7334,,6
2026-06-05,US.COHR,CALL,35.4,CALL 占比 58%; CALL 较基线 1.0x; 总量较基线 0.8x,10053,7306,17359,0.5791,0.4209,0.7267,0.955,0.765,PUT,0.4664,,6
2026-06-05,US.MSFT,CALL,35.14,CALL 占比 74%; CALL 较基线 0.4x; 总量较基线 0.5x,218081,78311,296392,0.7358,0.2642,0.3591,0.374,0.452,CALL,0.8712,,6
2026-06-05,US.IREN,CALL,35.0,CALL 占比 55%; CALL 较基线 0.8x; 总量较基线 1.1x,155453,125890,281343,0.5525,0.4475,0.8098,0.82,1.057,CALL,0.7204,,6
2026-06-05,US.ASML,CALL,34.81,CALL 占比 67%; CALL 较基线 0.6x; 总量较基线 0.6x,4242,2090,6332,0.6699,0.3301,0.4927,0.576,0.568,CALL,0.6566,,6
2026-06-05,US.NET,CALL,34.78,CALL 占比 68%; CALL 较基线 0.5x; 总量较基线 0.5x,10690,4921,15611,0.6848,0.3152,0.4603,0.514,0.546,CALL,0.7152,,6
2026-06-05,US.DUOL,CALL,34.22,CALL 占比 65%; CALL 较基线 0.6x; 总量较基线 0.6x,2048,1103,3151,0.65,0.35,0.5386,0.571,0.609,CALL,0.6825,,6
2026-06-05,US.YINN,CALL,33.85,CALL 占比 51%; CALL 较基线 0.9x; 总量较基线 1.1x,4426,4217,8643,0.5121,0.4879,0.9528,0.865,1.074,CALL,0.6388,,6
2026-06-05,US.SBET,CALL,33.72,CALL 占比 51%; CALL 较基线 0.8x; 总量较基线 1.2x,14405,14022,28427,0.5067,0.4933,0.9734,0.811,1.161,CALL,0.7154,,6
2026-06-05,US.SNOW,CALL,33.59,CALL 占比 71%; CALL 较基线 0.4x; 总量较基线 0.4x,28516,11916,40432,0.7053,0.2947,0.4179,0.362,0.413,CALL,0.7716,,6
2026-06-05,US.PLTR,CALL,33.4,CALL 占比 70%; CALL 较基线 0.4x; 总量较基线 0.4x,179017,78522,257539,0.6951,0.3049,0.4386,0.374,0.435,CALL,0.7838,,6
2026-06-05,US.XOM,CALL,32.79,CALL 占比 61%; CALL 较基线 0.6x; 总量较基线 0.7x,17017,11101,28118,0.6052,0.3948,0.6523,0.582,0.654,CALL,0.6553,,6
2026-06-05,US.GFS,CALL,32.62,CALL 占比 64%; CALL 较基线 0.4x; 总量较基线 0.6x,7226,3982,11208,0.6447,0.3553,0.5511,0.429,0.566,CALL,0.8152,,3
2026-06-05,US.AMD,CALL,32.4,CALL 占比 52%; CALL 较基线 0.7x; 总量较基线 1.0x,109403,101355,210758,0.5191,0.4809,0.9264,0.723,0.975,CALL,0.7006,,6
2026-06-05,US.TSLA,CALL,32.38,CALL 占比 62%; CALL 较基线 0.5x; 总量较基线 0.6x,501207,306471,807678,0.6206,0.3794,0.6115,0.52,0.567,CALL,0.6788,,6
2026-06-05,US.TEAM,CALL,32.36,CALL 占比 63%; CALL 较基线 0.5x; 总量较基线 0.6x,4414,2624,7038,0.6272,0.3728,0.5945,0.47,0.585,CALL,0.7717,,4
2026-06-05,US.NBIS,CALL,32.21,CALL 占比 51%; CALL 较基线 0.8x; 总量较基线 1.0x,53217,51472,104689,0.5083,0.4917,0.9672,0.76,0.967,CALL,0.6377,,6
2026-06-05,US.TIGR,CALL,32.14,CALL 占比 73%; CALL 较基线 0.3x; 总量较基线 0.1x,2717,1014,3731,0.7282,0.2718,0.3732,0.279,0.13,PUT,0.4325,,6
2026-06-05,US.ORCL,CALL,32.01,CALL 占比 67%; CALL 较基线 0.3x; 总量较基线 0.4x,100587,49135,149722,0.6718,0.3282,0.4885,0.327,0.42,CALL,0.8289,,6
2026-06-05,US.IBM,CALL,31.94,CALL 占比 68%; CALL 较基线 0.3x; 总量较基线 0.4x,35617,16841,52458,0.679,0.321,0.4728,0.305,0.391,CALL,0.8524,,6
2026-06-05,US.CRWV,CALL,31.49,CALL 占比 56%; CALL 较基线 0.5x; 总量较基线 0.8x,85371,66254,151625,0.563,0.437,0.7761,0.54,0.775,CALL,0.7723,,6
2026-06-05,US.WDAY,PUT,30.83,PUT 占比 51%; PUT 较基线 0.9x; 总量较基线 0.5x,3194,3388,6582,0.4853,0.5147,1.0607,0.888,0.522,CALL,0.3232,,6
2026-06-05,US.AEHR,CALL,30.82,CALL 占比 56%; CALL 较基线 0.6x; 总量较基线 0.6x,2452,1913,4365,0.5617,0.4383,0.7802,0.564,0.64,CALL,0.6034,,3
2026-06-05,US.CRM,CALL,30.45,CALL 占比 64%; CALL 较基线 0.3x; 总量较基线 0.4x,31656,18068,49724,0.6366,0.3634,0.5708,0.323,0.4,CALL,0.7412,,6
2026-06-05,US.UPST,CALL,30.33,CALL 占比 56%; CALL 较基线 0.5x; 总量较基线 0.7x,7811,6213,14024,0.557,0.443,0.7954,0.518,0.651,CALL,0.7027,,6
2026-06-05,US.META,CALL,29.78,CALL 占比 57%; CALL 较基线 0.4x; 总量较基线 0.6x,140182,106824,247006,0.5675,0.4325,0.762,0.417,0.623,CALL,0.8508,,6
2026-06-05,US.CRWD,PUT,29.65,PUT 占比 51%; PUT 较基线 0.8x; 总量较基线 0.5x,7313,7511,14824,0.4933,0.5067,1.0271,0.771,0.535,CALL,0.3378,,6
2026-06-05,US.DELL,PUT,28.62,PUT 占比 54%; PUT 较基线 0.6x; 总量较基线 0.3x,15819,18777,34596,0.4572,0.5428,1.187,0.628,0.314,CALL,0.3249,,6
2026-06-05,US.DDOG,CALL,28.36,CALL 占比 52%; CALL 较基线 0.5x; 总量较基线 0.6x,7239,6727,13966,0.5183,0.4817,0.9293,0.526,0.569,CALL,0.5459,,6
2026-06-05,US.NOW,CALL,28.12,CALL 占比 58%; CALL 较基线 0.3x; 总量较基线 0.4x,59592,43992,103584,0.5753,0.4247,0.7382,0.305,0.444,CALL,0.8284,,6
2026-06-05,US.PANW,CALL,28.01,CALL 占比 60%; CALL 较基线 0.3x; 总量较基线 0.3x,11112,7378,18490,0.601,0.399,0.664,0.273,0.298,CALL,0.649,,6
2026-06-05,US.QCOM,CALL,27.42,CALL 占比 52%; CALL 较基线 0.4x; 总量较基线 0.6x,40263,37231,77494,0.5196,0.4804,0.9247,0.37,0.613,CALL,0.8428,,6
2026-06-05,US.ADSK,CALL,26.79,CALL 占比 58%; CALL 较基线 0.3x; 总量较基线 0.2x,1104,809,1913,0.5771,0.4229,0.7328,0.301,0.216,PUT,0.4914,,6
2026-06-04,US.MRNA,CALL,64.78,CALL 占比 86%; CALL 较基线 2.2x; 总量较基线 2.1x,61531,9670,71201,0.8642,0.1358,0.1572,2.205,2.096,CALL,0.7299,,6
2026-06-04,US.NOK,CALL,54.96,CALL 占比 87%; 暂无历史基线,379675,54805,434480,0.8739,0.1261,0.1443,,,,,,2
2026-06-04,US.EWT,CALL,53.66,CALL 占比 96%; CALL 较基线 1.2x; 总量较基线 1.0x,11147,507,11654,0.9565,0.0435,0.0455,1.163,1.016,CALL,0.7671,,6
2026-06-04,US.RBRK,CALL,53.62,CALL 占比 86%; CALL 较基线 1.4x; 总量较基线 1.4x,13137,2137,15274,0.8601,0.1399,0.1627,1.368,1.378,CALL,0.8557,,6
2026-06-04,US.SBET,CALL,51.77,CALL 占比 96%; CALL 较基线 1.1x; 总量较基线 0.8x,19579,761,20340,0.9626,0.0374,0.0389,1.057,0.801,CALL,0.7108,,6
2026-06-04,US.RXRX,CALL,51.09,CALL 占比 97%; CALL 较基线 0.9x; 总量较基线 0.9x,44176,1472,45648,0.9678,0.0322,0.0333,0.889,0.878,CALL,0.9289,,6
2026-06-04,US.GFS,CALL,50.86,CALL 占比 77%; 暂无历史基线,3230,956,4186,0.7716,0.2284,0.296,,,,,,2
2026-06-04,US.RDDT,CALL,50.8,CALL 占比 85%; CALL 较基线 1.2x; 总量较基线 1.2x,46510,8160,54670,0.8507,0.1493,0.1754,1.197,1.198,CALL,0.8448,,6
2026-06-04,US.QQQ,CALL,49.19,CALL 占比 55%; CALL 较基线 2.0x; 总量较基线 1.9x,1733149,1444575,3177724,0.5454,0.4546,0.8335,2.028,1.858,PUT,0.4643,,6
2026-06-04,US.GOOGL,CALL,49.06,CALL 占比 82%; CALL 较基线 1.2x; 总量较基线 1.1x,220933,47704,268637,0.8224,0.1776,0.2159,1.228,1.057,CALL,0.7095,,6
2026-06-04,US.SOXS,CALL,48.89,CALL 占比 82%; CALL 较基线 1.2x; 总量较基线 1.2x,232202,52311,284513,0.8161,0.1839,0.2253,1.164,1.155,CALL,0.8114,,6
2026-06-04,US.SPY,CALL,48.72,CALL 占比 56%; CALL 较基线 2.0x; 总量较基线 1.7x,2537183,1990728,4527911,0.5603,0.4397,0.7846,1.998,1.72,PUT,0.4476,,6
2026-06-04,US.MDB,CALL,48.45,CALL 占比 91%; CALL 较基线 0.9x; 总量较基线 0.7x,15375,1505,16880,0.9108,0.0892,0.0979,0.95,0.737,CALL,0.681,,3
2026-06-04,US.SAP,CALL,47.66,CALL 占比 92%; CALL 较基线 0.8x; 总量较基线 0.7x,4792,418,5210,0.9198,0.0802,0.0872,0.812,0.728,CALL,0.7989,,5
2026-06-04,US.IWM,PUT,46.18,PUT 占比 61%; PUT 较基线 1.4x; 总量较基线 1.7x,511168,794593,1305761,0.3915,0.6085,1.5545,1.446,1.712,PUT,0.7254,,6
2026-06-04,US.META,CALL,45.96,CALL 占比 86%; CALL 较基线 0.8x; 总量较基线 0.8x,294521,46500,341021,0.8636,0.1364,0.1579,0.821,0.807,CALL,0.8498,,6
2026-06-04,US.UVXY,CALL,45.88,CALL 占比 89%; CALL 较基线 0.8x; 总量较基线 0.6x,13886,1634,15520,0.8947,0.1053,0.1177,0.783,0.638,CALL,0.7309,,6
2026-06-04,US.DJT,CALL,44.91,CALL 占比 88%; CALL 较基线 0.7x; 总量较基线 0.7x,15729,2142,17871,0.8801,0.1199,0.1362,0.71,0.67,CALL,0.8446,,6
2026-06-04,US.HOOD,CALL,44.84,CALL 占比 91%; CALL 较基线 0.6x; 总量较基线 0.6x,192193,17896,210089,0.9148,0.0852,0.0931,0.614,0.557,CALL,0.8042,,6
2026-06-04,US.FCX,CALL,44.44,CALL 占比 86%; CALL 较基线 0.8x; 总量较基线 0.6x,31832,5349,37181,0.8561,0.1439,0.168,0.795,0.639,CALL,0.6915,,6
2026-06-04,US.GEMI,CALL,43.82,CALL 占比 96%; CALL 较基线 0.5x; 总量较基线 0.3x,1250,57,1307,0.9564,0.0436,0.0456,0.468,0.303,CALL,0.6048,,6
2026-06-04,US.CBRS,CALL,43.37,CALL 占比 80%; CALL 较基线 0.9x; 总量较基线 0.7x,12645,3173,15818,0.7994,0.2006,0.2509,0.867,0.742,CALL,0.6795,,6
2026-06-04,US.SQQQ,CALL,43.14,CALL 占比 80%; CALL 较基线 0.8x; 总量较基线 0.8x,40484,10376,50860,0.796,0.204,0.2563,0.809,0.805,CALL,0.799,,6
2026-06-04,US.MRVL,CALL,42.77,CALL 占比 80%; CALL 较基线 0.8x; 总量较基线 0.7x,147466,36365,183831,0.8022,0.1978,0.2466,0.781,0.739,CALL,0.7527,,6
2026-06-04,US.VEEV,CALL,42.66,CALL 占比 66%; CALL 较基线 1.1x; 总量较基线 1.2x,5846,2998,8844,0.661,0.339,0.5128,1.127,1.202,CALL,0.6673,,5
2026-06-04,US.AEHR,PUT,42.53,PUT 占比 56%; 暂无历史基线,1546,1994,3540,0.4367,0.5633,1.2898,,,,,,2
2026-06-04,US.COIN,CALL,41.34,CALL 占比 78%; CALL 较基线 0.8x; 总量较基线 0.6x,62337,17130,79467,0.7844,0.2156,0.2748,0.765,0.641,CALL,0.6409,,6
2026-06-04,US.ASX,CALL,41.19,CALL 占比 89%; CALL 较基线 0.4x; 总量较基线 0.4x,2616,311,2927,0.8937,0.1063,0.1189,0.389,0.389,CALL,0.8763,,6
2026-06-04,US.TWLO,CALL,40.23,CALL 占比 74%; CALL 较基线 0.7x; 总量较基线 0.8x,4550,1574,6124,0.743,0.257,0.3459,0.738,0.768,CALL,0.7737,,6
2026-06-04,US.AVGO,CALL,39.82,CALL 占比 55%; CALL 较基线 1.1x; 总量较基线 1.5x,161077,130406,291483,0.5526,0.4474,0.8096,1.061,1.538,CALL,0.7734,,6
2026-06-04,US.OPEN,CALL,39.74,CALL 占比 89%; CALL 较基线 0.3x; 总量较基线 0.3x,51611,6134,57745,0.8938,0.1062,0.1189,0.284,0.286,CALL,0.8946,,6
2026-06-04,US.QCOM,CALL,39.52,CALL 占比 83%; CALL 较基线 0.5x; 总量较基线 0.5x,54229,11131,65360,0.8297,0.1703,0.2053,0.451,0.454,CALL,0.8249,,6
2026-06-04,US.NOW,CALL,39.43,CALL 占比 84%; CALL 较基线 0.4x; 总量较基线 0.4x,84979,16451,101430,0.8378,0.1622,0.1936,0.424,0.421,CALL,0.8223,,6
2026-06-04,US.BABA,CALL,39.22,CALL 占比 82%; CALL 较基线 0.5x; 总量较基线 0.4x,34845,7409,42254,0.8247,0.1753,0.2126,0.457,0.431,CALL,0.7649,,6
2026-06-04,US.IGV,PUT,39.09,"PUT 占比 66%; PUT 较基线 0.3x; 总量较基线 0.2x; 方向反转 CALL->PUT, 占比提升 28%",20727,40089,60816,0.3408,0.6592,1.9341,0.341,0.249,CALL,0.3757,8.51,6
2026-06-04,US.SCO,CALL,38.58,CALL 占比 53%; CALL 较基线 1.2x; 总量较基线 1.3x,2937,2565,5502,0.5338,0.4662,0.8733,1.179,1.3,CALL,0.4115,,6
2026-06-04,US.CRCL,CALL,38.41,CALL 占比 72%; CALL 较基线 0.7x; 总量较基线 0.7x,33426,13325,46751,0.715,0.285,0.3986,0.701,0.701,CALL,0.7059,,6
2026-06-04,US.OKLO,CALL,38.18,CALL 占比 81%; CALL 较基线 0.4x; 总量较基线 0.4x,31417,7212,38629,0.8133,0.1867,0.2296,0.407,0.399,CALL,0.7945,,6
2026-06-04,US.INTC,CALL,38.05,CALL 占比 79%; CALL 较基线 0.5x; 总量较基线 0.5x,168428,45720,214148,0.7865,0.2135,0.2715,0.479,0.46,CALL,0.7464,,6
2026-06-04,US.UPST,CALL,37.72,CALL 占比 80%; CALL 较基线 0.4x; 总量较基线 0.4x,6966,1771,8737,0.7973,0.2027,0.2542,0.441,0.384,CALL,0.6897,,6
2026-06-04,US.SOFI,CALL,37.57,CALL 占比 81%; CALL 较基线 0.4x; 总量较基线 0.4x,125451,29037,154488,0.812,0.188,0.2315,0.361,0.368,CALL,0.8177,,6
2026-06-04,US.ORCL,CALL,37.43,CALL 占比 81%; CALL 较基线 0.4x; 总量较基线 0.4x,110212,26575,136787,0.8057,0.1943,0.2411,0.362,0.384,CALL,0.8111,,6
2026-06-04,US.NVDA,CALL,37.13,CALL 占比 72%; CALL 较基线 0.6x; 总量较基线 0.6x,934113,357522,1291635,0.7232,0.2768,0.3827,0.557,0.624,CALL,0.8146,,6
2026-06-04,US.IBIT,PUT,37.09,PUT 占比 60%; PUT 较基线 1.0x; 总量较基线 0.9x,158573,240977,399550,0.3969,0.6031,1.5197,0.974,0.862,PUT,0.5296,,6
2026-06-04,US.TSLA,CALL,37.08,CALL 占比 67%; CALL 较基线 0.7x; 总量较基线 0.7x,714165,343971,1058136,0.6749,0.3251,0.4816,0.715,0.726,CALL,0.6888,,6
2026-06-04,US.JD,CALL,36.91,CALL 占比 84%; CALL 较基线 0.3x; 总量较基线 0.2x,7306,1442,8748,0.8352,0.1648,0.1974,0.267,0.227,CALL,0.7151,,6
2026-06-04,US.MSFT,CALL,36.6,CALL 占比 81%; CALL 较基线 0.3x; 总量较基线 0.3x,170326,39905,210231,0.8102,0.1898,0.2343,0.288,0.315,CALL,0.8703,,6
2026-06-04,US.AMD,CALL,36.57,CALL 占比 68%; CALL 较基线 0.7x; 总量较基线 0.7x,105631,50378,156009,0.6771,0.3229,0.4769,0.674,0.682,CALL,0.6873,,6
2026-06-04,US.SOUN,CALL,36.45,CALL 占比 83%; CALL 较基线 0.2x; 总量较基线 0.2x,21648,4284,25932,0.8348,0.1652,0.1979,0.215,0.223,CALL,0.8394,,6
2026-06-04,US.HPE,CALL,36.01,CALL 占比 84%; CALL 较基线 0.2x; 总量较基线 0.2x,40506,7913,48419,0.8366,0.1634,0.1954,0.185,0.177,CALL,0.7956,,3
2026-06-04,US.BBAI,CALL,35.89,CALL 占比 83%; CALL 较基线 0.2x; 总量较基线 0.2x,27438,5467,32905,0.8339,0.1661,0.1992,0.176,0.188,CALL,0.8757,,6
2026-06-04,US.ASML,CALL,35.86,CALL 占比 73%; CALL 较基线 0.5x; 总量较基线 0.4x,4010,1475,5485,0.7311,0.2689,0.3678,0.503,0.433,CALL,0.6232,,6
2026-06-04,US.PLTR,CALL,35.45,CALL 占比 74%; CALL 较基线 0.4x; 总量较基线 0.4x,195884,68115,263999,0.742,0.258,0.3477,0.397,0.432,CALL,0.7854,,6
2026-06-04,US.AMZN,CALL,35.38,CALL 占比 72%; CALL 较基线 0.5x; 总量较基线 0.5x,194216,76940,271156,0.7163,0.2837,0.3962,0.454,0.517,CALL,0.8102,,6
2026-06-04,US.TSM,CALL,35.28,CALL 占比 55%; CALL 较基线 0.9x; 总量较基线 1.1x,58882,49164,108046,0.545,0.455,0.835,0.896,1.052,CALL,0.621,,6
2026-06-04,US.AAPL,CALL,35.27,CALL 占比 74%; CALL 较基线 0.4x; 总量较基线 0.4x,213870,75626,289496,0.7388,0.2612,0.3536,0.396,0.425,CALL,0.7811,,6
2026-06-04,US.SNOW,CALL,35.25,CALL 占比 80%; CALL 较基线 0.2x; 总量较基线 0.2x,19985,4875,24860,0.8039,0.1961,0.2439,0.221,0.221,CALL,0.7652,,5
2026-06-04,US.IREN,CALL,35.11,CALL 占比 71%; CALL 较基线 0.5x; 总量较基线 0.5x,114842,45804,160646,0.7149,0.2851,0.3988,0.469,0.46,CALL,0.7143,,6
2026-06-04,US.TEAM,CALL,35.0,CALL 占比 81%; CALL 较基线 0.2x; 总量较基线 0.2x,2077,472,2549,0.8148,0.1852,0.2273,0.176,0.168,CALL,0.7574,,3
2026-06-04,US.CRWD,CALL,34.72,CALL 占比 53%; CALL 较基线 0.9x; 总量较基线 1.1x,15893,14107,30000,0.5298,0.4702,0.8876,0.865,1.101,CALL,0.6886,,5
2026-06-04,US.SMCI,CALL,34.66,CALL 占比 78%; CALL 较基线 0.2x; 总量较基线 0.3x,72837,20402,93239,0.7812,0.2188,0.2801,0.234,0.256,CALL,0.8313,,6
2026-06-04,US.SOXL,PUT,34.32,PUT 占比 53%; PUT 较基线 1.0x; 总量较基线 0.9x,31501,35657,67158,0.4691,0.5309,1.1319,0.99,0.862,CALL,0.4482,,6
2026-06-04,US.IBM,CALL,34.21,CALL 占比 78%; CALL 较基线 0.2x; 总量较基线 0.2x,23556,6519,30075,0.7832,0.2168,0.2767,0.197,0.218,CALL,0.8589,,6
2026-06-04,US.NBIS,CALL,34.13,CALL 占比 71%; CALL 较基线 0.4x; 总量较基线 0.4x,33017,13789,46806,0.7054,0.2946,0.4176,0.449,0.387,CALL,0.5933,,6
2026-06-04,US.MARA,CALL,33.83,CALL 占比 72%; CALL 较基线 0.4x; 总量较基线 0.4x,45338,18065,63403,0.7151,0.2849,0.3985,0.357,0.394,CALL,0.7414,,6
2026-06-04,US.FUTU,PUT,33.82,PUT 占比 67%; PUT 较基线 0.5x; 总量较基线 0.5x,2195,4421,6616,0.3318,0.6682,2.0141,0.541,0.46,PUT,0.5656,,3
2026-06-04,US.GDS,CALL,33.81,CALL 占比 80%; CALL 较基线 0.1x; 总量较基线 0.2x,339,87,426,0.7958,0.2042,0.2566,0.133,0.153,CALL,0.8059,,6
2026-06-04,US.YINN,CALL,33.73,CALL 占比 73%; CALL 较基线 0.3x; 总量较基线 0.3x,1913,710,2623,0.7293,0.2707,0.3711,0.343,0.302,CALL,0.6373,,6
2026-06-04,US.MSTR,PUT,33.55,PUT 占比 58%; PUT 较基线 0.8x; 总量较基线 0.6x,89790,121800,211590,0.4244,0.5756,1.3565,0.839,0.637,CALL,0.4761,,6
2026-06-04,US.COHR,CALL,32.94,CALL 占比 59%; CALL 较基线 0.7x; 总量较基线 0.6x,7423,5162,12585,0.5898,0.4102,0.6954,0.746,0.563,PUT,0.4303,,6
2026-06-04,US.LITE,PUT,32.7,PUT 占比 57%; PUT 较基线 0.8x; 总量较基线 0.5x,5045,6732,11777,0.4284,0.5716,1.3344,0.821,0.546,CALL,0.3838,,6
2026-06-04,US.MP,CALL,32.57,CALL 占比 65%; CALL 较基线 0.4x; 总量较基线 0.5x,8206,4426,12632,0.6496,0.3504,0.5394,0.44,0.51,CALL,0.7402,,6
2026-06-04,US.NET,PUT,31.98,PUT 占比 51%; PUT 较基线 1.0x; 总量较基线 0.5x,7210,7603,14813,0.4867,0.5133,1.0545,1.029,0.535,CALL,0.2893,,6
2026-06-04,US.CVX,CALL,31.83,CALL 占比 67%; CALL 较基线 0.4x; 总量较基线 0.4x,6736,3343,10079,0.6683,0.3317,0.4963,0.368,0.358,CALL,0.6566,,6
2026-06-04,US.CRM,CALL,31.4,CALL 占比 70%; CALL 较基线 0.2x; 总量较基线 0.3x,25113,10636,35749,0.7025,0.2975,0.4235,0.223,0.251,CALL,0.7489,,5
2026-06-04,US.WDAY,CALL,31.35,CALL 占比 72%; CALL 较基线 0.2x; 总量较基线 0.2x,1909,746,2655,0.719,0.281,0.3908,0.188,0.182,CALL,0.6683,,5
2026-06-04,US.CRWV,CALL,31.3,CALL 占比 66%; CALL 较基线 0.3x; 总量较基线 0.4x,54505,28683,83188,0.6552,0.3448,0.5262,0.337,0.399,CALL,0.744,,6
2026-06-04,US.BMNR,CALL,31.28,CALL 占比 64%; CALL 较基线 0.4x; 总量较基线 0.4x,35698,19872,55570,0.6424,0.3576,0.5567,0.392,0.408,CALL,0.6735,,6
2026-06-04,US.PANW,PUT,28.56,PUT 占比 50%; PUT 较基线 0.7x; 总量较基线 0.5x,14433,14621,29054,0.4968,0.5032,1.013,0.701,0.471,CALL,0.3423,,6
2026-06-04,US.SVIX,PUT,28.55,PUT 占比 64%; PUT 较基线 0.2x; 总量较基线 0.2x,357,632,989,0.361,0.639,1.7703,0.228,0.195,PUT,0.576,,6
2026-06-04,US.DDOG,PUT,28.39,PUT 占比 59%; PUT 较基线 0.4x; 总量较基线 0.3x,3297,4705,8002,0.412,0.588,1.4271,0.393,0.288,CALL,0.4273,,5
2026-06-04,US.APLD,CALL,28.19,CALL 占比 61%; CALL 较基线 0.2x; 总量较基线 0.3x,14146,9170,23316,0.6067,0.3933,0.6482,0.248,0.324,CALL,0.7885,,6
2026-06-04,US.LI,PUT,27.91,PUT 占比 54%; PUT 较基线 0.5x; 总量较基线 0.4x,2125,2504,4629,0.4591,0.5409,1.1784,0.482,0.404,CALL,0.4135,,6
2026-06-04,US.TIGR,CALL,27.13,CALL 占比 58%; CALL 较基线 0.3x; 总量较基线 0.2x,3864,2808,6672,0.5791,0.4209,0.7267,0.336,0.213,PUT,0.4414,,6
2026-06-04,US.GEV,PUT,27.06,PUT 占比 54%; PUT 较基线 0.4x; 总量较基线 0.4x,2100,2509,4609,0.4556,0.5444,1.1948,0.354,0.408,PUT,0.6019,,6
2026-06-04,US.TNA,CALL,26.45,CALL 占比 51%; CALL 较基线 0.5x; 总量较基线 0.4x,4620,4509,9129,0.5061,0.4939,0.976,0.475,0.4,PUT,0.4238,,6
2026-06-04,US.TMF,CALL,26.27,CALL 占比 56%; CALL 较基线 0.3x; 总量较基线 0.3x,2518,1986,4504,0.5591,0.4409,0.7887,0.266,0.298,CALL,0.6329,,6
2026-06-04,US.XOM,CALL,26.23,CALL 占比 51%; CALL 较基线 0.4x; 总量较基线 0.5x,12290,11794,24084,0.5103,0.4897,0.9596,0.36,0.489,CALL,0.6832,,6
2026-06-04,US.DUOL,CALL,26.21,CALL 占比 53%; CALL 较基线 0.3x; 总量较基线 0.4x,1235,1104,2339,0.528,0.472,0.8939,0.327,0.413,CALL,0.6703,,6
2026-06-04,US.VST,PUT,26.2,PUT 占比 51%; PUT 较基线 0.5x; 总量较基线 0.4x,3726,3841,7567,0.4924,0.5076,1.0309,0.467,0.36,CALL,0.3849,,6
2026-06-04,US.INTU,CALL,26.08,CALL 占比 54%; CALL 较基线 0.3x; 总量较基线 0.3x,3397,2844,6241,0.5443,0.4557,0.8372,0.294,0.327,CALL,0.5915,,5
2026-06-04,US.PDD,CALL,26.04,CALL 占比 60%; CALL 较基线 0.2x; 总量较基线 0.1x,7902,5280,13182,0.5995,0.4005,0.6682,0.153,0.14,CALL,0.6109,,6
2026-06-04,US.ADSK,CALL,23.53,CALL 占比 55%; CALL 较基线 0.1x; 总量较基线 0.1x,516,421,937,0.5507,0.4493,0.8159,0.12,0.09,PUT,0.4796,,5
2026-06-04,US.DELL,CALL,23.27,CALL 占比 51%; CALL 较基线 0.2x; 总量较基线 0.3x,14644,14214,28858,0.5075,0.4925,0.9706,0.179,0.256,CALL,0.6833,,6
2026-06-03,US.QCOM,CALL,65.52,CALL 占比 93%; CALL 较基线 2.1x; 总量较基线 1.8x,216434,15331,231765,0.9339,0.0661,0.0708,2.144,1.836,CALL,0.8031,,5
2026-06-03,US.VEEV,CALL,59.95,CALL 占比 66%; CALL 较基线 2.3x; 总量较基线 2.5x,9437,4858,14295,0.6602,0.3398,0.5148,2.287,2.541,CALL,0.6691,,4
2026-06-03,US.AVGO,CALL,57.93,CALL 占比 79%; CALL 较基线 1.9x; 总量较基线 1.9x,247330,65501,312831,0.7906,0.2094,0.2648,1.864,1.898,CALL,0.7699,,5
2026-06-03,US.COHR,PUT,55.62,PUT 占比 75%; PUT 较基线 2.1x; 总量较基线 1.4x,7566,22314,29880,0.2532,0.7468,2.9492,2.143,1.434,PUT,0.5343,,5
2026-06-03,US.GFS,CALL,55.28,CALL 占比 88%; 暂无历史基线,35014,4679,39693,0.8821,0.1179,0.1336,,,,,,1
2026-06-03,US.VST,PUT,54.86,"PUT 占比 67%; PUT 较基线 1.6x; 总量较基线 0.8x; 方向反转 CALL->PUT, 占比提升 34%",5928,12010,17938,0.3305,0.6695,2.026,1.608,0.828,CALL,0.328,10.25,5
2026-06-03,US.INTC,CALL,53.66,CALL 占比 85%; CALL 较基线 1.5x; 总量较基线 1.3x,486564,87246,573810,0.848,0.152,0.1793,1.498,1.292,CALL,0.7261,,5
2026-06-03,US.MSTR,PUT,53.24,"PUT 占比 71%; PUT 较基线 1.4x; 总量较基线 0.8x; 方向反转 CALL->PUT, 占比提升 28%",78289,194188,272477,0.2873,0.7127,2.4804,1.434,0.792,CALL,0.4288,8.52,5
2026-06-03,US.NOK,CALL,52.58,CALL 占比 81%; 暂无历史基线,563572,128334,691906,0.8145,0.1855,0.2277,,,,,,1
2026-06-03,US.HPE,CALL,51.61,CALL 占比 79%; 暂无历史基线,77886,20681,98567,0.7902,0.2098,0.2655,,,,,,2
2026-06-03,US.MRNA,CALL,50.37,CALL 占比 88%; CALL 较基线 1.1x; 总量较基线 1.0x,30544,4055,34599,0.8828,0.1172,0.1328,1.115,1.022,CALL,0.6993,,5
2026-06-03,US.SOXS,CALL,50.03,CALL 占比 82%; CALL 较基线 1.2x; 总量较基线 1.2x,237478,51949,289427,0.8205,0.1795,0.2188,1.238,1.218,CALL,0.8096,,5
2026-06-03,US.AEHR,CALL,49.81,CALL 占比 75%; 暂无历史基线,5544,1895,7439,0.7453,0.2547,0.3418,,,,,,1
2026-06-03,US.AMD,CALL,49.59,CALL 占比 83%; CALL 较基线 1.3x; 总量较基线 1.0x,192445,39422,231867,0.83,0.17,0.2048,1.286,1.017,CALL,0.6587,,5
2026-06-03,US.OKLO,CALL,49.09,CALL 占比 84%; CALL 较基线 1.1x; 总量较基线 1.0x,85165,15699,100864,0.8444,0.1556,0.1843,1.127,1.05,CALL,0.7845,,5
2026-06-03,US.GOOGL,CALL,48.69,CALL 占比 76%; CALL 较基线 1.3x; 总量较基线 1.2x,229445,71131,300576,0.7634,0.2366,0.31,1.349,1.227,CALL,0.6988,,5
2026-06-03,US.MRVL,CALL,48.2,CALL 占比 80%; CALL 较基线 1.2x; 总量较基线 1.1x,219133,56325,275458,0.7955,0.2045,0.257,1.2,1.131,CALL,0.7441,,5
2026-06-03,US.SQQQ,CALL,47.26,CALL 占比 86%; CALL 较基线 0.9x; 总量较基线 0.9x,47929,7626,55555,0.8627,0.1373,0.1591,0.95,0.858,CALL,0.7863,,5
2026-06-03,US.TEAM,CALL,46.91,CALL 占比 67%; 暂无历史基线,7523,3660,11183,0.6727,0.3273,0.4865,,,,,,2
2026-06-03,US.XOM,CALL,46.19,CALL 占比 71%; CALL 较基线 1.3x; 总量较基线 1.2x,41914,17135,59049,0.7098,0.2902,0.4088,1.288,1.249,CALL,0.6778,,5
2026-06-03,US.OPEN,CALL,45.38,CALL 占比 87%; CALL 较基线 0.7x; 总量较基线 0.8x,141529,21402,162931,0.8686,0.1314,0.1512,0.747,0.777,CALL,0.8998,,5
2026-06-03,US.MDB,CALL,44.93,CALL 占比 62%; 暂无历史基线,9755,5896,15651,0.6233,0.3767,0.6044,,,,,,2
2026-06-03,US.AMZN,CALL,44.68,CALL 占比 76%; CALL 较基线 1.0x; 总量较基线 1.1x,420825,131777,552602,0.7615,0.2385,0.3131,0.979,1.065,CALL,0.82,,5
2026-06-03,US.META,CALL,44.1,CALL 占比 87%; CALL 较基线 0.7x; 总量较基线 0.7x,254728,37978,292706,0.8703,0.1297,0.1491,0.671,0.652,CALL,0.8458,,5
2026-06-03,US.FUTU,PUT,43.87,PUT 占比 60%; 暂无历史基线,6609,9778,16387,0.4033,0.5967,1.4795,,,,,,2
2026-06-03,US.AAPL,CALL,42.51,CALL 占比 78%; CALL 较基线 0.8x; 总量较基线 0.8x,448045,126439,574484,0.7799,0.2201,0.2822,0.802,0.817,CALL,0.7813,,5
2026-06-03,US.CRWD,CALL,42.36,CALL 占比 52%; CALL 较基线 1.3x; 总量较基线 1.9x,22534,21175,43709,0.5155,0.4845,0.9397,1.3,1.89,CALL,0.7319,,4
2026-06-03,US.LI,CALL,42.26,CALL 占比 88%; CALL 较基线 0.6x; 总量较基线 0.4x,4167,589,4756,0.8762,0.1238,0.1413,0.623,0.371,CALL,0.5286,,5
2026-06-03,US.TNA,PUT,42.02,PUT 占比 65%; PUT 较基线 1.2x; 总量较基线 1.1x,8493,15499,23992,0.354,0.646,1.8249,1.226,1.062,PUT,0.5623,,5
2026-06-03,US.SCO,CALL,41.98,CALL 占比 76%; CALL 较基线 0.9x; 总量较基线 0.7x,2324,721,3045,0.7632,0.2368,0.3102,0.92,0.681,CALL,0.3411,,5
2026-06-03,US.SMCI,CALL,41.62,CALL 占比 85%; CALL 较基线 0.5x; 总量较基线 0.5x,183409,32522,215931,0.8494,0.1506,0.1773,0.545,0.548,CALL,0.8277,,5
2026-06-03,US.ASX,CALL,41.5,CALL 占比 89%; CALL 较基线 0.4x; 总量较基线 0.4x,3209,414,3623,0.8857,0.1143,0.129,0.432,0.437,CALL,0.8745,,5
2026-06-03,US.BABA,CALL,41.22,CALL 占比 78%; CALL 较基线 0.7x; 总量较基线 0.7x,57690,16441,74131,0.7782,0.2218,0.285,0.721,0.72,CALL,0.7622,,5
2026-06-03,US.IBIT,PUT,41.03,PUT 占比 61%; PUT 较基线 1.3x; 总量较基线 1.1x,188769,299397,488166,0.3867,0.6133,1.586,1.263,1.065,PUT,0.5129,,5
2026-06-03,US.RBRK,CALL,40.73,CALL 占比 79%; CALL 较基线 0.6x; 总量较基线 0.7x,6353,1675,8028,0.7914,0.2086,0.2637,0.62,0.687,CALL,0.8686,,5
2026-06-03,US.IWM,PUT,40.67,PUT 占比 76%; PUT 较基线 0.8x; 总量较基线 0.7x,137732,433008,570740,0.2413,0.7587,3.1438,0.756,0.712,PUT,0.7188,,5
2026-06-03,US.SAP,CALL,40.58,CALL 占比 80%; CALL 较基线 0.6x; 总量较基线 0.6x,3904,991,4895,0.7975,0.2025,0.2538,0.61,0.634,CALL,0.7993,,4
2026-06-03,US.FCX,CALL,40.37,CALL 占比 69%; CALL 较基线 0.9x; 总量较基线 0.9x,37318,16999,54317,0.687,0.313,0.4555,0.92,0.921,CALL,0.6923,,5
2026-06-03,US.IBM,CALL,40.24,CALL 占比 77%; CALL 较基线 0.6x; 总量较基线 0.7x,80571,23873,104444,0.7714,0.2286,0.2963,0.631,0.722,CALL,0.8765,,5
2026-06-03,US.CVX,CALL,40.17,CALL 占比 67%; CALL 较基线 1.0x; 总量较基线 1.0x,17973,9021,26994,0.6658,0.3342,0.5019,0.979,0.951,CALL,0.6548,,5
2026-06-03,US.RDDT,CALL,39.82,CALL 占比 81%; CALL 较基线 0.5x; 总量较基线 0.6x,21973,5195,27168,0.8088,0.1912,0.2364,0.52,0.551,CALL,0.852,,5
2026-06-03,US.CBRS,CALL,39.65,CALL 占比 69%; CALL 较基线 0.9x; 总量较基线 0.9x,12963,5891,18854,0.6875,0.3125,0.4544,0.87,0.865,CALL,0.678,,5
2026-06-03,US.IREN,CALL,39.56,CALL 占比 70%; CALL 较基线 0.8x; 总量较基线 0.8x,208902,90255,299157,0.6983,0.3017,0.432,0.829,0.833,CALL,0.7175,,5
2026-06-03,US.DJT,CALL,39.51,CALL 占比 85%; CALL 较基线 0.4x; 总量较基线 0.4x,9904,1772,11676,0.8482,0.1518,0.1789,0.403,0.394,CALL,0.8439,,5
2026-06-03,US.MARA,CALL,39.38,CALL 占比 78%; CALL 较基线 0.6x; 总量较基线 0.6x,80624,23321,103945,0.7756,0.2244,0.2893,0.592,0.603,CALL,0.7346,,5
2026-06-03,US.NVDA,CALL,39.23,CALL 占比 81%; CALL 较基线 0.5x; 总量较基线 0.5x,912995,220129,1133124,0.8057,0.1943,0.2411,0.499,0.502,CALL,0.8164,,5
2026-06-03,US.SOFI,CALL,39.16,CALL 占比 76%; CALL 较基线 0.6x; 总量较基线 0.7x,222290,69572,291862,0.7616,0.2384,0.313,0.597,0.654,CALL,0.8289,,5
2026-06-03,US.SOUN,CALL,39.14,CALL 占比 78%; CALL 较基线 0.5x; 总量较基线 0.6x,59366,17012,76378,0.7773,0.2227,0.2866,0.544,0.615,CALL,0.8518,,5
2026-06-03,US.CRWV,CALL,38.96,CALL 占比 74%; CALL 较基线 0.6x; 总量较基线 0.7x,111627,38880,150507,0.7417,0.2583,0.3483,0.649,0.684,CALL,0.7445,,5
2026-06-03,US.BMNR,CALL,38.62,CALL 占比 61%; CALL 较基线 1.0x; 总量较基线 1.1x,88027,55504,143531,0.6133,0.3867,0.6305,0.961,1.067,CALL,0.6855,,5
2026-06-03,US.BBAI,CALL,38.41,CALL 占比 81%; CALL 较基线 0.4x; 总量较基线 0.4x,69324,15859,85183,0.8138,0.1862,0.2288,0.401,0.441,CALL,0.8881,,5
2026-06-03,US.MSFT,CALL,38.24,CALL 占比 80%; CALL 较基线 0.4x; 总量较基线 0.5x,270660,65706,336366,0.8047,0.1953,0.2428,0.412,0.459,CALL,0.8834,,5
2026-06-03,US.JD,CALL,38.16,CALL 占比 73%; CALL 较基线 0.6x; 总量较基线 0.6x,18717,6860,25577,0.7318,0.2682,0.3665,0.645,0.622,CALL,0.7118,,5
2026-06-03,US.TMF,CALL,37.98,CALL 占比 63%; CALL 较基线 0.9x; 总量较基线 0.9x,8831,5227,14058,0.6282,0.3718,0.5919,0.919,0.916,CALL,0.6339,,5
2026-06-03,US.SOXL,CALL,37.65,CALL 占比 62%; CALL 较基线 1.0x; 总量较基线 0.8x,41701,26102,67803,0.615,0.385,0.6259,0.995,0.848,CALL,0.5392,,5
2026-06-03,US.TWLO,CALL,37.5,CALL 占比 83%; CALL 较基线 0.3x; 总量较基线 0.3x,2213,455,2668,0.8295,0.1705,0.2056,0.318,0.295,CALL,0.7625,,5
2026-06-03,US.NOW,CALL,37.43,CALL 占比 76%; CALL 较基线 0.5x; 总量较基线 0.5x,107696,34896,142592,0.7553,0.2447,0.324,0.492,0.548,CALL,0.8357,,5
2026-06-03,US.TSLA,CALL,37.41,CALL 占比 71%; CALL 较基线 0.6x; 总量较基线 0.6x,683444,273459,956903,0.7142,0.2858,0.4001,0.644,0.614,CALL,0.6837,,5
2026-06-03,US.ORCL,CALL,36.72,CALL 占比 75%; CALL 较基线 0.4x; 总量较基线 0.5x,149842,49564,199406,0.7514,0.2486,0.3308,0.446,0.515,CALL,0.823,,5
2026-06-03,US.ASML,PUT,36.5,PUT 占比 51%; PUT 较基线 1.3x; 总量较基线 0.9x,5802,5947,11749,0.4938,0.5062,1.025,1.345,0.915,CALL,0.3509,,5
2026-06-03,US.PLTR,CALL,36.31,CALL 占比 69%; CALL 较基线 0.6x; 总量较基线 0.7x,303431,135442,438873,0.6914,0.3086,0.4464,0.572,0.681,CALL,0.8042,,5
2026-06-03,US.RXRX,CALL,36.29,CALL 占比 84%; CALL 较基线 0.2x; 总量较基线 0.2x,10658,2055,12713,0.8384,0.1616,0.1928,0.185,0.212,CALL,0.947,,5
2026-06-03,US.PANW,CALL,36.18,CALL 占比 55%; CALL 较基线 0.9x; 总量较基线 1.2x,38168,31789,69957,0.5456,0.4544,0.8329,0.921,1.164,CALL,0.6801,,5
2026-06-03,US.UVXY,CALL,34.88,CALL 占比 73%; CALL 较基线 0.4x; 总量较基线 0.4x,7982,2952,10934,0.73,0.27,0.3698,0.405,0.405,CALL,0.731,,5
2026-06-03,US.SBET,CALL,34.87,CALL 占比 73%; CALL 较基线 0.4x; 总量较基线 0.4x,8236,3018,11254,0.7318,0.2682,0.3664,0.4,0.399,CALL,0.7066,,5
2026-06-03,US.DUOL,CALL,34.42,CALL 占比 71%; CALL 较基线 0.4x; 总量较基线 0.4x,1824,738,2562,0.7119,0.2881,0.4046,0.437,0.408,CALL,0.662,,5
2026-06-03,US.APLD,CALL,34.38,CALL 占比 71%; CALL 较基线 0.4x; 总量较基线 0.5x,25873,10638,36511,0.7086,0.2914,0.4112,0.408,0.461,CALL,0.8045,,5
2026-06-03,US.COIN,CALL,34.06,CALL 占比 56%; CALL 较基线 0.8x; 总量较基线 0.9x,65472,52348,117820,0.5557,0.4443,0.7995,0.773,0.941,CALL,0.6579,,5
2026-06-03,US.YINN,CALL,34.06,CALL 占比 66%; CALL 较基线 0.6x; 总量较基线 0.6x,3392,1777,5169,0.6562,0.3438,0.5239,0.564,0.55,CALL,0.6335,,5
2026-06-03,US.TSM,PUT,33.92,PUT 占比 56%; PUT 较基线 1.0x; 总量较基线 0.6x,29778,37199,66977,0.4446,0.5554,1.2492,1.006,0.61,CALL,0.3437,,5
2026-06-03,US.HOOD,CALL,33.7,CALL 占比 68%; CALL 较基线 0.4x; 总量较基线 0.5x,145998,68807,214805,0.6797,0.3203,0.4713,0.421,0.524,CALL,0.8291,,5
2026-06-03,US.GDS,CALL,32.74,CALL 占比 75%; CALL 较基线 0.2x; 总量较基线 0.2x,551,187,738,0.7466,0.2534,0.3394,0.187,0.231,CALL,0.8177,,5
2026-06-03,US.LITE,CALL,32.62,CALL 占比 58%; CALL 较基线 0.6x; 总量较基线 0.7x,9217,6646,15863,0.581,0.419,0.7211,0.648,0.698,CALL,0.6232,,5
2026-06-03,US.MP,CALL,32.42,CALL 占比 54%; CALL 较基线 0.6x; 总量较基线 0.9x,12753,10857,23610,0.5402,0.4598,0.8513,0.644,0.944,CALL,0.7802,,5
2026-06-03,US.IGV,CALL,32.33,CALL 占比 60%; CALL 较基线 0.6x; 总量较基线 0.5x,85988,57498,143486,0.5993,0.4007,0.6687,0.638,0.543,CALL,0.6293,,5
2026-06-03,US.DELL,CALL,32.29,CALL 占比 65%; CALL 较基线 0.4x; 总量较基线 0.5x,37579,19810,57389,0.6548,0.3452,0.5272,0.414,0.464,CALL,0.6889,,5
2026-06-03,US.QQQ,PUT,32.15,PUT 占比 57%; PUT 较基线 0.7x; 总量较基线 0.6x,493247,644796,1138043,0.4334,0.5666,1.3072,0.718,0.624,PUT,0.5295,,5
2026-06-03,US.INTU,CALL,32.05,CALL 占比 60%; CALL 较基线 0.6x; 总量较基线 0.6x,7112,4647,11759,0.6048,0.3952,0.6534,0.562,0.561,CALL,0.5881,,4
2026-06-03,US.DDOG,CALL,31.53,CALL 占比 59%; CALL 较基线 0.6x; 总量较基线 0.6x,10105,7119,17224,0.5867,0.4133,0.7045,0.585,0.565,CALL,0.5692,,4
2026-06-03,US.SPY,PUT,31.22,PUT 占比 56%; PUT 较基线 0.7x; 总量较基线 0.6x,759795,954908,1714703,0.4431,0.5569,1.2568,0.661,0.609,PUT,0.5515,,5
2026-06-03,US.NET,CALL,31.21,CALL 占比 65%; CALL 较基线 0.3x; 总量较基线 0.4x,7818,4149,11967,0.6533,0.3467,0.5307,0.343,0.388,CALL,0.7221,,5
2026-06-03,US.SVIX,PUT,31.12,PUT 占比 55%; PUT 较基线 0.7x; 总量较基线 0.6x,1559,1915,3474,0.4488,0.5512,1.2284,0.651,0.643,PUT,0.5809,,5
2026-06-03,US.PDD,CALL,30.43,CALL 占比 62%; CALL 较基线 0.4x; 总量较基线 0.4x,24130,14695,38825,0.6215,0.3785,0.609,0.421,0.368,CALL,0.6088,,5
2026-06-03,US.SNOW,CALL,30.16,CALL 占比 64%; CALL 较基线 0.3x; 总量较基线 0.4x,29608,16320,45928,0.6447,0.3553,0.5512,0.28,0.355,CALL,0.7953,,4
2026-06-03,US.CRCL,CALL,30.15,CALL 占比 51%; CALL 较基线 0.6x; 总量较基线 0.8x,29349,27645,56994,0.5149,0.4851,0.9419,0.571,0.831,CALL,0.7441,,5
2026-06-03,US.UPST,CALL,30.06,CALL 占比 56%; CALL 较基线 0.5x; 总量较基线 0.6x,8622,6913,15535,0.555,0.445,0.8018,0.5,0.643,CALL,0.7166,,5
2026-06-03,US.CRM,CALL,30.04,CALL 占比 63%; CALL 较基线 0.3x; 总量较基线 0.4x,40177,23568,63745,0.6303,0.3697,0.5866,0.308,0.394,CALL,0.7785,,4
2026-06-03,US.NBIS,PUT,29.9,PUT 占比 52%; PUT 较基线 0.7x; 总量较基线 0.5x,34232,36762,70994,0.4822,0.5178,1.0739,0.742,0.542,CALL,0.3845,,5
2026-06-03,US.ADSK,CALL,29.07,CALL 占比 64%; CALL 较基线 0.3x; 总量较基线 0.2x,1511,858,2369,0.6378,0.3622,0.5678,0.303,0.19,PUT,0.44,,4
2026-06-03,US.GEV,CALL,28.47,CALL 占比 51%; CALL 较基线 0.7x; 总量较基线 0.5x,2919,2780,5699,0.5122,0.4878,0.9524,0.654,0.459,PUT,0.3752,,5
2026-06-03,US.GEMI,CALL,28.07,CALL 占比 51%; CALL 较基线 0.5x; 总量较基线 0.6x,1424,1345,2769,0.5143,0.4857,0.9445,0.488,0.6,CALL,0.6229,,5
2026-06-03,US.EWT,PUT,27.26,PUT 占比 54%; PUT 较基线 0.6x; 总量较基线 0.2x,1041,1208,2249,0.4629,0.5371,1.1604,0.596,0.169,CALL,0.172,,5
2026-06-03,US.TIGR,CALL,25.32,CALL 占比 52%; CALL 较基线 0.4x; 总量较基线 0.3x,4774,4405,9179,0.5201,0.4799,0.9227,0.372,0.256,PUT,0.4257,,5
2026-06-03,US.WDAY,CALL,24.79,CALL 占比 52%; CALL 较基线 0.3x; 总量较基线 0.4x,3037,2845,5882,0.5163,0.4837,0.9368,0.254,0.351,CALL,0.7063,,4
2026-06-02,US.COHR,CALL,69.88,"CALL 占比 68%; CALL 较基线 3.0x; 总量较基线 1.8x; 方向反转 PUT->CALL, 占比提升 27%",22193,10479,32672,0.6793,0.3207,0.4722,2.966,1.827,PUT,0.4123,8.01,4
2026-06-02,US.OKLO,CALL,68.83,CALL 占比 87%; CALL 较基线 2.6x; 总量较基线 2.2x,148669,21993,170662,0.8711,0.1289,0.1479,2.595,2.204,CALL,0.7629,,4
2026-06-02,US.MRVL,CALL,65.32,CALL 占比 85%; CALL 较基线 2.4x; 总量较基线 2.0x,344043,59984,404027,0.8515,0.1485,0.1744,2.418,1.986,CALL,0.7172,,4
2026-06-02,US.FCX,CALL,64.93,CALL 占比 69%; CALL 较基线 2.7x; 总量较基线 2.7x,81250,37272,118522,0.6855,0.3145,0.4587,2.671,2.69,CALL,0.6941,,4
2026-06-02,US.BABA,CALL,61.57,CALL 占比 87%; CALL 较基线 2.0x; 总量较基线 1.7x,135144,19602,154746,0.8733,0.1267,0.145,2.04,1.72,CALL,0.7344,,4
2026-06-02,US.OPEN,CALL,58.36,CALL 占比 95%; CALL 较基线 1.5x; 总量较基线 1.4x,256926,12488,269414,0.9536,0.0464,0.0486,1.489,1.383,CALL,0.8863,,4
2026-06-02,US.MSTR,PUT,58.35,"PUT 占比 70%; PUT 较基线 1.9x; 总量较基线 0.9x; 方向反转 CALL->PUT, 占比提升 34%",93735,216637,310372,0.302,0.698,2.3112,1.881,0.88,CALL,0.3615,10.1,4
2026-06-02,US.GOOGL,CALL,58.09,CALL 占比 65%; CALL 较基线 2.2x; 总量较基线 2.4x,300678,160182,460860,0.6524,0.3476,0.5327,2.188,2.414,CALL,0.7104,,4
2026-06-02,US.IBIT,PUT,57.98,PUT 占比 70%; PUT 较基线 2.5x; 总量较基线 1.6x,196736,460185,656921,0.2995,0.7005,2.3391,2.54,1.607,CALL,0.4659,,4
2026-06-02,US.YINN,CALL,57.85,CALL 占比 74%; CALL 较基线 2.2x; 总量较基线 1.8x,10654,3659,14313,0.7444,0.2556,0.3434,2.196,1.752,CALL,0.6058,,4
2026-06-02,US.PANW,CALL,56.24,CALL 占比 61%; CALL 较基线 2.1x; 总量较基线 2.5x,70985,45224,116209,0.6108,0.3892,0.6371,2.085,2.522,CALL,0.6975,,4
2026-06-02,US.AVGO,CALL,54.63,CALL 占比 83%; CALL 较基线 1.6x; 总量较基线 1.5x,185326,36826,222152,0.8342,0.1658,0.1987,1.551,1.477,CALL,0.7538,,4
2026-06-02,US.SBET,PUT,53.99,"PUT 占比 64%; PUT 较基线 1.5x; 总量较基线 0.5x; 方向反转 CALL->PUT, 占比提升 44%",5753,10415,16168,0.3558,0.6442,1.8104,1.495,0.517,CALL,0.2057,13.15,4
2026-06-02,US.HPE,CALL,53.36,CALL 占比 83%; 暂无历史基线,334126,66543,400669,0.8339,0.1661,0.1992,,,,,,1
2026-06-02,US.TIGR,CALL,53.0,"CALL 占比 73%; CALL 较基线 1.2x; 总量较基线 0.5x; 方向反转 PUT->CALL, 占比提升 38%",14491,5333,19824,0.731,0.269,0.368,1.166,0.498,PUT,0.3494,11.45,4
2026-06-02,US.VEEV,CALL,52.56,CALL 占比 78%; CALL 较基线 1.6x; 总量较基线 1.4x,5699,1588,7287,0.7821,0.2179,0.2786,1.582,1.437,CALL,0.6314,,3
2026-06-02,US.NOK,CALL,52.3,CALL 占比 81%; 暂无历史基线,444609,106002,550611,0.8075,0.1925,0.2384,,,,,,0
2026-06-02,US.RBRK,CALL,52.0,CALL 占比 91%; CALL 较基线 1.1x; 总量较基线 1.1x,11321,1101,12422,0.9114,0.0886,0.0973,1.133,1.079,CALL,0.8579,,4
2026-06-02,US.GFS,CALL,51.68,CALL 占比 79%; 暂无历史基线,12267,3223,15490,0.7919,0.2081,0.2627,,,,,,0
2026-06-02,US.NVDA,CALL,51.25,CALL 占比 83%; CALL 较基线 1.3x; 总量较基线 1.3x,2251686,459745,2711431,0.8304,0.1696,0.2042,1.305,1.266,CALL,0.8129,,4
2026-06-02,US.INTC,CALL,50.87,CALL 占比 84%; CALL 较基线 1.3x; 总量较基线 1.1x,406675,79553,486228,0.8364,0.1636,0.1956,1.336,1.121,CALL,0.6985,,4
2026-06-02,US.VST,CALL,49.58,CALL 占比 77%; CALL 较基线 1.5x; 总量较基线 1.2x,18927,5547,24474,0.7734,0.2266,0.2931,1.455,1.168,CALL,0.6467,,4
2026-06-02,US.SOXS,CALL,48.91,CALL 占比 79%; CALL 较基线 1.2x; 总量较基线 1.2x,223201,57848,281049,0.7942,0.2058,0.2592,1.213,1.239,CALL,0.8135,,4
2026-06-02,US.AAPL,CALL,48.64,CALL 占比 78%; CALL 较基线 1.2x; 总量较基线 1.3x,659695,188266,847961,0.778,0.222,0.2854,1.236,1.271,CALL,0.7822,,4
2026-06-02,US.TEAM,CALL,48.53,CALL 占比 71%; 暂无历史基线,10298,4139,14437,0.7133,0.2867,0.4019,,,,,,1
2026-06-02,US.ASX,CALL,48.13,CALL 占比 86%; CALL 较基线 1.0x; 总量较基线 1.0x,7219,1198,8417,0.8577,0.1423,0.166,0.964,1.018,CALL,0.8786,,4
2026-06-02,US.MP,CALL,47.71,CALL 占比 86%; CALL 较基线 1.0x; 总量较基线 0.9x,19814,3316,23130,0.8566,0.1434,0.1674,1.0,0.908,CALL,0.7611,,4
2026-06-02,US.MDB,CALL,46.89,CALL 占比 67%; 暂无历史基线,7585,3698,11283,0.6723,0.3277,0.4875,,,,,,1
2026-06-02,US.LITE,CALL,46.51,CALL 占比 76%; CALL 较基线 1.3x; 总量较基线 1.0x,17241,5572,22813,0.7558,0.2442,0.3232,1.281,1.005,CALL,0.5901,,4
2026-06-02,US.JD,CALL,46.25,CALL 占比 65%; CALL 较基线 1.4x; 总量较基线 1.5x,37081,19723,56804,0.6528,0.3472,0.5319,1.372,1.527,CALL,0.7265,,4
2026-06-02,US.SVIX,PUT,46.21,PUT 占比 79%; PUT 较基线 1.2x; 总量较基线 0.8x,947,3500,4447,0.213,0.787,3.6959,1.25,0.789,PUT,0.5294,,4
2026-06-02,US.IREN,CALL,45.72,CALL 占比 85%; CALL 较基线 0.9x; 总量较基线 0.7x,233578,40245,273823,0.853,0.147,0.1723,0.91,0.72,CALL,0.6836,,4
2026-06-02,US.CRWV,CALL,45.3,CALL 占比 87%; CALL 较基线 0.8x; 总量较基线 0.7x,140958,20642,161600,0.8723,0.1277,0.1464,0.784,0.689,CALL,0.7126,,4
2026-06-02,US.AEHR,CALL,45.13,CALL 占比 63%; 暂无历史基线,5950,3522,9472,0.6282,0.3718,0.5919,,,,,,0
2026-06-02,US.SQQQ,CALL,44.88,CALL 占比 85%; CALL 较基线 0.8x; 总量较基线 0.7x,42997,7830,50827,0.8459,0.1541,0.1821,0.822,0.745,CALL,0.7714,,4
2026-06-02,US.META,CALL,44.68,CALL 占比 81%; CALL 较基线 0.9x; 总量较基线 0.9x,334727,78503,413230,0.81,0.19,0.2345,0.857,0.903,CALL,0.8547,,4
2026-06-02,US.ASML,CALL,44.34,CALL 占比 73%; CALL 较基线 1.1x; 总量较基线 1.0x,9337,3427,12764,0.7315,0.2685,0.367,1.141,0.993,CALL,0.6285,,4
2026-06-02,US.CBRS,CALL,44.29,CALL 占比 75%; CALL 较基线 1.1x; 总量较基线 0.9x,15650,5122,20772,0.7534,0.2466,0.3273,1.063,0.942,CALL,0.6591,,4
2026-06-02,US.MSFT,CALL,43.97,CALL 占比 87%; CALL 较基线 0.7x; 总量较基线 0.7x,460627,70646,531273,0.867,0.133,0.1534,0.653,0.678,CALL,0.8875,,4
2026-06-02,US.SMCI,CALL,43.75,CALL 占比 88%; CALL 较基线 0.6x; 总量较基线 0.6x,229713,32743,262456,0.8752,0.1248,0.1425,0.632,0.615,CALL,0.8158,,4
2026-06-02,US.EWT,CALL,43.58,CALL 占比 72%; CALL 较基线 1.0x; 总量较基线 1.2x,10972,4312,15284,0.7179,0.2821,0.393,0.965,1.191,CALL,0.8555,,4
2026-06-02,US.NOW,CALL,43.53,CALL 占比 85%; CALL 较基线 0.7x; 总量较基线 0.7x,162159,29684,191843,0.8453,0.1547,0.1831,0.696,0.691,CALL,0.8334,,4
2026-06-02,US.TWLO,CALL,43.44,CALL 占比 78%; CALL 较基线 0.9x; 总量较基线 0.9x,6327,1827,8154,0.7759,0.2241,0.2888,0.889,0.881,CALL,0.7591,,4
2026-06-02,US.IBM,CALL,43.34,CALL 占比 85%; CALL 较基线 0.6x; 总量较基线 0.7x,88844,15277,104121,0.8533,0.1467,0.172,0.646,0.673,CALL,0.8822,,4
2026-06-02,US.SAP,CALL,42.91,CALL 占比 84%; CALL 较基线 0.7x; 总量较基线 0.7x,4691,903,5594,0.8386,0.1614,0.1925,0.673,0.664,CALL,0.7861,,3
2026-06-02,US.BMNR,CALL,42.89,CALL 占比 72%; CALL 较基线 1.0x; 总量较基线 1.0x,94759,37444,132203,0.7168,0.2832,0.3951,1.043,0.978,CALL,0.6777,,4
2026-06-02,US.SOFI,CALL,42.59,CALL 占比 84%; CALL 较基线 0.6x; 总量较基线 0.6x,256294,47949,304243,0.8424,0.1576,0.1871,0.638,0.632,CALL,0.8256,,4
2026-06-02,US.SCO,PUT,42.21,PUT 占比 53%; PUT 较基线 1.7x; 总量较基线 1.3x,2495,2856,5351,0.4663,0.5337,1.1447,1.663,1.259,CALL,0.1902,,4
2026-06-02,US.FUTU,PUT,41.93,PUT 占比 55%; 暂无历史基线,5599,6795,12394,0.4518,0.5482,1.2136,,,,,,1
2026-06-02,US.GDS,CALL,41.29,CALL 占比 95%; CALL 较基线 0.2x; 总量较基线 0.2x,832,44,876,0.9498,0.0502,0.0529,0.239,0.232,CALL,0.7847,,4
2026-06-02,US.QCOM,CALL,41.21,CALL 占比 79%; CALL 较基线 0.7x; 总量较基线 0.7x,74044,19944,93988,0.7878,0.2122,0.2694,0.688,0.7,CALL,0.807,,4
2026-06-02,US.RDDT,CALL,40.91,CALL 占比 81%; CALL 较基线 0.6x; 总量较基线 0.6x,26977,6239,33216,0.8122,0.1878,0.2313,0.586,0.623,CALL,0.8619,,4
2026-06-02,US.APLD,CALL,40.8,CALL 占比 83%; CALL 较基线 0.6x; 总量较基线 0.5x,38613,7968,46581,0.8289,0.1711,0.2064,0.555,0.534,CALL,0.7984,,4
2026-06-02,US.HOOD,CALL,40.7,CALL 占比 85%; CALL 较基线 0.5x; 总量较基线 0.5x,189313,34485,223798,0.8459,0.1541,0.1822,0.491,0.49,CALL,0.8249,,4
2026-06-02,US.NET,CALL,40.24,CALL 占比 83%; CALL 较基线 0.5x; 总量较基线 0.5x,13041,2579,15620,0.8349,0.1651,0.1978,0.517,0.451,CALL,0.694,,4
2026-06-02,US.CRCL,CALL,40.17,CALL 占比 71%; CALL 较基线 0.8x; 总量较基线 0.9x,44013,18370,62383,0.7055,0.2945,0.4174,0.827,0.889,CALL,0.7537,,4
2026-06-02,US.SOUN,CALL,40.15,CALL 占比 84%; CALL 较基线 0.5x; 总量较基线 0.5x,56217,10763,66980,0.8393,0.1607,0.1915,0.46,0.484,CALL,0.8549,,4
2026-06-02,US.RXRX,CALL,39.99,CALL 占比 90%; CALL 较基线 0.3x; 总量较基线 0.3x,19203,2227,21430,0.8961,0.1039,0.116,0.286,0.309,CALL,0.9598,,4
2026-06-02,US.AMZN,CALL,39.28,CALL 占比 75%; CALL 较基线 0.6x; 总量较基线 0.7x,293344,98355,391699,0.7489,0.2511,0.3353,0.632,0.711,CALL,0.8377,,4
2026-06-02,US.UPST,CALL,39.22,CALL 占比 78%; CALL 较基线 0.6x; 总量较基线 0.5x,11240,3185,14425,0.7792,0.2208,0.2834,0.599,0.542,CALL,0.701,,4
2026-06-02,US.TSLA,CALL,39.15,CALL 占比 67%; CALL 较基线 0.9x; 总量较基线 0.9x,949597,464879,1414476,0.6713,0.3287,0.4896,0.872,0.888,CALL,0.6868,,4
2026-06-02,US.TMF,CALL,39.03,CALL 占比 75%; CALL 较基线 0.7x; 总量较基线 0.6x,7116,2343,9459,0.7523,0.2477,0.3293,0.695,0.562,CALL,0.6043,,4
2026-06-02,US.BBAI,CALL,38.83,CALL 占比 81%; CALL 较基线 0.4x; 总量较基线 0.5x,83295,18984,102279,0.8144,0.1856,0.2279,0.427,0.474,CALL,0.9065,,4
2026-06-02,US.PDD,CALL,38.7,CALL 占比 79%; CALL 较基线 0.6x; 总量较基线 0.4x,36434,9453,45887,0.794,0.206,0.2595,0.582,0.381,CALL,0.5625,,4
2026-06-02,US.DUOL,CALL,38.22,CALL 占比 62%; CALL 较基线 0.9x; 总量较基线 1.0x,3892,2357,6249,0.6228,0.3772,0.6056,0.918,0.994,CALL,0.6718,,4
2026-06-02,US.DJT,CALL,38.19,CALL 占比 80%; CALL 较基线 0.4x; 总量较基线 0.5x,12024,2998,15022,0.8004,0.1996,0.2493,0.433,0.451,CALL,0.8548,,4
2026-06-02,US.XOM,CALL,38.04,CALL 占比 76%; CALL 较基线 0.6x; 总量较基线 0.5x,20474,6517,26991,0.7585,0.2415,0.3183,0.576,0.515,CALL,0.6577,,4
2026-06-02,US.AMD,CALL,38.0,CALL 占比 76%; CALL 较基线 0.6x; 总量较基线 0.5x,95971,30778,126749,0.7572,0.2428,0.3207,0.589,0.5,CALL,0.6341,,4
2026-06-02,US.SOXL,CALL,37.28,CALL 占比 59%; CALL 较基线 1.0x; 总量较基线 0.9x,43316,30330,73646,0.5882,0.4118,0.7002,1.042,0.903,CALL,0.5269,,4
2026-06-02,US.WDAY,CALL,37.22,CALL 占比 70%; CALL 较基线 0.6x; 总量较基线 0.7x,8503,3620,12123,0.7014,0.2986,0.4257,0.65,0.662,CALL,0.7079,,3
2026-06-02,US.INTU,CALL,36.82,CALL 占比 56%; CALL 较基线 1.0x; 总量较基线 1.1x,12468,9691,22159,0.5627,0.4373,0.7773,0.98,1.078,CALL,0.5966,,3
2026-06-02,US.CRWD,CALL,36.13,CALL 占比 67%; CALL 较基线 0.6x; 总量较基线 0.7x,12063,6004,18067,0.6677,0.3323,0.4977,0.632,0.728,CALL,0.7533,,3
2026-06-02,US.CRM,CALL,35.75,CALL 占比 72%; CALL 较基线 0.5x; 总量较基线 0.5x,71069,27929,98998,0.7179,0.2821,0.393,0.473,0.542,CALL,0.7988,,3
2026-06-02,US.IGV,CALL,35.6,CALL 占比 70%; CALL 较基线 0.6x; 总量较基线 0.4x,90875,38944,129819,0.7,0.3,0.4285,0.623,0.435,CALL,0.6117,,4
2026-06-02,US.PLTR,CALL,35.58,CALL 占比 72%; CALL 较基线 0.5x; 总量较基线 0.5x,271269,106066,377335,0.7189,0.2811,0.391,0.455,0.53,CALL,0.8256,,4
2026-06-02,US.DDOG,CALL,35.56,CALL 占比 67%; CALL 较基线 0.7x; 总量较基线 0.6x,12799,6332,19131,0.669,0.331,0.4947,0.681,0.558,CALL,0.5359,,3
2026-06-02,US.ORCL,CALL,34.96,CALL 占比 69%; CALL 较基线 0.5x; 总量较基线 0.6x,175427,78808,254235,0.69,0.31,0.4492,0.467,0.605,CALL,0.8563,,4
2026-06-02,US.CVX,CALL,34.9,CALL 占比 69%; CALL 较基线 0.5x; 总量较基线 0.5x,10960,4966,15926,0.6882,0.3118,0.4531,0.542,0.506,CALL,0.6465,,4
2026-06-02,US.SNOW,CALL,34.6,CALL 占比 75%; CALL 较基线 0.3x; 总量较基线 0.3x,39648,13099,52747,0.7517,0.2483,0.3304,0.311,0.341,CALL,0.8098,,3
2026-06-02,US.NBIS,CALL,34.54,CALL 占比 64%; CALL 较基线 0.7x; 总量较基线 0.6x,57470,32925,90395,0.6358,0.3642,0.5729,0.658,0.641,CALL,0.6105,,4
2026-06-02,US.LI,PUT,34.12,PUT 占比 52%; PUT 较基线 1.0x; 总量较基线 0.9x,5571,6074,11645,0.4784,0.5216,1.0903,0.99,0.889,CALL,0.4589,,4
2026-06-02,US.GEMI,PUT,33.26,PUT 占比 51%; PUT 较基线 1.1x; 总量较基线 0.7x,1714,1788,3502,0.4894,0.5106,1.0432,1.068,0.715,CALL,0.3438,,4
2026-06-02,US.IWM,PUT,33.2,PUT 占比 68%; PUT 较基线 0.4x; 总量较基线 0.4x,129763,273617,403380,0.3217,0.6783,2.1086,0.423,0.448,PUT,0.7289,,4
2026-06-02,US.UVXY,CALL,33.17,CALL 占比 66%; CALL 较基线 0.5x; 总量较基线 0.5x,10059,5133,15192,0.6621,0.3379,0.5103,0.455,0.508,CALL,0.7483,,4
2026-06-02,US.TNA,PUT,32.66,PUT 占比 55%; PUT 较基线 0.8x; 总量较基线 0.8x,8310,10078,18388,0.4519,0.5481,1.2128,0.759,0.777,PUT,0.5658,,4
2026-06-02,US.DELL,CALL,32.09,CALL 占比 66%; CALL 较基线 0.4x; 总量较基线 0.4x,39028,19740,58768,0.6641,0.3359,0.5058,0.376,0.42,CALL,0.6952,,4
2026-06-02,US.TSM,CALL,31.62,CALL 占比 62%; CALL 较基线 0.5x; 总量较基线 0.5x,37875,22897,60772,0.6232,0.3768,0.6045,0.464,0.498,CALL,0.6646,,4
2026-06-02,US.MARA,CALL,31.3,CALL 占比 64%; CALL 较基线 0.4x; 总量较基线 0.5x,56650,31670,88320,0.6414,0.3586,0.559,0.363,0.457,CALL,0.7579,,4
2026-06-02,US.COIN,CALL,29.86,CALL 占比 56%; CALL 较基线 0.5x; 总量较基线 0.6x,45423,35499,80922,0.5613,0.4387,0.7815,0.481,0.594,CALL,0.6821,,4
2026-06-02,US.ADSK,CALL,28.65,CALL 占比 60%; CALL 较基线 0.4x; 总量较基线 0.2x,2244,1470,3714,0.6042,0.3958,0.6551,0.38,0.241,PUT,0.3853,,3
2026-06-02,US.MRNA,CALL,28.33,CALL 占比 59%; CALL 较基线 0.3x; 总量较基线 0.4x,8976,6152,15128,0.5933,0.4067,0.6854,0.281,0.393,CALL,0.7258,,4
2026-06-02,US.QQQ,CALL,27.94,CALL 占比 53%; CALL 较基线 0.5x; 总量较基线 0.5x,510922,456616,967538,0.5281,0.4719,0.8937,0.496,0.474,PUT,0.4561,,4
2026-06-02,US.GEV,PUT,27.77,PUT 占比 53%; PUT 较基线 0.4x; 总量较基线 0.5x,3296,3766,7062,0.4667,0.5333,1.1426,0.419,0.514,PUT,0.6476,,4
2026-06-02,US.SPY,PUT,26.95,PUT 占比 53%; PUT 较基线 0.4x; 总量较基线 0.4x,627593,696701,1324294,0.4739,0.5261,1.1101,0.427,0.415,PUT,0.5578,,4
2026-06-01,US.TWLO,CALL,99.72,CALL 占比 78%; CALL 较基线 5.0x; 总量较基线 4.8x,17750,5025,22775,0.7794,0.2206,0.2831,4.967,4.801,CALL,0.7524,,3
2026-06-01,US.SCO,CALL,83.28,CALL 占比 53%; CALL 较基线 4.0x; 总量较基线 5.3x,5785,5054,10839,0.5337,0.4663,0.8736,3.991,5.276,CALL,0.2352,,3
2026-06-01,US.NET,CALL,75.32,CALL 占比 71%; CALL 较基线 3.3x; 总量较基线 3.5x,52644,21470,74114,0.7103,0.2897,0.4078,3.273,3.454,CALL,0.6885,,3
2026-06-01,US.CRWV,CALL,72.89,CALL 占比 92%; CALL 较基线 2.9x; 总量较基线 2.1x,355585,30926,386511,0.92,0.08,0.087,2.936,2.1,CALL,0.6434,,3
2026-06-01,US.MP,CALL,61.75,CALL 占比 81%; CALL 较基线 2.2x; 总量较基线 2.0x,33127,7641,40768,0.8126,0.1874,0.2307,2.155,2.002,CALL,0.7439,,3
2026-06-01,US.CLBT,CALL,60.82,CALL 占比 89%; CALL 较基线 2.0x; 总量较基线 1.6x,1147,139,1286,0.8919,0.1081,0.1212,1.974,1.558,CALL,0.6895,,3
2026-06-01,US.AIFC,CALL,57.93,CALL 占比 100%; CALL 较基线 1.3x; 总量较基线 1.2x,368,0,368,1.0,0.0,0.0,1.314,1.236,CALL,0.9404,,3
2026-06-01,US.AMZN,CALL,57.4,CALL 占比 87%; CALL 较基线 1.6x; 总量较基线 1.6x,657199,96540,753739,0.8719,0.1281,0.1469,1.646,1.56,CALL,0.8263,,3
2026-06-01,US.SBET,CALL,56.48,CALL 占比 89%; CALL 较基线 1.6x; 总量较基线 1.3x,34134,4376,38510,0.8864,0.1136,0.1282,1.626,1.336,CALL,0.7636,,3
2026-06-01,US.MANH,CALL,56.47,CALL 占比 91%; 暂无历史基线,217,21,238,0.9118,0.0882,0.0968,,,,,,2
2026-06-01,US.RBRK,CALL,56.05,CALL 占比 89%; CALL 较基线 1.5x; 总量较基线 1.4x,13182,1570,14752,0.8936,0.1064,0.1191,1.477,1.415,CALL,0.846,,3
2026-06-01,US.ORCL,CALL,55.96,CALL 占比 90%; CALL 较基线 1.4x; 总量较基线 1.4x,486437,55028,541465,0.8984,0.1016,0.1131,1.435,1.424,CALL,0.8423,,3
2026-06-01,US.XOM,CALL,55.66,CALL 占比 80%; CALL 较基线 1.9x; 总量较基线 1.5x,54635,13689,68324,0.7996,0.2004,0.2506,1.87,1.453,CALL,0.6104,,3
2026-06-01,US.TEAM,CALL,55.44,CALL 占比 89%; 暂无历史基线,17651,2268,19919,0.8861,0.1139,0.1285,,,,,,0
2026-06-01,US.SAP,CALL,55.42,CALL 占比 89%; 暂无历史基线,12862,1663,14525,0.8855,0.1145,0.1293,,,,,,2
2026-06-01,US.CRM,CALL,55.41,CALL 占比 89%; 暂无历史基线,185453,24038,209491,0.8853,0.1147,0.1296,,,,,,2
2026-06-01,US.TSM,CALL,54.85,CALL 占比 75%; CALL 较基线 1.9x; 总量较基线 1.6x,127318,43143,170461,0.7469,0.2531,0.3389,1.917,1.608,CALL,0.6371,,3
2026-06-01,US.RDDT,CALL,54.17,CALL 占比 93%; CALL 较基线 1.3x; 总量较基线 1.2x,54887,4352,59239,0.9265,0.0735,0.0793,1.274,1.153,CALL,0.8404,,3
2026-06-01,US.IBM,CALL,53.67,CALL 占比 87%; CALL 较基线 1.3x; 总量较基线 1.4x,169395,25993,195388,0.867,0.133,0.1534,1.336,1.384,CALL,0.8873,,3
2026-06-01,US.KC,CALL,53.56,CALL 占比 96%; CALL 较基线 1.1x; 总量较基线 1.0x,1602,66,1668,0.9604,0.0396,0.0412,1.112,1.042,CALL,0.9039,,3
2026-06-01,US.DUOL,CALL,52.84,CALL 占比 66%; CALL 较基线 1.9x; 总量较基线 1.9x,6488,3316,9804,0.6618,0.3382,0.5111,1.858,1.917,CALL,0.6751,,3
2026-06-01,US.CRWD,CALL,52.51,CALL 占比 81%; 暂无历史基线,20187,4650,24837,0.8128,0.1872,0.2303,,,,,,2
2026-06-01,US.OPEN,CALL,51.84,CALL 占比 88%; CALL 较基线 1.2x; 总量较基线 1.2x,195355,26760,222115,0.8795,0.1205,0.137,1.185,1.197,CALL,0.8886,,3
2026-06-01,US.OKLO,CALL,50.85,CALL 占比 89%; CALL 较基线 1.2x; 总量较基线 0.9x,65544,8067,73611,0.8904,0.1096,0.1231,1.202,0.936,CALL,0.7204,,3
2026-06-01,US.ASML,CALL,50.75,CALL 占比 77%; CALL 较基线 1.6x; 总量较基线 1.2x,11386,3486,14872,0.7656,0.2344,0.3062,1.6,1.221,CALL,0.5828,,3
2026-06-01,US.IGV,CALL,50.58,CALL 占比 72%; CALL 较基线 1.9x; 总量较基线 1.1x,227140,88432,315572,0.7198,0.2802,0.3893,1.913,1.08,CALL,0.5756,,3
2026-06-01,US.HPE,CALL,50.51,CALL 占比 76%; 暂无历史基线,243820,75816,319636,0.7628,0.2372,0.311,,,,,,0
2026-06-01,US.INTU,CALL,50.45,CALL 占比 76%; 暂无历史基线,19461,6106,25567,0.7612,0.2388,0.3138,,,,,,2
2026-06-01,US.MSFT,CALL,50.25,CALL 占比 96%; CALL 较基线 0.9x; 总量较基线 0.8x,639489,27238,666727,0.9591,0.0409,0.0426,0.879,0.81,CALL,0.8637,,3
2026-06-01,US.MDB,CALL,49.9,CALL 占比 75%; 暂无历史基线,31216,10550,41766,0.7474,0.2526,0.338,,,,,,0
2026-06-01,US.BABA,CALL,49.88,CALL 占比 80%; CALL 较基线 1.3x; 总量较基线 1.2x,81583,20006,101589,0.8031,0.1969,0.2452,1.334,1.18,CALL,0.7115,,3
2026-06-01,US.VEEV,CALL,49.83,CALL 占比 75%; 暂无历史基线,7282,2482,9764,0.7458,0.2542,0.3408,,,,,,2
2026-06-01,US.SNOW,CALL,49.44,CALL 占比 74%; 暂无历史基线,62416,22393,84809,0.736,0.264,0.3588,,,,,,2
2026-06-01,US.NOW,CALL,48.42,CALL 占比 79%; CALL 较基线 1.2x; 总量较基线 1.2x,258660,67665,326325,0.7926,0.2074,0.2616,1.152,1.249,CALL,0.8469,,3
2026-06-01,US.GWRE,CALL,48.41,CALL 占比 71%; 暂无历史基线,1449,591,2040,0.7103,0.2897,0.4079,,,,,,2
2026-06-01,US.REMX,PUT,48.27,PUT 占比 69%; PUT 较基线 2.0x; 总量较基线 0.8x,134,297,431,0.3109,0.6891,2.2164,1.958,0.84,CALL,0.3472,,3
2026-06-01,US.WDAY,CALL,48.21,CALL 占比 71%; 暂无历史基线,15441,6452,21893,0.7053,0.2947,0.4178,,,,,,2
2026-06-01,US.DJT,CALL,47.92,CALL 占比 92%; CALL 较基线 0.8x; 总量较基线 0.7x,24242,2128,26370,0.9193,0.0807,0.0878,0.838,0.74,CALL,0.8333,,3
2026-06-01,US.SOUN,CALL,47.82,CALL 占比 85%; CALL 较基线 1.0x; 总量较基线 1.0x,118451,20382,138833,0.8532,0.1468,0.1721,0.959,1.004,CALL,0.8555,,3
2026-06-01,US.BBAI,CALL,46.8,CALL 占比 90%; CALL 较基线 0.8x; 总量较基线 0.8x,160269,18251,178520,0.8978,0.1022,0.1139,0.775,0.782,CALL,0.9094,,3
2026-06-01,US.PANW,CALL,46.74,CALL 占比 70%; CALL 较基线 1.3x; 总量较基线 1.4x,40851,17095,57946,0.705,0.295,0.4185,1.286,1.376,CALL,0.6949,,3
2026-06-01,US.AVGO,CALL,46.12,CALL 占比 79%; CALL 较基线 1.0x; 总量较基线 1.0x,121712,31481,153193,0.7945,0.2055,0.2587,1.025,1.025,CALL,0.7403,,3
2026-06-01,US.PLTR,CALL,45.82,CALL 占比 86%; CALL 较基线 0.8x; 总量较基线 0.8x,515146,83837,598983,0.86,0.14,0.1627,0.828,0.799,CALL,0.8141,,3
2026-06-01,US.NVDA,CALL,45.64,CALL 占比 86%; CALL 较基线 0.8x; 总量较基线 0.8x,1487945,236760,1724705,0.8627,0.1373,0.1591,0.824,0.756,CALL,0.7963,,3
2026-06-01,US.META,CALL,45.49,CALL 占比 85%; CALL 较基线 0.8x; 总量较基线 0.8x,334689,58937,393626,0.8503,0.1497,0.1761,0.818,0.822,CALL,0.8562,,3
2026-06-01,US.SOFI,CALL,45.47,CALL 占比 87%; CALL 较基线 0.8x; 总量较基线 0.8x,334291,51566,385857,0.8664,0.1336,0.1543,0.788,0.752,CALL,0.812,,3
2026-06-01,US.ADSK,PUT,45.42,PUT 占比 64%; 暂无历史基线,3637,6345,9982,0.3644,0.6356,1.7446,,,,,,2
2026-06-01,US.CVX,CALL,45.26,CALL 占比 68%; CALL 较基线 1.3x; 总量较基线 1.2x,24989,11954,36943,0.6764,0.3236,0.4784,1.342,1.244,CALL,0.6365,,3
2026-06-01,US.IREN,CALL,45.17,CALL 占比 88%; CALL 较基线 0.8x; 总量较基线 0.6x,214994,28023,243017,0.8847,0.1153,0.1303,0.794,0.57,CALL,0.6166,,3
2026-06-01,US.RXRX,CALL,44.93,CALL 占比 92%; CALL 较基线 0.6x; 总量较基线 0.6x,42083,3508,45591,0.9231,0.0769,0.0834,0.558,0.589,CALL,0.972,,3
2026-06-01,US.YINN,CALL,44.03,CALL 占比 73%; CALL 较基线 1.2x; 总量较基线 0.9x,5523,2091,7614,0.7254,0.2746,0.3786,1.193,0.912,CALL,0.5659,,3
2026-06-01,US.SQQQ,CALL,43.98,CALL 占比 83%; CALL 较基线 0.8x; 总量较基线 0.7x,44289,9150,53439,0.8288,0.1712,0.2066,0.805,0.731,CALL,0.7523,,3
2026-06-01,US.TIGR,PUT,43.43,PUT 占比 64%; PUT 较基线 1.2x; 总量较基线 1.4x,18069,31702,49771,0.363,0.637,1.7545,1.221,1.363,PUT,0.6552,,3
2026-06-01,US.MRVL,CALL,42.98,CALL 占比 81%; CALL 较基线 0.8x; 总量较基线 0.7x,121866,28820,150686,0.8087,0.1913,0.2365,0.818,0.682,CALL,0.6868,,3
2026-06-01,US.FICO,PUT,42.98,PUT 占比 57%; 暂无历史基线,476,643,1119,0.4254,0.5746,1.3508,,,,,,2
2026-06-01,US.UVXY,CALL,42.78,CALL 占比 79%; CALL 较基线 0.8x; 总量较基线 0.8x,19072,5048,24120,0.7907,0.2093,0.2647,0.826,0.757,CALL,0.7341,,3
2026-06-01,US.FUTU,PUT,42.08,PUT 占比 55%; 暂无历史基线,6443,7937,14380,0.4481,0.5519,1.2319,,,,,,0
2026-06-01,US.NBIS,CALL,41.96,CALL 占比 67%; CALL 较基线 1.1x; 总量较基线 1.0x,95211,45998,141209,0.6743,0.3257,0.4831,1.123,1.001,CALL,0.5892,,3
2026-06-01,US.SOXS,CALL,41.89,CALL 占比 81%; CALL 较基线 0.7x; 总量较基线 0.7x,135598,31854,167452,0.8098,0.1902,0.2349,0.678,0.679,CALL,0.8147,,3
2026-06-01,US.IWM,PUT,41.81,PUT 占比 77%; PUT 较基线 0.8x; 总量较基线 0.7x,161366,549451,710817,0.227,0.773,3.405,0.808,0.737,PUT,0.7142,,3
2026-06-01,US.MARA,CALL,41.72,CALL 占比 79%; CALL 较基线 0.7x; 总量较基线 0.7x,119182,31130,150312,0.7929,0.2071,0.2612,0.707,0.724,CALL,0.7463,,3
2026-06-01,US.LITE,CALL,41.69,CALL 占比 69%; CALL 较基线 1.1x; 总量较基线 0.9x,14280,6307,20587,0.6936,0.3064,0.4417,1.083,0.879,CALL,0.5556,,3
2026-06-01,US.DDOG,CALL,41.62,CALL 占比 54%; 暂无历史基线,29375,24981,54356,0.5404,0.4596,0.8504,,,,,,2
2026-06-01,US.QCOM,CALL,41.49,CALL 占比 76%; CALL 较基线 0.8x; 总量较基线 0.8x,86929,26718,113647,0.7649,0.2351,0.3074,0.758,0.805,CALL,0.821,,3
2026-06-01,US.HOOD,CALL,41.37,CALL 占比 83%; CALL 较基线 0.6x; 总量较基线 0.6x,250527,51832,302359,0.8286,0.1714,0.2069,0.581,0.595,CALL,0.8237,,3
2026-06-01,US.EWT,CALL,40.57,CALL 占比 85%; CALL 较基线 0.5x; 总量较基线 0.5x,6172,1129,7301,0.8454,0.1546,0.1829,0.471,0.498,CALL,0.8589,,3
2026-06-01,US.GEV,PUT,39.94,PUT 占比 69%; PUT 较基线 0.9x; 总量较基线 0.9x,3773,8361,12134,0.3109,0.6891,2.216,0.91,0.85,PUT,0.6338,,3
2026-06-01,US.VST,CALL,39.56,CALL 占比 67%; CALL 较基线 0.9x; 总量较基线 0.9x,12502,6145,18647,0.6705,0.3295,0.4915,0.949,0.858,CALL,0.6387,,3
2026-06-01,US.INTC,CALL,39.48,CALL 占比 64%; CALL 较基线 0.9x; 总量较基线 1.0x,288950,160415,449365,0.643,0.357,0.5552,0.934,1.049,CALL,0.717,,3
2026-06-01,US.FCX,CALL,39.47,CALL 占比 69%; CALL 较基线 0.9x; 总量较基线 0.9x,27055,12429,39484,0.6852,0.3148,0.4594,0.858,0.866,CALL,0.697,,3
2026-06-01,US.DELL,CALL,39.07,CALL 占比 77%; CALL 较基线 0.6x; 总量较基线 0.6x,69187,20590,89777,0.7707,0.2293,0.2976,0.6,0.573,CALL,0.67,,3
2026-06-01,US.GDS,CALL,38.84,CALL 占比 85%; CALL 较基线 0.3x; 总量较基线 0.4x,1401,250,1651,0.8486,0.1514,0.1784,0.336,0.368,CALL,0.7634,,3
2026-06-01,US.APLD,CALL,38.4,CALL 占比 73%; CALL 较基线 0.6x; 总量较基线 0.7x,48118,17818,65936,0.7298,0.2702,0.3703,0.628,0.699,CALL,0.8212,,3
2026-06-01,US.ASX,CALL,38.37,CALL 占比 83%; CALL 较基线 0.3x; 总量较基线 0.4x,3101,622,3723,0.8329,0.1671,0.2006,0.347,0.381,CALL,0.8939,,3
2026-06-01,US.UPST,CALL,38.19,CALL 占比 70%; CALL 较基线 0.7x; 总量较基线 0.7x,14470,6096,20566,0.7036,0.2964,0.4213,0.717,0.719,CALL,0.7001,,3
2026-06-01,US.JD,CALL,38.12,CALL 占比 69%; CALL 较基线 0.7x; 总量较基线 0.8x,21361,9774,31135,0.6861,0.3139,0.4576,0.739,0.794,CALL,0.74,,3
2026-06-01,US.SVIX,PUT,38.04,PUT 占比 51%; PUT 较基线 1.3x; 总量较基线 1.2x,3261,3357,6618,0.4927,0.5073,1.0294,1.284,1.246,PUT,0.5367,,3
2026-06-01,US.COHR,PUT,37.73,PUT 占比 54%; PUT 较基线 1.1x; 总量较基线 1.2x,9354,11131,20485,0.4566,0.5434,1.19,1.096,1.204,PUT,0.6025,,3
2026-06-01,US.TNA,PUT,37.63,PUT 占比 59%; PUT 较基线 1.0x; 总量较基线 1.0x,9691,13672,23363,0.4148,0.5852,1.4108,1.04,0.984,PUT,0.5594,,3
2026-06-01,US.CBRS,CALL,37.44,CALL 占比 62%; CALL 较基线 0.9x; 总量较基线 1.0x,13245,8222,21467,0.617,0.383,0.6208,0.871,0.965,CALL,0.6731,,3
2026-06-01,US.CRCL,CALL,37.36,CALL 占比 73%; CALL 较基线 0.6x; 总量较基线 0.6x,33868,12416,46284,0.7317,0.2683,0.3666,0.568,0.593,CALL,0.7611,,3
2026-06-01,US.PDD,CALL,36.54,CALL 占比 73%; CALL 较基线 0.6x; 总量较基线 0.4x,41473,14987,56460,0.7346,0.2654,0.3614,0.596,0.398,CALL,0.5052,,3
2026-06-01,US.BMNR,CALL,36.04,CALL 占比 61%; CALL 较基线 0.8x; 总量较基线 0.9x,75116,47522,122638,0.6125,0.3875,0.6326,0.782,0.88,CALL,0.6994,,3
2026-06-01,US.AAPL,CALL,35.64,CALL 占比 72%; CALL 较基线 0.5x; 总量较基线 0.5x,287180,112585,399765,0.7184,0.2816,0.392,0.466,0.529,CALL,0.8034,,3
2026-06-01,US.SMCI,CALL,33.68,CALL 占比 68%; CALL 较基线 0.4x; 总量较基线 0.5x,176623,83911,260534,0.6779,0.3221,0.4751,0.415,0.54,CALL,0.8618,,3
2026-06-01,US.TSLA,CALL,33.62,CALL 占比 67%; CALL 较基线 0.5x; 总量较基线 0.5x,611802,305642,917444,0.6669,0.3331,0.4996,0.49,0.505,CALL,0.6935,,3
2026-06-01,US.GOOGL,CALL,33.61,CALL 占比 66%; CALL 较基线 0.5x; 总量较基线 0.5x,76079,38394,114473,0.6646,0.3354,0.5047,0.482,0.529,CALL,0.7256,,3
2026-06-01,US.AMD,CALL,32.87,CALL 占比 58%; CALL 较基线 0.7x; 总量较基线 0.8x,117581,86409,203990,0.5764,0.4236,0.7349,0.66,0.756,CALL,0.6533,,3
2026-06-01,US.COIN,CALL,32.29,CALL 占比 66%; CALL 较基线 0.4x; 总量较基线 0.5x,46619,24507,71126,0.6554,0.3446,0.5257,0.422,0.45,CALL,0.6909,,3
2026-06-01,US.GEMI,CALL,32.13,CALL 占比 61%; CALL 较基线 0.5x; 总量较基线 0.6x,1956,1264,3220,0.6075,0.3925,0.6462,0.537,0.59,CALL,0.6725,,3
2026-06-01,US.LI,CALL,32.13,CALL 占比 56%; CALL 较基线 0.7x; 总量较基线 0.7x,5382,4256,9638,0.5584,0.4416,0.7908,0.717,0.676,CALL,0.5353,,3
2026-06-01,US.IBIT,PUT,31.37,PUT 占比 53%; PUT 较基线 0.8x; 总量较基线 0.6x,132198,150677,282875,0.4673,0.5327,1.1398,0.787,0.628,CALL,0.4437,,3
2026-06-01,US.TMF,CALL,31.03,CALL 占比 53%; CALL 较基线 0.7x; 总量较基线 0.8x,7333,6565,13898,0.5276,0.4724,0.8953,0.655,0.781,CALL,0.6298,,3
2026-06-01,US.MRNA,CALL,29.32,CALL 占比 60%; CALL 较基线 0.3x; 总量较基线 0.5x,12410,8321,20731,0.5986,0.4014,0.6705,0.322,0.466,CALL,0.7683,,3
2026-06-01,US.SOXL,PUT,28.75,PUT 占比 50%; PUT 较基线 0.6x; 总量较基线 0.6x,26880,27399,54279,0.4952,0.5048,1.0193,0.621,0.599,CALL,0.4625,,3
2026-06-01,US.QQQ,PUT,28.58,PUT 占比 56%; PUT 较基线 0.5x; 总量较基线 0.4x,437413,551148,988561,0.4425,0.5575,1.26,0.475,0.414,PUT,0.5394,,3
2026-06-01,US.SPY,PUT,28.5,PUT 占比 55%; PUT 较基线 0.5x; 总量较基线 0.4x,707506,881228,1588734,0.4453,0.5547,1.2455,0.469,0.427,PUT,0.5588,,3
2026-06-01,US.MSTR,CALL,26.81,CALL 占比 55%; CALL 较基线 0.3x; 总量较基线 0.4x,86902,70069,156971,0.5536,0.4464,0.8063,0.302,0.376,CALL,0.6668,,3
2026-06-01,US.XYF,NONE,0,暂无期权成交,0,0,0,0.0,0.0,0.0,,,,,,3
2026-05-29,US.GDS,CALL,58.92,CALL 占比 97%; 暂无历史基线,11000,305,11305,0.973,0.027,0.0277,,,,,,2
2026-05-29,US.CLBT,CALL,58.75,CALL 占比 97%; 暂无历史基线,995,32,1027,0.9688,0.0312,0.0322,,,,,,2
2026-05-29,US.RXRX,CALL,57.94,CALL 占比 95%; 暂无历史基线,60012,3253,63265,0.9486,0.0514,0.0542,,,,,,2
2026-05-29,US.ORCL,CALL,57.26,CALL 占比 93%; 暂无历史基线,562881,41429,604310,0.9314,0.0686,0.0736,,,,,,2
2026-05-29,US.EWT,CALL,57.22,CALL 占比 93%; 暂无历史基线,12313,918,13231,0.9306,0.0694,0.0746,,,,,,2
2026-05-29,US.AIFC,CALL,57.19,CALL 占比 93%; 暂无历史基线,265,20,285,0.9298,0.0702,0.0755,,,,,,2
2026-05-29,US.SOUN,CALL,57.0,CALL 占比 93%; 暂无历史基线,229858,18617,248475,0.9251,0.0749,0.081,,,,,,2
2026-05-29,US.MRNA,CALL,56.82,CALL 占比 92%; 暂无历史基线,94670,8190,102860,0.9204,0.0796,0.0865,,,,,,2
2026-05-29,US.AVGO,CALL,56.64,CALL 占比 92%; 暂无历史基线,226802,20779,247581,0.9161,0.0839,0.0916,,,,,,2
2026-05-29,US.SMCI,CALL,56.41,CALL 占比 91%; 暂无历史基线,675472,66594,742066,0.9103,0.0897,0.0986,,,,,,2
2026-05-29,US.MSFT,CALL,56.12,CALL 占比 90%; 暂无历史基线,1155737,124034,1279771,0.9031,0.0969,0.1073,,,,,,2
2026-05-29,US.BBAI,CALL,55.96,CALL 占比 90%; 暂无历史基线,258806,29116,287922,0.8989,0.1011,0.1125,,,,,,2
2026-05-29,US.IBM,CALL,55.76,CALL 占比 89%; 暂无历史基线,237374,28144,265518,0.894,0.106,0.1186,,,,,,2
2026-05-29,US.MARA,CALL,55.48,CALL 占比 89%; 暂无历史基线,337605,43051,380656,0.8869,0.1131,0.1275,,,,,,2
2026-05-29,US.NOW,CALL,55.28,CALL 占比 88%; 暂无历史基线,359614,48113,407727,0.882,0.118,0.1338,,,,,,2
2026-05-29,US.QCOM,CALL,55.16,CALL 占比 88%; 暂无历史基线,124826,17168,141994,0.8791,0.1209,0.1375,,,,,,2
2026-05-29,US.RDDT,CALL,55.12,CALL 占比 88%; 暂无历史基线,41592,5778,47370,0.878,0.122,0.1389,,,,,,2
2026-05-29,US.OPEN,CALL,54.98,CALL 占比 87%; 暂无历史基线,124462,17867,142329,0.8745,0.1255,0.1436,,,,,,2
2026-05-29,US.CRM,CALL,54.9,CALL 占比 87%; 暂无历史基线,183799,26869,210668,0.8725,0.1275,0.1462,,,,,,1
2026-05-29,US.SOFI,CALL,54.55,CALL 占比 86%; 暂无历史基线,682444,107610,790054,0.8638,0.1362,0.1577,,,,,,2
2026-05-29,US.HOOD,CALL,54.35,CALL 占比 86%; 暂无历史基线,637569,104878,742447,0.8587,0.1413,0.1645,,,,,,2
2026-05-29,US.AAPL,CALL,54.28,CALL 占比 86%; 暂无历史基线,919506,153459,1072965,0.857,0.143,0.1669,,,,,,2
2026-05-29,US.DUOL,CALL,54.25,CALL 占比 86%; 暂无历史基线,5309,891,6200,0.8563,0.1437,0.1678,,,,,,2
2026-05-29,US.NET,CALL,54.15,CALL 占比 85%; 暂无历史基线,21303,3650,24953,0.8537,0.1463,0.1713,,,,,,2
2026-05-29,US.SNOW,CALL,54.12,CALL 占比 85%; 暂无历史基线,119120,20506,139626,0.8531,0.1469,0.1721,,,,,,1
2026-05-29,US.PLTR,CALL,54.0,CALL 占比 85%; 暂无历史基线,1001204,176484,1177688,0.8501,0.1499,0.1763,,,,,,2
2026-05-29,US.KC,CALL,53.81,CALL 占比 85%; 暂无历史基线,1834,336,2170,0.8452,0.1548,0.1832,,,,,,2
2026-05-29,US.PANW,CALL,53.7,CALL 占比 84%; 暂无历史基线,66350,12415,78765,0.8424,0.1576,0.1871,,,,,,2
2026-05-29,US.RBRK,CALL,53.39,CALL 占比 83%; 暂无历史基线,14407,2850,17257,0.8348,0.1652,0.1978,,,,,,2
2026-05-29,US.APLD,CALL,53.28,CALL 占比 83%; 暂无历史基线,51773,10465,62238,0.8319,0.1681,0.2021,,,,,,2
2026-05-29,US.AMZN,CALL,53.13,CALL 占比 83%; 暂无历史基线,411306,85289,496595,0.8283,0.1717,0.2074,,,,,,2
2026-05-29,US.META,CALL,52.82,CALL 占比 82%; 暂无历史基线,411482,90074,501556,0.8204,0.1796,0.2189,,,,,,2
2026-05-29,US.CRWD,CALL,52.72,CALL 占比 82%; 暂无历史基线,25565,5691,31256,0.8179,0.1821,0.2226,,,,,,1
2026-05-29,US.TIGR,PUT,52.23,PUT 占比 81%; 暂无历史基线,12271,50878,63149,0.1943,0.8057,4.1462,,,,,,2
2026-05-29,US.SOXS,CALL,52.08,CALL 占比 80%; 暂无历史基线,200988,49630,250618,0.802,0.198,0.2469,,,,,,2
2026-05-29,US.TWLO,CALL,52.07,CALL 占比 80%; 暂无历史基线,5234,1295,6529,0.8017,0.1983,0.2474,,,,,,2
2026-05-29,US.SQQQ,CALL,51.89,CALL 占比 80%; 暂无历史基线,67448,17146,84594,0.7973,0.2027,0.2542,,,,,,2
2026-05-29,US.DELL,CALL,51.44,CALL 占比 79%; 暂无历史基线,244845,66633,311478,0.7861,0.2139,0.2721,,,,,,2
2026-05-29,US.DJT,CALL,51.31,CALL 占比 78%; 暂无历史基线,52250,14499,66749,0.7828,0.2172,0.2775,,,,,,2
2026-05-29,US.ASX,CALL,51.14,CALL 占比 78%; 暂无历史基线,4795,1365,6160,0.7784,0.2216,0.2847,,,,,,2
2026-05-29,US.CRWV,CALL,50.91,CALL 占比 77%; 暂无历史基线,170593,50174,220767,0.7727,0.2273,0.2941,,,,,,2
2026-05-29,US.NVDA,CALL,50.87,CALL 占比 77%; 暂无历史基线,2414967,714226,3129193,0.7718,0.2282,0.2957,,,,,,2
2026-05-29,US.UPST,CALL,50.85,CALL 占比 77%; 暂无历史基线,30790,9137,39927,0.7712,0.2288,0.2968,,,,,,2
2026-05-29,US.ADSK,PUT,50.8,PUT 占比 77%; 暂无历史基线,4333,14494,18827,0.2301,0.7699,3.345,,,,,,1
2026-05-29,US.CRCL,CALL,50.65,CALL 占比 77%; 暂无历史基线,86594,26428,113022,0.7662,0.2338,0.3052,,,,,,2
2026-05-29,US.GWRE,CALL,50.61,CALL 占比 77%; 暂无历史基线,629,193,822,0.7652,0.2348,0.3068,,,,,,1
2026-05-29,US.SAP,CALL,50.56,CALL 占比 76%; 暂无历史基线,5863,1810,7673,0.7641,0.2359,0.3087,,,,,,1
2026-05-29,US.INTC,CALL,50.23,CALL 占比 76%; 暂无历史基线,441959,142891,584850,0.7557,0.2443,0.3233,,,,,,2
2026-05-29,US.VST,CALL,50.12,CALL 占比 75%; 暂无历史基线,15114,4960,20074,0.7529,0.2471,0.3282,,,,,,2
2026-05-29,US.MRVL,CALL,49.92,CALL 占比 75%; 暂无历史基线,112345,37830,150175,0.7481,0.2519,0.3367,,,,,,2
2026-05-29,US.GOOGL,CALL,49.88,CALL 占比 75%; 暂无历史基线,247107,83644,330751,0.7471,0.2529,0.3385,,,,,,2
2026-05-29,US.COIN,CALL,49.82,CALL 占比 75%; 暂无历史基线,133363,45545,178908,0.7454,0.2546,0.3415,,,,,,2
2026-05-29,US.WDAY,CALL,49.32,CALL 占比 73%; 暂无历史基线,18111,6600,24711,0.7329,0.2671,0.3644,,,,,,1
2026-05-29,US.VEEV,CALL,49.16,CALL 占比 73%; 暂无历史基线,2920,1085,4005,0.7291,0.2709,0.3716,,,,,,1
2026-05-29,US.MP,CALL,48.76,CALL 占比 72%; 暂无历史基线,14782,5779,20561,0.7189,0.2811,0.3909,,,,,,2
2026-05-29,US.NBIS,CALL,48.75,CALL 占比 72%; 暂无历史基线,113940,44607,158547,0.7187,0.2813,0.3915,,,,,,2
2026-05-29,US.JD,CALL,48.57,CALL 占比 71%; 暂无历史基线,23465,9385,32850,0.7143,0.2857,0.4,,,,,,2
2026-05-29,US.BABA,CALL,48.47,CALL 占比 71%; 暂无历史基线,66928,27115,94043,0.7117,0.2883,0.4051,,,,,,2
2026-05-29,US.GEMI,CALL,48.42,CALL 占比 71%; 暂无历史基线,4565,1861,6426,0.7104,0.2896,0.4077,,,,,,2
2026-05-29,US.SCO,CALL,48.22,CALL 占比 71%; 暂无历史基线,4348,1815,6163,0.7055,0.2945,0.4174,,,,,,2
2026-05-29,US.INTU,CALL,48.19,CALL 占比 70%; 暂无历史基线,12998,5446,18444,0.7047,0.2953,0.419,,,,,,1
2026-05-29,US.GEV,PUT,48.05,PUT 占比 70%; 暂无历史基线,5382,12639,18021,0.2987,0.7013,2.3484,,,,,,2
2026-05-29,US.MANH,PUT,47.76,PUT 占比 69%; 暂无历史基线,26,59,85,0.3059,0.6941,2.2692,,,,,,1
2026-05-29,US.FCX,CALL,47.56,CALL 占比 69%; 暂无历史基线,33195,14977,48172,0.6891,0.3109,0.4512,,,,,,2
2026-05-29,US.DDOG,CALL,47.28,CALL 占比 68%; 暂无历史基线,19080,8902,27982,0.6819,0.3181,0.4666,,,,,,1
2026-05-29,US.TSLA,CALL,46.81,CALL 占比 67%; 暂无历史基线,1905380,937199,2842579,0.6703,0.3297,0.4919,,,,,,2
2026-05-29,US.UVXY,CALL,46.74,CALL 占比 67%; 暂无历史基线,28169,13964,42133,0.6686,0.3314,0.4957,,,,,,2
2026-05-29,US.BMNR,CALL,46.69,CALL 占比 67%; 暂无历史基线,120399,60039,180438,0.6673,0.3327,0.4987,,,,,,2
2026-05-29,US.MSTR,CALL,46.67,CALL 占比 67%; 暂无历史基线,331675,165740,497415,0.6668,0.3332,0.4997,,,,,,2
2026-05-29,US.IBIT,CALL,46.49,CALL 占比 66%; 暂无历史基线,406060,207108,613168,0.6622,0.3378,0.51,,,,,,2
2026-05-29,US.TSM,CALL,46.13,CALL 占比 65%; 暂无历史基线,57767,30650,88417,0.6533,0.3467,0.5306,,,,,,2
2026-05-29,US.IGV,PUT,45.64,PUT 占比 64%; 暂无历史基线,267155,477166,744321,0.3589,0.6411,1.7861,,,,,,2
2026-05-29,US.LI,CALL,45.62,CALL 占比 64%; 暂无历史基线,5185,2911,8096,0.6404,0.3596,0.5614,,,,,,2
2026-05-29,US.ASML,CALL,45.52,CALL 占比 64%; 暂无历史基线,9652,5473,15125,0.6381,0.3619,0.567,,,,,,2
2026-05-29,US.TMF,CALL,44.98,CALL 占比 62%; 暂无历史基线,12085,7270,19355,0.6244,0.3756,0.6016,,,,,,2
2026-05-29,US.AMD,CALL,44.96,CALL 占比 62%; 暂无历史基线,165130,99481,264611,0.624,0.376,0.6024,,,,,,2
2026-05-29,US.SVIX,PUT,44.65,PUT 占比 62%; 暂无历史基线,2218,3563,5781,0.3837,0.6163,1.6064,,,,,,2
2026-05-29,US.YINN,PUT,43.86,PUT 占比 60%; 暂无历史基线,3421,5060,8481,0.4034,0.5966,1.4791,,,,,,2
2026-05-29,US.CBRS,CALL,43.83,CALL 占比 60%; 暂无历史基线,8475,5753,14228,0.5957,0.4043,0.6788,,,,,,2
2026-05-29,US.OKLO,CALL,43.55,CALL 占比 59%; 暂无历史基线,67968,47478,115446,0.5887,0.4113,0.6985,,,,,,2
2026-05-29,US.COHR,PUT,43.47,PUT 占比 59%; 暂无历史基线,11554,16405,27959,0.4132,0.5868,1.4199,,,,,,2
2026-05-29,US.QQQ,CALL,43.46,CALL 占比 59%; 暂无历史基线,2583090,1820242,4403332,0.5866,0.4134,0.7047,,,,,,2
2026-05-29,US.XOM,CALL,43.37,CALL 占比 58%; 暂无历史基线,26106,18579,44685,0.5842,0.4158,0.7117,,,,,,2
2026-05-29,US.FICO,PUT,43.17,PUT 占比 58%; 暂无历史基线,263,362,625,0.4208,0.5792,1.3764,,,,,,1
2026-05-29,US.CVX,CALL,43.12,CALL 占比 58%; 暂无历史基线,21898,15987,37885,0.578,0.422,0.7301,,,,,,2
2026-05-29,US.LITE,PUT,42.84,PUT 占比 57%; 暂无历史基线,9534,12693,22227,0.4289,0.5711,1.3313,,,,,,2
2026-05-29,US.IWM,PUT,42.65,PUT 占比 57%; 暂无历史基线,502185,655790,1157975,0.4337,0.5663,1.3059,,,,,,2
2026-05-29,US.SPY,CALL,42.46,CALL 占比 56%; 暂无历史基线,3943741,3080957,7024698,0.5614,0.4386,0.7812,,,,,,2
2026-05-29,US.TNA,PUT,42.41,PUT 占比 56%; 暂无历史基线,13046,16619,29665,0.4398,0.5602,1.2739,,,,,,2
2026-05-29,US.REMX,CALL,42.31,CALL 占比 56%; 暂无历史基线,246,195,441,0.5578,0.4422,0.7927,,,,,,2
2026-05-29,US.SBET,CALL,42.27,CALL 占比 56%; 暂无历史基线,22098,17589,39687,0.5568,0.4432,0.796,,,,,,2
2026-05-29,US.SOXL,CALL,41.91,CALL 占比 55%; 暂无历史基线,45807,37811,83618,0.5478,0.4522,0.8254,,,,,,2
2026-05-29,US.PDD,CALL,41.66,CALL 占比 54%; 暂无历史基线,38908,32932,71840,0.5416,0.4584,0.8464,,,,,,2
2026-05-29,US.IREN,CALL,41.18,CALL 占比 53%; 暂无历史基线,153867,136716,290583,0.5295,0.4705,0.8885,,,,,,2
2026-05-29,US.XYF,NONE,0,暂无期权成交,0,0,0,0.0,0.0,0.0,,,,,,2
2026-05-28,US.KC,CALL,59.34,CALL 占比 98%; 暂无历史基线,1604,27,1631,0.9834,0.0166,0.0168,,,,,,1
2026-05-28,US.RXRX,CALL,59.16,CALL 占比 98%; 暂无历史基线,77645,1657,79302,0.9791,0.0209,0.0213,,,,,,1
2026-05-28,US.ASX,CALL,58.27,CALL 占比 96%; 暂无历史基线,10059,455,10514,0.9567,0.0433,0.0452,,,,,,1
2026-05-28,US.IBM,CALL,57.82,CALL 占比 95%; 暂无历史基线,100602,5791,106393,0.9456,0.0544,0.0576,,,,,,1
2026-05-28,US.AIFC,CALL,56.97,CALL 占比 92%; 暂无历史基线,281,23,304,0.9243,0.0757,0.0819,,,,,,1
2026-05-28,US.BBAI,CALL,56.31,CALL 占比 91%; 暂无历史基线,258505,26301,284806,0.9077,0.0923,0.1017,,,,,,1
2026-05-28,US.RBRK,CALL,56.22,CALL 占比 91%; 暂无历史基线,9876,1030,10906,0.9056,0.0944,0.1043,,,,,,1
2026-05-28,US.ORCL,CALL,55.85,CALL 占比 90%; 暂无历史基线,360943,41747,402690,0.8963,0.1037,0.1157,,,,,,1
2026-05-28,US.META,CALL,55.61,CALL 占比 89%; 暂无历史基线,387311,47780,435091,0.8902,0.1098,0.1234,,,,,,1
2026-05-28,US.MSFT,CALL,55.33,CALL 占比 88%; 暂无历史基线,803019,106237,909256,0.8832,0.1168,0.1323,,,,,,1
2026-05-28,US.OPEN,CALL,55.12,CALL 占比 88%; 暂无历史基线,207471,28812,236283,0.8781,0.1219,0.1389,,,,,,1
2026-05-28,US.SMCI,CALL,55.08,CALL 占比 88%; 暂无历史基线,445823,62516,508339,0.877,0.123,0.1402,,,,,,1
2026-05-28,US.SOUN,CALL,54.91,CALL 占比 87%; 暂无历史基线,106869,15584,122453,0.8727,0.1273,0.1458,,,,,,1
2026-05-28,US.APLD,CALL,54.79,CALL 占比 87%; 暂无历史基线,80279,12031,92310,0.8697,0.1303,0.1499,,,,,,1
2026-05-28,US.HOOD,CALL,54.69,CALL 占比 87%; 暂无历史基线,519912,79590,599502,0.8672,0.1328,0.1531,,,,,,1
2026-05-28,US.REMX,CALL,54.54,CALL 占比 86%; 暂无历史基线,658,104,762,0.8635,0.1365,0.1581,,,,,,1
2026-05-28,US.DJT,CALL,54.5,CALL 占比 86%; 暂无历史基线,19621,3126,22747,0.8626,0.1374,0.1593,,,,,,1
2026-05-28,US.QCOM,CALL,54.46,CALL 占比 86%; 暂无历史基线,96638,15543,112181,0.8614,0.1386,0.1608,,,,,,1
2026-05-28,US.NOW,CALL,54.3,CALL 占比 86%; 暂无历史基线,198078,32957,231035,0.8574,0.1426,0.1664,,,,,,1
2026-05-28,US.SOXS,CALL,53.76,CALL 占比 84%; 暂无历史基线,164253,30357,194610,0.844,0.156,0.1848,,,,,,1
2026-05-28,US.SNOW,CALL,53.62,CALL 占比 84%; 暂无历史基线,201429,38262,239691,0.8404,0.1596,0.19,,,,,,0
2026-05-28,US.PLTR,CALL,53.61,CALL 占比 84%; 暂无历史基线,585403,111267,696670,0.8403,0.1597,0.1901,,,,,,1
2026-05-28,US.RDDT,CALL,53.47,CALL 占比 84%; 暂无历史基线,44358,8656,53014,0.8367,0.1633,0.1951,,,,,,1
2026-05-28,US.OKLO,CALL,53.08,CALL 占比 83%; 暂无历史基线,57820,12086,69906,0.8271,0.1729,0.209,,,,,,1
2026-05-28,US.AMZN,CALL,53.04,CALL 占比 83%; 暂无历史基线,400438,84346,484784,0.826,0.174,0.2106,,,,,,1
2026-05-28,US.GDS,CALL,52.9,CALL 占比 82%; 暂无历史基线,1149,248,1397,0.8225,0.1775,0.2158,,,,,,1
2026-05-28,US.MP,CALL,52.9,CALL 占比 82%; 暂无历史基线,20844,4502,25346,0.8224,0.1776,0.216,,,,,,1
2026-05-28,US.GEMI,CALL,52.62,CALL 占比 82%; 暂无历史基线,3731,844,4575,0.8155,0.1845,0.2262,,,,,,1
2026-05-28,US.NVDA,CALL,52.53,CALL 占比 81%; 暂无历史基线,1458145,334866,1793011,0.8132,0.1868,0.2297,,,,,,1
2026-05-28,US.SBET,CALL,51.96,CALL 占比 80%; 暂无历史基线,16754,4212,20966,0.7991,0.2009,0.2514,,,,,,1
2026-05-28,US.UVXY,CALL,51.96,CALL 占比 80%; 暂无历史基线,22871,5754,28625,0.799,0.201,0.2516,,,,,,1
2026-05-28,US.GWRE,CALL,51.93,CALL 占比 80%; 暂无历史基线,261,66,327,0.7982,0.2018,0.2529,,,,,,0
2026-05-28,US.MSTR,CALL,51.84,CALL 占比 80%; 暂无历史基线,384733,98623,483356,0.796,0.204,0.2563,,,,,,1
2026-05-28,US.SOFI,CALL,51.73,CALL 占比 79%; 暂无历史基线,328357,85609,413966,0.7932,0.2068,0.2607,,,,,,1
2026-05-28,US.TIGR,PUT,51.71,PUT 占比 79%; 暂无历史基线,4865,18599,23464,0.2073,0.7927,3.823,,,,,,1
2026-05-28,US.CRCL,CALL,51.16,CALL 占比 78%; 暂无历史基线,56463,16008,72471,0.7791,0.2209,0.2835,,,,,,1
2026-05-28,US.AAPL,CALL,50.93,CALL 占比 77%; 暂无历史基线,424620,124573,549193,0.7732,0.2268,0.2934,,,,,,1
2026-05-28,US.MRVL,CALL,50.86,CALL 占比 77%; 暂无历史基线,192161,56894,249055,0.7716,0.2284,0.2961,,,,,,1
2026-05-28,US.MARA,CALL,50.84,CALL 占比 77%; 暂无历史基线,110303,32766,143069,0.771,0.229,0.2971,,,,,,1
2026-05-28,US.CLBT,CALL,50.23,CALL 占比 76%; 暂无历史基线,458,148,606,0.7558,0.2442,0.3231,,,,,,1
2026-05-28,US.NET,CALL,50.09,CALL 占比 75%; 暂无历史基线,22708,7479,30187,0.7522,0.2478,0.3294,,,,,,1
2026-05-28,US.GOOGL,CALL,50.08,CALL 占比 75%; 暂无历史基线,106820,35247,142067,0.7519,0.2481,0.33,,,,,,1
2026-05-28,US.INTC,CALL,49.84,CALL 占比 75%; 暂无历史基线,245847,83647,329494,0.7461,0.2539,0.3402,,,,,,1
2026-05-28,US.JD,CALL,49.63,CALL 占比 74%; 暂无历史基线,50132,17544,67676,0.7408,0.2592,0.35,,,,,,1
2026-05-28,US.CBRS,CALL,49.58,CALL 占比 74%; 暂无历史基线,16099,5674,21773,0.7394,0.2606,0.3524,,,,,,1
2026-05-28,US.AMD,CALL,49.56,CALL 占比 74%; 暂无历史基线,231704,81843,313547,0.739,0.261,0.3532,,,,,,1
2026-05-28,US.EWT,CALL,49.47,CALL 占比 74%; 暂无历史基线,4217,1507,5724,0.7367,0.2633,0.3574,,,,,,1
2026-05-28,US.IWM,PUT,49.37,PUT 占比 73%; 暂无历史基线,185316,512269,697585,0.2657,0.7343,2.7643,,,,,,1
2026-05-28,US.AVGO,CALL,49.18,CALL 占比 73%; 暂无历史基线,65939,24441,90380,0.7296,0.2704,0.3707,,,,,,1
2026-05-28,US.DUOL,CALL,48.57,CALL 占比 71%; 暂无历史基线,2778,1111,3889,0.7143,0.2857,0.3999,,,,,,1
2026-05-28,US.SAP,CALL,48.35,CALL 占比 71%; 暂无历史基线,2193,901,3094,0.7088,0.2912,0.4109,,,,,,0
2026-05-28,US.VST,CALL,48.04,CALL 占比 70%; 暂无历史基线,10489,4472,14961,0.7011,0.2989,0.4264,,,,,,1
2026-05-28,US.BABA,CALL,48.02,CALL 占比 70%; 暂无历史基线,68667,29345,98012,0.7006,0.2994,0.4274,,,,,,1
2026-05-28,US.PANW,CALL,47.73,CALL 占比 69%; 暂无历史基线,13695,6057,19752,0.6933,0.3067,0.4423,,,,,,1
2026-05-28,US.WDAY,CALL,47.42,CALL 占比 69%; 暂无历史基线,5720,2623,8343,0.6856,0.3144,0.4586,,,,,,0
2026-05-28,US.FCX,CALL,47.31,CALL 占比 68%; 暂无历史基线,42771,19868,62639,0.6828,0.3172,0.4645,,,,,,1
2026-05-28,US.LI,PUT,47.28,PUT 占比 68%; 暂无历史基线,4960,10631,15591,0.3181,0.6819,2.1433,,,,,,1
2026-05-28,US.CVX,CALL,47.12,CALL 占比 68%; 暂无历史基线,14043,6671,20714,0.6779,0.3221,0.475,,,,,,1
2026-05-28,US.INTU,PUT,47.04,PUT 占比 68%; 暂无历史基线,5712,11923,17635,0.3239,0.6761,2.0874,,,,,,0
2026-05-28,US.TSLA,CALL,47.01,CALL 占比 68%; 暂无历史基线,920281,442484,1362765,0.6753,0.3247,0.4808,,,,,,1
2026-05-28,US.SPY,PUT,46.96,PUT 占比 67%; 暂无历史基线,670799,1387239,2058038,0.3259,0.6741,2.068,,,,,,1
2026-05-28,US.LITE,CALL,46.94,CALL 占比 67%; 暂无历史基线,17984,8721,26705,0.6734,0.3266,0.4849,,,,,,1
2026-05-28,US.CRWV,CALL,46.88,CALL 占比 67%; 暂无历史基线,115125,56190,171315,0.672,0.328,0.4881,,,,,,1
2026-05-28,US.BMNR,CALL,46.82,CALL 占比 67%; 暂无历史基线,94648,46522,141170,0.6705,0.3295,0.4915,,,,,,1
2026-05-28,US.DELL,CALL,46.7,CALL 占比 67%; 暂无历史基线,77091,38427,115518,0.6674,0.3326,0.4985,,,,,,1
2026-05-28,US.TSM,CALL,46.65,CALL 占比 67%; 暂无历史基线,50038,25057,75095,0.6663,0.3337,0.5008,,,,,,1
2026-05-28,US.IGV,CALL,45.95,CALL 占比 65%; 暂无历史基线,58573,31714,90287,0.6487,0.3513,0.5414,,,,,,1
2026-05-28,US.SVIX,CALL,45.77,CALL 占比 64%; 暂无历史基线,5002,2761,7763,0.6443,0.3557,0.552,,,,,,1
2026-05-28,US.IREN,CALL,45.68,CALL 占比 64%; 暂无历史基线,211460,117948,329408,0.6419,0.3581,0.5578,,,,,,1
2026-05-28,US.CRM,CALL,45.54,CALL 占比 64%; 暂无历史基线,81626,46216,127842,0.6385,0.3615,0.5662,,,,,,0
2026-05-28,US.GEV,PUT,45.36,PUT 占比 63%; 暂无历史基线,4757,8237,12994,0.3661,0.6339,1.7316,,,,,,1
2026-05-28,US.CRWD,CALL,45.17,CALL 占比 63%; 暂无历史基线,11532,6795,18327,0.6292,0.3708,0.5892,,,,,,0
2026-05-28,US.SOXL,CALL,45.12,CALL 占比 63%; 暂无历史基线,37607,22279,59886,0.628,0.372,0.5924,,,,,,1
2026-05-28,US.TMF,CALL,44.73,CALL 占比 62%; 暂无历史基线,10934,6750,17684,0.6183,0.3817,0.6173,,,,,,1
2026-05-28,US.SQQQ,CALL,44.7,CALL 占比 62%; 暂无历史基线,43772,27119,70891,0.6175,0.3825,0.6196,,,,,,1
2026-05-28,US.DDOG,PUT,44.58,PUT 占比 61%; 暂无历史基线,7891,12577,20468,0.3855,0.6145,1.5938,,,,,,0
2026-05-28,US.QQQ,PUT,44.56,PUT 占比 61%; 暂无历史基线,489945,779035,1268980,0.3861,0.6139,1.59,,,,,,1
2026-05-28,US.FICO,PUT,44.41,PUT 占比 61%; 暂无历史基线,415,650,1065,0.3897,0.6103,1.5663,,,,,,0
2026-05-28,US.UPST,CALL,44.4,CALL 占比 61%; 暂无历史基线,18359,11744,30103,0.6099,0.3901,0.6397,,,,,,1
2026-05-28,US.NBIS,CALL,44.39,CALL 占比 61%; 暂无历史基线,86492,55349,141841,0.6098,0.3902,0.6399,,,,,,1
2026-05-28,US.TWLO,CALL,44.18,CALL 占比 60%; 暂无历史基线,2620,1714,4334,0.6045,0.3955,0.6542,,,,,,1
2026-05-28,US.PDD,PUT,43.85,PUT 占比 60%; 暂无历史基线,77070,113771,190841,0.4038,0.5962,1.4762,,,,,,1
2026-05-28,US.COIN,CALL,43.82,CALL 占比 60%; 暂无历史基线,78514,53338,131852,0.5955,0.4045,0.6793,,,,,,1
2026-05-28,US.COHR,PUT,43.75,PUT 占比 59%; 暂无历史基线,5074,7414,12488,0.4063,0.5937,1.4612,,,,,,1
2026-05-28,US.MRNA,CALL,43.4,CALL 占比 58%; 暂无历史基线,9566,6790,16356,0.5849,0.4151,0.7098,,,,,,1
2026-05-28,US.MANH,PUT,43.36,PUT 占比 58%; 暂无历史基线,47,66,113,0.4159,0.5841,1.4043,,,,,,0
2026-05-28,US.VEEV,PUT,43.23,PUT 占比 58%; 暂无历史基线,607,841,1448,0.4192,0.5808,1.3855,,,,,,0
2026-05-28,US.ASML,CALL,43.19,CALL 占比 58%; 暂无历史基线,3987,2890,6877,0.5798,0.4202,0.7249,,,,,,1
2026-05-28,US.YINN,CALL,42.96,CALL 占比 57%; 暂无历史基线,5791,4296,10087,0.5741,0.4259,0.7418,,,,,,1
2026-05-28,US.XOM,CALL,42.78,CALL 占比 57%; 暂无历史基线,19945,15079,35024,0.5695,0.4305,0.756,,,,,,1
2026-05-28,US.ADSK,CALL,42.46,CALL 占比 56%; 暂无历史基线,9753,7618,17371,0.5615,0.4385,0.7811,,,,,,0
2026-05-28,US.TNA,CALL,42.02,CALL 占比 55%; 暂无历史基线,12542,10238,22780,0.5506,0.4494,0.8163,,,,,,1
2026-05-28,US.IBIT,CALL,40.18,CALL 占比 50%; 暂无历史基线,213556,209775,423331,0.5045,0.4955,0.9823,,,,,,1
2026-05-28,US.SCO,NONE,0,暂无期权成交,0,0,0,0.0,0.0,0.0,,,,,,1
2026-05-28,US.XYF,NONE,0,暂无期权成交,0,0,0,0.0,0.0,0.0,,,,,,1
2026-05-27,US.RXRX,CALL,59.53,CALL 占比 99%; 暂无历史基线,88501,1052,89553,0.9883,0.0117,0.0119,,,,,,0
2026-05-27,US.AIFC,CALL,58.68,CALL 占比 97%; 暂无历史基线,294,10,304,0.9671,0.0329,0.034,,,,,,0
2026-05-27,US.ASX,CALL,57.86,CALL 占比 95%; 暂无历史基线,11987,676,12663,0.9466,0.0534,0.0564,,,,,,0
2026-05-27,US.SBET,CALL,57.39,CALL 占比 93%; 暂无历史基线,24136,1683,25819,0.9348,0.0652,0.0697,,,,,,0
2026-05-27,US.BBAI,CALL,56.87,CALL 占比 92%; 暂无历史基线,103420,8791,112211,0.9217,0.0783,0.085,,,,,,0
2026-05-27,US.OPEN,CALL,56.53,CALL 占比 91%; 暂无历史基线,162752,15463,178215,0.9132,0.0868,0.095,,,,,,0
2026-05-27,US.EWT,CALL,56.38,CALL 占比 91%; 暂无历史基线,22786,2269,25055,0.9094,0.0906,0.0996,,,,,,0
2026-05-27,US.KC,CALL,55.33,CALL 占比 88%; 暂无历史基线,885,117,1002,0.8832,0.1168,0.1322,,,,,,0
2026-05-27,US.META,CALL,54.32,CALL 占比 86%; 暂无历史基线,428723,71008,499731,0.8579,0.1421,0.1656,,,,,,0
2026-05-27,US.DJT,CALL,54.18,CALL 占比 85%; 暂无历史基线,14876,2534,17410,0.8545,0.1455,0.1703,,,,,,0
2026-05-27,US.TWLO,CALL,54.04,CALL 占比 85%; 暂无历史基线,2866,502,3368,0.851,0.149,0.1752,,,,,,0
2026-05-27,US.IWM,PUT,53.68,PUT 占比 84%; 暂无历史基线,163841,872467,1036308,0.1581,0.8419,5.3251,,,,,,0
2026-05-27,US.SQQQ,CALL,53.68,CALL 占比 84%; 暂无历史基线,53792,10086,63878,0.8421,0.1579,0.1875,,,,,,0
2026-05-27,US.AMZN,CALL,52.99,CALL 占比 82%; 暂无历史基线,386239,82085,468324,0.8247,0.1753,0.2125,,,,,,0
2026-05-27,US.IBM,CALL,52.9,CALL 占比 82%; 暂无历史基线,42394,9153,51547,0.8224,0.1776,0.2159,,,,,,0
2026-05-27,US.RDDT,CALL,52.26,CALL 占比 81%; 暂无历史基线,43290,10396,53686,0.8064,0.1936,0.2401,,,,,,0
2026-05-27,US.MSFT,CALL,52.19,CALL 占比 80%; 暂无历史基线,224833,54540,279373,0.8048,0.1952,0.2426,,,,,,0
2026-05-27,US.NVDA,CALL,52.16,CALL 占比 80%; 暂无历史基线,1542454,376226,1918680,0.8039,0.1961,0.2439,,,,,,0
2026-05-27,US.NOW,CALL,52.06,CALL 占比 80%; 暂无历史基线,116000,28742,144742,0.8014,0.1986,0.2478,,,,,,0
2026-05-27,US.MRNA,CALL,51.98,CALL 占比 80%; 暂无历史基线,11293,2832,14125,0.7995,0.2005,0.2508,,,,,,0
2026-05-27,US.SMCI,CALL,51.92,CALL 占比 80%; 暂无历史基线,156416,39579,195995,0.7981,0.2019,0.253,,,,,,0
2026-05-27,US.SOXS,CALL,51.92,CALL 占比 80%; 暂无历史基线,235058,59506,294564,0.798,0.202,0.2532,,,,,,0
2026-05-27,US.RBRK,CALL,51.9,CALL 占比 80%; 暂无历史基线,2486,631,3117,0.7976,0.2024,0.2538,,,,,,0
2026-05-27,US.AAPL,CALL,51.2,CALL 占比 78%; 暂无历史基线,503835,142047,645882,0.7801,0.2199,0.2819,,,,,,0
2026-05-27,US.SOFI,CALL,51.16,CALL 占比 78%; 暂无历史基线,261559,74242,335801,0.7789,0.2211,0.2838,,,,,,0
2026-05-27,US.SOUN,CALL,50.74,CALL 占比 77%; 暂无历史基线,33865,10197,44062,0.7686,0.2314,0.3011,,,,,,0
2026-05-27,US.JD,CALL,50.59,CALL 占比 76%; 暂无历史基线,13131,4038,17169,0.7648,0.2352,0.3075,,,,,,0
2026-05-27,US.APLD,CALL,50.48,CALL 占比 76%; 暂无历史基线,97985,30595,128580,0.7621,0.2379,0.3122,,,,,,0
2026-05-27,US.BMNR,CALL,50.42,CALL 占比 76%; 暂无历史基线,73184,23056,96240,0.7604,0.2396,0.315,,,,,,0
2026-05-27,US.PLTR,CALL,50.07,CALL 占比 75%; 暂无历史基线,280817,92697,373514,0.7518,0.2482,0.3301,,,,,,0
2026-05-27,US.OKLO,CALL,49.82,CALL 占比 75%; 暂无历史基线,37797,12909,50706,0.7454,0.2546,0.3415,,,,,,0
2026-05-27,US.HOOD,CALL,49.81,CALL 占比 75%; 暂无历史基线,135555,46330,181885,0.7453,0.2547,0.3418,,,,,,0
2026-05-27,US.CRCL,CALL,49.52,CALL 占比 74%; 暂无历史基线,35980,12783,48763,0.7379,0.2621,0.3553,,,,,,0
2026-05-27,US.TSLA,CALL,49.4,CALL 占比 73%; 暂无历史基线,918717,331362,1250079,0.7349,0.2651,0.3607,,,,,,0
2026-05-27,US.UVXY,CALL,49.39,CALL 占比 73%; 暂无历史基线,18252,6586,24838,0.7348,0.2652,0.3608,,,,,,0
2026-05-27,US.COIN,CALL,49.28,CALL 占比 73%; 暂无历史基线,119435,43740,163175,0.7319,0.2681,0.3662,,,,,,0
2026-05-27,US.QCOM,CALL,48.9,CALL 占比 72%; 暂无历史基线,122375,47019,169394,0.7224,0.2776,0.3842,,,,,,0
2026-05-27,US.BABA,CALL,48.89,CALL 占比 72%; 暂无历史基线,47834,18398,66232,0.7222,0.2778,0.3846,,,,,,0
2026-05-27,US.YINN,CALL,48.81,CALL 占比 72%; 暂无历史基线,4675,1816,6491,0.7202,0.2798,0.3884,,,,,,0
2026-05-27,US.IGV,CALL,48.77,CALL 占比 72%; 暂无历史基线,30441,11881,42322,0.7193,0.2807,0.3903,,,,,,0
2026-05-27,US.UPST,CALL,48.77,CALL 占比 72%; 暂无历史基线,11381,4442,15823,0.7193,0.2807,0.3903,,,,,,0
2026-05-27,US.FCX,CALL,48.76,CALL 占比 72%; 暂无历史基线,18638,7280,25918,0.7191,0.2809,0.3906,,,,,,0
2026-05-27,US.ORCL,CALL,47.96,CALL 占比 70%; 暂无历史基线,93394,40197,133591,0.6991,0.3009,0.4304,,,,,,0
2026-05-27,US.MP,CALL,47.61,CALL 占比 69%; 暂无历史基线,10489,4706,15195,0.6903,0.3097,0.4487,,,,,,0
2026-05-27,US.CBRS,CALL,47.37,CALL 占比 68%; 暂无历史基线,21045,9709,30754,0.6843,0.3157,0.4613,,,,,,0
2026-05-27,US.IREN,CALL,47.14,CALL 占比 68%; 暂无历史基线,446626,211604,658230,0.6785,0.3215,0.4738,,,,,,0
2026-05-27,US.GOOGL,CALL,47.11,CALL 占比 68%; 暂无历史基线,119565,56833,176398,0.6778,0.3222,0.4753,,,,,,0
2026-05-27,US.XOM,CALL,47.1,CALL 占比 68%; 暂无历史基线,41594,19810,61404,0.6774,0.3226,0.4763,,,,,,0
2026-05-27,US.TNA,PUT,46.74,PUT 占比 67%; 暂无历史基线,6234,12578,18812,0.3314,0.6686,2.0176,,,,,,0
2026-05-27,US.CLBT,PUT,46.24,PUT 占比 66%; 暂无历史基线,290,553,843,0.344,0.656,1.9069,,,,,,0
2026-05-27,US.CVX,CALL,46.14,CALL 占比 65%; 暂无历史基线,19915,10553,30468,0.6536,0.3464,0.5299,,,,,,0
2026-05-27,US.INTC,CALL,45.97,CALL 占比 65%; 暂无历史基线,240598,129969,370567,0.6493,0.3507,0.5402,,,,,,0
2026-05-27,US.LI,CALL,45.9,CALL 占比 65%; 暂无历史基线,12367,6732,19099,0.6475,0.3525,0.5444,,,,,,0
2026-05-27,US.TMF,CALL,45.87,CALL 占比 65%; 暂无历史基线,10575,5774,16349,0.6468,0.3532,0.546,,,,,,0
2026-05-27,US.SVIX,PUT,45.53,PUT 占比 64%; 暂无历史基线,863,1522,2385,0.3618,0.6382,1.7636,,,,,,0
2026-05-27,US.TIGR,CALL,45.32,CALL 占比 63%; 暂无历史基线,14516,8421,22937,0.6329,0.3671,0.5801,,,,,,0
2026-05-27,US.COHR,PUT,45.08,PUT 占比 63%; 暂无历史基线,3948,6638,10586,0.3729,0.6271,1.6814,,,,,,0
2026-05-27,US.AMD,CALL,43.88,CALL 占比 60%; 暂无历史基线,137880,93076,230956,0.597,0.403,0.6751,,,,,,0
2026-05-27,US.TSM,CALL,43.67,CALL 占比 59%; 暂无历史基线,91487,63110,154597,0.5918,0.4082,0.6898,,,,,,0
2026-05-27,US.QQQ,PUT,43.64,PUT 占比 59%; 暂无历史基线,612137,884154,1496291,0.4091,0.5909,1.4444,,,,,,0
2026-05-27,US.MARA,CALL,43.24,CALL 占比 58%; 暂无历史基线,57499,41481,98980,0.5809,0.4191,0.7214,,,,,,0
2026-05-27,US.AVGO,CALL,43.0,CALL 占比 58%; 暂无历史基线,63619,47007,110626,0.5751,0.4249,0.7389,,,,,,0
2026-05-27,US.PDD,CALL,42.81,CALL 占比 57%; 暂无历史基线,92854,70003,162857,0.5702,0.4298,0.7539,,,,,,0
2026-05-27,US.GEV,PUT,42.65,PUT 占比 57%; 暂无历史基线,5123,6686,11809,0.4338,0.5662,1.3051,,,,,,0
2026-05-27,US.LITE,CALL,42.58,CALL 占比 56%; 暂无历史基线,12030,9280,21310,0.5645,0.4355,0.7714,,,,,,0
2026-05-27,US.SPY,PUT,42.55,PUT 占比 56%; 暂无历史基线,908350,1174144,2082494,0.4362,0.5638,1.2926,,,,,,0
2026-05-27,US.SOXL,PUT,42.53,PUT 占比 56%; 暂无历史基线,56030,72285,128315,0.4367,0.5633,1.2901,,,,,,0
2026-05-27,US.NBIS,PUT,42.44,PUT 占比 56%; 暂无历史基线,53899,68863,122762,0.4391,0.5609,1.2776,,,,,,0
2026-05-27,US.DELL,CALL,42.26,CALL 占比 56%; 暂无历史基线,23882,19039,42921,0.5564,0.4436,0.7972,,,,,,0
2026-05-27,US.PANW,CALL,41.96,CALL 占比 55%; 暂无历史基线,15287,12553,27840,0.5491,0.4509,0.8212,,,,,,0
2026-05-27,US.DUOL,PUT,41.82,PUT 占比 55%; 暂无历史基线,2387,2864,5251,0.4546,0.5454,1.1998,,,,,,0
2026-05-27,US.MRVL,CALL,41.62,CALL 占比 54%; 暂无历史基线,142695,121273,263968,0.5406,0.4594,0.8499,,,,,,0
2026-05-27,US.NET,PUT,41.62,PUT 占比 54%; 暂无历史基线,4242,4988,9230,0.4596,0.5404,1.1759,,,,,,0
2026-05-27,US.MSTR,CALL,41.51,CALL 占比 54%; 暂无历史基线,146795,126217,273012,0.5377,0.4623,0.8598,,,,,,0
2026-05-27,US.VST,PUT,41.51,PUT 占比 54%; 暂无历史基线,13933,16211,30144,0.4622,0.5378,1.1635,,,,,,0
2026-05-27,US.REMX,CALL,41.48,CALL 占比 54%; 暂无历史基线,181,156,337,0.5371,0.4629,0.8619,,,,,,0
2026-05-27,US.ASML,CALL,41.22,CALL 占比 53%; 暂无历史基线,7714,6831,14545,0.5304,0.4696,0.8855,,,,,,0
2026-05-27,US.CRWV,PUT,40.58,PUT 占比 51%; 暂无历史基线,77670,82307,159977,0.4855,0.5145,1.0597,,,,,,0
2026-05-27,US.GEMI,PUT,40.34,PUT 占比 51%; 暂无历史基线,2639,2730,5369,0.4915,0.5085,1.0345,,,,,,0
2026-05-27,US.GDS,PUT,40.21,PUT 占比 51%; 暂无历史基线,377,385,762,0.4948,0.5052,1.0212,,,,,,0
2026-05-27,US.IBIT,CALL,40.09,CALL 占比 50%; 暂无历史基线,158606,157209,315815,0.5022,0.4978,0.9912,,,,,,0
2026-05-27,US.SCO,NONE,0,暂无期权成交,0,0,0,0.0,0.0,0.0,,,,,,0
2026-05-27,US.XYF,NONE,0,暂无期权成交,0,0,0,0.0,0.0,0.0,,,,,,0
