snapshot_date,underlying,call_volume,put_volume,total_volume,call_share,put_share,put_call_ratio,contracts_seen,volume_basis
2026-05-27,US.AAPL,503835,142047,645882,0.7801,0.2199,0.2819,200,
2026-05-27,US.AIFC,294,10,304,0.9671,0.0329,0.034,78,
2026-05-27,US.AMD,137880,93076,230956,0.597,0.403,0.6751,200,
2026-05-27,US.AMZN,386239,82085,468324,0.8247,0.1753,0.2125,200,
2026-05-27,US.APLD,97985,30595,128580,0.7621,0.2379,0.3122,200,
2026-05-27,US.ASML,7714,6831,14545,0.5304,0.4696,0.8855,200,
2026-05-27,US.ASX,11987,676,12663,0.9466,0.0534,0.0564,200,
2026-05-27,US.AVGO,63619,47007,110626,0.5751,0.4249,0.7389,200,
2026-05-27,US.BABA,47834,18398,66232,0.7222,0.2778,0.3846,200,
2026-05-27,US.BBAI,103420,8791,112211,0.9217,0.0783,0.085,200,
2026-05-27,US.BMNR,73184,23056,96240,0.7604,0.2396,0.315,200,
2026-05-27,US.CBRS,21045,9709,30754,0.6843,0.3157,0.4613,200,
2026-05-27,US.CLBT,290,553,843,0.344,0.656,1.9069,104,
2026-05-27,US.COHR,3948,6638,10586,0.3729,0.6271,1.6814,200,
2026-05-27,US.COIN,119435,43740,163175,0.7319,0.2681,0.3662,200,
2026-05-27,US.CRCL,35980,12783,48763,0.7379,0.2621,0.3553,200,
2026-05-27,US.CRWV,77670,82307,159977,0.4855,0.5145,1.0597,200,
2026-05-27,US.CVX,19915,10553,30468,0.6536,0.3464,0.5299,200,
2026-05-27,US.DELL,23882,19039,42921,0.5564,0.4436,0.7972,200,
2026-05-27,US.DJT,14876,2534,17410,0.8545,0.1455,0.1703,200,
2026-05-27,US.DUOL,2387,2864,5251,0.4546,0.5454,1.1998,200,
2026-05-27,US.EWT,22786,2269,25055,0.9094,0.0906,0.0996,200,
2026-05-27,US.FCX,18638,7280,25918,0.7191,0.2809,0.3906,200,
2026-05-27,US.GDS,377,385,762,0.4948,0.5052,1.0212,200,
2026-05-27,US.GEMI,2639,2730,5369,0.4915,0.5085,1.0345,200,
2026-05-27,US.GEV,5123,6686,11809,0.4338,0.5662,1.3051,200,
2026-05-27,US.GOOGL,119565,56833,176398,0.6778,0.3222,0.4753,200,
2026-05-27,US.HOOD,135555,46330,181885,0.7453,0.2547,0.3418,200,
2026-05-27,US.IBIT,158606,157209,315815,0.5022,0.4978,0.9912,200,
2026-05-27,US.IBM,42394,9153,51547,0.8224,0.1776,0.2159,200,
2026-05-27,US.IGV,30441,11881,42322,0.7193,0.2807,0.3903,200,
2026-05-27,US.INTC,240598,129969,370567,0.6493,0.3507,0.5402,200,
2026-05-27,US.IREN,446626,211604,658230,0.6785,0.3215,0.4738,200,
2026-05-27,US.IWM,163841,872467,1036308,0.1581,0.8419,5.3251,200,
2026-05-27,US.JD,13131,4038,17169,0.7648,0.2352,0.3075,200,
2026-05-27,US.KC,885,117,1002,0.8832,0.1168,0.1322,140,
2026-05-27,US.LI,12367,6732,19099,0.6475,0.3525,0.5444,200,
2026-05-27,US.LITE,12030,9280,21310,0.5645,0.4355,0.7714,200,
2026-05-27,US.MARA,57499,41481,98980,0.5809,0.4191,0.7214,200,
2026-05-27,US.META,428723,71008,499731,0.8579,0.1421,0.1656,200,
2026-05-27,US.MP,10489,4706,15195,0.6903,0.3097,0.4487,200,
2026-05-27,US.MRNA,11293,2832,14125,0.7995,0.2005,0.2508,200,
2026-05-27,US.MRVL,142695,121273,263968,0.5406,0.4594,0.8499,200,
2026-05-27,US.MSFT,224833,54540,279373,0.8048,0.1952,0.2426,200,
2026-05-27,US.MSTR,146795,126217,273012,0.5377,0.4623,0.8598,200,
2026-05-27,US.NBIS,53899,68863,122762,0.4391,0.5609,1.2776,200,
2026-05-27,US.NET,4242,4988,9230,0.4596,0.5404,1.1759,200,
2026-05-27,US.NOW,116000,28742,144742,0.8014,0.1986,0.2478,200,
2026-05-27,US.NVDA,1542454,376226,1918680,0.8039,0.1961,0.2439,200,
2026-05-27,US.OKLO,37797,12909,50706,0.7454,0.2546,0.3415,200,
2026-05-27,US.OPEN,162752,15463,178215,0.9132,0.0868,0.095,200,
2026-05-27,US.ORCL,93394,40197,133591,0.6991,0.3009,0.4304,200,
2026-05-27,US.PANW,15287,12553,27840,0.5491,0.4509,0.8212,200,
2026-05-27,US.PDD,92854,70003,162857,0.5702,0.4298,0.7539,200,
2026-05-27,US.PLTR,280817,92697,373514,0.7518,0.2482,0.3301,200,
2026-05-27,US.QCOM,122375,47019,169394,0.7224,0.2776,0.3842,200,
2026-05-27,US.QQQ,612137,884154,1496291,0.4091,0.5909,1.4444,200,
2026-05-27,US.RBRK,2486,631,3117,0.7976,0.2024,0.2538,200,
2026-05-27,US.RDDT,43290,10396,53686,0.8064,0.1936,0.2401,200,
2026-05-27,US.REMX,181,156,337,0.5371,0.4629,0.8619,200,
2026-05-27,US.RXRX,88501,1052,89553,0.9883,0.0117,0.0119,200,
2026-05-27,US.SBET,24136,1683,25819,0.9348,0.0652,0.0697,200,
2026-05-27,US.SCO,0,0,0,0.0,0.0,0.0,0,
2026-05-27,US.SMCI,156416,39579,195995,0.7981,0.2019,0.253,200,
2026-05-27,US.SOFI,261559,74242,335801,0.7789,0.2211,0.2838,200,
2026-05-27,US.SOUN,33865,10197,44062,0.7686,0.2314,0.3011,200,
2026-05-27,US.SOXL,56030,72285,128315,0.4367,0.5633,1.2901,200,
2026-05-27,US.SOXS,235058,59506,294564,0.798,0.202,0.2532,200,
2026-05-27,US.SPY,908350,1174144,2082494,0.4362,0.5638,1.2926,200,
2026-05-27,US.SQQQ,53792,10086,63878,0.8421,0.1579,0.1875,200,
2026-05-27,US.SVIX,863,1522,2385,0.3618,0.6382,1.7636,200,
2026-05-27,US.TIGR,14516,8421,22937,0.6329,0.3671,0.5801,200,
2026-05-27,US.TMF,10575,5774,16349,0.6468,0.3532,0.546,200,
2026-05-27,US.TNA,6234,12578,18812,0.3314,0.6686,2.0176,200,
2026-05-27,US.TSLA,918717,331362,1250079,0.7349,0.2651,0.3607,200,
2026-05-27,US.TSM,91487,63110,154597,0.5918,0.4082,0.6898,200,
2026-05-27,US.TWLO,2866,502,3368,0.851,0.149,0.1752,200,
2026-05-27,US.UPST,11381,4442,15823,0.7193,0.2807,0.3903,200,
2026-05-27,US.UVXY,18252,6586,24838,0.7348,0.2652,0.3608,200,
2026-05-27,US.VST,13933,16211,30144,0.4622,0.5378,1.1635,200,
2026-05-27,US.XOM,41594,19810,61404,0.6774,0.3226,0.4763,200,
2026-05-27,US.XYF,0,0,0,0.0,0.0,0.0,0,
2026-05-27,US.YINN,4675,1816,6491,0.7202,0.2798,0.3884,200,
2026-05-28,US.AAPL,424620,124573,549193,0.7732,0.2268,0.2934,200,
2026-05-28,US.ADSK,9753,7618,17371,0.5615,0.4385,0.7811,200,
2026-05-28,US.AIFC,281,23,304,0.9243,0.0757,0.0819,78,
2026-05-28,US.AMD,231704,81843,313547,0.739,0.261,0.3532,200,
2026-05-28,US.AMZN,400438,84346,484784,0.826,0.174,0.2106,200,
2026-05-28,US.APLD,80279,12031,92310,0.8697,0.1303,0.1499,200,
2026-05-28,US.ASML,3987,2890,6877,0.5798,0.4202,0.7249,200,
2026-05-28,US.ASX,10059,455,10514,0.9567,0.0433,0.0452,200,
2026-05-28,US.AVGO,65939,24441,90380,0.7296,0.2704,0.3707,200,
2026-05-28,US.BABA,68667,29345,98012,0.7006,0.2994,0.4274,200,
2026-05-28,US.BBAI,258505,26301,284806,0.9077,0.0923,0.1017,200,
2026-05-28,US.BMNR,94648,46522,141170,0.6705,0.3295,0.4915,200,
2026-05-28,US.CBRS,16099,5674,21773,0.7394,0.2606,0.3524,200,
2026-05-28,US.CLBT,458,148,606,0.7558,0.2442,0.3231,104,
2026-05-28,US.COHR,5074,7414,12488,0.4063,0.5937,1.4612,200,
2026-05-28,US.COIN,78514,53338,131852,0.5955,0.4045,0.6793,200,
2026-05-28,US.CRCL,56463,16008,72471,0.7791,0.2209,0.2835,200,
2026-05-28,US.CRM,81626,46216,127842,0.6385,0.3615,0.5662,200,
2026-05-28,US.CRWD,11532,6795,18327,0.6292,0.3708,0.5892,200,
2026-05-28,US.CRWV,115125,56190,171315,0.672,0.328,0.4881,200,
2026-05-28,US.CVX,14043,6671,20714,0.6779,0.3221,0.475,200,
2026-05-28,US.DDOG,7891,12577,20468,0.3855,0.6145,1.5938,200,
2026-05-28,US.DELL,77091,38427,115518,0.6674,0.3326,0.4985,200,
2026-05-28,US.DJT,19621,3126,22747,0.8626,0.1374,0.1593,200,
2026-05-28,US.DUOL,2778,1111,3889,0.7143,0.2857,0.3999,200,
2026-05-28,US.EWT,4217,1507,5724,0.7367,0.2633,0.3574,200,
2026-05-28,US.FCX,42771,19868,62639,0.6828,0.3172,0.4645,200,
2026-05-28,US.FICO,415,650,1065,0.3897,0.6103,1.5663,200,
2026-05-28,US.GDS,1149,248,1397,0.8225,0.1775,0.2158,200,
2026-05-28,US.GEMI,3731,844,4575,0.8155,0.1845,0.2262,200,
2026-05-28,US.GEV,4757,8237,12994,0.3661,0.6339,1.7316,200,
2026-05-28,US.GOOGL,106820,35247,142067,0.7519,0.2481,0.33,200,
2026-05-28,US.GWRE,261,66,327,0.7982,0.2018,0.2529,200,
2026-05-28,US.HOOD,519912,79590,599502,0.8672,0.1328,0.1531,200,
2026-05-28,US.IBIT,213556,209775,423331,0.5045,0.4955,0.9823,200,
2026-05-28,US.IBM,100602,5791,106393,0.9456,0.0544,0.0576,200,
2026-05-28,US.IGV,58573,31714,90287,0.6487,0.3513,0.5414,200,
2026-05-28,US.INTC,245847,83647,329494,0.7461,0.2539,0.3402,200,
2026-05-28,US.INTU,5712,11923,17635,0.3239,0.6761,2.0874,200,
2026-05-28,US.IREN,211460,117948,329408,0.6419,0.3581,0.5578,200,
2026-05-28,US.IWM,185316,512269,697585,0.2657,0.7343,2.7643,200,
2026-05-28,US.JD,50132,17544,67676,0.7408,0.2592,0.35,200,
2026-05-28,US.KC,1604,27,1631,0.9834,0.0166,0.0168,140,
2026-05-28,US.LI,4960,10631,15591,0.3181,0.6819,2.1433,200,
2026-05-28,US.LITE,17984,8721,26705,0.6734,0.3266,0.4849,200,
2026-05-28,US.MANH,47,66,113,0.4159,0.5841,1.4043,200,
2026-05-28,US.MARA,110303,32766,143069,0.771,0.229,0.2971,200,
2026-05-28,US.META,387311,47780,435091,0.8902,0.1098,0.1234,200,
2026-05-28,US.MP,20844,4502,25346,0.8224,0.1776,0.216,200,
2026-05-28,US.MRNA,9566,6790,16356,0.5849,0.4151,0.7098,200,
2026-05-28,US.MRVL,192161,56894,249055,0.7716,0.2284,0.2961,200,
2026-05-28,US.MSFT,803019,106237,909256,0.8832,0.1168,0.1323,200,
2026-05-28,US.MSTR,384733,98623,483356,0.796,0.204,0.2563,200,
2026-05-28,US.NBIS,86492,55349,141841,0.6098,0.3902,0.6399,200,
2026-05-28,US.NET,22708,7479,30187,0.7522,0.2478,0.3294,200,
2026-05-28,US.NOW,198078,32957,231035,0.8574,0.1426,0.1664,200,
2026-05-28,US.NVDA,1458145,334866,1793011,0.8132,0.1868,0.2297,200,
2026-05-28,US.OKLO,57820,12086,69906,0.8271,0.1729,0.209,200,
2026-05-28,US.OPEN,207471,28812,236283,0.8781,0.1219,0.1389,200,
2026-05-28,US.ORCL,360943,41747,402690,0.8963,0.1037,0.1157,200,
2026-05-28,US.PANW,13695,6057,19752,0.6933,0.3067,0.4423,200,
2026-05-28,US.PDD,77070,113771,190841,0.4038,0.5962,1.4762,200,
2026-05-28,US.PLTR,585403,111267,696670,0.8403,0.1597,0.1901,200,
2026-05-28,US.QCOM,96638,15543,112181,0.8614,0.1386,0.1608,200,
2026-05-28,US.QQQ,489945,779035,1268980,0.3861,0.6139,1.59,200,
2026-05-28,US.RBRK,9876,1030,10906,0.9056,0.0944,0.1043,200,
2026-05-28,US.RDDT,44358,8656,53014,0.8367,0.1633,0.1951,200,
2026-05-28,US.REMX,658,104,762,0.8635,0.1365,0.1581,200,
2026-05-28,US.RXRX,77645,1657,79302,0.9791,0.0209,0.0213,200,
2026-05-28,US.SAP,2193,901,3094,0.7088,0.2912,0.4109,200,
2026-05-28,US.SBET,16754,4212,20966,0.7991,0.2009,0.2514,200,
2026-05-28,US.SCO,0,0,0,0.0,0.0,0.0,200,
2026-05-28,US.SMCI,445823,62516,508339,0.877,0.123,0.1402,200,
2026-05-28,US.SNOW,201429,38262,239691,0.8404,0.1596,0.19,200,
2026-05-28,US.SOFI,328357,85609,413966,0.7932,0.2068,0.2607,200,
2026-05-28,US.SOUN,106869,15584,122453,0.8727,0.1273,0.1458,200,
2026-05-28,US.SOXL,37607,22279,59886,0.628,0.372,0.5924,200,
2026-05-28,US.SOXS,164253,30357,194610,0.844,0.156,0.1848,200,
2026-05-28,US.SPY,670799,1387239,2058038,0.3259,0.6741,2.068,200,
2026-05-28,US.SQQQ,43772,27119,70891,0.6175,0.3825,0.6196,200,
2026-05-28,US.SVIX,5002,2761,7763,0.6443,0.3557,0.552,200,
2026-05-28,US.TIGR,4865,18599,23464,0.2073,0.7927,3.823,200,
2026-05-28,US.TMF,10934,6750,17684,0.6183,0.3817,0.6173,200,
2026-05-28,US.TNA,12542,10238,22780,0.5506,0.4494,0.8163,200,
2026-05-28,US.TSLA,920281,442484,1362765,0.6753,0.3247,0.4808,200,
2026-05-28,US.TSM,50038,25057,75095,0.6663,0.3337,0.5008,200,
2026-05-28,US.TWLO,2620,1714,4334,0.6045,0.3955,0.6542,200,
2026-05-28,US.UPST,18359,11744,30103,0.6099,0.3901,0.6397,200,
2026-05-28,US.UVXY,22871,5754,28625,0.799,0.201,0.2516,200,
2026-05-28,US.VEEV,607,841,1448,0.4192,0.5808,1.3855,200,
2026-05-28,US.VST,10489,4472,14961,0.7011,0.2989,0.4264,200,
2026-05-28,US.WDAY,5720,2623,8343,0.6856,0.3144,0.4586,200,
2026-05-28,US.XOM,19945,15079,35024,0.5695,0.4305,0.756,200,
2026-05-28,US.XYF,0,0,0,0.0,0.0,0.0,0,
2026-05-28,US.YINN,5791,4296,10087,0.5741,0.4259,0.7418,200,
2026-05-29,US.AAPL,919506,153459,1072965,0.857,0.143,0.1669,200,
2026-05-29,US.ADSK,4333,14494,18827,0.2301,0.7699,3.345,200,
2026-05-29,US.AIFC,265,20,285,0.9298,0.0702,0.0755,78,
2026-05-29,US.AMD,165130,99481,264611,0.624,0.376,0.6024,200,
2026-05-29,US.AMZN,411306,85289,496595,0.8283,0.1717,0.2074,200,
2026-05-29,US.APLD,51773,10465,62238,0.8319,0.1681,0.2021,200,
2026-05-29,US.ASML,9652,5473,15125,0.6381,0.3619,0.567,200,
2026-05-29,US.ASX,4795,1365,6160,0.7784,0.2216,0.2847,200,
2026-05-29,US.AVGO,226802,20779,247581,0.9161,0.0839,0.0916,200,
2026-05-29,US.BABA,66928,27115,94043,0.7117,0.2883,0.4051,200,
2026-05-29,US.BBAI,258806,29116,287922,0.8989,0.1011,0.1125,200,
2026-05-29,US.BMNR,120399,60039,180438,0.6673,0.3327,0.4987,200,
2026-05-29,US.CBRS,8475,5753,14228,0.5957,0.4043,0.6788,200,
2026-05-29,US.CLBT,995,32,1027,0.9688,0.0312,0.0322,104,
2026-05-29,US.COHR,11554,16405,27959,0.4132,0.5868,1.4199,200,
2026-05-29,US.COIN,133363,45545,178908,0.7454,0.2546,0.3415,200,
2026-05-29,US.CRCL,86594,26428,113022,0.7662,0.2338,0.3052,200,
2026-05-29,US.CRM,183799,26869,210668,0.8725,0.1275,0.1462,200,
2026-05-29,US.CRWD,25565,5691,31256,0.8179,0.1821,0.2226,200,
2026-05-29,US.CRWV,170593,50174,220767,0.7727,0.2273,0.2941,200,
2026-05-29,US.CVX,21898,15987,37885,0.578,0.422,0.7301,200,
2026-05-29,US.DDOG,19080,8902,27982,0.6819,0.3181,0.4666,200,
2026-05-29,US.DELL,244845,66633,311478,0.7861,0.2139,0.2721,200,
2026-05-29,US.DJT,52250,14499,66749,0.7828,0.2172,0.2775,200,
2026-05-29,US.DUOL,5309,891,6200,0.8563,0.1437,0.1678,200,
2026-05-29,US.EWT,12313,918,13231,0.9306,0.0694,0.0746,200,
2026-05-29,US.FCX,33195,14977,48172,0.6891,0.3109,0.4512,200,
2026-05-29,US.FICO,263,362,625,0.4208,0.5792,1.3764,200,
2026-05-29,US.GDS,11000,305,11305,0.973,0.027,0.0277,200,
2026-05-29,US.GEMI,4565,1861,6426,0.7104,0.2896,0.4077,200,
2026-05-29,US.GEV,5382,12639,18021,0.2987,0.7013,2.3484,200,
2026-05-29,US.GOOGL,247107,83644,330751,0.7471,0.2529,0.3385,200,
2026-05-29,US.GWRE,629,193,822,0.7652,0.2348,0.3068,200,
2026-05-29,US.HOOD,637569,104878,742447,0.8587,0.1413,0.1645,200,
2026-05-29,US.IBIT,406060,207108,613168,0.6622,0.3378,0.51,200,
2026-05-29,US.IBM,237374,28144,265518,0.894,0.106,0.1186,200,
2026-05-29,US.IGV,267155,477166,744321,0.3589,0.6411,1.7861,200,
2026-05-29,US.INTC,441959,142891,584850,0.7557,0.2443,0.3233,200,
2026-05-29,US.INTU,12998,5446,18444,0.7047,0.2953,0.419,200,
2026-05-29,US.IREN,153867,136716,290583,0.5295,0.4705,0.8885,200,
2026-05-29,US.IWM,502185,655790,1157975,0.4337,0.5663,1.3059,200,
2026-05-29,US.JD,23465,9385,32850,0.7143,0.2857,0.4,200,
2026-05-29,US.KC,1834,336,2170,0.8452,0.1548,0.1832,140,
2026-05-29,US.LI,5185,2911,8096,0.6404,0.3596,0.5614,200,
2026-05-29,US.LITE,9534,12693,22227,0.4289,0.5711,1.3313,200,
2026-05-29,US.MANH,26,59,85,0.3059,0.6941,2.2692,200,
2026-05-29,US.MARA,337605,43051,380656,0.8869,0.1131,0.1275,200,
2026-05-29,US.META,411482,90074,501556,0.8204,0.1796,0.2189,200,
2026-05-29,US.MP,14782,5779,20561,0.7189,0.2811,0.3909,200,
2026-05-29,US.MRNA,94670,8190,102860,0.9204,0.0796,0.0865,200,
2026-05-29,US.MRVL,112345,37830,150175,0.7481,0.2519,0.3367,200,
2026-05-29,US.MSFT,1155737,124034,1279771,0.9031,0.0969,0.1073,200,
2026-05-29,US.MSTR,331675,165740,497415,0.6668,0.3332,0.4997,200,
2026-05-29,US.NBIS,113940,44607,158547,0.7187,0.2813,0.3915,200,
2026-05-29,US.NET,21303,3650,24953,0.8537,0.1463,0.1713,200,
2026-05-29,US.NOW,359614,48113,407727,0.882,0.118,0.1338,200,
2026-05-29,US.NVDA,2414967,714226,3129193,0.7718,0.2282,0.2957,200,
2026-05-29,US.OKLO,67968,47478,115446,0.5887,0.4113,0.6985,200,
2026-05-29,US.OPEN,124462,17867,142329,0.8745,0.1255,0.1436,200,
2026-05-29,US.ORCL,562881,41429,604310,0.9314,0.0686,0.0736,200,
2026-05-29,US.PANW,66350,12415,78765,0.8424,0.1576,0.1871,200,
2026-05-29,US.PDD,38908,32932,71840,0.5416,0.4584,0.8464,200,
2026-05-29,US.PLTR,1001204,176484,1177688,0.8501,0.1499,0.1763,200,
2026-05-29,US.QCOM,124826,17168,141994,0.8791,0.1209,0.1375,200,
2026-05-29,US.QQQ,2583090,1820242,4403332,0.5866,0.4134,0.7047,200,
2026-05-29,US.RBRK,14407,2850,17257,0.8348,0.1652,0.1978,200,
2026-05-29,US.RDDT,41592,5778,47370,0.878,0.122,0.1389,200,
2026-05-29,US.REMX,246,195,441,0.5578,0.4422,0.7927,200,
2026-05-29,US.RXRX,60012,3253,63265,0.9486,0.0514,0.0542,200,
2026-05-29,US.SAP,5863,1810,7673,0.7641,0.2359,0.3087,200,
2026-05-29,US.SBET,22098,17589,39687,0.5568,0.4432,0.796,200,
2026-05-29,US.SCO,4348,1815,6163,0.7055,0.2945,0.4174,200,
2026-05-29,US.SMCI,675472,66594,742066,0.9103,0.0897,0.0986,200,
2026-05-29,US.SNOW,119120,20506,139626,0.8531,0.1469,0.1721,200,
2026-05-29,US.SOFI,682444,107610,790054,0.8638,0.1362,0.1577,200,
2026-05-29,US.SOUN,229858,18617,248475,0.9251,0.0749,0.081,200,
2026-05-29,US.SOXL,45807,37811,83618,0.5478,0.4522,0.8254,200,
2026-05-29,US.SOXS,200988,49630,250618,0.802,0.198,0.2469,200,
2026-05-29,US.SPY,3943741,3080957,7024698,0.5614,0.4386,0.7812,200,
2026-05-29,US.SQQQ,67448,17146,84594,0.7973,0.2027,0.2542,200,
2026-05-29,US.SVIX,2218,3563,5781,0.3837,0.6163,1.6064,200,
2026-05-29,US.TIGR,12271,50878,63149,0.1943,0.8057,4.1462,200,
2026-05-29,US.TMF,12085,7270,19355,0.6244,0.3756,0.6016,200,
2026-05-29,US.TNA,13046,16619,29665,0.4398,0.5602,1.2739,200,
2026-05-29,US.TSLA,1905380,937199,2842579,0.6703,0.3297,0.4919,200,
2026-05-29,US.TSM,57767,30650,88417,0.6533,0.3467,0.5306,200,
2026-05-29,US.TWLO,5234,1295,6529,0.8017,0.1983,0.2474,200,
2026-05-29,US.UPST,30790,9137,39927,0.7712,0.2288,0.2968,200,
2026-05-29,US.UVXY,28169,13964,42133,0.6686,0.3314,0.4957,200,
2026-05-29,US.VEEV,2920,1085,4005,0.7291,0.2709,0.3716,200,
2026-05-29,US.VST,15114,4960,20074,0.7529,0.2471,0.3282,200,
2026-05-29,US.WDAY,18111,6600,24711,0.7329,0.2671,0.3644,200,
2026-05-29,US.XOM,26106,18579,44685,0.5842,0.4158,0.7117,200,
2026-05-29,US.XYF,0,0,0,0.0,0.0,0.0,0,
2026-05-29,US.YINN,3421,5060,8481,0.4034,0.5966,1.4791,200,
2026-06-01,US.AAPL,287180,112585,399765,0.7184,0.2816,0.392,200,
2026-06-01,US.ADSK,3637,6345,9982,0.3644,0.6356,1.7446,200,
2026-06-01,US.AIFC,368,0,368,1.0,0.0,0.0,78,
2026-06-01,US.AMD,117581,86409,203990,0.5764,0.4236,0.7349,200,
2026-06-01,US.AMZN,657199,96540,753739,0.8719,0.1281,0.1469,200,
2026-06-01,US.APLD,48118,17818,65936,0.7298,0.2702,0.3703,200,
2026-06-01,US.ASML,11386,3486,14872,0.7656,0.2344,0.3062,200,
2026-06-01,US.ASX,3101,622,3723,0.8329,0.1671,0.2006,200,
2026-06-01,US.AVGO,121712,31481,153193,0.7945,0.2055,0.2587,200,
2026-06-01,US.BABA,81583,20006,101589,0.8031,0.1969,0.2452,200,
2026-06-01,US.BBAI,160269,18251,178520,0.8978,0.1022,0.1139,200,
2026-06-01,US.BMNR,75116,47522,122638,0.6125,0.3875,0.6326,200,
2026-06-01,US.CBRS,13245,8222,21467,0.617,0.383,0.6208,200,
2026-06-01,US.CLBT,1147,139,1286,0.8919,0.1081,0.1212,104,
2026-06-01,US.COHR,9354,11131,20485,0.4566,0.5434,1.19,200,
2026-06-01,US.COIN,46619,24507,71126,0.6554,0.3446,0.5257,200,
2026-06-01,US.CRCL,33868,12416,46284,0.7317,0.2683,0.3666,200,
2026-06-01,US.CRM,185453,24038,209491,0.8853,0.1147,0.1296,200,
2026-06-01,US.CRWD,20187,4650,24837,0.8128,0.1872,0.2303,200,
2026-06-01,US.CRWV,355585,30926,386511,0.92,0.08,0.087,200,
2026-06-01,US.CVX,24989,11954,36943,0.6764,0.3236,0.4784,200,
2026-06-01,US.DDOG,29375,24981,54356,0.5404,0.4596,0.8504,200,
2026-06-01,US.DELL,69187,20590,89777,0.7707,0.2293,0.2976,200,
2026-06-01,US.DJT,24242,2128,26370,0.9193,0.0807,0.0878,200,
2026-06-01,US.DUOL,6488,3316,9804,0.6618,0.3382,0.5111,200,
2026-06-01,US.EWT,6172,1129,7301,0.8454,0.1546,0.1829,200,
2026-06-01,US.FCX,27055,12429,39484,0.6852,0.3148,0.4594,200,
2026-06-01,US.FICO,476,643,1119,0.4254,0.5746,1.3508,200,
2026-06-01,US.FUTU,6443,7937,14380,0.4481,0.5519,1.2319,200,
2026-06-01,US.GDS,1401,250,1651,0.8486,0.1514,0.1784,200,
2026-06-01,US.GEMI,1956,1264,3220,0.6075,0.3925,0.6462,200,
2026-06-01,US.GEV,3773,8361,12134,0.3109,0.6891,2.216,200,
2026-06-01,US.GOOGL,76079,38394,114473,0.6646,0.3354,0.5047,200,
2026-06-01,US.GWRE,1449,591,2040,0.7103,0.2897,0.4079,200,
2026-06-01,US.HOOD,250527,51832,302359,0.8286,0.1714,0.2069,200,
2026-06-01,US.HPE,243820,75816,319636,0.7628,0.2372,0.311,200,
2026-06-01,US.IBIT,132198,150677,282875,0.4673,0.5327,1.1398,200,
2026-06-01,US.IBM,169395,25993,195388,0.867,0.133,0.1534,200,
2026-06-01,US.IGV,227140,88432,315572,0.7198,0.2802,0.3893,200,
2026-06-01,US.INTC,288950,160415,449365,0.643,0.357,0.5552,200,
2026-06-01,US.INTU,19461,6106,25567,0.7612,0.2388,0.3138,200,
2026-06-01,US.IREN,214994,28023,243017,0.8847,0.1153,0.1303,200,
2026-06-01,US.IWM,161366,549451,710817,0.227,0.773,3.405,200,
2026-06-01,US.JD,21361,9774,31135,0.6861,0.3139,0.4576,200,
2026-06-01,US.KC,1602,66,1668,0.9604,0.0396,0.0412,140,
2026-06-01,US.LI,5382,4256,9638,0.5584,0.4416,0.7908,200,
2026-06-01,US.LITE,14280,6307,20587,0.6936,0.3064,0.4417,200,
2026-06-01,US.MANH,217,21,238,0.9118,0.0882,0.0968,200,
2026-06-01,US.MARA,119182,31130,150312,0.7929,0.2071,0.2612,200,
2026-06-01,US.MDB,31216,10550,41766,0.7474,0.2526,0.338,200,
2026-06-01,US.META,334689,58937,393626,0.8503,0.1497,0.1761,200,
2026-06-01,US.MP,33127,7641,40768,0.8126,0.1874,0.2307,200,
2026-06-01,US.MRNA,12410,8321,20731,0.5986,0.4014,0.6705,200,
2026-06-01,US.MRVL,121866,28820,150686,0.8087,0.1913,0.2365,200,
2026-06-01,US.MSFT,639489,27238,666727,0.9591,0.0409,0.0426,200,
2026-06-01,US.MSTR,86902,70069,156971,0.5536,0.4464,0.8063,200,
2026-06-01,US.NBIS,95211,45998,141209,0.6743,0.3257,0.4831,200,
2026-06-01,US.NET,52644,21470,74114,0.7103,0.2897,0.4078,200,
2026-06-01,US.NOW,258660,67665,326325,0.7926,0.2074,0.2616,200,
2026-06-01,US.NVDA,1487945,236760,1724705,0.8627,0.1373,0.1591,200,
2026-06-01,US.OKLO,65544,8067,73611,0.8904,0.1096,0.1231,200,
2026-06-01,US.OPEN,195355,26760,222115,0.8795,0.1205,0.137,200,
2026-06-01,US.ORCL,486437,55028,541465,0.8984,0.1016,0.1131,200,
2026-06-01,US.PANW,40851,17095,57946,0.705,0.295,0.4185,200,
2026-06-01,US.PDD,41473,14987,56460,0.7346,0.2654,0.3614,200,
2026-06-01,US.PLTR,515146,83837,598983,0.86,0.14,0.1627,200,
2026-06-01,US.QCOM,86929,26718,113647,0.7649,0.2351,0.3074,200,
2026-06-01,US.QQQ,437413,551148,988561,0.4425,0.5575,1.26,200,
2026-06-01,US.RBRK,13182,1570,14752,0.8936,0.1064,0.1191,200,
2026-06-01,US.RDDT,54887,4352,59239,0.9265,0.0735,0.0793,200,
2026-06-01,US.REMX,134,297,431,0.3109,0.6891,2.2164,200,
2026-06-01,US.RXRX,42083,3508,45591,0.9231,0.0769,0.0834,200,
2026-06-01,US.SAP,12862,1663,14525,0.8855,0.1145,0.1293,200,
2026-06-01,US.SBET,34134,4376,38510,0.8864,0.1136,0.1282,200,
2026-06-01,US.SCO,5785,5054,10839,0.5337,0.4663,0.8736,200,
2026-06-01,US.SMCI,176623,83911,260534,0.6779,0.3221,0.4751,200,
2026-06-01,US.SNOW,62416,22393,84809,0.736,0.264,0.3588,200,
2026-06-01,US.SOFI,334291,51566,385857,0.8664,0.1336,0.1543,200,
2026-06-01,US.SOUN,118451,20382,138833,0.8532,0.1468,0.1721,200,
2026-06-01,US.SOXL,26880,27399,54279,0.4952,0.5048,1.0193,200,
2026-06-01,US.SOXS,135598,31854,167452,0.8098,0.1902,0.2349,200,
2026-06-01,US.SPY,707506,881228,1588734,0.4453,0.5547,1.2455,200,
2026-06-01,US.SQQQ,44289,9150,53439,0.8288,0.1712,0.2066,200,
2026-06-01,US.SVIX,3261,3357,6618,0.4927,0.5073,1.0294,200,
2026-06-01,US.TEAM,17651,2268,19919,0.8861,0.1139,0.1285,200,
2026-06-01,US.TIGR,18069,31702,49771,0.363,0.637,1.7545,200,
2026-06-01,US.TMF,7333,6565,13898,0.5276,0.4724,0.8953,200,
2026-06-01,US.TNA,9691,13672,23363,0.4148,0.5852,1.4108,200,
2026-06-01,US.TSLA,611802,305642,917444,0.6669,0.3331,0.4996,200,
2026-06-01,US.TSM,127318,43143,170461,0.7469,0.2531,0.3389,200,
2026-06-01,US.TWLO,17750,5025,22775,0.7794,0.2206,0.2831,200,
2026-06-01,US.UPST,14470,6096,20566,0.7036,0.2964,0.4213,200,
2026-06-01,US.UVXY,19072,5048,24120,0.7907,0.2093,0.2647,200,
2026-06-01,US.VEEV,7282,2482,9764,0.7458,0.2542,0.3408,200,
2026-06-01,US.VST,12502,6145,18647,0.6705,0.3295,0.4915,200,
2026-06-01,US.WDAY,15441,6452,21893,0.7053,0.2947,0.4178,200,
2026-06-01,US.XOM,54635,13689,68324,0.7996,0.2004,0.2506,200,
2026-06-01,US.XYF,0,0,0,0.0,0.0,0.0,0,
2026-06-01,US.YINN,5523,2091,7614,0.7254,0.2746,0.3786,200,
2026-06-02,US.AAPL,659695,188266,847961,0.778,0.222,0.2854,200,
2026-06-02,US.ADSK,2244,1470,3714,0.6042,0.3958,0.6551,200,
2026-06-02,US.AMD,95971,30778,126749,0.7572,0.2428,0.3207,200,
2026-06-02,US.AMZN,293344,98355,391699,0.7489,0.2511,0.3353,200,
2026-06-02,US.APLD,38613,7968,46581,0.8289,0.1711,0.2064,200,
2026-06-02,US.ASML,9337,3427,12764,0.7315,0.2685,0.367,200,
2026-06-02,US.ASX,7219,1198,8417,0.8577,0.1423,0.166,200,
2026-06-02,US.AVGO,185326,36826,222152,0.8342,0.1658,0.1987,200,
2026-06-02,US.BABA,135144,19602,154746,0.8733,0.1267,0.145,200,
2026-06-02,US.BBAI,83295,18984,102279,0.8144,0.1856,0.2279,200,
2026-06-02,US.BMNR,94759,37444,132203,0.7168,0.2832,0.3951,200,
2026-06-02,US.CBRS,15650,5122,20772,0.7534,0.2466,0.3273,200,
2026-06-02,US.COHR,22193,10479,32672,0.6793,0.3207,0.4722,200,
2026-06-02,US.COIN,45423,35499,80922,0.5613,0.4387,0.7815,200,
2026-06-02,US.CRCL,44013,18370,62383,0.7055,0.2945,0.4174,200,
2026-06-02,US.CRM,71069,27929,98998,0.7179,0.2821,0.393,200,
2026-06-02,US.CRWD,12063,6004,18067,0.6677,0.3323,0.4977,200,
2026-06-02,US.CRWV,140958,20642,161600,0.8723,0.1277,0.1464,200,
2026-06-02,US.CVX,10960,4966,15926,0.6882,0.3118,0.4531,200,
2026-06-02,US.DDOG,12799,6332,19131,0.669,0.331,0.4947,200,
2026-06-02,US.DELL,39028,19740,58768,0.6641,0.3359,0.5058,200,
2026-06-02,US.DJT,12024,2998,15022,0.8004,0.1996,0.2493,200,
2026-06-02,US.DUOL,3892,2357,6249,0.6228,0.3772,0.6056,200,
2026-06-02,US.EWT,10972,4312,15284,0.7179,0.2821,0.393,200,
2026-06-02,US.FCX,81250,37272,118522,0.6855,0.3145,0.4587,200,
2026-06-02,US.FUTU,5599,6795,12394,0.4518,0.5482,1.2136,200,
2026-06-02,US.GDS,832,44,876,0.9498,0.0502,0.0529,200,
2026-06-02,US.GEMI,1714,1788,3502,0.4894,0.5106,1.0432,200,
2026-06-02,US.GEV,3296,3766,7062,0.4667,0.5333,1.1426,200,
2026-06-02,US.GOOGL,300678,160182,460860,0.6524,0.3476,0.5327,200,
2026-06-02,US.HOOD,189313,34485,223798,0.8459,0.1541,0.1822,200,
2026-06-02,US.HPE,334126,66543,400669,0.8339,0.1661,0.1992,200,
2026-06-02,US.IBIT,196736,460185,656921,0.2995,0.7005,2.3391,200,
2026-06-02,US.IBM,88844,15277,104121,0.8533,0.1467,0.172,200,
2026-06-02,US.IGV,90875,38944,129819,0.7,0.3,0.4285,200,
2026-06-02,US.INTC,406675,79553,486228,0.8364,0.1636,0.1956,200,
2026-06-02,US.INTU,12468,9691,22159,0.5627,0.4373,0.7773,200,
2026-06-02,US.IREN,233578,40245,273823,0.853,0.147,0.1723,200,
2026-06-02,US.IWM,129763,273617,403380,0.3217,0.6783,2.1086,200,
2026-06-02,US.JD,37081,19723,56804,0.6528,0.3472,0.5319,200,
2026-06-02,US.LI,5571,6074,11645,0.4784,0.5216,1.0903,200,
2026-06-02,US.LITE,17241,5572,22813,0.7558,0.2442,0.3232,200,
2026-06-02,US.MARA,56650,31670,88320,0.6414,0.3586,0.559,200,
2026-06-02,US.MDB,7585,3698,11283,0.6723,0.3277,0.4875,200,
2026-06-02,US.META,334727,78503,413230,0.81,0.19,0.2345,200,
2026-06-02,US.MP,19814,3316,23130,0.8566,0.1434,0.1674,200,
2026-06-02,US.MRNA,8976,6152,15128,0.5933,0.4067,0.6854,200,
2026-06-02,US.MRVL,344043,59984,404027,0.8515,0.1485,0.1744,200,
2026-06-02,US.MSFT,460627,70646,531273,0.867,0.133,0.1534,200,
2026-06-02,US.MSTR,93735,216637,310372,0.302,0.698,2.3112,200,
2026-06-02,US.NBIS,57470,32925,90395,0.6358,0.3642,0.5729,200,
2026-06-02,US.NET,13041,2579,15620,0.8349,0.1651,0.1978,200,
2026-06-02,US.NOW,162159,29684,191843,0.8453,0.1547,0.1831,200,
2026-06-02,US.NVDA,2251686,459745,2711431,0.8304,0.1696,0.2042,200,
2026-06-02,US.OKLO,148669,21993,170662,0.8711,0.1289,0.1479,200,
2026-06-02,US.OPEN,256926,12488,269414,0.9536,0.0464,0.0486,200,
2026-06-02,US.ORCL,175427,78808,254235,0.69,0.31,0.4492,200,
2026-06-02,US.PANW,70985,45224,116209,0.6108,0.3892,0.6371,200,
2026-06-02,US.PDD,36434,9453,45887,0.794,0.206,0.2595,200,
2026-06-02,US.PLTR,271269,106066,377335,0.7189,0.2811,0.391,200,
2026-06-02,US.QCOM,74044,19944,93988,0.7878,0.2122,0.2694,200,
2026-06-02,US.QQQ,510922,456616,967538,0.5281,0.4719,0.8937,200,
2026-06-02,US.RBRK,11321,1101,12422,0.9114,0.0886,0.0973,200,
2026-06-02,US.RDDT,26977,6239,33216,0.8122,0.1878,0.2313,200,
2026-06-02,US.RXRX,19203,2227,21430,0.8961,0.1039,0.116,200,
2026-06-02,US.SAP,4691,903,5594,0.8386,0.1614,0.1925,200,
2026-06-02,US.SBET,5753,10415,16168,0.3558,0.6442,1.8104,200,
2026-06-02,US.SCO,2495,2856,5351,0.4663,0.5337,1.1447,200,
2026-06-02,US.SMCI,229713,32743,262456,0.8752,0.1248,0.1425,200,
2026-06-02,US.SNOW,39648,13099,52747,0.7517,0.2483,0.3304,200,
2026-06-02,US.SOFI,256294,47949,304243,0.8424,0.1576,0.1871,200,
2026-06-02,US.SOUN,56217,10763,66980,0.8393,0.1607,0.1915,200,
2026-06-02,US.SOXL,43316,30330,73646,0.5882,0.4118,0.7002,200,
2026-06-02,US.SOXS,223201,57848,281049,0.7942,0.2058,0.2592,200,
2026-06-02,US.SPY,627593,696701,1324294,0.4739,0.5261,1.1101,200,
2026-06-02,US.SQQQ,42997,7830,50827,0.8459,0.1541,0.1821,200,
2026-06-02,US.SVIX,947,3500,4447,0.213,0.787,3.6959,200,
2026-06-02,US.TEAM,10298,4139,14437,0.7133,0.2867,0.4019,200,
2026-06-02,US.TIGR,14491,5333,19824,0.731,0.269,0.368,200,
2026-06-02,US.TMF,7116,2343,9459,0.7523,0.2477,0.3293,200,
2026-06-02,US.TNA,8310,10078,18388,0.4519,0.5481,1.2128,200,
2026-06-02,US.TSLA,949597,464879,1414476,0.6713,0.3287,0.4896,200,
2026-06-02,US.TSM,37875,22897,60772,0.6232,0.3768,0.6045,200,
2026-06-02,US.TWLO,6327,1827,8154,0.7759,0.2241,0.2888,200,
2026-06-02,US.UPST,11240,3185,14425,0.7792,0.2208,0.2834,200,
2026-06-02,US.UVXY,10059,5133,15192,0.6621,0.3379,0.5103,200,
2026-06-02,US.VEEV,5699,1588,7287,0.7821,0.2179,0.2786,200,
2026-06-02,US.VST,18927,5547,24474,0.7734,0.2266,0.2931,200,
2026-06-02,US.WDAY,8503,3620,12123,0.7014,0.2986,0.4257,200,
2026-06-02,US.XOM,20474,6517,26991,0.7585,0.2415,0.3183,200,
2026-06-02,US.YINN,10654,3659,14313,0.7444,0.2556,0.3434,200,
2026-06-02,US.GFS,12267,3223,15490,0.7919,0.2081,0.2627,200,
2026-06-02,US.NOK,444609,106002,550611,0.8075,0.1925,0.2384,200,
2026-06-02,US.AEHR,5950,3522,9472,0.6282,0.3718,0.5919,200,
2026-06-04,US.AAPL,213870,75626,289496,0.7388,0.2612,0.3536,200,
2026-06-04,US.ADSK,516,421,937,0.5507,0.4493,0.8159,200,
2026-06-04,US.AEHR,1546,1994,3540,0.4367,0.5633,1.2898,200,
2026-06-04,US.AMD,105631,50378,156009,0.6771,0.3229,0.4769,200,
2026-06-04,US.AMZN,194216,76940,271156,0.7163,0.2837,0.3962,200,
2026-06-04,US.APLD,14146,9170,23316,0.6067,0.3933,0.6482,200,
2026-06-04,US.ASML,4010,1475,5485,0.7311,0.2689,0.3678,200,
2026-06-04,US.ASX,2616,311,2927,0.8937,0.1063,0.1189,200,
2026-06-04,US.AVGO,161077,130406,291483,0.5526,0.4474,0.8096,200,
2026-06-04,US.BABA,34845,7409,42254,0.8247,0.1753,0.2126,200,
2026-06-04,US.BBAI,27438,5467,32905,0.8339,0.1661,0.1992,200,
2026-06-04,US.BMNR,35698,19872,55570,0.6424,0.3576,0.5567,200,
2026-06-04,US.CBRS,12645,3173,15818,0.7994,0.2006,0.2509,200,
2026-06-04,US.COHR,7423,5162,12585,0.5898,0.4102,0.6954,200,
2026-06-04,US.COIN,62337,17130,79467,0.7844,0.2156,0.2748,200,
2026-06-04,US.CRCL,33426,13325,46751,0.715,0.285,0.3986,200,
2026-06-04,US.CRM,25113,10636,35749,0.7025,0.2975,0.4235,200,
2026-06-04,US.CRWD,15893,14107,30000,0.5298,0.4702,0.8876,200,
2026-06-04,US.CRWV,54505,28683,83188,0.6552,0.3448,0.5262,200,
2026-06-04,US.CVX,6736,3343,10079,0.6683,0.3317,0.4963,200,
2026-06-04,US.DDOG,3297,4705,8002,0.412,0.588,1.4271,200,
2026-06-04,US.DELL,14644,14214,28858,0.5075,0.4925,0.9706,200,
2026-06-04,US.DJT,15729,2142,17871,0.8801,0.1199,0.1362,200,
2026-06-04,US.DUOL,1235,1104,2339,0.528,0.472,0.8939,200,
2026-06-04,US.EWT,11147,507,11654,0.9565,0.0435,0.0455,200,
2026-06-04,US.FCX,31832,5349,37181,0.8561,0.1439,0.168,200,
2026-06-04,US.FUTU,2195,4421,6616,0.3318,0.6682,2.0141,200,
2026-06-04,US.GDS,339,87,426,0.7958,0.2042,0.2566,200,
2026-06-04,US.GEMI,1250,57,1307,0.9564,0.0436,0.0456,200,
2026-06-04,US.GEV,2100,2509,4609,0.4556,0.5444,1.1948,200,
2026-06-04,US.GFS,3230,956,4186,0.7716,0.2284,0.296,200,
2026-06-04,US.GOOGL,220933,47704,268637,0.8224,0.1776,0.2159,200,
2026-06-04,US.HOOD,192193,17896,210089,0.9148,0.0852,0.0931,200,
2026-06-04,US.HPE,40506,7913,48419,0.8366,0.1634,0.1954,200,
2026-06-04,US.IBIT,158573,240977,399550,0.3969,0.6031,1.5197,200,
2026-06-04,US.IBM,23556,6519,30075,0.7832,0.2168,0.2767,200,
2026-06-04,US.IGV,20727,40089,60816,0.3408,0.6592,1.9341,200,
2026-06-04,US.INTC,168428,45720,214148,0.7865,0.2135,0.2715,200,
2026-06-04,US.INTU,3397,2844,6241,0.5443,0.4557,0.8372,200,
2026-06-04,US.IREN,114842,45804,160646,0.7149,0.2851,0.3988,200,
2026-06-04,US.IWM,511168,794593,1305761,0.3915,0.6085,1.5545,200,
2026-06-04,US.JD,7306,1442,8748,0.8352,0.1648,0.1974,200,
2026-06-04,US.LI,2125,2504,4629,0.4591,0.5409,1.1784,200,
2026-06-04,US.LITE,5045,6732,11777,0.4284,0.5716,1.3344,200,
2026-06-04,US.MARA,45338,18065,63403,0.7151,0.2849,0.3985,200,
2026-06-04,US.MDB,15375,1505,16880,0.9108,0.0892,0.0979,200,
2026-06-04,US.META,294521,46500,341021,0.8636,0.1364,0.1579,200,
2026-06-04,US.MP,8206,4426,12632,0.6496,0.3504,0.5394,200,
2026-06-04,US.MRNA,61531,9670,71201,0.8642,0.1358,0.1572,200,
2026-06-04,US.MRVL,147466,36365,183831,0.8022,0.1978,0.2466,200,
2026-06-04,US.MSFT,170326,39905,210231,0.8102,0.1898,0.2343,200,
2026-06-04,US.MSTR,89790,121800,211590,0.4244,0.5756,1.3565,200,
2026-06-04,US.NBIS,33017,13789,46806,0.7054,0.2946,0.4176,200,
2026-06-04,US.NET,7210,7603,14813,0.4867,0.5133,1.0545,200,
2026-06-04,US.NOK,379675,54805,434480,0.8739,0.1261,0.1443,200,
2026-06-04,US.NOW,84979,16451,101430,0.8378,0.1622,0.1936,200,
2026-06-04,US.NVDA,934113,357522,1291635,0.7232,0.2768,0.3827,200,
2026-06-04,US.OKLO,31417,7212,38629,0.8133,0.1867,0.2296,200,
2026-06-04,US.OPEN,51611,6134,57745,0.8938,0.1062,0.1189,200,
2026-06-04,US.ORCL,110212,26575,136787,0.8057,0.1943,0.2411,200,
2026-06-04,US.PANW,14433,14621,29054,0.4968,0.5032,1.013,200,
2026-06-04,US.PDD,7902,5280,13182,0.5995,0.4005,0.6682,200,
2026-06-04,US.PLTR,195884,68115,263999,0.742,0.258,0.3477,200,
2026-06-04,US.QCOM,54229,11131,65360,0.8297,0.1703,0.2053,200,
2026-06-04,US.QQQ,1733149,1444575,3177724,0.5454,0.4546,0.8335,200,
2026-06-04,US.RBRK,13137,2137,15274,0.8601,0.1399,0.1627,200,
2026-06-04,US.RDDT,46510,8160,54670,0.8507,0.1493,0.1754,200,
2026-06-04,US.RXRX,44176,1472,45648,0.9678,0.0322,0.0333,200,
2026-06-04,US.SAP,4792,418,5210,0.9198,0.0802,0.0872,200,
2026-06-04,US.SBET,19579,761,20340,0.9626,0.0374,0.0389,200,
2026-06-04,US.SCO,2937,2565,5502,0.5338,0.4662,0.8733,200,
2026-06-04,US.SMCI,72837,20402,93239,0.7812,0.2188,0.2801,200,
2026-06-04,US.SNOW,19985,4875,24860,0.8039,0.1961,0.2439,200,
2026-06-04,US.SOFI,125451,29037,154488,0.812,0.188,0.2315,200,
2026-06-04,US.SOUN,21648,4284,25932,0.8348,0.1652,0.1979,200,
2026-06-04,US.SOXL,31501,35657,67158,0.4691,0.5309,1.1319,200,
2026-06-04,US.SOXS,232202,52311,284513,0.8161,0.1839,0.2253,200,
2026-06-04,US.SPY,2537183,1990728,4527911,0.5603,0.4397,0.7846,200,
2026-06-04,US.SQQQ,40484,10376,50860,0.796,0.204,0.2563,200,
2026-06-04,US.SVIX,357,632,989,0.361,0.639,1.7703,200,
2026-06-04,US.TEAM,2077,472,2549,0.8148,0.1852,0.2273,200,
2026-06-04,US.TIGR,3864,2808,6672,0.5791,0.4209,0.7267,200,
2026-06-04,US.TMF,2518,1986,4504,0.5591,0.4409,0.7887,200,
2026-06-04,US.TNA,4620,4509,9129,0.5061,0.4939,0.976,200,
2026-06-04,US.TSLA,714165,343971,1058136,0.6749,0.3251,0.4816,200,
2026-06-04,US.TSM,58882,49164,108046,0.545,0.455,0.835,200,
2026-06-04,US.TWLO,4550,1574,6124,0.743,0.257,0.3459,200,
2026-06-04,US.UPST,6966,1771,8737,0.7973,0.2027,0.2542,200,
2026-06-04,US.UVXY,13886,1634,15520,0.8947,0.1053,0.1177,200,
2026-06-04,US.VEEV,5846,2998,8844,0.661,0.339,0.5128,200,
2026-06-04,US.VST,3726,3841,7567,0.4924,0.5076,1.0309,200,
2026-06-04,US.WDAY,1909,746,2655,0.719,0.281,0.3908,200,
2026-06-04,US.XOM,12290,11794,24084,0.5103,0.4897,0.9596,200,
2026-06-04,US.YINN,1913,710,2623,0.7293,0.2707,0.3711,200,
2026-06-03,US.GFS,35014,4679,39693,0.8821,0.1179,0.1336,,
2026-06-03,US.QCOM,216434,15331,231765,0.9339,0.0661,0.0708,,
2026-06-03,US.VEEV,9437,4858,14295,0.6602,0.3398,0.5148,,
2026-06-03,US.AVGO,247330,65501,312831,0.7906,0.2094,0.2648,,
2026-06-03,US.COHR,7566,22314,29880,0.2532,0.7468,2.9492,,
2026-06-03,US.VST,5928,12010,17938,0.3305,0.6695,2.026,,
2026-06-03,US.INTC,486564,87246,573810,0.848,0.152,0.1793,,
2026-06-03,US.MSTR,78289,194188,272477,0.2873,0.7127,2.4804,,
2026-06-03,US.MRNA,30544,4055,34599,0.8828,0.1172,0.1328,,
2026-06-03,US.NOK,563572,128334,691906,0.8145,0.1855,0.2277,,
2026-06-03,US.SOXS,237478,51949,289427,0.8205,0.1795,0.2188,,
2026-06-03,US.AMD,192445,39422,231867,0.83,0.17,0.2048,,
2026-06-03,US.OKLO,85165,15699,100864,0.8444,0.1556,0.1843,,
2026-06-03,US.GOOGL,229445,71131,300576,0.7634,0.2366,0.31,,
2026-06-03,US.MRVL,219133,56325,275458,0.7955,0.2045,0.257,,
2026-06-03,US.SQQQ,47929,7626,55555,0.8627,0.1373,0.1591,,
2026-06-03,US.XOM,41914,17135,59049,0.7098,0.2902,0.4088,,
2026-06-03,US.OPEN,141529,21402,162931,0.8686,0.1314,0.1512,,
2026-06-03,US.AMZN,420825,131777,552602,0.7615,0.2385,0.3131,,
2026-06-03,US.META,254728,37978,292706,0.8703,0.1297,0.1491,,
2026-06-03,US.AAPL,448045,126439,574484,0.7799,0.2201,0.2822,,
2026-06-03,US.CRWD,22534,21175,43709,0.5155,0.4845,0.9397,,
2026-06-03,US.LI,4167,589,4756,0.8762,0.1238,0.1413,,
2026-06-03,US.TNA,8493,15499,23992,0.354,0.646,1.8249,,
2026-06-03,US.SCO,2324,721,3045,0.7632,0.2368,0.3102,,
2026-06-03,US.AEHR,5544,1895,7439,0.7453,0.2547,0.3418,,
2026-06-03,US.FUTU,6609,9778,16387,0.4033,0.5967,1.4795,,
2026-06-03,US.SMCI,183409,32522,215931,0.8494,0.1506,0.1773,,
2026-06-03,US.ASX,3209,414,3623,0.8857,0.1143,0.129,,
2026-06-03,US.BABA,57690,16441,74131,0.7782,0.2218,0.285,,
2026-06-03,US.IBIT,188769,299397,488166,0.3867,0.6133,1.586,,
2026-06-03,US.RBRK,6353,1675,8028,0.7914,0.2086,0.2637,,
2026-06-03,US.IWM,137732,433008,570740,0.2413,0.7587,3.1438,,
2026-06-03,US.SAP,3904,991,4895,0.7975,0.2025,0.2538,,
2026-06-03,US.FCX,37318,16999,54317,0.687,0.313,0.4555,,
2026-06-03,US.IBM,80571,23873,104444,0.7714,0.2286,0.2963,,
2026-06-03,US.CVX,17973,9021,26994,0.6658,0.3342,0.5019,,
2026-06-03,US.RDDT,21973,5195,27168,0.8088,0.1912,0.2364,,
2026-06-03,US.CBRS,12963,5891,18854,0.6875,0.3125,0.4544,,
2026-06-03,US.IREN,208902,90255,299157,0.6983,0.3017,0.432,,
2026-06-03,US.DJT,9904,1772,11676,0.8482,0.1518,0.1789,,
2026-06-03,US.MARA,80624,23321,103945,0.7756,0.2244,0.2893,,
2026-06-03,US.NVDA,912995,220129,1133124,0.8057,0.1943,0.2411,,
2026-06-03,US.SOFI,222290,69572,291862,0.7616,0.2384,0.313,,
2026-06-03,US.SOUN,59366,17012,76378,0.7773,0.2227,0.2866,,
2026-06-03,US.CRWV,111627,38880,150507,0.7417,0.2583,0.3483,,
2026-06-03,US.BMNR,88027,55504,143531,0.6133,0.3867,0.6305,,
2026-06-03,US.BBAI,69324,15859,85183,0.8138,0.1862,0.2288,,
2026-06-03,US.MSFT,270660,65706,336366,0.8047,0.1953,0.2428,,
2026-06-03,US.JD,18717,6860,25577,0.7318,0.2682,0.3665,,
2026-06-03,US.TMF,8831,5227,14058,0.6282,0.3718,0.5919,,
2026-06-03,US.SOXL,41701,26102,67803,0.615,0.385,0.6259,,
2026-06-03,US.TWLO,2213,455,2668,0.8295,0.1705,0.2056,,
2026-06-03,US.NOW,107696,34896,142592,0.7553,0.2447,0.324,,
2026-06-03,US.TSLA,683444,273459,956903,0.7142,0.2858,0.4001,,
2026-06-03,US.ORCL,149842,49564,199406,0.7514,0.2486,0.3308,,
2026-06-03,US.ASML,5802,5947,11749,0.4938,0.5062,1.025,,
2026-06-03,US.PLTR,303431,135442,438873,0.6914,0.3086,0.4464,,
2026-06-03,US.RXRX,10658,2055,12713,0.8384,0.1616,0.1928,,
2026-06-03,US.PANW,38168,31789,69957,0.5456,0.4544,0.8329,,
2026-06-03,US.HPE,77886,20681,98567,0.7902,0.2098,0.2655,,
2026-06-03,US.TEAM,7523,3660,11183,0.6727,0.3273,0.4865,,
2026-06-03,US.UVXY,7982,2952,10934,0.73,0.27,0.3698,,
2026-06-03,US.SBET,8236,3018,11254,0.7318,0.2682,0.3664,,
2026-06-03,US.DUOL,1824,738,2562,0.7119,0.2881,0.4046,,
2026-06-03,US.APLD,25873,10638,36511,0.7086,0.2914,0.4112,,
2026-06-03,US.COIN,65472,52348,117820,0.5557,0.4443,0.7995,,
2026-06-03,US.YINN,3392,1777,5169,0.6562,0.3438,0.5239,,
2026-06-03,US.TSM,29778,37199,66977,0.4446,0.5554,1.2492,,
2026-06-03,US.HOOD,145998,68807,214805,0.6797,0.3203,0.4713,,
2026-06-03,US.GDS,551,187,738,0.7466,0.2534,0.3394,,
2026-06-03,US.LITE,9217,6646,15863,0.581,0.419,0.7211,,
2026-06-03,US.MDB,9755,5896,15651,0.6233,0.3767,0.6044,,
2026-06-03,US.MP,12753,10857,23610,0.5402,0.4598,0.8513,,
2026-06-03,US.IGV,85988,57498,143486,0.5993,0.4007,0.6687,,
2026-06-03,US.DELL,37579,19810,57389,0.6548,0.3452,0.5272,,
2026-06-03,US.QQQ,493247,644796,1138043,0.4334,0.5666,1.3072,,
2026-06-03,US.INTU,7112,4647,11759,0.6048,0.3952,0.6534,,
2026-06-03,US.DDOG,10105,7119,17224,0.5867,0.4133,0.7045,,
2026-06-03,US.SPY,759795,954908,1714703,0.4431,0.5569,1.2568,,
2026-06-03,US.NET,7818,4149,11967,0.6533,0.3467,0.5307,,
2026-06-03,US.SVIX,1559,1915,3474,0.4488,0.5512,1.2284,,
2026-06-03,US.PDD,24130,14695,38825,0.6215,0.3785,0.609,,
2026-06-03,US.SNOW,29608,16320,45928,0.6447,0.3553,0.5512,,
2026-06-03,US.CRCL,29349,27645,56994,0.5149,0.4851,0.9419,,
2026-06-03,US.UPST,8622,6913,15535,0.555,0.445,0.8018,,
2026-06-03,US.CRM,40177,23568,63745,0.6303,0.3697,0.5866,,
2026-06-03,US.NBIS,34232,36762,70994,0.4822,0.5178,1.0739,,
2026-06-03,US.ADSK,1511,858,2369,0.6378,0.3622,0.5678,,
2026-06-03,US.GEV,2919,2780,5699,0.5122,0.4878,0.9524,,
2026-06-03,US.GEMI,1424,1345,2769,0.5143,0.4857,0.9445,,
2026-06-03,US.EWT,1041,1208,2249,0.4629,0.5371,1.1604,,
2026-06-03,US.TIGR,4774,4405,9179,0.5201,0.4799,0.9227,,
2026-06-03,US.WDAY,3037,2845,5882,0.5163,0.4837,0.9368,,
2026-06-05,US.AAPL,330453,135839,466292,0.7087,0.2913,0.4111,200,
2026-06-05,US.ADSK,1104,809,1913,0.5771,0.4229,0.7328,200,
2026-06-05,US.AEHR,2452,1913,4365,0.5617,0.4383,0.7802,200,
2026-06-05,US.AMD,109403,101355,210758,0.5191,0.4809,0.9264,200,
2026-06-05,US.AMZN,435192,143107,578299,0.7525,0.2475,0.3288,200,
2026-06-05,US.APLD,38528,18696,57224,0.6733,0.3267,0.4853,200,
2026-06-05,US.ASML,4242,2090,6332,0.6699,0.3301,0.4927,200,
2026-06-05,US.ASX,5650,1679,7329,0.7709,0.2291,0.2972,200,
2026-06-05,US.AVGO,88651,101028,189679,0.4674,0.5326,1.1396,200,
2026-06-05,US.BABA,62389,20622,83011,0.7516,0.2484,0.3305,200,
2026-06-05,US.BBAI,71813,22161,93974,0.7642,0.2358,0.3086,200,
2026-06-05,US.BMNR,86463,60355,146818,0.5889,0.4111,0.698,200,
2026-06-05,US.CBRS,10562,7091,17653,0.5983,0.4017,0.6714,200,
2026-06-05,US.COHR,10053,7306,17359,0.5791,0.4209,0.7267,200,
2026-06-05,US.COIN,58161,63325,121486,0.4787,0.5213,1.0888,200,
2026-06-05,US.CRCL,32157,46635,78792,0.4081,0.5919,1.4502,200,
2026-06-05,US.CRM,31656,18068,49724,0.6366,0.3634,0.5708,200,
2026-06-05,US.CRWD,7313,7511,14824,0.4933,0.5067,1.0271,200,
2026-06-05,US.CRWV,85371,66254,151625,0.563,0.437,0.7761,200,
2026-06-05,US.CVX,26462,5892,32354,0.8179,0.1821,0.2227,200,
2026-06-05,US.DDOG,7239,6727,13966,0.5183,0.4817,0.9293,200,
2026-06-05,US.DELL,15819,18777,34596,0.4572,0.5428,1.187,200,
2026-06-05,US.DJT,19516,4319,23835,0.8188,0.1812,0.2213,200,
2026-06-05,US.DUOL,2048,1103,3151,0.65,0.35,0.5386,200,
2026-06-05,US.EWT,13546,5441,18987,0.7134,0.2866,0.4017,200,
2026-06-05,US.FCX,98425,42008,140433,0.7009,0.2991,0.4268,200,
2026-06-05,US.FUTU,3225,6167,9392,0.3434,0.6566,1.9122,200,
2026-06-05,US.GDS,1089,65,1154,0.9437,0.0563,0.0597,200,
2026-06-05,US.GEMI,1469,1648,3117,0.4713,0.5287,1.1219,200,
2026-06-05,US.GEV,4420,6552,10972,0.4028,0.5972,1.4824,200,
2026-06-05,US.GFS,7226,3982,11208,0.6447,0.3553,0.5511,200,
2026-06-05,US.GOOGL,109953,47552,157505,0.6981,0.3019,0.4325,200,
2026-06-05,US.HOOD,193995,49490,243485,0.7967,0.2033,0.2551,200,
2026-06-05,US.HPE,81710,30068,111778,0.731,0.269,0.368,200,
2026-06-05,US.IBIT,189994,522800,712794,0.2665,0.7335,2.7517,200,
2026-06-05,US.IBM,35617,16841,52458,0.679,0.321,0.4728,200,
2026-06-05,US.IGV,80998,32500,113498,0.7137,0.2863,0.4012,200,
2026-06-05,US.INTC,216209,108836,325045,0.6652,0.3348,0.5034,200,
2026-06-05,US.INTU,6620,8231,14851,0.4458,0.5542,1.2434,200,
2026-06-05,US.IREN,155453,125890,281343,0.5525,0.4475,0.8098,200,
2026-06-05,US.IWM,244362,1092256,1336618,0.1828,0.8172,4.4698,200,
2026-06-05,US.JD,20919,2951,23870,0.8764,0.1236,0.1411,200,
2026-06-05,US.LI,9703,5499,15202,0.6383,0.3617,0.5667,200,
2026-06-05,US.LITE,11896,7790,19686,0.6043,0.3957,0.6548,200,
2026-06-05,US.MARA,223332,65479,288811,0.7733,0.2267,0.2932,200,
2026-06-05,US.MDB,8944,2704,11648,0.7679,0.2321,0.3023,200,
2026-06-05,US.META,140182,106824,247006,0.5675,0.4325,0.762,200,
2026-06-05,US.MP,13626,9014,22640,0.6019,0.3981,0.6615,200,
2026-06-05,US.MRNA,26824,6949,33773,0.7942,0.2058,0.2591,200,
2026-06-05,US.MRVL,176468,87410,263878,0.6687,0.3313,0.4953,200,
2026-06-05,US.MSFT,218081,78311,296392,0.7358,0.2642,0.3591,200,
2026-06-05,US.MSTR,160843,260636,421479,0.3816,0.6184,1.6204,200,
2026-06-05,US.NBIS,53217,51472,104689,0.5083,0.4917,0.9672,200,
2026-06-05,US.NET,10690,4921,15611,0.6848,0.3152,0.4603,200,
2026-06-05,US.NOK,528282,113329,641611,0.8234,0.1766,0.2145,200,
2026-06-05,US.NOW,59592,43992,103584,0.5753,0.4247,0.7382,200,
2026-06-05,US.NVDA,1156616,559599,1716215,0.6739,0.3261,0.4838,200,
2026-06-05,US.OKLO,52094,23795,75889,0.6864,0.3136,0.4568,200,
2026-06-05,US.OPEN,81362,22995,104357,0.7797,0.2203,0.2826,200,
2026-06-05,US.ORCL,100587,49135,149722,0.6718,0.3282,0.4885,200,
2026-06-05,US.PANW,11112,7378,18490,0.601,0.399,0.664,200,
2026-06-05,US.PDD,19357,33026,52383,0.3695,0.6305,1.7062,200,
2026-06-05,US.PLTR,179017,78522,257539,0.6951,0.3049,0.4386,200,
2026-06-05,US.QCOM,40263,37231,77494,0.5196,0.4804,0.9247,200,
2026-06-05,US.QQQ,978043,1125177,2103220,0.465,0.535,1.1504,200,
2026-06-05,US.RBRK,21024,2492,23516,0.894,0.106,0.1185,200,
2026-06-05,US.RDDT,29325,8953,38278,0.7661,0.2339,0.3053,200,
2026-06-05,US.RXRX,18498,3911,22409,0.8255,0.1745,0.2114,200,
2026-06-05,US.SAP,3170,1444,4614,0.687,0.313,0.4555,200,
2026-06-05,US.SBET,14405,14022,28427,0.5067,0.4933,0.9734,200,
2026-06-05,US.SCO,1891,4597,6488,0.2915,0.7085,2.431,200,
2026-06-05,US.SMCI,140692,47439,188131,0.7478,0.2522,0.3372,200,
2026-06-05,US.SNOW,28516,11916,40432,0.7053,0.2947,0.4179,200,
2026-06-05,US.SOFI,227135,69689,296824,0.7652,0.2348,0.3068,200,
2026-06-05,US.SOUN,52488,13643,66131,0.7937,0.2063,0.2599,200,
2026-06-05,US.SOXL,41297,43611,84908,0.4864,0.5136,1.056,200,
2026-06-05,US.SOXS,332093,47486,379579,0.8749,0.1251,0.143,200,
2026-06-05,US.SPY,1006527,2245511,3252038,0.3095,0.6905,2.2309,200,
2026-06-05,US.SQQQ,127896,11161,139057,0.9197,0.0803,0.0873,200,
2026-06-05,US.SVIX,5501,7145,12646,0.435,0.565,1.2989,200,
2026-06-05,US.TEAM,4414,2624,7038,0.6272,0.3728,0.5945,200,
2026-06-05,US.TIGR,2717,1014,3731,0.7282,0.2718,0.3732,200,
2026-06-05,US.TMF,17186,4707,21893,0.785,0.215,0.2739,200,
2026-06-05,US.TNA,9036,14058,23094,0.3913,0.6087,1.5558,200,
2026-06-05,US.TSLA,501207,306471,807678,0.6206,0.3794,0.6115,200,
2026-06-05,US.TSM,84635,46767,131402,0.6441,0.3559,0.5526,200,
2026-06-05,US.TWLO,6617,2730,9347,0.7079,0.2921,0.4126,200,
2026-06-05,US.UPST,7811,6213,14024,0.557,0.443,0.7954,200,
2026-06-05,US.UVXY,37961,8267,46228,0.8212,0.1788,0.2178,200,
2026-06-05,US.VEEV,3865,759,4624,0.8359,0.1641,0.1964,200,
2026-06-05,US.VST,11015,8348,19363,0.5689,0.4311,0.7579,200,
2026-06-05,US.WDAY,3194,3388,6582,0.4853,0.5147,1.0607,200,
2026-06-05,US.XOM,17017,11101,28118,0.6052,0.3948,0.6523,200,
2026-06-05,US.YINN,4426,4217,8643,0.5121,0.4879,0.9528,200,
2026-06-08,US.AAPL,1005072,687596,1692668,0.5938,0.4062,0.6841,200,
2026-06-08,US.ADSK,5201,1525,6726,0.7733,0.2267,0.2932,200,
2026-06-08,US.AEHR,3518,2364,5882,0.5981,0.4019,0.672,200,
2026-06-08,US.AMD,88869,61037,149906,0.5928,0.4072,0.6868,200,
2026-06-08,US.AMZN,277335,166180,443515,0.6253,0.3747,0.5992,200,
2026-06-08,US.APLD,39496,14493,53989,0.7316,0.2684,0.3669,200,
2026-06-08,US.ASML,13283,2046,15329,0.8665,0.1335,0.154,200,
2026-06-08,US.ASX,1539,263,1802,0.8541,0.1459,0.1709,200,
2026-06-08,US.AVGO,111897,64666,176563,0.6338,0.3662,0.5779,200,
2026-06-08,US.BABA,65324,33494,98818,0.6611,0.3389,0.5127,200,
2026-06-08,US.BBAI,64162,9503,73665,0.871,0.129,0.1481,200,
2026-06-08,US.BMNR,79463,23543,103006,0.7714,0.2286,0.2963,200,
2026-06-08,US.CBRS,41504,6727,48231,0.8605,0.1395,0.1621,200,
2026-06-08,US.COHR,7728,4305,12033,0.6422,0.3578,0.5571,200,
2026-06-08,US.COIN,84092,24255,108347,0.7761,0.2239,0.2884,200,
2026-06-08,US.CRCL,30635,16970,47605,0.6435,0.3565,0.5539,200,
2026-06-08,US.CRM,37235,18234,55469,0.6713,0.3287,0.4897,200,
2026-06-08,US.CRWD,9444,7102,16546,0.5708,0.4292,0.752,200,
2026-06-08,US.CRWV,107346,29640,136986,0.7836,0.2164,0.2761,200,
2026-06-08,US.CVX,18802,6308,25110,0.7488,0.2512,0.3355,200,
2026-06-08,US.DDOG,20807,5136,25943,0.802,0.198,0.2468,200,
2026-06-08,US.DELL,20850,14304,35154,0.5931,0.4069,0.686,200,
2026-06-08,US.DJT,9899,5160,15059,0.6573,0.3427,0.5213,200,
2026-06-08,US.DUOL,7744,2724,10468,0.7398,0.2602,0.3518,200,
2026-06-08,US.EWT,1920,703,2623,0.732,0.268,0.3661,200,
2026-06-08,US.FCX,21059,13920,34979,0.602,0.398,0.661,200,
2026-06-08,US.FUTU,2583,4507,7090,0.3643,0.6357,1.7449,200,
2026-06-08,US.GDS,11615,196,11811,0.9834,0.0166,0.0169,200,
2026-06-08,US.GEMI,3792,1785,5577,0.6799,0.3201,0.4707,200,
2026-06-08,US.GEV,3410,4135,7545,0.452,0.548,1.2126,200,
2026-06-08,US.GFS,3252,1769,5021,0.6477,0.3523,0.544,200,
2026-06-08,US.GOOGL,334537,101546,436083,0.7671,0.2329,0.3035,200,
2026-06-08,US.HOOD,149617,36063,185680,0.8058,0.1942,0.241,200,
2026-06-08,US.HPE,28205,5521,33726,0.8363,0.1637,0.1957,200,
2026-06-08,US.IBIT,256431,193564,449995,0.5699,0.4301,0.7548,200,
2026-06-08,US.IBM,23038,9978,33016,0.6978,0.3022,0.4331,200,
2026-06-08,US.IGV,32342,17324,49666,0.6512,0.3488,0.5357,200,
2026-06-08,US.INTC,384277,109135,493412,0.7788,0.2212,0.284,200,
2026-06-08,US.INTU,6566,3674,10240,0.6412,0.3588,0.5595,200,
2026-06-08,US.IREN,141962,58959,200921,0.7066,0.2934,0.4153,200,
2026-06-08,US.IWM,593801,941291,1535092,0.3868,0.6132,1.5852,200,
2026-06-08,US.JD,7027,6683,13710,0.5125,0.4875,0.951,200,
2026-06-08,US.LI,3084,1319,4403,0.7004,0.2996,0.4277,200,
2026-06-08,US.LITE,9584,3924,13508,0.7095,0.2905,0.4094,200,
2026-06-08,US.MARA,86237,59385,145622,0.5922,0.4078,0.6886,200,
2026-06-08,US.MDB,2917,1311,4228,0.6899,0.3101,0.4494,200,
2026-06-08,US.META,210775,114505,325280,0.648,0.352,0.5433,200,
2026-06-08,US.MP,11876,8815,20691,0.574,0.426,0.7423,200,
2026-06-08,US.MRNA,10533,5646,16179,0.651,0.349,0.536,200,
2026-06-08,US.MRVL,227392,37991,265383,0.8568,0.1432,0.1671,200,
2026-06-08,US.MSFT,386005,141860,527865,0.7313,0.2687,0.3675,200,
2026-06-08,US.MSTR,174117,89948,264065,0.6594,0.3406,0.5166,200,
2026-06-08,US.NBIS,39815,19406,59221,0.6723,0.3277,0.4874,200,
2026-06-08,US.NET,8299,2938,11237,0.7385,0.2615,0.354,200,
2026-06-08,US.NOK,386373,30055,416428,0.9278,0.0722,0.0778,200,
2026-06-08,US.NOW,52204,12819,65023,0.8029,0.1971,0.2456,200,
2026-06-08,US.NVDA,1496339,864801,2361140,0.6337,0.3663,0.5779,200,
2026-06-08,US.OKLO,27975,14693,42668,0.6556,0.3444,0.5252,200,
2026-06-08,US.OPEN,62951,12189,75140,0.8378,0.1622,0.1936,200,
2026-06-08,US.ORCL,76574,32282,108856,0.7034,0.2966,0.4216,200,
2026-06-08,US.PANW,9975,6159,16134,0.6183,0.3817,0.6174,200,
2026-06-08,US.PDD,23476,24328,47804,0.4911,0.5089,1.0363,200,
2026-06-08,US.PLTR,138871,55774,194645,0.7135,0.2865,0.4016,200,
2026-06-08,US.QCOM,31407,22678,54085,0.5807,0.4193,0.7221,200,
2026-06-08,US.QQQ,3398762,3135487,6534249,0.5201,0.4799,0.9225,200,
2026-06-08,US.RBRK,13042,1423,14465,0.9016,0.0984,0.1091,200,
2026-06-08,US.RDDT,25493,8399,33892,0.7522,0.2478,0.3295,200,
2026-06-08,US.RXRX,8620,1331,9951,0.8662,0.1338,0.1544,200,
2026-06-08,US.SAP,1334,1076,2410,0.5535,0.4465,0.8066,200,
2026-06-08,US.SBET,8898,4466,13364,0.6658,0.3342,0.5019,200,
2026-06-08,US.SCO,3612,3229,6841,0.528,0.472,0.894,200,
2026-06-08,US.SMCI,95574,20631,116205,0.8225,0.1775,0.2159,200,
2026-06-08,US.SNOW,20550,6149,26699,0.7697,0.2303,0.2992,200,
2026-06-08,US.SOFI,194409,46676,241085,0.8064,0.1936,0.2401,200,
2026-06-08,US.SOUN,90863,10060,100923,0.9003,0.0997,0.1107,200,
2026-06-08,US.SOXL,43976,34604,78580,0.5596,0.4404,0.7869,200,
2026-06-08,US.SOXS,220014,66699,286713,0.7674,0.2326,0.3032,200,
2026-06-08,US.SPY,5101998,5314161,10416159,0.4898,0.5102,1.0416,200,
2026-06-08,US.SQQQ,67629,17040,84669,0.7987,0.2013,0.252,200,
2026-06-08,US.SVIX,3133,1819,4952,0.6327,0.3673,0.5806,200,
2026-06-08,US.TEAM,3862,2172,6034,0.64,0.36,0.5624,200,
2026-06-08,US.TIGR,3722,1415,5137,0.7245,0.2755,0.3802,200,
2026-06-08,US.TMF,6019,3129,9148,0.658,0.342,0.5199,200,
2026-06-08,US.TNA,8343,7040,15383,0.5424,0.4576,0.8438,200,
2026-06-08,US.TSLA,1777784,1156519,2934303,0.6059,0.3941,0.6505,200,
2026-06-08,US.TSM,44109,18242,62351,0.7074,0.2926,0.4136,200,
2026-06-08,US.TWLO,6756,1339,8095,0.8346,0.1654,0.1982,200,
2026-06-08,US.UPST,9821,2412,12233,0.8028,0.1972,0.2456,200,
2026-06-08,US.UVXY,16474,4899,21373,0.7708,0.2292,0.2974,200,
2026-06-08,US.VEEV,2068,2039,4107,0.5035,0.4965,0.986,200,
2026-06-08,US.VST,12585,22653,35238,0.3571,0.6429,1.8,200,
2026-06-08,US.WDAY,2015,1964,3979,0.5064,0.4936,0.9747,200,
2026-06-08,US.XOM,41404,24877,66281,0.6247,0.3753,0.6008,200,
2026-06-08,US.YINN,3750,2717,6467,0.5799,0.4201,0.7245,200,
2026-06-09,US.AAPL,682954,518095,1201049,0.5686,0.4314,0.7586,200,
2026-06-09,US.ADSK,3304,1959,5263,0.6278,0.3722,0.5929,200,
2026-06-09,US.AEHR,2457,2604,5061,0.4855,0.5145,1.0598,200,
2026-06-09,US.AMD,115569,124075,239644,0.4823,0.5177,1.0736,200,
2026-06-09,US.AMZN,320431,202683,523114,0.6125,0.3875,0.6325,200,
2026-06-09,US.APLD,80661,17635,98296,0.8206,0.1794,0.2186,200,
2026-06-09,US.ASML,13843,9584,23427,0.5909,0.4091,0.6923,200,
2026-06-09,US.ASX,2585,1448,4033,0.641,0.359,0.5602,200,
2026-06-09,US.AVGO,90605,96896,187501,0.4832,0.5168,1.0694,200,
2026-06-09,US.BABA,47270,24946,72216,0.6546,0.3454,0.5277,200,
2026-06-09,US.BBAI,54226,16292,70518,0.769,0.231,0.3004,200,
2026-06-09,US.BMNR,59897,25557,85454,0.7009,0.2991,0.4267,200,
2026-06-09,US.CBRS,17130,6690,23820,0.7191,0.2809,0.3905,200,
2026-06-09,US.COHR,16725,10703,27428,0.6098,0.3902,0.6399,200,
2026-06-09,US.COIN,47608,38287,85895,0.5543,0.4457,0.8042,200,
2026-06-09,US.CRCL,45798,19939,65737,0.6967,0.3033,0.4354,200,
2026-06-09,US.CRM,39859,29008,68867,0.5788,0.4212,0.7278,200,
2026-06-09,US.CRWD,9699,20636,30335,0.3197,0.6803,2.1276,200,
2026-06-09,US.CRWV,83490,78886,162376,0.5142,0.4858,0.9449,200,
2026-06-09,US.CVX,16912,11011,27923,0.6057,0.3943,0.6511,200,
2026-06-09,US.DDOG,15308,3917,19225,0.7963,0.2037,0.2559,200,
2026-06-09,US.DELL,21939,18009,39948,0.5492,0.4508,0.8209,200,
2026-06-09,US.DJT,10148,1964,12112,0.8378,0.1622,0.1935,200,
2026-06-09,US.DUOL,8582,3300,11882,0.7223,0.2777,0.3845,200,
2026-06-09,US.EWT,8717,3306,12023,0.725,0.275,0.3793,200,
2026-06-09,US.FCX,16198,7620,23818,0.6801,0.3199,0.4704,200,
2026-06-09,US.FUTU,4561,5774,10335,0.4413,0.5587,1.266,200,
2026-06-09,US.GDS,5040,203,5243,0.9613,0.0387,0.0403,200,
2026-06-09,US.GEMI,567,1114,1681,0.3373,0.6627,1.9647,200,
2026-06-09,US.GEV,5505,9079,14584,0.3775,0.6225,1.6492,200,
2026-06-09,US.GFS,14005,1796,15801,0.8863,0.1137,0.1282,200,
2026-06-09,US.GOOGL,200648,83143,283791,0.707,0.293,0.4144,200,
2026-06-09,US.HOOD,221358,41725,263083,0.8414,0.1586,0.1885,200,
2026-06-09,US.HPE,38021,15907,53928,0.705,0.295,0.4184,200,
2026-06-09,US.IBIT,143491,311910,455401,0.3151,0.6849,2.1737,200,
2026-06-09,US.IBM,17540,15934,33474,0.524,0.476,0.9084,200,
2026-06-09,US.IGV,87216,117404,204620,0.4262,0.5738,1.3461,200,
2026-06-09,US.INTC,239659,220364,460023,0.521,0.479,0.9195,200,
2026-06-09,US.INTU,7126,6097,13223,0.5389,0.4611,0.8556,200,
2026-06-09,US.IREN,149520,103157,252677,0.5917,0.4083,0.6899,200,
2026-06-09,US.IWM,1111272,1847245,2958517,0.3756,0.6244,1.6623,200,
2026-06-09,US.JD,17200,4216,21416,0.8031,0.1969,0.2451,200,
2026-06-09,US.LI,3656,710,4366,0.8374,0.1626,0.1942,200,
2026-06-09,US.LITE,14241,10699,24940,0.571,0.429,0.7513,200,
2026-06-09,US.MARA,84917,53663,138580,0.6128,0.3872,0.6319,200,
2026-06-09,US.MDB,4113,4711,8824,0.4661,0.5339,1.1454,200,
2026-06-09,US.META,151204,94198,245402,0.6161,0.3839,0.623,200,
2026-06-09,US.MP,10966,10937,21903,0.5007,0.4993,0.9974,200,
2026-06-09,US.MRNA,24680,4178,28858,0.8552,0.1448,0.1693,200,
2026-06-09,US.MRVL,227138,102797,329935,0.6884,0.3116,0.4526,200,
2026-06-09,US.MSFT,307983,138254,446237,0.6902,0.3098,0.4489,200,
2026-06-09,US.MSTR,58080,147805,205885,0.2821,0.7179,2.5449,200,
2026-06-09,US.NBIS,81447,62021,143468,0.5677,0.4323,0.7615,200,
2026-06-09,US.NET,8474,13222,21696,0.3906,0.6094,1.5603,200,
2026-06-09,US.NOK,358165,78344,436509,0.8205,0.1795,0.2187,200,
2026-06-09,US.NOW,78545,57106,135651,0.579,0.421,0.727,200,
2026-06-09,US.NVDA,1475540,1023553,2499093,0.5904,0.4096,0.6937,200,
2026-06-09,US.OKLO,32831,15074,47905,0.6853,0.3147,0.4591,200,
2026-06-09,US.OPEN,86243,11353,97596,0.8837,0.1163,0.1316,200,
2026-06-09,US.ORCL,162298,57605,219903,0.738,0.262,0.3549,200,
2026-06-09,US.PANW,10575,20663,31238,0.3385,0.6615,1.9539,200,
2026-06-09,US.PDD,21227,11163,32390,0.6554,0.3446,0.5259,200,
2026-06-09,US.PLTR,186574,134106,320680,0.5818,0.4182,0.7188,200,
2026-06-09,US.QCOM,52052,43187,95239,0.5465,0.4535,0.8297,200,
2026-06-09,US.QQQ,4654403,5687210,10341613,0.4501,0.5499,1.2219,200,
2026-06-09,US.RBRK,5193,1520,6713,0.7736,0.2264,0.2927,200,
2026-06-09,US.RDDT,28102,8232,36334,0.7734,0.2266,0.2929,200,
2026-06-09,US.RXRX,16068,1044,17112,0.939,0.061,0.065,200,
2026-06-09,US.SAP,4194,2011,6205,0.6759,0.3241,0.4795,200,
2026-06-09,US.SBET,6086,1468,7554,0.8057,0.1943,0.2412,200,
2026-06-09,US.SCO,6350,5099,11449,0.5546,0.4454,0.803,200,
2026-06-09,US.SMCI,140249,32326,172575,0.8127,0.1873,0.2305,200,
2026-06-09,US.SNOW,13660,8249,21909,0.6235,0.3765,0.6039,149,
2026-06-09,US.SOFI,218922,64806,283728,0.7716,0.2284,0.296,200,
2026-06-09,US.SOUN,39438,10402,49840,0.7913,0.2087,0.2638,200,
2026-06-09,US.SOXL,59398,66713,126111,0.471,0.529,1.1232,200,
2026-06-09,US.SOXS,418739,77022,495761,0.8446,0.1554,0.1839,200,
2026-06-09,US.SPY,7249365,8896515,16145880,0.449,0.551,1.2272,200,
2026-06-09,US.SQQQ,161973,20105,182078,0.8896,0.1104,0.1241,200,
2026-06-09,US.SVIX,4620,6160,10780,0.4286,0.5714,1.3333,200,
2026-06-09,US.TEAM,4584,1572,6156,0.7446,0.2554,0.3429,200,
2026-06-09,US.TIGR,2378,1170,3548,0.6702,0.3298,0.492,200,
2026-06-09,US.TMF,2464,1791,4255,0.5791,0.4209,0.7269,200,
2026-06-09,US.TNA,11548,8614,20162,0.5728,0.4272,0.7459,200,
2026-06-09,US.TSLA,1064104,997891,2061995,0.5161,0.4839,0.9378,200,
2026-06-09,US.TSM,81427,73366,154793,0.526,0.474,0.901,200,
2026-06-09,US.TWLO,2440,1475,3915,0.6232,0.3768,0.6045,200,
2026-06-09,US.UPST,9355,4858,14213,0.6582,0.3418,0.5193,200,
2026-06-09,US.UVXY,53848,6870,60718,0.8869,0.1131,0.1276,200,
2026-06-09,US.VEEV,1609,498,2107,0.7636,0.2364,0.3095,200,
2026-06-09,US.VST,29541,6078,35619,0.8294,0.1706,0.2057,200,
2026-06-09,US.WDAY,5794,2991,8785,0.6595,0.3405,0.5162,200,
2026-06-09,US.XOM,39900,17675,57575,0.693,0.307,0.443,200,
2026-06-09,US.YINN,3879,1799,5678,0.6832,0.3168,0.4638,200,
2026-06-10,US.AAPL,806182,571953,1378135,0.585,0.415,0.7095,200,
2026-06-10,US.ADSK,1068,1913,2981,0.3583,0.6417,1.7912,200,
2026-06-10,US.AEHR,2946,1079,4025,0.7319,0.2681,0.3663,200,
2026-06-10,US.AMD,94224,89678,183902,0.5124,0.4876,0.9518,200,
2026-06-10,US.AMZN,315404,250281,565685,0.5576,0.4424,0.7935,200,
2026-06-10,US.APLD,44369,12931,57300,0.7743,0.2257,0.2914,200,
2026-06-10,US.ASML,19187,3599,22786,0.8421,0.1579,0.1876,200,
2026-06-10,US.ASX,984,503,1487,0.6617,0.3383,0.5112,200,
2026-06-10,US.AVGO,92325,95800,188125,0.4908,0.5092,1.0376,200,
2026-06-10,US.BABA,63163,31919,95082,0.6643,0.3357,0.5053,200,
2026-06-10,US.BBAI,43986,6766,50752,0.8667,0.1333,0.1538,200,
2026-06-10,US.BMNR,64668,24216,88884,0.7276,0.2724,0.3745,200,
2026-06-10,US.CBRS,17747,7199,24946,0.7114,0.2886,0.4056,200,
2026-06-10,US.COHR,5295,7051,12346,0.4289,0.5711,1.3316,200,
2026-06-10,US.COIN,61537,27214,88751,0.6934,0.3066,0.4422,200,
2026-06-10,US.CRCL,28650,12689,41339,0.6931,0.3069,0.4429,200,
2026-06-10,US.CRM,29972,16768,46740,0.6412,0.3588,0.5595,200,
2026-06-10,US.CRWD,6160,6467,12627,0.4878,0.5122,1.0498,200,
2026-06-10,US.CRWV,71352,34493,105845,0.6741,0.3259,0.4834,200,
2026-06-10,US.CVX,23783,11257,35040,0.6787,0.3213,0.4733,200,
2026-06-10,US.DDOG,7443,4474,11917,0.6246,0.3754,0.6011,200,
2026-06-10,US.DELL,19437,14799,34236,0.5677,0.4323,0.7614,200,
2026-06-10,US.DJT,14827,7935,22762,0.6514,0.3486,0.5352,200,
2026-06-10,US.DUOL,6432,3983,10415,0.6176,0.3824,0.6192,200,
2026-06-10,US.EWT,389,426,815,0.4773,0.5227,1.0951,200,
2026-06-10,US.FCX,17622,17272,34894,0.505,0.495,0.9801,200,
2026-06-10,US.FUTU,6921,3197,10118,0.684,0.316,0.4619,200,
2026-06-10,US.GDS,465,122,587,0.7922,0.2078,0.2624,200,
2026-06-10,US.GEMI,1040,1073,2113,0.4922,0.5078,1.0317,200,
2026-06-10,US.GEV,8591,12503,21094,0.4073,0.5927,1.4554,200,
2026-06-10,US.GFS,2938,2502,5440,0.5401,0.4599,0.8516,200,
2026-06-10,US.GOOGL,227964,100515,328479,0.694,0.306,0.4409,200,
2026-06-10,US.HOOD,359434,67194,426628,0.8425,0.1575,0.1869,200,
2026-06-10,US.HPE,28756,9407,38163,0.7535,0.2465,0.3271,200,
2026-06-10,US.IBIT,186537,183165,369702,0.5046,0.4954,0.9819,200,
2026-06-10,US.IBM,14256,5738,19994,0.713,0.287,0.4025,200,
2026-06-10,US.IGV,51393,84860,136253,0.3772,0.6228,1.6512,200,
2026-06-10,US.INTC,152100,116070,268170,0.5672,0.4328,0.7631,200,
2026-06-10,US.INTU,5570,5441,11011,0.5059,0.4941,0.9768,200,
2026-06-10,US.IREN,116297,132685,248982,0.4671,0.5329,1.1409,200,
2026-06-10,US.IWM,875228,1502044,2377272,0.3682,0.6318,1.7162,200,
2026-06-10,US.JD,21271,6206,27477,0.7741,0.2259,0.2918,200,
2026-06-10,US.LI,2659,2765,5424,0.4902,0.5098,1.0399,200,
2026-06-10,US.LITE,11323,4895,16218,0.6982,0.3018,0.4323,200,
2026-06-10,US.MARA,57055,22667,79722,0.7157,0.2843,0.3973,200,
2026-06-10,US.MDB,5816,3674,9490,0.6129,0.3871,0.6317,200,
2026-06-10,US.META,220447,181538,401985,0.5484,0.4516,0.8235,200,
2026-06-10,US.MP,6789,7757,14546,0.4667,0.5333,1.1426,200,
2026-06-10,US.MRNA,33752,7281,41033,0.8226,0.1774,0.2157,200,
2026-06-10,US.MRVL,116139,51404,167543,0.6932,0.3068,0.4426,200,
2026-06-10,US.MSFT,262689,136709,399398,0.6577,0.3423,0.5204,200,
2026-06-10,US.MSTR,91405,97310,188715,0.4844,0.5156,1.0646,200,
2026-06-10,US.NBIS,52324,36236,88560,0.5908,0.4092,0.6925,200,
2026-06-10,US.NET,5746,7617,13363,0.43,0.57,1.3256,200,
2026-06-10,US.NOK,149060,35965,185025,0.8056,0.1944,0.2413,200,
2026-06-10,US.NOW,55663,18234,73897,0.7533,0.2467,0.3276,200,
2026-06-10,US.NVDA,1326507,1090482,2416989,0.5488,0.4512,0.8221,200,
2026-06-10,US.OKLO,14921,10391,25312,0.5895,0.4105,0.6964,200,
2026-06-10,US.OPEN,119591,14602,134193,0.8912,0.1088,0.1221,200,
2026-06-10,US.ORCL,262794,134816,397610,0.6609,0.3391,0.513,200,
2026-06-10,US.PANW,11099,2871,13970,0.7945,0.2055,0.2587,200,
2026-06-10,US.PDD,15015,10418,25433,0.5904,0.4096,0.6938,200,
2026-06-10,US.PLTR,193388,74540,267928,0.7218,0.2782,0.3854,200,
2026-06-10,US.QCOM,37937,22414,60351,0.6286,0.3714,0.5908,200,
2026-06-10,US.QQQ,3193573,3646213,6839786,0.4669,0.5331,1.1417,200,
2026-06-10,US.RBRK,3958,628,4586,0.8631,0.1369,0.1587,200,
2026-06-10,US.RDDT,14696,5461,20157,0.7291,0.2709,0.3716,200,
2026-06-10,US.RXRX,26154,1681,27835,0.9396,0.0604,0.0643,200,
2026-06-10,US.SAP,6935,595,7530,0.921,0.079,0.0858,200,
2026-06-10,US.SBET,12758,6100,18858,0.6765,0.3235,0.4781,200,
2026-06-10,US.SCO,5354,1502,6856,0.7809,0.2191,0.2805,200,
2026-06-10,US.SMCI,283128,196143,479271,0.5907,0.4093,0.6928,200,
2026-06-10,US.SNOW,24252,9549,33801,0.7175,0.2825,0.3937,200,
2026-06-10,US.SOFI,160381,53172,213553,0.751,0.249,0.3315,200,
2026-06-10,US.SOUN,84031,62518,146549,0.5734,0.4266,0.744,200,
2026-06-10,US.SOXL,37670,39620,77290,0.4874,0.5126,1.0518,200,
2026-06-10,US.SOXS,248197,64623,312820,0.7934,0.2066,0.2604,200,
2026-06-10,US.SPY,5408822,7098480,12507302,0.4325,0.5675,1.3124,200,
2026-06-10,US.SQQQ,91430,25711,117141,0.7805,0.2195,0.2812,200,
2026-06-10,US.SVIX,2727,2961,5688,0.4794,0.5206,1.0858,200,
2026-06-10,US.TEAM,2991,853,3844,0.7781,0.2219,0.2852,200,
2026-06-10,US.TIGR,4079,1237,5316,0.7673,0.2327,0.3033,200,
2026-06-10,US.TMF,2701,1281,3982,0.6783,0.3217,0.4743,200,
2026-06-10,US.TNA,5601,7214,12815,0.4371,0.5629,1.288,200,
2026-06-10,US.TSLA,1143233,1463294,2606527,0.4386,0.5614,1.28,200,
2026-06-10,US.TSM,79319,57962,137281,0.5778,0.4222,0.7307,200,
2026-06-10,US.TWLO,1372,960,2332,0.5883,0.4117,0.6997,200,
2026-06-10,US.UPST,6626,4133,10759,0.6159,0.3841,0.6238,200,
2026-06-10,US.UVXY,34485,8217,42702,0.8076,0.1924,0.2383,200,
2026-06-10,US.VEEV,1111,474,1585,0.7009,0.2991,0.4266,200,
2026-06-10,US.VST,82913,19123,102036,0.8126,0.1874,0.2306,200,
2026-06-10,US.WDAY,3677,2271,5948,0.6182,0.3818,0.6176,200,
2026-06-10,US.XOM,29627,13180,42807,0.6921,0.3079,0.4449,200,
2026-06-10,US.YINN,2050,1241,3291,0.6229,0.3771,0.6054,200,
2026-06-11,US.AAPL,474344,303446,777790,0.6099,0.3901,0.6397,200,
2026-06-11,US.ADSK,1146,4888,6034,0.1899,0.8101,4.2653,200,
2026-06-11,US.AEHR,2074,849,2923,0.7095,0.2905,0.4094,200,
2026-06-11,US.AMD,153223,72429,225652,0.679,0.321,0.4727,200,
2026-06-11,US.AMZN,313567,162274,475841,0.659,0.341,0.5175,200,
2026-06-11,US.APLD,44300,17324,61624,0.7189,0.2811,0.3911,200,
2026-06-11,US.ASML,30023,4197,34220,0.8774,0.1226,0.1398,200,
2026-06-11,US.ASX,1123,475,1598,0.7028,0.2972,0.423,200,
2026-06-11,US.AVGO,101813,44688,146501,0.695,0.305,0.4389,200,
2026-06-11,US.BABA,82379,125788,208167,0.3957,0.6043,1.5269,200,
2026-06-11,US.BBAI,28840,8355,37195,0.7754,0.2246,0.2897,200,
2026-06-11,US.BMNR,58720,32321,91041,0.645,0.355,0.5504,200,
2026-06-11,US.CBRS,15649,4398,20047,0.7806,0.2194,0.281,200,
2026-06-11,US.COHR,5875,4848,10723,0.5479,0.4521,0.8252,200,
2026-06-11,US.COIN,79778,47270,127048,0.6279,0.3721,0.5925,200,
2026-06-11,US.CRCL,24282,18738,43020,0.5644,0.4356,0.7717,200,
2026-06-11,US.CRM,33274,85403,118677,0.2804,0.7196,2.5667,200,
2026-06-11,US.CRWD,16281,6612,22893,0.7112,0.2888,0.4061,200,
2026-06-11,US.CRWV,74274,54645,128919,0.5761,0.4239,0.7357,200,
2026-06-11,US.CVX,20223,11340,31563,0.6407,0.3593,0.5607,200,
2026-06-11,US.DDOG,9621,3507,13128,0.7329,0.2671,0.3645,200,
2026-06-11,US.DELL,14023,15213,29236,0.4796,0.5204,1.0849,200,
2026-06-11,US.DJT,7831,1753,9584,0.8171,0.1829,0.2239,200,
2026-06-11,US.DUOL,4711,2135,6846,0.6881,0.3119,0.4532,200,
2026-06-11,US.EWT,534,199,733,0.7285,0.2715,0.3727,200,
2026-06-11,US.FCX,23399,14518,37917,0.6171,0.3829,0.6205,200,
2026-06-11,US.FUTU,3146,2112,5258,0.5983,0.4017,0.6713,200,
2026-06-11,US.GDS,1529,46,1575,0.9708,0.0292,0.0301,200,
2026-06-11,US.GEMI,657,645,1302,0.5046,0.4954,0.9817,200,
2026-06-11,US.GEV,4672,5421,10093,0.4629,0.5371,1.1603,200,
2026-06-11,US.GFS,2504,2032,4536,0.552,0.448,0.8115,200,
2026-06-11,US.GOOGL,245026,143965,388991,0.6299,0.3701,0.5875,200,
2026-06-11,US.HOOD,340278,51619,391897,0.8683,0.1317,0.1517,200,
2026-06-11,US.HPE,32300,6449,38749,0.8336,0.1664,0.1997,200,
2026-06-11,US.IBIT,147653,280787,428440,0.3446,0.6554,1.9017,200,
2026-06-11,US.IBM,19692,11342,31034,0.6345,0.3655,0.576,200,
2026-06-11,US.IGV,27425,35550,62975,0.4355,0.5645,1.2963,200,
2026-06-11,US.INTC,450662,211034,661696,0.6811,0.3189,0.4683,200,
2026-06-11,US.INTU,9226,15662,24888,0.3707,0.6293,1.6976,200,
2026-06-11,US.IREN,99480,90004,189484,0.525,0.475,0.9047,200,
2026-06-11,US.IWM,910310,1319269,2229579,0.4083,0.5917,1.4493,200,
2026-06-11,US.JD,29653,10502,40155,0.7385,0.2615,0.3542,200,
2026-06-11,US.LI,2865,3050,5915,0.4844,0.5156,1.0646,200,
2026-06-11,US.LITE,5897,5679,11576,0.5094,0.4906,0.963,200,
2026-06-11,US.MARA,134711,44037,178748,0.7536,0.2464,0.3269,200,
2026-06-11,US.MDB,3570,9280,12850,0.2778,0.7222,2.5994,200,
2026-06-11,US.META,135573,115593,251166,0.5398,0.4602,0.8526,200,
2026-06-11,US.MP,7938,7455,15393,0.5157,0.4843,0.9392,200,
2026-06-11,US.MRNA,19274,15289,34563,0.5576,0.4424,0.7932,200,
2026-06-11,US.MRVL,152238,78059,230297,0.6611,0.3389,0.5127,200,
2026-06-11,US.MSFT,254394,223996,478390,0.5318,0.4682,0.8805,200,
2026-06-11,US.MSTR,138997,98019,237016,0.5864,0.4136,0.7052,200,
2026-06-11,US.NBIS,40481,44898,85379,0.4741,0.5259,1.1091,200,
2026-06-11,US.NET,4834,2356,7190,0.6723,0.3277,0.4874,200,
2026-06-11,US.NOK,220253,43467,263720,0.8352,0.1648,0.1974,200,
2026-06-11,US.NOW,53362,37711,91073,0.5859,0.4141,0.7067,200,
2026-06-11,US.NVDA,1196062,665357,1861419,0.6426,0.3574,0.5563,200,
2026-06-11,US.OKLO,31379,11657,43036,0.7291,0.2709,0.3715,200,
2026-06-11,US.OPEN,75697,5227,80924,0.9354,0.0646,0.0691,200,
2026-06-11,US.ORCL,271841,250425,522266,0.5205,0.4795,0.9212,200,
2026-06-11,US.PANW,14982,11859,26841,0.5582,0.4418,0.7915,200,
2026-06-11,US.PDD,36170,49233,85403,0.4235,0.5765,1.3612,200,
2026-06-11,US.PLTR,139128,120773,259901,0.5353,0.4647,0.8681,200,
2026-06-11,US.QCOM,31127,12751,43878,0.7094,0.2906,0.4096,200,
2026-06-11,US.QQQ,3805052,3627809,7432861,0.5119,0.4881,0.9534,200,
2026-06-11,US.RBRK,3245,1059,4304,0.7539,0.2461,0.3263,200,
2026-06-11,US.RDDT,25621,5622,31243,0.8201,0.1799,0.2194,200,
2026-06-11,US.RXRX,28802,4510,33312,0.8646,0.1354,0.1566,200,
2026-06-11,US.SAP,3810,1994,5804,0.6564,0.3436,0.5234,200,
2026-06-11,US.SBET,20984,4392,25376,0.8269,0.1731,0.2093,200,
2026-06-11,US.SCO,4781,1633,6414,0.7454,0.2546,0.3416,200,
2026-06-11,US.SMCI,342454,117067,459521,0.7452,0.2548,0.3418,200,
2026-06-11,US.SNOW,16705,7586,24291,0.6877,0.3123,0.4541,200,
2026-06-11,US.SOFI,197812,64433,262245,0.7543,0.2457,0.3257,200,
2026-06-11,US.SOUN,62447,39670,102117,0.6115,0.3885,0.6353,200,
2026-06-11,US.SOXL,58073,43040,101113,0.5743,0.4257,0.7411,200,
2026-06-11,US.SOXS,376986,92357,469343,0.8032,0.1968,0.245,200,
2026-06-11,US.SPY,5947950,6928355,12876305,0.4619,0.5381,1.1648,200,
2026-06-11,US.SQQQ,83913,22812,106725,0.7863,0.2137,0.2719,200,
2026-06-11,US.SVIX,2369,1784,4153,0.5704,0.4296,0.7531,200,
2026-06-11,US.TEAM,2823,2437,5260,0.5367,0.4633,0.8633,200,
2026-06-11,US.TIGR,1981,1226,3207,0.6177,0.3823,0.6189,200,
2026-06-11,US.TMF,14039,4493,18532,0.7576,0.2424,0.32,200,
2026-06-11,US.TNA,6861,8370,15231,0.4505,0.5495,1.2199,200,
2026-06-11,US.TSLA,771901,588522,1360423,0.5674,0.4326,0.7624,200,
2026-06-11,US.TSM,35667,56319,91986,0.3877,0.6123,1.579,200,
2026-06-11,US.TWLO,3984,954,4938,0.8068,0.1932,0.2395,200,
2026-06-11,US.UPST,12085,2798,14883,0.812,0.188,0.2315,200,
2026-06-11,US.UVXY,19697,16464,36161,0.5447,0.4553,0.8359,200,
2026-06-11,US.VEEV,933,278,1211,0.7704,0.2296,0.298,200,
2026-06-11,US.VST,16709,9474,26183,0.6382,0.3618,0.567,200,
2026-06-11,US.WDAY,4708,4571,9279,0.5074,0.4926,0.9709,200,
2026-06-11,US.XOM,35098,19860,54958,0.6386,0.3614,0.5658,200,
2026-06-11,US.YINN,3709,2610,6319,0.587,0.413,0.7037,200,
2026-06-12,US.AAPL,238617,106021,344638,0.6924,0.3076,0.4443,200,
2026-06-12,US.ADSK,1764,6149,7913,0.2229,0.7771,3.4858,200,
2026-06-12,US.AEHR,3819,1311,5130,0.7444,0.2556,0.3433,200,
2026-06-12,US.AMD,105554,37697,143251,0.7368,0.2632,0.3571,200,
2026-06-12,US.AMZN,329380,105401,434781,0.7576,0.2424,0.32,200,
2026-06-12,US.APLD,55576,20208,75784,0.7333,0.2667,0.3636,200,
2026-06-12,US.ASML,7779,2961,10740,0.7243,0.2757,0.3806,200,
2026-06-12,US.ASX,4192,628,4820,0.8697,0.1303,0.1498,200,
2026-06-12,US.AVGO,41454,29070,70524,0.5878,0.4122,0.7013,200,
2026-06-12,US.BABA,59099,44324,103423,0.5714,0.4286,0.75,200,
2026-06-12,US.BBAI,25122,5421,30543,0.8225,0.1775,0.2158,200,
2026-06-12,US.BMNR,48344,22185,70529,0.6854,0.3146,0.4589,200,
2026-06-12,US.CBRS,7140,4929,12069,0.5916,0.4084,0.6903,200,
2026-06-12,US.COHR,8110,5449,13559,0.5981,0.4019,0.6719,200,
2026-06-12,US.COIN,47414,32197,79611,0.5956,0.4044,0.6791,200,
2026-06-12,US.CRCL,17073,14079,31152,0.5481,0.4519,0.8246,200,
2026-06-12,US.CRM,22258,37508,59766,0.3724,0.6276,1.6851,200,
2026-06-12,US.CRWD,3926,3959,7885,0.4979,0.5021,1.0084,200,
2026-06-12,US.CRWV,142971,36931,179902,0.7947,0.2053,0.2583,200,
2026-06-12,US.CVX,14887,6947,21834,0.6818,0.3182,0.4666,200,
2026-06-12,US.DDOG,4326,4808,9134,0.4736,0.5264,1.1114,200,
2026-06-12,US.DELL,20374,9736,30110,0.6767,0.3233,0.4779,200,
2026-06-12,US.DJT,7406,2436,9842,0.7525,0.2475,0.3289,200,
2026-06-12,US.DRAM,67332,35159,102491,0.657,0.343,0.5222,200,
2026-06-12,US.DUOL,2164,1758,3922,0.5518,0.4482,0.8124,200,
2026-06-12,US.EWT,212,150,362,0.5856,0.4144,0.7075,200,
2026-06-12,US.FCX,26099,17230,43329,0.6023,0.3977,0.6602,200,
2026-06-12,US.FUTU,2707,2421,5128,0.5279,0.4721,0.8943,200,
2026-06-12,US.GDS,345,180,525,0.6571,0.3429,0.5217,200,
2026-06-12,US.GEMI,1579,645,2224,0.71,0.29,0.4085,200,
2026-06-12,US.GEV,3831,3964,7795,0.4915,0.5085,1.0347,200,
2026-06-12,US.GFS,4778,3202,7980,0.5987,0.4013,0.6702,200,
2026-06-12,US.GOOGL,110462,30594,141056,0.7831,0.2169,0.277,200,
2026-06-12,US.HOOD,214710,31811,246521,0.871,0.129,0.1482,200,
2026-06-12,US.HPE,31740,10627,42367,0.7492,0.2508,0.3348,200,
2026-06-12,US.IBIT,146504,201185,347689,0.4214,0.5786,1.3732,200,
2026-06-12,US.IBM,14518,6094,20612,0.7043,0.2957,0.4198,200,
2026-06-12,US.IGV,31271,63649,94920,0.3294,0.6706,2.0354,200,
2026-06-12,US.INTC,394504,56950,451454,0.8739,0.1261,0.1444,200,
2026-06-12,US.INTU,4239,8459,12698,0.3338,0.6662,1.9955,200,
2026-06-12,US.IREN,85359,72750,158109,0.5399,0.4601,0.8523,200,
2026-06-12,US.IWM,748183,468971,1217154,0.6147,0.3853,0.6268,200,
2026-06-12,US.JD,16566,4705,21271,0.7788,0.2212,0.284,200,
2026-06-12,US.LI,11239,3670,14909,0.7538,0.2462,0.3265,200,
2026-06-12,US.LITE,10338,6942,17280,0.5983,0.4017,0.6715,200,
2026-06-12,US.MARA,222522,57189,279711,0.7955,0.2045,0.257,200,
2026-06-12,US.MDB,2737,2780,5517,0.4961,0.5039,1.0157,200,
2026-06-12,US.META,105786,31513,137299,0.7705,0.2295,0.2979,200,
2026-06-12,US.MP,7396,8166,15562,0.4753,0.5247,1.1041,200,
2026-06-12,US.MRNA,27553,7352,34905,0.7894,0.2106,0.2668,200,
2026-06-12,US.MRVL,127602,69402,197004,0.6477,0.3523,0.5439,200,
2026-06-12,US.MSFT,211421,63576,274997,0.7688,0.2312,0.3007,200,
2026-06-12,US.MSTR,257397,70472,327869,0.7851,0.2149,0.2738,200,
2026-06-12,US.NBIS,59650,26865,86515,0.6895,0.3105,0.4504,200,
2026-06-12,US.NET,7491,3017,10508,0.7129,0.2871,0.4027,200,
2026-06-12,US.NOK,235660,113173,348833,0.6756,0.3244,0.4802,200,
2026-06-12,US.NOW,56650,49466,106116,0.5338,0.4662,0.8732,200,
2026-06-12,US.NVDA,565671,241452,807123,0.7008,0.2992,0.4268,200,
2026-06-12,US.OKLO,14863,19608,34471,0.4312,0.5688,1.3192,200,
2026-06-12,US.OPEN,44150,14711,58861,0.7501,0.2499,0.3332,200,
2026-06-12,US.ORCL,65839,49039,114878,0.5731,0.4269,0.7448,200,
2026-06-12,US.PANW,12277,9439,21716,0.5653,0.4347,0.7688,200,
2026-06-12,US.PDD,15205,25134,40339,0.3769,0.6231,1.653,200,
2026-06-12,US.PLTR,107085,53592,160677,0.6665,0.3335,0.5005,200,
2026-06-12,US.QCOM,55768,11533,67301,0.8286,0.1714,0.2068,200,
2026-06-12,US.QQQ,602467,502970,1105437,0.545,0.455,0.8349,200,
2026-06-12,US.RBRK,2225,1225,3450,0.6449,0.3551,0.5506,200,
2026-06-12,US.RDDT,25861,12920,38781,0.6668,0.3332,0.4996,200,
2026-06-12,US.RXRX,17519,667,18186,0.9633,0.0367,0.0381,200,
2026-06-12,US.SAP,5035,2501,7536,0.6681,0.3319,0.4967,200,
2026-06-12,US.SBET,8630,3777,12407,0.6956,0.3044,0.4377,200,
2026-06-12,US.SCO,6429,3398,9827,0.6542,0.3458,0.5285,200,
2026-06-12,US.SMCI,171390,40230,211620,0.8099,0.1901,0.2347,200,
2026-06-12,US.SNOW,19358,10342,29700,0.6518,0.3482,0.5342,200,
2026-06-12,US.SOFI,136534,46575,183109,0.7456,0.2544,0.3411,200,
2026-06-12,US.SOUN,28753,8684,37437,0.768,0.232,0.302,200,
2026-06-12,US.SOXL,28374,21689,50063,0.5668,0.4332,0.7644,200,
2026-06-12,US.SOXS,163711,37280,200991,0.8145,0.1855,0.2277,200,
2026-06-12,US.SPY,871021,1404936,2275957,0.3827,0.6173,1.613,200,
2026-06-12,US.SQQQ,43456,13615,57071,0.7614,0.2386,0.3133,200,
2026-06-12,US.SVIX,3788,6675,10463,0.362,0.638,1.7621,200,
2026-06-12,US.TEAM,2709,1914,4623,0.586,0.414,0.7065,200,
2026-06-12,US.TIGR,762,416,1178,0.6469,0.3531,0.5459,200,
2026-06-12,US.TMF,4543,3130,7673,0.5921,0.4079,0.689,200,
2026-06-12,US.TNA,7607,7512,15119,0.5031,0.4969,0.9875,200,
2026-06-12,US.TSLA,597299,253136,850435,0.7023,0.2977,0.4238,200,
2026-06-12,US.TSM,32886,26402,59288,0.5547,0.4453,0.8028,200,
2026-06-12,US.TWLO,2349,1218,3567,0.6585,0.3415,0.5185,200,
2026-06-12,US.UPST,9670,3944,13614,0.7103,0.2897,0.4079,200,
2026-06-12,US.UVXY,27074,6859,33933,0.7979,0.2021,0.2533,200,
2026-06-12,US.VEEV,896,1153,2049,0.4373,0.5627,1.2868,200,
2026-06-12,US.VST,18106,6151,24257,0.7464,0.2536,0.3397,200,
2026-06-12,US.WDAY,3383,4719,8102,0.4176,0.5824,1.3949,200,
2026-06-12,US.XOM,14859,12274,27133,0.5476,0.4524,0.826,200,
2026-06-12,US.YINN,3142,3815,6957,0.4516,0.5484,1.2142,200,
2026-06-15,US.AAPL,311170,75141,386311,0.8055,0.1945,0.2415,200,
2026-06-15,US.ADSK,3373,6150,9523,0.3542,0.6458,1.8233,200,
2026-06-15,US.AEHR,3424,1388,4812,0.7116,0.2884,0.4054,200,
2026-06-15,US.AMD,155444,48335,203779,0.7628,0.2372,0.3109,200,
2026-06-15,US.AMZN,231827,72654,304481,0.7614,0.2386,0.3134,200,
2026-06-15,US.APLD,99604,16791,116395,0.8557,0.1443,0.1686,200,
2026-06-15,US.ASML,7752,2098,9850,0.787,0.213,0.2706,200,
2026-06-15,US.ASX,3502,1096,4598,0.7616,0.2384,0.313,200,
2026-06-15,US.AVGO,63373,27221,90594,0.6995,0.3005,0.4295,200,
2026-06-15,US.BABA,79368,80182,159550,0.4974,0.5026,1.0103,200,
2026-06-15,US.BBAI,41377,9032,50409,0.8208,0.1792,0.2183,200,
2026-06-15,US.BMNR,138603,25558,164161,0.8443,0.1557,0.1844,200,
2026-06-15,US.CBRS,17393,3733,21126,0.8233,0.1767,0.2146,200,
2026-06-15,US.COHR,11470,13424,24894,0.4608,0.5392,1.1704,200,
2026-06-15,US.COIN,75386,22956,98342,0.7666,0.2334,0.3045,200,
2026-06-15,US.CRCL,72875,21393,94268,0.7731,0.2269,0.2936,200,
2026-06-15,US.CRM,45810,48920,94730,0.4836,0.5164,1.0679,200,
2026-06-15,US.CRWD,10436,4597,15033,0.6942,0.3058,0.4405,200,
2026-06-15,US.CRWV,104089,28755,132844,0.7835,0.2165,0.2763,200,
2026-06-15,US.CVX,25617,17084,42701,0.5999,0.4001,0.6669,200,
2026-06-15,US.DDOG,15231,3831,19062,0.799,0.201,0.2515,200,
2026-06-15,US.DELL,21810,8816,30626,0.7121,0.2879,0.4042,200,
2026-06-15,US.DJT,20021,2472,22493,0.8901,0.1099,0.1235,200,
2026-06-15,US.DRAM,139808,41347,181155,0.7718,0.2282,0.2957,200,
2026-06-15,US.DUOL,3880,1402,5282,0.7346,0.2654,0.3613,200,
2026-06-15,US.EUV,1293,296,1589,0.8137,0.1863,0.2289,128,
2026-06-15,US.EWT,1742,708,2450,0.711,0.289,0.4064,200,
2026-06-15,US.FCX,71505,11493,82998,0.8615,0.1385,0.1607,200,
2026-06-15,US.FOTO,229,78,307,0.7459,0.2541,0.3406,128,
2026-06-15,US.FUTU,3141,4810,7951,0.395,0.605,1.5314,200,
2026-06-15,US.GDS,336,108,444,0.7568,0.2432,0.3214,200,
2026-06-15,US.GEMI,6550,649,7199,0.9098,0.0902,0.0991,200,
2026-06-15,US.GEV,9078,2327,11405,0.796,0.204,0.2563,200,
2026-06-15,US.GFS,7812,2278,10090,0.7742,0.2258,0.2916,200,
2026-06-15,US.GOOGL,128912,42922,171834,0.7502,0.2498,0.333,200,
2026-06-15,US.HOOD,297585,57154,354739,0.8389,0.1611,0.1921,200,
2026-06-15,US.HPE,243302,4895,248197,0.9803,0.0197,0.0201,200,
2026-06-15,US.IBIT,319350,188089,507439,0.6293,0.3707,0.589,200,
2026-06-15,US.IBM,28577,10667,39244,0.7282,0.2718,0.3733,200,
2026-06-15,US.IGV,76576,34186,110762,0.6914,0.3086,0.4464,200,
2026-06-15,US.INTC,373430,137440,510870,0.731,0.269,0.368,200,
2026-06-15,US.INTU,5669,6878,12547,0.4518,0.5482,1.2133,200,
2026-06-15,US.IREN,133692,142560,276252,0.4839,0.5161,1.0663,200,
2026-06-15,US.IWM,273223,650753,923976,0.2957,0.7043,2.3818,200,
2026-06-15,US.JD,22737,3922,26659,0.8529,0.1471,0.1725,200,
2026-06-15,US.LI,2736,850,3586,0.763,0.237,0.3107,200,
2026-06-15,US.LITE,11168,5614,16782,0.6655,0.3345,0.5027,200,
2026-06-15,US.MARA,89357,27290,116647,0.766,0.234,0.3054,200,
2026-06-15,US.MDB,4971,5092,10063,0.494,0.506,1.0243,200,
2026-06-15,US.META,142952,30685,173637,0.8233,0.1767,0.2147,200,
2026-06-15,US.MP,13354,7756,21110,0.6326,0.3674,0.5808,200,
2026-06-15,US.MRNA,13014,5283,18297,0.7113,0.2887,0.4059,200,
2026-06-15,US.MRVL,215008,47034,262042,0.8205,0.1795,0.2188,200,
2026-06-15,US.MSFT,269321,67660,336981,0.7992,0.2008,0.2512,200,
2026-06-15,US.MSTR,178437,72155,250592,0.7121,0.2879,0.4044,200,
2026-06-15,US.NBIS,68360,48564,116924,0.5847,0.4153,0.7104,200,
2026-06-15,US.NET,10618,6057,16675,0.6368,0.3632,0.5704,200,
2026-06-15,US.NOK,260495,46156,306651,0.8495,0.1505,0.1772,200,
2026-06-15,US.NOW,141224,26273,167497,0.8431,0.1569,0.186,200,
2026-06-15,US.NVDA,796665,240700,1037365,0.768,0.232,0.3021,200,
2026-06-15,US.OKLO,31659,9655,41314,0.7663,0.2337,0.305,200,
2026-06-15,US.OPEN,85142,9470,94612,0.8999,0.1001,0.1112,200,
2026-06-15,US.ORCL,153464,40097,193561,0.7928,0.2072,0.2613,200,
2026-06-15,US.PANW,13972,7559,21531,0.6489,0.3511,0.541,200,
2026-06-15,US.PDD,23620,50165,73785,0.3201,0.6799,2.1238,200,
2026-06-15,US.PLTR,236982,75738,312720,0.7578,0.2422,0.3196,200,
2026-06-15,US.QCOM,55363,14016,69379,0.798,0.202,0.2532,200,
2026-06-15,US.QQQ,687783,630063,1317846,0.5219,0.4781,0.9161,200,
2026-06-15,US.RBRK,3155,1720,4875,0.6472,0.3528,0.5452,200,
2026-06-15,US.RDDT,35186,7901,43087,0.8166,0.1834,0.2245,200,
2026-06-15,US.RXRX,25298,2439,27737,0.9121,0.0879,0.0964,200,
2026-06-15,US.SAP,1411,902,2313,0.61,0.39,0.6393,200,
2026-06-15,US.SBET,22363,16871,39234,0.57,0.43,0.7544,200,
2026-06-15,US.SCO,9034,1978,11012,0.8204,0.1796,0.219,200,
2026-06-15,US.SMCI,115334,34689,150023,0.7688,0.2312,0.3008,200,
2026-06-15,US.SNOW,23700,9458,33158,0.7148,0.2852,0.3991,200,
2026-06-15,US.SOFI,212920,60871,273791,0.7777,0.2223,0.2859,200,
2026-06-15,US.SOUN,85984,13759,99743,0.8621,0.1379,0.16,200,
2026-06-15,US.SOXL,37532,27511,65043,0.577,0.423,0.733,200,
2026-06-15,US.SOXS,238846,50806,289652,0.8246,0.1754,0.2127,200,
2026-06-15,US.SPY,1208990,1302356,2511346,0.4814,0.5186,1.0772,200,
2026-06-15,US.SQQQ,61724,18472,80196,0.7697,0.2303,0.2993,200,
2026-06-15,US.SVIX,7082,9586,16668,0.4249,0.5751,1.3536,200,
2026-06-15,US.TEAM,8608,1663,10271,0.8381,0.1619,0.1932,200,
2026-06-15,US.TIGR,5733,1457,7190,0.7974,0.2026,0.2541,200,
2026-06-15,US.TMF,8627,3059,11686,0.7382,0.2618,0.3546,200,
2026-06-15,US.TNA,6038,13402,19440,0.3106,0.6894,2.2196,200,
2026-06-15,US.TSLA,476167,230896,707063,0.6734,0.3266,0.4849,200,
2026-06-15,US.TSM,45297,25713,71010,0.6379,0.3621,0.5677,200,
2026-06-15,US.TWLO,1999,1411,3410,0.5862,0.4138,0.7059,200,
2026-06-15,US.UPST,22496,5932,28428,0.7913,0.2087,0.2637,200,
2026-06-15,US.UVXY,33104,9355,42459,0.7797,0.2203,0.2826,200,
2026-06-15,US.VEEV,4799,1039,5838,0.822,0.178,0.2165,200,
2026-06-15,US.VST,33485,6503,39988,0.8374,0.1626,0.1942,200,
2026-06-15,US.WDAY,2491,6300,8791,0.2834,0.7166,2.5291,200,
2026-06-15,US.XOM,31203,31099,62302,0.5008,0.4992,0.9967,200,
2026-06-15,US.YINN,4440,2220,6660,0.6667,0.3333,0.5,200,
2026-06-17,US.AAPL,695530,424199,1119729,0.6212,0.3788,0.6099,200,
2026-06-17,US.ADSK,1958,11307,13265,0.1476,0.8524,5.7748,200,
2026-06-17,US.AEHR,3798,1756,5554,0.6838,0.3162,0.4623,200,
2026-06-17,US.AMD,140362,79052,219414,0.6397,0.3603,0.5632,200,
2026-06-17,US.AMKR,13258,5391,18649,0.7109,0.2891,0.4066,200,
2026-06-17,US.AMZN,381418,286364,667782,0.5712,0.4288,0.7508,200,
2026-06-17,US.APLD,88288,16073,104361,0.846,0.154,0.1821,200,
2026-06-17,US.ASML,7189,6591,13780,0.5217,0.4783,0.9168,200,
2026-06-17,US.ASX,2941,497,3438,0.8554,0.1446,0.169,200,
2026-06-17,US.AVGO,244818,75045,319863,0.7654,0.2346,0.3065,200,
2026-06-17,US.BABA,46402,229287,275689,0.1683,0.8317,4.9413,200,
2026-06-17,US.BBAI,28584,6464,35048,0.8156,0.1844,0.2261,200,
2026-06-17,US.BMNR,65949,31803,97752,0.6747,0.3253,0.4822,200,
2026-06-17,US.CBRS,11899,5778,17677,0.6731,0.3269,0.4856,200,
2026-06-17,US.COHR,4552,4539,9091,0.5007,0.4993,0.9971,200,
2026-06-17,US.COIN,86662,74977,161639,0.5361,0.4639,0.8652,200,
2026-06-17,US.CRCL,38536,37485,76021,0.5069,0.4931,0.9727,200,
2026-06-17,US.CRM,49507,138806,188313,0.2629,0.7371,2.8038,200,
2026-06-17,US.CRWD,6769,4215,10984,0.6163,0.3837,0.6227,200,
2026-06-17,US.CRWV,137110,47017,184127,0.7446,0.2554,0.3429,200,
2026-06-17,US.CVX,46725,22165,68890,0.6783,0.3217,0.4744,200,
2026-06-17,US.DDOG,6433,1755,8188,0.7857,0.2143,0.2728,200,
2026-06-17,US.DELL,27853,8916,36769,0.7575,0.2425,0.3201,200,
2026-06-17,US.DJT,7363,3560,10923,0.6741,0.3259,0.4835,200,
2026-06-17,US.DRAM,108550,70630,179180,0.6058,0.3942,0.6507,200,
2026-06-17,US.DUOL,3042,1341,4383,0.694,0.306,0.4408,200,
2026-06-17,US.EUV,694,84,778,0.892,0.108,0.121,128,
2026-06-17,US.EWT,4797,309,5106,0.9395,0.0605,0.0644,200,
2026-06-17,US.FCX,41550,10650,52200,0.796,0.204,0.2563,200,
2026-06-17,US.FOTO,169,58,227,0.7445,0.2555,0.3432,128,
2026-06-17,US.FUTU,3496,15436,18932,0.1847,0.8153,4.4153,200,
2026-06-17,US.GDS,449,7024,7473,0.0601,0.9399,15.6437,200,
2026-06-17,US.GEMI,1048,777,1825,0.5742,0.4258,0.7414,200,
2026-06-17,US.GEV,10474,3242,13716,0.7636,0.2364,0.3095,200,
2026-06-17,US.GFS,2175,2116,4291,0.5069,0.4931,0.9729,200,
2026-06-17,US.GOOGL,186501,92080,278581,0.6695,0.3305,0.4937,200,
2026-06-17,US.HOOD,611848,208316,820164,0.746,0.254,0.3405,200,
2026-06-17,US.HPE,67039,6348,73387,0.9135,0.0865,0.0947,200,
2026-06-17,US.IBIT,167569,429184,596753,0.2808,0.7192,2.5612,200,
2026-06-17,US.IBM,21760,26274,48034,0.453,0.547,1.2074,200,
2026-06-17,US.IGV,42227,25737,67964,0.6213,0.3787,0.6095,200,
2026-06-17,US.INTC,254713,108409,363122,0.7015,0.2985,0.4256,200,
2026-06-17,US.INTU,3651,28037,31688,0.1152,0.8848,7.6793,200,
2026-06-17,US.IREN,85638,113159,198797,0.4308,0.5692,1.3214,200,
2026-06-17,US.IWM,636598,1457136,2093734,0.304,0.696,2.2889,200,
2026-06-17,US.JD,21673,28983,50656,0.4278,0.5722,1.3373,200,
2026-06-17,US.LI,2314,23726,26040,0.0889,0.9111,10.2532,200,
2026-06-17,US.LITE,6914,7494,14408,0.4799,0.5201,1.0839,200,
2026-06-17,US.MARA,62218,47673,109891,0.5662,0.4338,0.7662,200,
2026-06-17,US.MDB,3263,2696,5959,0.5476,0.4524,0.8262,200,
2026-06-17,US.META,313540,256427,569967,0.5501,0.4499,0.8178,200,
2026-06-17,US.MP,16303,6879,23182,0.7033,0.2967,0.4219,200,
2026-06-17,US.MRNA,63369,11517,74886,0.8462,0.1538,0.1817,200,
2026-06-17,US.MRVL,127960,81327,209287,0.6114,0.3886,0.6356,200,
2026-06-17,US.MSFT,305195,378968,684163,0.4461,0.5539,1.2417,200,
2026-06-17,US.MSTR,136190,177734,313924,0.4338,0.5662,1.305,200,
2026-06-17,US.NBIS,106720,65514,172234,0.6196,0.3804,0.6139,200,
2026-06-17,US.NET,6912,5303,12215,0.5659,0.4341,0.7672,200,
2026-06-17,US.NOK,204666,76581,281247,0.7277,0.2723,0.3742,200,
2026-06-17,US.NOW,90433,84911,175344,0.5157,0.4843,0.9389,200,
2026-06-17,US.NVDA,1314692,796112,2110804,0.6228,0.3772,0.6056,200,
2026-06-17,US.OKLO,25488,22740,48228,0.5285,0.4715,0.8922,200,
2026-06-17,US.OPEN,80724,14799,95523,0.8451,0.1549,0.1833,200,
2026-06-17,US.ORCL,67978,85579,153557,0.4427,0.5573,1.2589,200,
2026-06-17,US.PANW,8995,12710,21705,0.4144,0.5856,1.413,200,
2026-06-17,US.PDD,22086,135138,157224,0.1405,0.8595,6.1187,200,
2026-06-17,US.PLTR,245355,124364,369719,0.6636,0.3364,0.5069,200,
2026-06-17,US.QCOM,29825,15395,45220,0.6596,0.3404,0.5162,200,
2026-06-17,US.QQQ,2654592,2942771,5597363,0.4743,0.5257,1.1086,200,
2026-06-17,US.RBRK,2518,950,3468,0.7261,0.2739,0.3773,200,
2026-06-17,US.RDDT,26337,11440,37777,0.6972,0.3028,0.4344,200,
2026-06-17,US.RXRX,11765,1566,13331,0.8825,0.1175,0.1331,200,
2026-06-17,US.SAP,3801,3340,7141,0.5323,0.4677,0.8787,200,
2026-06-17,US.SBET,7679,1281,8960,0.857,0.143,0.1668,200,
2026-06-17,US.SCO,5383,1696,7079,0.7604,0.2396,0.3151,200,
2026-06-17,US.SMCI,172092,42058,214150,0.8036,0.1964,0.2444,200,
2026-06-17,US.SNOW,15837,6389,22226,0.7125,0.2875,0.4034,200,
2026-06-17,US.SOFI,430261,128494,558755,0.77,0.23,0.2986,200,
2026-06-17,US.SOUN,34536,10111,44647,0.7735,0.2265,0.2928,200,
2026-06-17,US.SOXL,38107,40757,78864,0.4832,0.5168,1.0695,200,
2026-06-17,US.SOXS,239069,49783,288852,0.8277,0.1723,0.2082,200,
2026-06-17,US.SPY,4613912,5307593,9921505,0.465,0.535,1.1503,200,
2026-06-17,US.SQQQ,73012,13449,86461,0.8445,0.1555,0.1842,200,
2026-06-17,US.SVIX,2078,5129,7207,0.2883,0.7117,2.4682,200,
2026-06-17,US.TEAM,4048,1454,5502,0.7357,0.2643,0.3592,200,
2026-06-17,US.TIGR,2014,481,2495,0.8072,0.1928,0.2388,200,
2026-06-17,US.TMF,9980,2680,12660,0.7883,0.2117,0.2685,200,
2026-06-17,US.TNA,11486,6790,18276,0.6285,0.3715,0.5912,200,
2026-06-17,US.TSLA,1195188,1247209,2442397,0.4894,0.5106,1.0435,200,
2026-06-17,US.TSM,39878,46880,86758,0.4596,0.5404,1.1756,200,
2026-06-17,US.TWLO,1795,628,2423,0.7408,0.2592,0.3499,200,
2026-06-17,US.UPST,15875,7857,23732,0.6689,0.3311,0.4949,200,
2026-06-17,US.UVXY,36579,7415,43994,0.8315,0.1685,0.2027,200,
2026-06-17,US.VEEV,1534,1817,3351,0.4578,0.5422,1.1845,200,
2026-06-17,US.VST,19653,15844,35497,0.5537,0.4463,0.8062,200,
2026-06-17,US.WDAY,4687,9871,14558,0.322,0.678,2.106,200,
2026-06-17,US.XOM,17483,28688,46171,0.3787,0.6213,1.6409,200,
2026-06-17,US.YINN,4926,3799,8725,0.5646,0.4354,0.7712,200,
2026-06-18,US.AAPL,215373,109806,325179,0.6623,0.3377,0.5098,200,
2026-06-18,US.ADSK,1901,2123,4024,0.4724,0.5276,1.1168,200,
2026-06-18,US.AEHR,2742,1716,4458,0.6151,0.3849,0.6258,200,
2026-06-18,US.AMD,71490,33072,104562,0.6837,0.3163,0.4626,200,
2026-06-18,US.AMKR,6026,2014,8040,0.7495,0.2505,0.3342,200,
2026-06-18,US.AMZN,319572,76611,396183,0.8066,0.1934,0.2397,200,
2026-06-18,US.APLD,44016,11312,55328,0.7955,0.2045,0.257,200,
2026-06-18,US.ASML,3324,1906,5230,0.6356,0.3644,0.5734,200,
2026-06-18,US.ASX,24477,802,25279,0.9683,0.0317,0.0328,200,
2026-06-18,US.AVGO,111054,22660,133714,0.8305,0.1695,0.204,200,
2026-06-18,US.BABA,62545,35801,98346,0.636,0.364,0.5724,200,
2026-06-18,US.BBAI,32131,10763,42894,0.7491,0.2509,0.335,200,
2026-06-18,US.BMNR,69351,17087,86438,0.8023,0.1977,0.2464,200,
2026-06-18,US.CBRS,11090,6190,17280,0.6418,0.3582,0.5582,200,
2026-06-18,US.COHR,8210,5505,13715,0.5986,0.4014,0.6705,200,
2026-06-18,US.COIN,49122,30533,79655,0.6167,0.3833,0.6216,200,
2026-06-18,US.CRCL,37568,19610,57178,0.657,0.343,0.522,200,
2026-06-18,US.CRM,30107,24266,54373,0.5537,0.4463,0.806,200,
2026-06-18,US.CRWD,4561,4560,9121,0.5001,0.4999,0.9998,200,
2026-06-18,US.CRWV,67245,31660,98905,0.6799,0.3201,0.4708,200,
2026-06-18,US.CVX,27250,11954,39204,0.6951,0.3049,0.4387,200,
2026-06-18,US.DDOG,8689,4721,13410,0.6479,0.3521,0.5433,200,
2026-06-18,US.DELL,17613,8066,25679,0.6859,0.3141,0.458,200,
2026-06-18,US.DJT,10246,9742,19988,0.5126,0.4874,0.9508,200,
2026-06-18,US.DRAM,160862,91228,252090,0.6381,0.3619,0.5671,200,
2026-06-18,US.DUOL,1542,600,2142,0.7199,0.2801,0.3891,200,
2026-06-18,US.EUV,634,135,769,0.8244,0.1756,0.2129,138,
2026-06-18,US.EWT,1400,313,1713,0.8173,0.1827,0.2236,200,
2026-06-18,US.FCX,19499,9385,28884,0.6751,0.3249,0.4813,200,
2026-06-18,US.FOTO,158,85,243,0.6502,0.3498,0.538,134,
2026-06-18,US.FUTU,3143,2943,6086,0.5164,0.4836,0.9364,200,
2026-06-18,US.GDS,1025,254,1279,0.8014,0.1986,0.2478,200,
2026-06-18,US.GEMI,1642,1116,2758,0.5954,0.4046,0.6797,200,
2026-06-18,US.GEV,7891,2931,10822,0.7292,0.2708,0.3714,200,
2026-06-18,US.GFS,4426,2110,6536,0.6772,0.3228,0.4767,200,
2026-06-18,US.GOOGL,110144,43043,153187,0.719,0.281,0.3908,200,
2026-06-18,US.HOOD,167099,28255,195354,0.8554,0.1446,0.1691,200,
2026-06-18,US.HPE,22047,11082,33129,0.6655,0.3345,0.5027,200,
2026-06-18,US.IBIT,155108,374876,529984,0.2927,0.7073,2.4169,200,
2026-06-18,US.IBM,37648,13947,51595,0.7297,0.2703,0.3705,200,
2026-06-18,US.IGV,70833,80386,151219,0.4684,0.5316,1.1349,200,
2026-06-18,US.INTC,305393,99844,405237,0.7536,0.2464,0.3269,200,
2026-06-18,US.INTU,11684,6393,18077,0.6463,0.3537,0.5472,200,
2026-06-18,US.IREN,79568,90715,170283,0.4673,0.5327,1.1401,200,
2026-06-18,US.IWM,134560,456818,591378,0.2275,0.7725,3.3949,200,
2026-06-18,US.JD,11409,3814,15223,0.7495,0.2505,0.3343,200,
2026-06-18,US.LI,2008,1681,3689,0.5443,0.4557,0.8372,200,
2026-06-18,US.LITE,9118,7522,16640,0.548,0.452,0.825,200,
2026-06-18,US.MARA,169374,21201,190575,0.8888,0.1112,0.1252,200,
2026-06-18,US.MDB,4594,3874,8468,0.5425,0.4575,0.8433,200,
2026-06-18,US.META,102462,46411,148873,0.6883,0.3117,0.453,200,
2026-06-18,US.MP,9406,9125,18531,0.5076,0.4924,0.9701,200,
2026-06-18,US.MRNA,31509,23492,55001,0.5729,0.4271,0.7456,200,
2026-06-18,US.MRVL,135290,42932,178222,0.7591,0.2409,0.3173,200,
2026-06-18,US.MSFT,253691,74637,328328,0.7727,0.2273,0.2942,200,
2026-06-18,US.MSTR,179270,159849,339119,0.5286,0.4714,0.8917,200,
2026-06-18,US.NBIS,42371,54773,97144,0.4362,0.5638,1.2927,200,
2026-06-18,US.NET,6512,5864,12376,0.5262,0.4738,0.9005,200,
2026-06-18,US.NOK,207537,55820,263357,0.788,0.212,0.269,200,
2026-06-18,US.NOW,77552,30853,108405,0.7154,0.2846,0.3978,200,
2026-06-18,US.NVDA,791310,257121,1048431,0.7548,0.2452,0.3249,200,
2026-06-18,US.OKLO,24075,11336,35411,0.6799,0.3201,0.4709,200,
2026-06-18,US.OPEN,42568,13509,56077,0.7591,0.2409,0.3174,200,
2026-06-18,US.ORCL,73971,29399,103370,0.7156,0.2844,0.3974,200,
2026-06-18,US.PANW,12896,5139,18035,0.7151,0.2849,0.3985,200,
2026-06-18,US.PDD,26128,19300,45428,0.5752,0.4248,0.7387,200,
2026-06-18,US.PLTR,204621,78523,283144,0.7227,0.2773,0.3837,200,
2026-06-18,US.QCOM,74177,11039,85216,0.8705,0.1295,0.1488,200,
2026-06-18,US.QQQ,418990,484248,903238,0.4639,0.5361,1.1558,200,
2026-06-18,US.RBRK,3730,1335,5065,0.7364,0.2636,0.3579,200,
2026-06-18,US.RDDT,25835,10781,36616,0.7056,0.2944,0.4173,200,
2026-06-18,US.RXRX,6979,2263,9242,0.7551,0.2449,0.3243,200,
2026-06-18,US.SAP,2933,3483,6416,0.4571,0.5429,1.1875,200,
2026-06-18,US.SBET,9016,2781,11797,0.7643,0.2357,0.3085,200,
2026-06-18,US.SCO,5459,1848,7307,0.7471,0.2529,0.3385,200,
2026-06-18,US.SMCI,140224,35589,175813,0.7976,0.2024,0.2538,200,
2026-06-18,US.SNOW,22039,9144,31183,0.7068,0.2932,0.4149,200,
2026-06-18,US.SOFI,171124,40865,211989,0.8072,0.1928,0.2388,200,
2026-06-18,US.SOUN,21567,6782,28349,0.7608,0.2392,0.3145,200,
2026-06-18,US.SOXL,29593,22455,52048,0.5686,0.4314,0.7588,200,
2026-06-18,US.SOXS,208643,40376,249019,0.8379,0.1621,0.1935,200,
2026-06-18,US.SPY,725285,999451,1724736,0.4205,0.5795,1.378,200,
2026-06-18,US.SQQQ,32987,16817,49804,0.6623,0.3377,0.5098,200,
2026-06-18,US.SVIX,2461,1475,3936,0.6253,0.3747,0.5993,200,
2026-06-18,US.TEAM,3533,3006,6539,0.5403,0.4597,0.8508,200,
2026-06-18,US.TIGR,4020,4215,8235,0.4882,0.5118,1.0485,200,
2026-06-18,US.TMF,11495,3195,14690,0.7825,0.2175,0.2779,200,
2026-06-18,US.TNA,6372,13071,19443,0.3277,0.6723,2.0513,200,
2026-06-18,US.TSLA,465033,266654,731687,0.6356,0.3644,0.5734,200,
2026-06-18,US.TSM,45935,30668,76603,0.5997,0.4003,0.6676,200,
2026-06-18,US.TWLO,3060,1414,4474,0.684,0.316,0.4621,200,
2026-06-18,US.UPST,8595,3223,11818,0.7273,0.2727,0.375,200,
2026-06-18,US.UVXY,22222,5077,27299,0.814,0.186,0.2285,200,
2026-06-18,US.VEEV,1077,814,1891,0.5695,0.4305,0.7558,200,
2026-06-18,US.VST,78756,7486,86242,0.9132,0.0868,0.0951,200,
2026-06-18,US.WDAY,3632,5497,9129,0.3979,0.6021,1.5135,200,
2026-06-18,US.XOM,42340,25093,67433,0.6279,0.3721,0.5927,200,
2026-06-18,US.YINN,3873,3271,7144,0.5421,0.4579,0.8446,200,
2026-06-24,US.AAPL,136049,159865,295914,0.4598,0.5402,1.1751,200,
2026-06-24,US.ADSK,2055,599,2654,0.7743,0.2257,0.2915,200,
2026-06-24,US.AEHR,3334,2076,5410,0.6163,0.3837,0.6227,200,
2026-06-24,US.AMD,74762,57599,132361,0.5648,0.4352,0.7704,200,
2026-06-24,US.AMKR,4630,3063,7693,0.6018,0.3982,0.6616,200,
2026-06-24,US.AMZN,330766,107818,438584,0.7542,0.2458,0.326,200,
2026-06-24,US.APLD,34054,13381,47435,0.7179,0.2821,0.3929,200,
2026-06-24,US.ASML,5536,4423,9959,0.5559,0.4441,0.799,200,
2026-06-24,US.ASX,3755,1052,4807,0.7812,0.2188,0.2802,200,
2026-06-24,US.AVGO,48710,36286,84996,0.5731,0.4269,0.7449,200,
2026-06-24,US.BABA,63444,52427,115871,0.5475,0.4525,0.8264,200,
2026-06-24,US.BBAI,30308,8505,38813,0.7809,0.2191,0.2806,200,
2026-06-24,US.BMNR,110046,48781,158827,0.6929,0.3071,0.4433,200,
2026-06-24,US.CBRS,81615,58106,139721,0.5841,0.4159,0.712,200,
2026-06-24,US.COHR,5143,4089,9232,0.5571,0.4429,0.7951,200,
2026-06-24,US.COIN,57385,74109,131494,0.4364,0.5636,1.2914,200,
2026-06-24,US.CRCL,17352,22927,40279,0.4308,0.5692,1.3213,200,
2026-06-24,US.CRM,32740,8193,40933,0.7998,0.2002,0.2502,200,
2026-06-24,US.CRWD,3483,4553,8036,0.4334,0.5666,1.3072,200,
2026-06-24,US.CRWV,49856,33820,83676,0.5958,0.4042,0.6784,200,
2026-06-24,US.CVX,25429,10374,35803,0.7102,0.2898,0.408,200,
2026-06-24,US.DDOG,4116,6425,10541,0.3905,0.6095,1.561,200,
2026-06-24,US.DELL,15489,7282,22771,0.6802,0.3198,0.4701,200,
2026-06-24,US.DJT,7353,3894,11247,0.6538,0.3462,0.5296,200,
2026-06-24,US.DRAM,124437,110728,235165,0.5291,0.4709,0.8898,200,
2026-06-24,US.DUOL,5458,1465,6923,0.7884,0.2116,0.2684,200,
2026-06-24,US.EUV,459,72,531,0.8644,0.1356,0.1569,138,
2026-06-24,US.EWT,1737,3176,4913,0.3536,0.6464,1.8284,200,
2026-06-24,US.FCX,42513,12012,54525,0.7797,0.2203,0.2825,200,
2026-06-24,US.FIG,15928,4024,19952,0.7983,0.2017,0.2526,200,
2026-06-24,US.FOTO,127,143,270,0.4704,0.5296,1.126,134,
2026-06-24,US.FUTU,1763,4482,6245,0.2823,0.7177,2.5423,200,
2026-06-24,US.GDS,523,85,608,0.8602,0.1398,0.1625,200,
2026-06-24,US.GEMI,1194,992,2186,0.5462,0.4538,0.8308,200,
2026-06-24,US.GEV,3572,2145,5717,0.6248,0.3752,0.6005,200,
2026-06-24,US.GFS,1981,1547,3528,0.5615,0.4385,0.7809,200,
2026-06-24,US.GOOGL,101356,46435,147791,0.6858,0.3142,0.4581,200,
2026-06-24,US.HOOD,110392,70982,181374,0.6086,0.3914,0.643,200,
2026-06-24,US.HPE,17131,10481,27612,0.6204,0.3796,0.6118,200,
2026-06-24,US.IBIT,132094,543268,675362,0.1956,0.8044,4.1127,200,
2026-06-24,US.IBM,51662,6359,58021,0.8904,0.1096,0.1231,200,
2026-06-24,US.IGV,25878,21815,47693,0.5426,0.4574,0.843,200,
2026-06-24,US.INTC,248822,66074,314896,0.7902,0.2098,0.2655,200,
2026-06-24,US.INTU,4262,3671,7933,0.5372,0.4628,0.8613,200,
2026-06-24,US.IREN,106392,160968,267360,0.3979,0.6021,1.513,200,
2026-06-24,US.IWM,183956,519409,703365,0.2615,0.7385,2.8236,200,
2026-06-24,US.JD,16320,8284,24604,0.6633,0.3367,0.5076,200,
2026-06-24,US.LI,3005,1813,4818,0.6237,0.3763,0.6033,200,
2026-06-24,US.LITE,5276,4212,9488,0.5561,0.4439,0.7983,200,
2026-06-24,US.MARA,81267,51896,133163,0.6103,0.3897,0.6386,200,
2026-06-24,US.MDB,2649,6560,9209,0.2877,0.7123,2.4764,200,
2026-06-24,US.META,55550,30973,86523,0.642,0.358,0.5576,200,
2026-06-24,US.MP,10185,5252,15437,0.6598,0.3402,0.5157,200,
2026-06-24,US.MRNA,23590,11355,34945,0.6751,0.3249,0.4813,200,
2026-06-24,US.MRVL,73630,28771,102401,0.719,0.281,0.3908,200,
2026-06-24,US.MSFT,96329,56878,153207,0.6288,0.3712,0.5905,200,
2026-06-24,US.MSTR,78761,305056,383817,0.2052,0.7948,3.8732,200,
2026-06-24,US.NBIS,51072,62909,113981,0.4481,0.5519,1.2318,200,
2026-06-24,US.NET,3214,2767,5981,0.5374,0.4626,0.8609,200,
2026-06-24,US.NOK,145185,41433,186618,0.778,0.222,0.2854,200,
2026-06-24,US.NOW,51989,11840,63829,0.8145,0.1855,0.2277,200,
2026-06-24,US.NVDA,704164,586436,1290600,0.5456,0.4544,0.8328,200,
2026-06-24,US.OKLO,21849,13378,35227,0.6202,0.3798,0.6123,200,
2026-06-24,US.OPEN,92943,6784,99727,0.932,0.068,0.073,200,
2026-06-24,US.ORCL,75563,116917,192480,0.3926,0.6074,1.5473,200,
2026-06-24,US.PANW,5840,7461,13301,0.4391,0.5609,1.2776,200,
2026-06-24,US.PDD,19482,20535,40017,0.4868,0.5132,1.054,200,
2026-06-24,US.PLTR,180929,171333,352262,0.5136,0.4864,0.947,200,
2026-06-24,US.QCOM,102833,34236,137069,0.7502,0.2498,0.3329,200,
2026-06-24,US.QQQ,462423,703355,1165778,0.3967,0.6033,1.521,200,
2026-06-24,US.RBRK,4168,537,4705,0.8859,0.1141,0.1288,200,
2026-06-24,US.RDDT,18578,9148,27726,0.6701,0.3299,0.4924,200,
2026-06-24,US.RXRX,10120,434,10554,0.9589,0.0411,0.0429,200,
2026-06-24,US.SAP,944,384,1328,0.7108,0.2892,0.4068,200,
2026-06-24,US.SBET,15579,10555,26134,0.5961,0.4039,0.6775,200,
2026-06-24,US.SCO,5860,1914,7774,0.7538,0.2462,0.3266,200,
2026-06-24,US.SMCI,129885,76623,206508,0.629,0.371,0.5899,200,
2026-06-24,US.SNOW,12161,7645,19806,0.614,0.386,0.6286,200,
2026-06-24,US.SOFI,244387,96899,341286,0.7161,0.2839,0.3965,200,
2026-06-24,US.SOUN,34279,11325,45604,0.7517,0.2483,0.3304,200,
2026-06-24,US.SOXL,35759,43024,78783,0.4539,0.5461,1.2032,200,
2026-06-24,US.SOXS,232016,74148,306164,0.7578,0.2422,0.3196,200,
2026-06-24,US.SPY,1021397,1399774,2421171,0.4219,0.5781,1.3705,200,
2026-06-24,US.SQQQ,50259,16249,66508,0.7557,0.2443,0.3233,200,
2026-06-24,US.SVIX,1500,714,2214,0.6775,0.3225,0.476,200,
2026-06-24,US.TEAM,5121,2858,7979,0.6418,0.3582,0.5581,200,
2026-06-24,US.TIGR,1178,1617,2795,0.4215,0.5785,1.3727,200,
2026-06-24,US.TMF,13755,4247,18002,0.7641,0.2359,0.3088,200,
2026-06-24,US.TNA,5251,8148,13399,0.3919,0.6081,1.5517,200,
2026-06-24,US.TSLA,346424,322595,669019,0.5178,0.4822,0.9312,200,
2026-06-24,US.TSM,27294,27728,55022,0.4961,0.5039,1.0159,200,
2026-06-24,US.TWLO,1609,674,2283,0.7048,0.2952,0.4189,200,
2026-06-24,US.UPST,17752,2493,20245,0.8769,0.1231,0.1404,200,
2026-06-24,US.UVXY,14634,3627,18261,0.8014,0.1986,0.2478,200,
2026-06-24,US.VEEV,1154,609,1763,0.6546,0.3454,0.5277,200,
2026-06-24,US.VST,6197,15297,21494,0.2883,0.7117,2.4685,200,
2026-06-24,US.WDAY,5548,3268,8816,0.6293,0.3707,0.589,200,
2026-06-24,US.XOM,23112,11745,34857,0.6631,0.3369,0.5082,200,
2026-06-24,US.YINN,3305,1961,5266,0.6276,0.3724,0.5933,200,
2026-06-25,US.AAPL,789721,577028,1366749,0.5778,0.4222,0.7307,200,
2026-06-25,US.ADSK,2020,1720,3740,0.5401,0.4599,0.8515,200,
2026-06-25,US.AEHR,1826,1754,3580,0.5101,0.4899,0.9606,200,
2026-06-25,US.AMD,95123,80919,176042,0.5403,0.4597,0.8507,200,
2026-06-25,US.AMKR,3933,1054,4987,0.7887,0.2113,0.268,200,
2026-06-25,US.AMZN,334267,222787,557054,0.6001,0.3999,0.6665,200,
2026-06-25,US.APLD,31346,10871,42217,0.7425,0.2575,0.3468,200,
2026-06-25,US.ASML,4207,3778,7985,0.5269,0.4731,0.898,200,
2026-06-25,US.ASX,2318,3054,5372,0.4315,0.5685,1.3175,200,
2026-06-25,US.AVGO,60820,42057,102877,0.5912,0.4088,0.6915,200,
2026-06-25,US.BABA,70270,152189,222459,0.3159,0.6841,2.1658,200,
2026-06-25,US.BBAI,22113,5678,27791,0.7957,0.2043,0.2568,200,
2026-06-25,US.BMNR,91270,53831,145101,0.629,0.371,0.5898,200,
2026-06-25,US.CBRS,45877,42913,88790,0.5167,0.4833,0.9354,200,
2026-06-25,US.COHR,6213,8744,14957,0.4154,0.5846,1.4074,200,
2026-06-25,US.COIN,29312,69721,99033,0.296,0.704,2.3786,200,
2026-06-25,US.CRCL,22480,26181,48661,0.462,0.538,1.1646,200,
2026-06-25,US.CRM,27425,20126,47551,0.5767,0.4233,0.7339,200,
2026-06-25,US.CRWD,8075,3823,11898,0.6787,0.3213,0.4734,200,
2026-06-25,US.CRWV,56625,39413,96038,0.5896,0.4104,0.696,200,
2026-06-25,US.CVX,12635,6105,18740,0.6742,0.3258,0.4832,200,
2026-06-25,US.DDOG,5500,10176,15676,0.3509,0.6491,1.8502,200,
2026-06-25,US.DELL,13661,12086,25747,0.5306,0.4694,0.8847,200,
2026-06-25,US.DJT,10711,2814,13525,0.7919,0.2081,0.2627,200,
2026-06-25,US.DRAM,210838,35981,246819,0.8542,0.1458,0.1707,200,
2026-06-25,US.DUOL,5660,1591,7251,0.7806,0.2194,0.2811,200,
2026-06-25,US.EUV,406,236,642,0.6324,0.3676,0.5813,138,
2026-06-25,US.EWT,593,1244,1837,0.3228,0.6772,2.0978,200,
2026-06-25,US.FCX,28843,11108,39951,0.722,0.278,0.3851,200,
2026-06-25,US.FIG,40289,12581,52870,0.762,0.238,0.3123,200,
2026-06-25,US.FOTO,134,41,175,0.7657,0.2343,0.306,134,
2026-06-25,US.FUTU,1349,3079,4428,0.3047,0.6953,2.2824,200,
2026-06-25,US.GDS,2519,1718,4237,0.5945,0.4055,0.682,200,
2026-06-25,US.GEMI,768,1493,2261,0.3397,0.6603,1.944,200,
2026-06-25,US.GEV,8719,1434,10153,0.8588,0.1412,0.1645,200,
2026-06-25,US.GFS,14099,1167,15266,0.9236,0.0764,0.0828,200,
2026-06-25,US.GOOGL,96911,83403,180314,0.5375,0.4625,0.8606,200,
2026-06-25,US.HOOD,109156,51136,160292,0.681,0.319,0.4685,200,
2026-06-25,US.HPE,24397,6070,30467,0.8008,0.1992,0.2488,200,
2026-06-25,US.IBIT,156398,667249,823647,0.1899,0.8101,4.2664,200,
2026-06-25,US.IBM,62714,14881,77595,0.8082,0.1918,0.2373,200,
2026-06-25,US.IGV,22719,67055,89774,0.2531,0.7469,2.9515,200,
2026-06-25,US.INTC,295917,104631,400548,0.7388,0.2612,0.3536,200,
2026-06-25,US.INTU,3245,8006,11251,0.2884,0.7116,2.4672,200,
2026-06-25,US.IREN,77457,211753,289210,0.2678,0.7322,2.7338,200,
2026-06-25,US.IWM,240205,670734,910939,0.2637,0.7363,2.7923,200,
2026-06-25,US.JD,30613,25959,56572,0.5411,0.4589,0.848,200,
2026-06-25,US.LI,5496,3933,9429,0.5829,0.4171,0.7156,200,
2026-06-25,US.LITE,9334,6652,15986,0.5839,0.4161,0.7127,200,
2026-06-25,US.MARA,111821,35495,147316,0.7591,0.2409,0.3174,200,
2026-06-25,US.MDB,2280,6399,8679,0.2627,0.7373,2.8066,200,
2026-06-25,US.META,96329,115017,211346,0.4558,0.5442,1.194,200,
2026-06-25,US.MP,5958,2837,8795,0.6774,0.3226,0.4762,200,
2026-06-25,US.MRNA,23380,11546,34926,0.6694,0.3306,0.4938,200,
2026-06-25,US.MRVL,65667,34440,100107,0.656,0.344,0.5245,200,
2026-06-25,US.MSFT,288407,220303,508710,0.5669,0.4331,0.7639,200,
2026-06-25,US.MSTR,74122,378433,452555,0.1638,0.8362,5.1055,200,
2026-06-25,US.NBIS,40904,41785,82689,0.4947,0.5053,1.0215,200,
2026-06-25,US.NET,4772,6596,11368,0.4198,0.5802,1.3822,200,
2026-06-25,US.NOK,173892,52061,225953,0.7696,0.2304,0.2994,200,
2026-06-25,US.NOW,55347,30144,85491,0.6474,0.3526,0.5446,200,
2026-06-25,US.NVDA,926835,729970,1656805,0.5594,0.4406,0.7876,200,
2026-06-25,US.OKLO,19030,20287,39317,0.484,0.516,1.0661,200,
2026-06-25,US.OPEN,63540,25808,89348,0.7112,0.2888,0.4062,200,
2026-06-25,US.ORCL,38517,88607,127124,0.303,0.697,2.3005,200,
2026-06-25,US.PANW,11516,6883,18399,0.6259,0.3741,0.5977,200,
2026-06-25,US.PDD,22707,39976,62683,0.3623,0.6377,1.7605,200,
2026-06-25,US.PLTR,159835,307072,466907,0.3423,0.6577,1.9212,200,
2026-06-25,US.QCOM,125975,41579,167554,0.7518,0.2482,0.3301,200,
2026-06-25,US.QQQ,656917,760240,1417157,0.4635,0.5365,1.1573,200,
2026-06-25,US.RBRK,4443,524,4967,0.8945,0.1055,0.1179,200,
2026-06-25,US.RDDT,13037,7699,20736,0.6287,0.3713,0.5905,200,
2026-06-25,US.RXRX,9839,413,10252,0.9597,0.0403,0.042,200,
2026-06-25,US.SAP,6240,6653,12893,0.484,0.516,1.0662,200,
2026-06-25,US.SBET,6938,25807,32745,0.2119,0.7881,3.7197,200,
2026-06-25,US.SCO,4813,2076,6889,0.6987,0.3013,0.4313,200,
2026-06-25,US.SMCI,107494,35628,143122,0.7511,0.2489,0.3314,200,
2026-06-25,US.SNOW,14026,6128,20154,0.6959,0.3041,0.4369,200,
2026-06-25,US.SOFI,156011,93945,249956,0.6242,0.3758,0.6022,200,
2026-06-25,US.SOUN,20832,5793,26625,0.7824,0.2176,0.2781,200,
2026-06-25,US.SOXL,46704,50454,97158,0.4807,0.5193,1.0803,200,
2026-06-25,US.SOXS,251226,72530,323756,0.776,0.224,0.2887,200,
2026-06-25,US.SPY,932972,1337699,2270671,0.4109,0.5891,1.4338,200,
2026-06-25,US.SQQQ,57485,13977,71462,0.8044,0.1956,0.2431,200,
2026-06-25,US.SVIX,1166,2057,3223,0.3618,0.6382,1.7642,200,
2026-06-25,US.TEAM,6071,5690,11761,0.5162,0.4838,0.9372,200,
2026-06-25,US.TIGR,2148,436,2584,0.8313,0.1687,0.203,200,
2026-06-25,US.TMF,7395,3405,10800,0.6847,0.3153,0.4604,200,
2026-06-25,US.TNA,5792,6681,12473,0.4644,0.5356,1.1535,200,
2026-06-25,US.TSLA,540576,594441,1135017,0.4763,0.5237,1.0996,200,
2026-06-25,US.TSM,28299,58192,86491,0.3272,0.6728,2.0563,200,
2026-06-25,US.TWLO,2313,573,2886,0.8015,0.1985,0.2477,200,
2026-06-25,US.UPST,9436,2737,12173,0.7752,0.2248,0.2901,200,
2026-06-25,US.UVXY,14421,5061,19482,0.7402,0.2598,0.3509,200,
2026-06-25,US.VEEV,748,239,987,0.7579,0.2421,0.3195,200,
2026-06-25,US.VST,15403,3037,18440,0.8353,0.1647,0.1972,200,
2026-06-25,US.WDAY,4392,9093,13485,0.3257,0.6743,2.0704,200,
2026-06-25,US.XOM,21456,12420,33876,0.6334,0.3666,0.5789,200,
2026-06-25,US.YINN,7676,3348,11024,0.6963,0.3037,0.4362,200,
2026-06-26,US.AAPL,354307,157638,511945,0.6921,0.3079,0.4449,200,
2026-06-26,US.ADSK,834,668,1502,0.5553,0.4447,0.801,200,
2026-06-26,US.AEHR,2145,2215,4360,0.492,0.508,1.0326,200,
2026-06-26,US.AMD,65186,48775,113961,0.572,0.428,0.7482,200,
2026-06-26,US.AMKR,4753,2187,6940,0.6849,0.3151,0.4601,200,
2026-06-26,US.AMZN,216538,73029,289567,0.7478,0.2522,0.3373,200,
2026-06-26,US.APLD,19459,14268,33727,0.577,0.423,0.7332,200,
2026-06-26,US.ASML,1885,4101,5986,0.3149,0.6851,2.1756,200,
2026-06-26,US.ASX,2144,341,2485,0.8628,0.1372,0.159,200,
2026-06-26,US.AVGO,30802,45338,76140,0.4045,0.5955,1.4719,200,
2026-06-26,US.BABA,111303,68521,179824,0.619,0.381,0.6156,200,
2026-06-26,US.BBAI,28689,3456,32145,0.8925,0.1075,0.1205,200,
2026-06-26,US.BMNR,46846,12740,59586,0.7862,0.2138,0.272,200,
2026-06-26,US.CBRS,16447,6977,23424,0.7021,0.2979,0.4242,200,
2026-06-26,US.COHR,7073,5011,12084,0.5853,0.4147,0.7085,200,
2026-06-26,US.COIN,23427,28547,51974,0.4507,0.5493,1.2186,200,
2026-06-26,US.CRCL,22132,9319,31451,0.7037,0.2963,0.4211,200,
2026-06-26,US.CRM,36808,14294,51102,0.7203,0.2797,0.3883,200,
2026-06-26,US.CRWD,17129,5463,22592,0.7582,0.2418,0.3189,200,
2026-06-26,US.CRWV,34949,37725,72674,0.4809,0.5191,1.0794,200,
2026-06-26,US.CVX,20292,6340,26632,0.7619,0.2381,0.3124,200,
2026-06-26,US.DDOG,8803,5819,14622,0.602,0.398,0.661,200,
2026-06-26,US.DELL,7731,13522,21253,0.3638,0.6362,1.7491,200,
2026-06-26,US.DJT,8155,2012,10167,0.8021,0.1979,0.2467,200,
2026-06-26,US.DRAM,133213,68101,201314,0.6617,0.3383,0.5112,200,
2026-06-26,US.DUOL,2551,699,3250,0.7849,0.2151,0.274,200,
2026-06-26,US.EUV,1501,137,1638,0.9164,0.0836,0.0913,138,
2026-06-26,US.EWT,6580,170,6750,0.9748,0.0252,0.0258,200,
2026-06-26,US.FCX,85644,17551,103195,0.8299,0.1701,0.2049,200,
2026-06-26,US.FIG,29769,5498,35267,0.8441,0.1559,0.1847,200,
2026-06-26,US.FOTO,256,106,362,0.7072,0.2928,0.4141,134,
2026-06-26,US.FUTU,1630,2564,4194,0.3887,0.6113,1.573,200,
2026-06-26,US.GDS,909,1354,2263,0.4017,0.5983,1.4895,200,
2026-06-26,US.GEMI,740,1103,1843,0.4015,0.5985,1.4905,200,
2026-06-26,US.GEV,4249,3260,7509,0.5659,0.4341,0.7672,200,
2026-06-26,US.GFS,2542,465,3007,0.8454,0.1546,0.1829,200,
2026-06-26,US.GLW,24180,11591,35771,0.676,0.324,0.4794,200,
2026-06-26,US.GOOGL,183244,43878,227122,0.8068,0.1932,0.2395,200,
2026-06-26,US.HOOD,86809,21849,108658,0.7989,0.2011,0.2517,200,
2026-06-26,US.HPE,14488,8989,23477,0.6171,0.3829,0.6204,200,
2026-06-26,US.IBIT,97538,315900,413438,0.2359,0.7641,3.2387,200,
2026-06-26,US.IBM,51478,8771,60249,0.8544,0.1456,0.1704,200,
2026-06-26,US.IGV,57081,217727,274808,0.2077,0.7923,3.8144,200,
2026-06-26,US.INTC,165622,39406,205028,0.8078,0.1922,0.2379,200,
2026-06-26,US.INTU,5503,4211,9714,0.5665,0.4335,0.7652,200,
2026-06-26,US.IREN,80995,305853,386848,0.2094,0.7906,3.7762,200,
2026-06-26,US.IWM,116567,720768,837335,0.1392,0.8608,6.1833,200,
2026-06-26,US.JD,16345,9453,25798,0.6336,0.3664,0.5783,200,
2026-06-26,US.LI,4576,3848,8424,0.5432,0.4568,0.8409,200,
2026-06-26,US.LITE,7069,8873,15942,0.4434,0.5566,1.2552,200,
2026-06-26,US.MDB,8590,2918,11508,0.7464,0.2536,0.3397,200,
2026-06-26,US.META,64515,29420,93935,0.6868,0.3132,0.456,200,
2026-06-26,US.MP,6987,7770,14757,0.4735,0.5265,1.1121,200,
2026-06-26,US.MRVL,33903,61453,95356,0.3555,0.6445,1.8126,200,
2026-06-26,US.MSFT,300555,62470,363025,0.8279,0.1721,0.2078,200,
2026-06-26,US.MSTR,159126,238799,397925,0.3999,0.6001,1.5007,200,
2026-06-26,US.NBIS,35168,108359,143527,0.245,0.755,3.0812,200,
2026-06-26,US.NET,3609,4849,8458,0.4267,0.5733,1.3436,200,
2026-06-26,US.NOK,200795,79411,280206,0.7166,0.2834,0.3955,200,
2026-06-26,US.NOW,85931,59861,145792,0.5894,0.4106,0.6966,200,
2026-06-26,US.NVDA,548645,412445,961090,0.5709,0.4291,0.7518,200,
2026-06-26,US.OKLO,18778,17246,36024,0.5213,0.4787,0.9184,200,
2026-06-26,US.OPEN,45101,10582,55683,0.81,0.19,0.2346,200,
2026-06-26,US.ORCL,50445,43320,93765,0.538,0.462,0.8588,200,
2026-06-26,US.PANW,9563,7184,16747,0.571,0.429,0.7512,200,
2026-06-26,US.PDD,23556,23587,47143,0.4997,0.5003,1.0013,200,
2026-06-26,US.PLTR,144989,95770,240759,0.6022,0.3978,0.6605,200,
2026-06-26,US.QCOM,49896,33225,83121,0.6003,0.3997,0.6659,200,
2026-06-26,US.QQQ,453759,540891,994650,0.4562,0.5438,1.192,200,
2026-06-26,US.RBRK,3183,365,3548,0.8971,0.1029,0.1147,200,
2026-06-26,US.RDDT,15808,5796,21604,0.7317,0.2683,0.3666,200,
2026-06-26,US.RXRX,18066,767,18833,0.9593,0.0407,0.0425,200,
2026-06-26,US.SAP,1798,1569,3367,0.534,0.466,0.8726,200,
2026-06-26,US.SBET,8307,4571,12878,0.6451,0.3549,0.5503,200,
2026-06-26,US.SCO,2728,924,3652,0.747,0.253,0.3387,200,
2026-06-26,US.SMCI,86516,46146,132662,0.6522,0.3478,0.5334,200,
2026-06-26,US.SNOW,22190,8234,30424,0.7294,0.2706,0.3711,200,
2026-06-26,US.SOFI,138079,54215,192294,0.7181,0.2819,0.3926,200,
2026-06-26,US.SOUN,17519,6060,23579,0.743,0.257,0.3459,200,
2026-06-26,US.SOXL,23200,56407,79607,0.2914,0.7086,2.4313,200,
2026-06-26,US.SOXS,130057,48869,178926,0.7269,0.2731,0.3758,200,
2026-06-26,US.SPY,799415,1254484,2053899,0.3892,0.6108,1.5693,200,
2026-06-26,US.SQQQ,33525,14631,48156,0.6962,0.3038,0.4364,200,
2026-06-26,US.SVIX,1426,2449,3875,0.368,0.632,1.7174,200,
2026-06-26,US.TEAM,3923,1483,5406,0.7257,0.2743,0.378,200,
2026-06-26,US.TIGR,1012,798,1810,0.5591,0.4409,0.7885,200,
2026-06-26,US.TMF,4284,3477,7761,0.552,0.448,0.8116,200,
2026-06-26,US.TNA,5763,7610,13373,0.4309,0.5691,1.3205,200,
2026-06-26,US.TSLA,354469,247955,602424,0.5884,0.4116,0.6995,200,
2026-06-26,US.TSM,47664,73782,121446,0.3925,0.6075,1.548,200,
2026-06-26,US.TWLO,912,669,1581,0.5769,0.4231,0.7336,200,
2026-06-26,US.UPST,9442,2547,11989,0.7876,0.2124,0.2698,200,
2026-06-26,US.UVXY,22059,3782,25841,0.8536,0.1464,0.1714,200,
2026-06-26,US.VEEV,1493,1042,2535,0.589,0.411,0.6979,200,
2026-06-26,US.VST,4797,2892,7689,0.6239,0.3761,0.6029,200,
2026-06-26,US.WDAY,2593,1817,4410,0.588,0.412,0.7007,200,
2026-06-26,US.XOM,21890,10298,32188,0.6801,0.3199,0.4704,200,
2026-06-26,US.YINN,2924,2766,5690,0.5139,0.4861,0.946,200,
2026-06-26,US.MARA,162169,30506,192675,0.8417,0.1583,0.1881,200,
2026-06-29,US.AAPL,244087,113330,357417,0.6829,0.3171,0.4643,200,
2026-06-29,US.AMD,103261,103165,206426,0.5002,0.4998,0.9991,200,
2026-06-29,US.AMZN,501329,91344,592673,0.8459,0.1541,0.1822,200,
2026-06-29,US.APLD,50003,17695,67698,0.7386,0.2614,0.3539,200,
2026-06-29,US.ASML,5671,3442,9113,0.6223,0.3777,0.6069,200,
2026-06-29,US.AVGO,112926,39483,152409,0.7409,0.2591,0.3496,200,
2026-06-29,US.BABA,118446,76060,194506,0.609,0.391,0.6421,200,
2026-06-29,US.BBAI,33228,3660,36888,0.9008,0.0992,0.1101,200,
2026-06-29,US.BE,64862,40052,104914,0.6182,0.3818,0.6175,200,
2026-06-29,US.CBRS,57830,7312,65142,0.8878,0.1122,0.1264,200,
2026-06-29,US.COHR,8958,5854,14812,0.6048,0.3952,0.6535,200,
2026-06-29,US.COIN,28766,34709,63475,0.4532,0.5468,1.2066,200,
2026-06-29,US.CRCL,24481,9727,34208,0.7157,0.2843,0.3973,200,
2026-06-29,US.CRM,29303,14992,44295,0.6615,0.3385,0.5116,200,
2026-06-29,US.CRWD,22084,4581,26665,0.8282,0.1718,0.2074,200,
2026-06-29,US.CRWV,99013,49054,148067,0.6687,0.3313,0.4954,200,
2026-06-29,US.DELL,21159,6257,27416,0.7718,0.2282,0.2957,200,
2026-06-29,US.DRAM,223402,109939,333341,0.6702,0.3298,0.4921,200,
2026-06-29,US.DUOL,2301,1190,3491,0.6591,0.3409,0.5172,200,
2026-06-29,US.EUV,1209,115,1324,0.9131,0.0869,0.0951,138,
2026-06-29,US.FIG,17023,7206,24229,0.7026,0.2974,0.4233,200,
2026-06-29,US.FOTO,196,116,312,0.6282,0.3718,0.5918,134,
2026-06-29,US.FUTU,1609,2840,4449,0.3617,0.6383,1.7651,200,
2026-06-29,US.GDS,3643,184,3827,0.9519,0.0481,0.0505,200,
2026-06-29,US.GEV,6203,2152,8355,0.7424,0.2576,0.3469,200,
2026-06-29,US.GFS,2220,1059,3279,0.677,0.323,0.477,200,
2026-06-29,US.GLW,62372,17630,80002,0.7796,0.2204,0.2827,200,
2026-06-29,US.GOOGL,153260,28040,181300,0.8453,0.1547,0.183,200,
2026-06-29,US.HOOD,113024,29308,142332,0.7941,0.2059,0.2593,200,
2026-06-29,US.HPE,18789,4366,23155,0.8114,0.1886,0.2324,200,
2026-06-29,US.IBIT,212338,324837,537175,0.3953,0.6047,1.5298,200,
2026-06-29,US.IBM,49430,14670,64100,0.7711,0.2289,0.2968,200,
2026-06-29,US.IGV,54060,54233,108293,0.4992,0.5008,1.0032,200,
2026-06-29,US.INTC,347708,91202,438910,0.7922,0.2078,0.2623,200,
2026-06-29,US.IREN,110791,94617,205408,0.5394,0.4606,0.854,200,
2026-06-29,US.IWM,192237,708888,901125,0.2133,0.7867,3.6876,200,
2026-06-29,US.LITE,17505,7518,25023,0.6996,0.3004,0.4295,200,
2026-06-29,US.MARA,75942,34986,110928,0.6846,0.3154,0.4607,200,
2026-06-29,US.MDB,8623,5295,13918,0.6196,0.3804,0.6141,200,
2026-06-29,US.META,72871,17385,90256,0.8074,0.1926,0.2386,200,
2026-06-29,US.MRVL,82769,19684,102453,0.8079,0.1921,0.2378,200,
2026-06-29,US.MSFT,212403,41246,253649,0.8374,0.1626,0.1942,200,
2026-06-29,US.MSTR,130647,205802,336449,0.3883,0.6117,1.5753,200,
2026-06-29,US.NBIS,64237,64430,128667,0.4993,0.5007,1.003,200,
2026-06-29,US.NET,10919,5380,16299,0.6699,0.3301,0.4927,200,
2026-06-29,US.NOK,196617,39580,236197,0.8324,0.1676,0.2013,200,
2026-06-29,US.NOW,87560,27699,115259,0.7597,0.2403,0.3163,200,
2026-06-29,US.NVDA,637255,243709,880964,0.7234,0.2766,0.3824,200,
2026-06-29,US.OKLO,23847,10283,34130,0.6987,0.3013,0.4312,200,
2026-06-29,US.OPEN,87412,13293,100705,0.868,0.132,0.1521,200,
2026-06-29,US.ORCL,91241,68535,159776,0.5711,0.4289,0.7511,200,
2026-06-29,US.PANW,27789,12962,40751,0.6819,0.3181,0.4664,200,
2026-06-29,US.PLTR,224048,104519,328567,0.6819,0.3181,0.4665,200,
2026-06-29,US.QCOM,47786,40105,87891,0.5437,0.4563,0.8393,200,
2026-06-29,US.RDDT,15679,6097,21776,0.72,0.28,0.3889,200,
2026-06-29,US.SMCI,131286,143231,274517,0.4782,0.5218,1.091,200,
2026-06-29,US.SNOW,16518,16511,33029,0.5001,0.4999,0.9996,200,
2026-06-29,US.SOFI,206142,62138,268280,0.7684,0.2316,0.3014,200,
2026-06-29,US.SOUN,45425,5090,50515,0.8992,0.1008,0.1121,200,
2026-06-29,US.TSLA,543519,283732,827251,0.657,0.343,0.522,200,
2026-06-29,US.TSM,53553,41605,95158,0.5628,0.4372,0.7769,200,
2026-06-29,US.TWLO,1854,1056,2910,0.6371,0.3629,0.5696,200,
2026-06-29,US.UPST,26219,4457,30676,0.8547,0.1453,0.17,200,
2026-06-29,US.UVXY,17878,3946,21824,0.8192,0.1808,0.2207,200,
2026-06-29,US.VST,8684,5934,14618,0.5941,0.4059,0.6833,200,
2026-06-29,US.YINN,3429,2211,5640,0.608,0.392,0.6448,200,
2026-06-29,US.DDOG,9516,9123,18639,0.5105,0.4895,0.9587,200,
2026-06-29,US.INTU,4729,4118,8847,0.5345,0.4655,0.8708,200,
2026-06-29,US.SAP,3789,1081,4870,0.778,0.222,0.2853,200,
2026-06-29,US.TEAM,5236,1886,7122,0.7352,0.2648,0.3602,200,
2026-06-30,US.AAPL,554096,255194,809290,0.6847,0.3153,0.4606,200,
2026-06-30,US.AMD,187594,60344,247938,0.7566,0.2434,0.3217,200,
2026-06-30,US.AMZN,358519,130991,489510,0.7324,0.2676,0.3654,200,
2026-06-30,US.APLD,34357,18082,52439,0.6552,0.3448,0.5263,200,
2026-06-30,US.ASML,15050,3347,18397,0.8181,0.1819,0.2224,200,
2026-06-30,US.AVGO,69017,21737,90754,0.7605,0.2395,0.315,200,
2026-06-30,US.BABA,70534,25135,95669,0.7373,0.2627,0.3564,200,
2026-06-30,US.BBAI,24733,6256,30989,0.7981,0.2019,0.2529,200,
2026-06-30,US.BE,50407,19059,69466,0.7256,0.2744,0.3781,200,
2026-06-30,US.CBRS,23529,5190,28719,0.8193,0.1807,0.2206,200,
2026-06-30,US.COHR,3720,3653,7373,0.5045,0.4955,0.982,200,
2026-06-30,US.COIN,45140,22816,67956,0.6643,0.3357,0.5054,200,
2026-06-30,US.CRCL,64344,81841,146185,0.4402,0.5598,1.2719,200,
2026-06-30,US.CRM,38005,10809,48814,0.7786,0.2214,0.2844,200,
2026-06-30,US.CRWD,9058,5347,14405,0.6288,0.3712,0.5903,200,
2026-06-30,US.CRWV,100409,24812,125221,0.8019,0.1981,0.2471,200,
2026-06-30,US.DDOG,9878,9211,19089,0.5175,0.4825,0.9325,200,
2026-06-30,US.DELL,76416,6081,82497,0.9263,0.0737,0.0796,200,
2026-06-30,US.DRAM,93789,24031,117820,0.796,0.204,0.2562,200,
2026-06-30,US.DUOL,5144,1471,6615,0.7776,0.2224,0.286,200,
2026-06-30,US.EUV,2107,679,2786,0.7563,0.2437,0.3223,138,
2026-06-30,US.FIG,18210,7334,25544,0.7129,0.2871,0.4027,200,
2026-06-30,US.FOTO,126,33,159,0.7925,0.2075,0.2619,134,
2026-06-30,US.FUTU,2734,4189,6923,0.3949,0.6051,1.5322,200,
2026-06-30,US.GDS,501,142,643,0.7792,0.2208,0.2834,200,
2026-06-30,US.GEV,12608,1810,14418,0.8745,0.1255,0.1436,200,
2026-06-30,US.GFS,23631,734,24365,0.9699,0.0301,0.0311,200,
2026-06-30,US.GLW,36197,20565,56762,0.6377,0.3623,0.5681,200,
2026-06-30,US.GOOGL,143911,44200,188111,0.765,0.235,0.3071,200,
2026-06-30,US.HOOD,86463,28142,114605,0.7544,0.2456,0.3255,200,
2026-06-30,US.HPE,13259,4605,17864,0.7422,0.2578,0.3473,200,
2026-06-30,US.IBIT,211256,354649,565905,0.3733,0.6267,1.6788,200,
2026-06-30,US.IBM,42466,8064,50530,0.8404,0.1596,0.1899,200,
2026-06-30,US.IGV,30774,93097,123871,0.2484,0.7516,3.0252,200,
2026-06-30,US.INTC,410977,103044,514021,0.7995,0.2005,0.2507,200,
2026-06-30,US.INTU,6179,2102,8281,0.7462,0.2538,0.3402,200,
2026-06-30,US.IREN,91221,72947,164168,0.5557,0.4443,0.7997,200,
2026-06-30,US.IWM,657882,912017,1569899,0.4191,0.5809,1.3863,200,
2026-06-30,US.LITE,8166,4671,12837,0.6361,0.3639,0.572,200,
2026-06-30,US.MARA,77961,56893,134854,0.5781,0.4219,0.7298,200,
2026-06-30,US.MDB,3797,2528,6325,0.6003,0.3997,0.6658,200,
2026-06-30,US.META,124813,49088,173901,0.7177,0.2823,0.3933,200,
2026-06-30,US.MRVL,125824,40104,165928,0.7583,0.2417,0.3187,200,
2026-06-30,US.MSFT,267258,54247,321505,0.8313,0.1687,0.203,200,
2026-06-30,US.MSTR,135319,206767,342086,0.3956,0.6044,1.528,200,
2026-06-30,US.NBIS,63084,53729,116813,0.54,0.46,0.8517,200,
2026-06-30,US.NET,9786,9910,19696,0.4969,0.5031,1.0127,200,
2026-06-30,US.NOK,162690,68078,230768,0.705,0.295,0.4185,200,
2026-06-30,US.NOW,73916,13445,87361,0.8461,0.1539,0.1819,200,
2026-06-30,US.NVDA,1195372,405316,1600688,0.7468,0.2532,0.3391,200,
2026-06-30,US.OKLO,21508,10383,31891,0.6744,0.3256,0.4828,200,
2026-06-30,US.OPEN,61081,11625,72706,0.8401,0.1599,0.1903,200,
2026-06-30,US.ORCL,99064,60576,159640,0.6205,0.3795,0.6115,200,
2026-06-30,US.PANW,14854,5063,19917,0.7458,0.2542,0.3409,200,
2026-06-30,US.PLTR,159006,69174,228180,0.6968,0.3032,0.435,200,
2026-06-30,US.QCOM,64516,22553,87069,0.741,0.259,0.3496,200,
2026-06-30,US.RDDT,9011,7891,16902,0.5331,0.4669,0.8757,200,
2026-06-30,US.SAP,4704,503,5207,0.9034,0.0966,0.1069,200,
2026-06-30,US.SMCI,170360,51089,221449,0.7693,0.2307,0.2999,200,
2026-06-30,US.SNOW,20874,9190,30064,0.6943,0.3057,0.4403,200,
2026-06-30,US.SOFI,172091,50408,222499,0.7734,0.2266,0.2929,200,
2026-06-30,US.SOUN,22881,5297,28178,0.812,0.188,0.2315,200,
2026-06-30,US.TEAM,9132,4514,13646,0.6692,0.3308,0.4943,200,
2026-06-30,US.TSLA,1148016,468051,1616067,0.7104,0.2896,0.4077,200,
2026-06-30,US.TSM,63782,35721,99503,0.641,0.359,0.56,200,
2026-06-30,US.TWLO,2079,1151,3230,0.6437,0.3563,0.5536,200,
2026-06-30,US.UPST,17785,6701,24486,0.7263,0.2737,0.3768,200,
2026-06-30,US.UVXY,9561,4759,14320,0.6677,0.3323,0.4978,200,
2026-06-30,US.VST,10987,4186,15173,0.7241,0.2759,0.381,200,
2026-06-30,US.YINN,3522,2975,6497,0.5421,0.4579,0.8447,200,
2026-07-06,US.AAPL,327761,140653,468414,0.6997,0.3003,0.4291,200,
2026-07-06,US.AMD,162407,66208,228615,0.7104,0.2896,0.4077,200,
2026-07-06,US.AMZN,240836,70515,311351,0.7735,0.2265,0.2928,200,
2026-07-06,US.APLD,41845,11935,53780,0.7781,0.2219,0.2852,200,
2026-07-06,US.ASML,4907,1874,6781,0.7236,0.2764,0.3819,200,
2026-07-06,US.AVGO,86912,22782,109694,0.7923,0.2077,0.2621,200,
2026-07-06,US.BABA,61984,17545,79529,0.7794,0.2206,0.2831,200,
2026-07-06,US.BBAI,23693,4204,27897,0.8493,0.1507,0.1774,200,
2026-07-06,US.BE,25442,21418,46860,0.5429,0.4571,0.8418,200,
2026-07-06,US.CBRS,28937,5394,34331,0.8429,0.1571,0.1864,200,
2026-07-06,US.COHR,6256,6243,12499,0.5005,0.4995,0.9979,200,
2026-07-06,US.COIN,65278,21783,87061,0.7498,0.2502,0.3337,200,
2026-07-06,US.CRCL,41172,21538,62710,0.6565,0.3435,0.5231,200,
2026-07-06,US.CRM,24778,9609,34387,0.7206,0.2794,0.3878,200,
2026-07-06,US.CRWD,50384,20096,70480,0.7149,0.2851,0.3989,200,
2026-07-06,US.CRWV,84699,26493,111192,0.7617,0.2383,0.3128,200,
2026-07-06,US.DDOG,8484,1594,10078,0.8418,0.1582,0.1879,200,
2026-07-06,US.DELL,58338,13523,71861,0.8118,0.1882,0.2318,200,
2026-07-06,US.DRAM,159297,52793,212090,0.7511,0.2489,0.3314,200,
2026-07-06,US.DUOL,7446,1307,8753,0.8507,0.1493,0.1755,200,
2026-07-06,US.EUV,869,255,1124,0.7731,0.2269,0.2934,138,
2026-07-06,US.FIG,43767,6661,50428,0.8679,0.1321,0.1522,200,
2026-07-06,US.FOTO,124,69,193,0.6425,0.3575,0.5565,134,
2026-07-06,US.FUTU,2767,2552,5319,0.5202,0.4798,0.9223,200,
2026-07-06,US.GDS,1420,19,1439,0.9868,0.0132,0.0134,200,
2026-07-06,US.GEV,7399,3660,11059,0.669,0.331,0.4947,200,
2026-07-06,US.GFS,2411,2227,4638,0.5198,0.4802,0.9237,200,
2026-07-06,US.GLW,31297,13391,44688,0.7003,0.2997,0.4279,200,
2026-07-06,US.GOOGL,123361,20405,143766,0.8581,0.1419,0.1654,200,
2026-07-06,US.HOOD,133007,23136,156143,0.8518,0.1482,0.1739,200,
2026-07-06,US.HPE,15233,7660,22893,0.6654,0.3346,0.5029,200,
2026-07-06,US.IBIT,198209,119363,317572,0.6241,0.3759,0.6022,200,
2026-07-06,US.IBM,45609,10659,56268,0.8106,0.1894,0.2337,200,
2026-07-06,US.IGV,23539,15280,38819,0.6064,0.3936,0.6491,200,
2026-07-06,US.INTC,388589,61512,450101,0.8633,0.1367,0.1583,200,
2026-07-06,US.INTU,4922,3730,8652,0.5689,0.4311,0.7578,200,
2026-07-06,US.IREN,243690,66219,309909,0.7863,0.2137,0.2717,200,
2026-07-06,US.IWM,118195,299177,417372,0.2832,0.7168,2.5312,200,
2026-07-06,US.LITE,5301,3589,8890,0.5963,0.4037,0.677,200,
2026-07-06,US.MARA,82280,25381,107661,0.7643,0.2357,0.3085,200,
2026-07-06,US.MDB,24136,4227,28363,0.851,0.149,0.1751,200,
2026-07-06,US.META,133303,23758,157061,0.8487,0.1513,0.1782,200,
2026-07-06,US.MRVL,70801,33811,104612,0.6768,0.3232,0.4775,200,
2026-07-06,US.MSFT,143588,38727,182315,0.7876,0.2124,0.2697,200,
2026-07-06,US.MSTR,156045,73339,229384,0.6803,0.3197,0.47,200,
2026-07-06,US.NBIS,64057,62324,126381,0.5069,0.4931,0.9729,200,
2026-07-06,US.NET,4622,2907,7529,0.6139,0.3861,0.6289,200,
2026-07-06,US.NOK,123938,67266,191204,0.6482,0.3518,0.5427,200,
2026-07-06,US.NOW,79284,14683,93967,0.8437,0.1563,0.1852,200,
2026-07-06,US.NVDA,596626,199929,796555,0.749,0.251,0.3351,200,
2026-07-06,US.OKLO,19079,9247,28326,0.6736,0.3264,0.4847,200,
2026-07-06,US.OPEN,147954,25183,173137,0.8545,0.1455,0.1702,200,
2026-07-06,US.ORCL,121536,35680,157216,0.7731,0.2269,0.2936,200,
2026-07-06,US.PANW,22416,10963,33379,0.6716,0.3284,0.4891,200,
2026-07-06,US.PLTR,253779,55681,309460,0.8201,0.1799,0.2194,200,
2026-07-06,US.QCOM,49666,21777,71443,0.6952,0.3048,0.4385,200,
2026-07-06,US.RDDT,28177,7447,35624,0.791,0.209,0.2643,200,
2026-07-06,US.SAP,857,926,1783,0.4807,0.5193,1.0805,200,
2026-07-06,US.SMCI,75381,25912,101293,0.7442,0.2558,0.3437,200,
2026-07-06,US.SNOW,9926,4696,14622,0.6788,0.3212,0.4731,200,
2026-07-06,US.SOFI,274694,72358,347052,0.7915,0.2085,0.2634,200,
2026-07-06,US.SOUN,73332,11999,85331,0.8594,0.1406,0.1636,200,
2026-07-06,US.TEAM,3449,780,4229,0.8156,0.1844,0.2262,200,
2026-07-06,US.TSLA,707047,274288,981335,0.7205,0.2795,0.3879,200,
2026-07-06,US.TSM,40807,33278,74085,0.5508,0.4492,0.8155,200,
2026-07-06,US.TWLO,2555,1130,3685,0.6934,0.3066,0.4423,200,
2026-07-06,US.UPST,12160,3460,15620,0.7785,0.2215,0.2845,200,
2026-07-06,US.UVXY,30218,4503,34721,0.8703,0.1297,0.149,200,
2026-07-06,US.VST,24099,6094,30193,0.7982,0.2018,0.2529,200,
2026-07-06,US.YINN,4499,1335,5834,0.7712,0.2288,0.2967,200,
2026-07-07,US.AAPL,392826,345524,738350,0.532,0.468,0.8796,200,
2026-07-07,US.AMD,117719,80650,198369,0.5934,0.4066,0.6851,200,
2026-07-07,US.AMZN,343144,122148,465292,0.7375,0.2625,0.356,200,
2026-07-07,US.APLD,35125,14562,49687,0.7069,0.2931,0.4146,200,
2026-07-07,US.ASML,6166,3119,9285,0.6641,0.3359,0.5058,200,
2026-07-07,US.AVGO,73560,32163,105723,0.6958,0.3042,0.4372,200,
2026-07-07,US.BABA,78762,29324,108086,0.7287,0.2713,0.3723,200,
2026-07-07,US.BBAI,22822,5196,28018,0.8145,0.1855,0.2277,200,
2026-07-07,US.BE,27643,38501,66144,0.4179,0.5821,1.3928,200,
2026-07-07,US.CBRS,14768,5914,20682,0.7141,0.2859,0.4005,200,
2026-07-07,US.COHR,10368,7019,17387,0.5963,0.4037,0.677,200,
2026-07-07,US.COIN,26521,27894,54415,0.4874,0.5126,1.0518,200,
2026-07-07,US.CRCL,18429,12177,30606,0.6021,0.3979,0.6608,200,
2026-07-07,US.CRM,43273,13554,56827,0.7615,0.2385,0.3132,200,
2026-07-07,US.CRWD,22091,12101,34192,0.6461,0.3539,0.5478,200,
2026-07-07,US.CRWV,67844,55362,123206,0.5507,0.4493,0.816,200,
2026-07-07,US.DDOG,8379,3201,11580,0.7236,0.2764,0.382,200,
2026-07-07,US.DELL,37331,11461,48792,0.7651,0.2349,0.307,200,
2026-07-07,US.DRAM,151034,75821,226855,0.6658,0.3342,0.502,200,
2026-07-07,US.DUOL,4295,1770,6065,0.7082,0.2918,0.4121,200,
2026-07-07,US.EUV,1191,267,1458,0.8169,0.1831,0.2242,138,
2026-07-07,US.FIG,47653,13317,60970,0.7816,0.2184,0.2795,200,
2026-07-07,US.FOTO,189,231,420,0.45,0.55,1.2222,152,
2026-07-07,US.FUTU,2481,6624,9105,0.2725,0.7275,2.6699,200,
2026-07-07,US.GDS,2842,3701,6543,0.4344,0.5656,1.3023,200,
2026-07-07,US.GEV,6622,10711,17333,0.382,0.618,1.6175,200,
2026-07-07,US.GFS,3780,1656,5436,0.6954,0.3046,0.4381,200,
2026-07-07,US.GLW,17071,24877,41948,0.407,0.593,1.4573,200,
2026-07-07,US.GOOGL,170928,45058,215986,0.7914,0.2086,0.2636,200,
2026-07-07,US.HOOD,88212,25403,113615,0.7764,0.2236,0.288,200,
2026-07-07,US.HPE,10148,8258,18406,0.5513,0.4487,0.8138,200,
2026-07-07,US.IBIT,212401,72024,284425,0.7468,0.2532,0.3391,200,
2026-07-07,US.IBM,58012,11961,69973,0.8291,0.1709,0.2062,200,
2026-07-07,US.IGV,24028,34746,58774,0.4088,0.5912,1.4461,200,
2026-07-07,US.INTC,287517,148514,436031,0.6594,0.3406,0.5165,200,
2026-07-07,US.INTU,5603,3418,9021,0.6211,0.3789,0.61,200,
2026-07-07,US.IREN,135785,66427,202212,0.6715,0.3285,0.4892,200,
2026-07-07,US.IWM,131777,274691,406468,0.3242,0.6758,2.0845,200,
2026-07-07,US.LITE,5090,4912,10002,0.5089,0.4911,0.965,200,
2026-07-07,US.MARA,76472,38866,115338,0.663,0.337,0.5082,200,
2026-07-07,US.MDB,9017,2971,11988,0.7522,0.2478,0.3295,200,
2026-07-07,US.META,327738,69717,397455,0.8246,0.1754,0.2127,200,
2026-07-07,US.MRVL,97533,43454,140987,0.6918,0.3082,0.4455,200,
2026-07-07,US.MSFT,316442,57135,373577,0.8471,0.1529,0.1806,200,
2026-07-07,US.MSTR,105538,67893,173431,0.6085,0.3915,0.6433,200,
2026-07-07,US.NBIS,53383,40356,93739,0.5695,0.4305,0.756,200,
2026-07-07,US.NET,18731,6963,25694,0.729,0.271,0.3717,200,
2026-07-07,US.NOK,139114,29151,168265,0.8268,0.1732,0.2095,200,
2026-07-07,US.NOW,108343,21051,129394,0.8373,0.1627,0.1943,200,
2026-07-07,US.NVDA,1300462,616116,1916578,0.6785,0.3215,0.4738,200,
2026-07-07,US.OKLO,22012,14694,36706,0.5997,0.4003,0.6675,200,
2026-07-07,US.OPEN,60885,13011,73896,0.8239,0.1761,0.2137,200,
2026-07-07,US.ORCL,152833,52503,205336,0.7443,0.2557,0.3435,200,
2026-07-07,US.PANW,9563,3591,13154,0.727,0.273,0.3755,200,
2026-07-07,US.PLTR,283623,94029,377652,0.751,0.249,0.3315,200,
2026-07-07,US.QCOM,23156,12911,36067,0.642,0.358,0.5576,200,
2026-07-07,US.RDDT,12672,5017,17689,0.7164,0.2836,0.3959,200,
2026-07-07,US.SAP,1138,343,1481,0.7684,0.2316,0.3014,200,
2026-07-07,US.SMCI,61990,24032,86022,0.7206,0.2794,0.3877,200,
2026-07-07,US.SNOW,20407,4833,25240,0.8085,0.1915,0.2368,200,
2026-07-07,US.SOFI,217791,68477,286268,0.7608,0.2392,0.3144,200,
2026-07-07,US.SOUN,31048,11993,43041,0.7214,0.2786,0.3863,200,
2026-07-07,US.TEAM,6253,1150,7403,0.8447,0.1553,0.1839,200,
2026-07-07,US.TSLA,752654,848910,1601564,0.4699,0.5301,1.1279,200,
2026-07-07,US.TSM,33749,40887,74636,0.4522,0.5478,1.2115,200,
2026-07-07,US.TWLO,3877,1526,5403,0.7176,0.2824,0.3936,200,
2026-07-07,US.UPST,8549,3379,11928,0.7167,0.2833,0.3953,200,
2026-07-07,US.UVXY,18031,8087,26118,0.6904,0.3096,0.4485,200,
2026-07-07,US.VST,4405,4064,8469,0.5201,0.4799,0.9226,200,
2026-07-07,US.YINN,2166,1030,3196,0.6777,0.3223,0.4755,200,
2026-07-08,US.AAPL,234164,194169,428333,0.5467,0.4533,0.8292,200,
2026-07-08,US.AMD,102100,63564,165664,0.6163,0.3837,0.6226,200,
2026-07-08,US.AMZN,143008,64622,207630,0.6888,0.3112,0.4519,200,
2026-07-08,US.APLD,36663,12854,49517,0.7404,0.2596,0.3506,200,
2026-07-08,US.ASML,4521,2998,7519,0.6013,0.3987,0.6631,200,
2026-07-08,US.AVGO,157475,37215,194690,0.8088,0.1912,0.2363,200,
2026-07-08,US.BABA,216233,54930,271163,0.7974,0.2026,0.254,200,
2026-07-08,US.BBAI,26118,2846,28964,0.9017,0.0983,0.109,200,
2026-07-08,US.BE,29570,139310,168880,0.1751,0.8249,4.7112,200,
2026-07-08,US.CBRS,13182,5310,18492,0.7128,0.2872,0.4028,200,
2026-07-08,US.COHR,2787,4714,7501,0.3716,0.6284,1.6914,200,
2026-07-08,US.COIN,23640,23262,46902,0.504,0.496,0.984,200,
2026-07-08,US.CRCL,22247,16679,38926,0.5715,0.4285,0.7497,200,
2026-07-08,US.CRM,22287,5880,28167,0.7912,0.2088,0.2638,200,
2026-07-08,US.CRWD,13149,12080,25229,0.5212,0.4788,0.9187,200,
2026-07-08,US.CRWV,76623,35022,111645,0.6863,0.3137,0.4571,200,
2026-07-08,US.DDOG,6155,3014,9169,0.6713,0.3287,0.4897,200,
2026-07-08,US.DELL,77115,9698,86813,0.8883,0.1117,0.1258,200,
2026-07-08,US.DRAM,203936,36262,240198,0.849,0.151,0.1778,200,
2026-07-08,US.DUOL,2010,3623,5633,0.3568,0.6432,1.8025,200,
2026-07-08,US.EUV,621,185,806,0.7705,0.2295,0.2979,138,
2026-07-08,US.FIG,18395,11851,30246,0.6082,0.3918,0.6443,200,
2026-07-08,US.FOTO,187,164,351,0.5328,0.4672,0.877,152,
2026-07-08,US.FUTU,2684,2487,5171,0.519,0.481,0.9266,200,
2026-07-08,US.GDS,2285,158,2443,0.9353,0.0647,0.0691,200,
2026-07-08,US.GEV,3369,4068,7437,0.453,0.547,1.2075,200,
2026-07-08,US.GFS,1769,659,2428,0.7286,0.2714,0.3725,200,
2026-07-08,US.GLW,17164,18262,35426,0.4845,0.5155,1.064,200,
2026-07-08,US.GOOGL,63509,24727,88236,0.7198,0.2802,0.3893,200,
2026-07-08,US.HOOD,105501,17260,122761,0.8594,0.1406,0.1636,200,
2026-07-08,US.HPE,19139,5575,24714,0.7744,0.2256,0.2913,200,
2026-07-08,US.IBIT,133004,121216,254220,0.5232,0.4768,0.9114,200,
2026-07-08,US.IBM,22604,6385,28989,0.7797,0.2203,0.2825,200,
2026-07-08,US.IGV,15506,14441,29947,0.5178,0.4822,0.9313,200,
2026-07-08,US.INTC,248921,112094,361015,0.6895,0.3105,0.4503,200,
2026-07-08,US.INTU,8156,2812,10968,0.7436,0.2564,0.3448,200,
2026-07-08,US.IREN,83443,77663,161106,0.5179,0.4821,0.9307,200,
2026-07-08,US.IWM,168859,660294,829153,0.2037,0.7963,3.9103,200,
2026-07-08,US.LITE,2262,6208,8470,0.2671,0.7329,2.7445,200,
2026-07-08,US.MARA,184820,18965,203785,0.9069,0.0931,0.1026,200,
2026-07-08,US.MDB,29089,1019,30108,0.9662,0.0338,0.035,200,
2026-07-08,US.META,84909,26517,111426,0.762,0.238,0.3123,200,
2026-07-08,US.MRVL,69113,28806,97919,0.7058,0.2942,0.4168,200,
2026-07-08,US.MSFT,115235,23351,138586,0.8315,0.1685,0.2026,200,
2026-07-08,US.MSTR,121217,70334,191551,0.6328,0.3672,0.5802,200,
2026-07-08,US.NBIS,62636,84427,147063,0.4259,0.5741,1.3479,200,
2026-07-08,US.NET,16397,3978,20375,0.8048,0.1952,0.2426,200,
2026-07-08,US.NOK,89717,38998,128715,0.697,0.303,0.4347,200,
2026-07-08,US.NOW,57072,19604,76676,0.7443,0.2557,0.3435,200,
2026-07-08,US.NVDA,1420969,392486,1813455,0.7836,0.2164,0.2762,200,
2026-07-08,US.OKLO,16006,11750,27756,0.5767,0.4233,0.7341,200,
2026-07-08,US.OPEN,56171,12150,68321,0.8222,0.1778,0.2163,200,
2026-07-08,US.ORCL,177232,44695,221927,0.7986,0.2014,0.2522,200,
2026-07-08,US.PANW,14197,11668,25865,0.5489,0.4511,0.8219,200,
2026-07-08,US.PLTR,201251,94957,296208,0.6794,0.3206,0.4718,200,
2026-07-08,US.QCOM,29556,15305,44861,0.6588,0.3412,0.5178,200,
2026-07-08,US.RDDT,11290,5533,16823,0.6711,0.3289,0.4901,200,
2026-07-08,US.SAP,4806,815,5621,0.855,0.145,0.1696,200,
2026-07-08,US.SMCI,155137,19391,174528,0.8889,0.1111,0.125,200,
2026-07-08,US.SNOW,10632,4053,14685,0.724,0.276,0.3812,200,
2026-07-08,US.SOFI,183661,56927,240588,0.7634,0.2366,0.31,200,
2026-07-08,US.SOUN,15764,5611,21375,0.7375,0.2625,0.3559,200,
2026-07-08,US.TEAM,3846,1594,5440,0.707,0.293,0.4145,200,
2026-07-08,US.TSLA,403115,279411,682526,0.5906,0.4094,0.6931,200,
2026-07-08,US.TSM,31259,20220,51479,0.6072,0.3928,0.6469,200,
2026-07-08,US.TWLO,2257,1045,3302,0.6835,0.3165,0.463,200,
2026-07-08,US.UPST,7730,2570,10300,0.7505,0.2495,0.3325,200,
2026-07-08,US.UVXY,26476,11340,37816,0.7001,0.2999,0.4283,200,
2026-07-08,US.VST,100519,3266,103785,0.9685,0.0315,0.0325,200,
2026-07-08,US.YINN,7605,1668,9273,0.8201,0.1799,0.2193,200,
2026-07-10,US.AAPL,307809,101185,408994,0.7526,0.2474,0.3287,200,
2026-07-10,US.AMD,79131,33398,112529,0.7032,0.2968,0.4221,200,
2026-07-10,US.AMZN,248191,73523,321714,0.7715,0.2285,0.2962,200,
2026-07-10,US.APLD,26567,27345,53912,0.4928,0.5072,1.0293,200,
2026-07-10,US.ASML,3460,2956,6416,0.5393,0.4607,0.8543,200,
2026-07-10,US.AVGO,58605,28002,86607,0.6767,0.3233,0.4778,200,
2026-07-10,US.BABA,89263,16126,105389,0.847,0.153,0.1807,200,
2026-07-10,US.BBAI,13119,1688,14807,0.886,0.114,0.1287,200,
2026-07-10,US.BE,35411,45780,81191,0.4361,0.5639,1.2928,200,
2026-07-10,US.CBRS,14885,5113,19998,0.7443,0.2557,0.3435,200,
2026-07-10,US.COHR,4444,6359,10803,0.4114,0.5886,1.4309,200,
2026-07-10,US.COIN,48707,30478,79185,0.6151,0.3849,0.6257,200,
2026-07-10,US.CRCL,82039,17582,99621,0.8235,0.1765,0.2143,200,
2026-07-10,US.CRM,21669,9800,31469,0.6886,0.3114,0.4523,200,
2026-07-10,US.CRWD,22253,16680,38933,0.5716,0.4284,0.7496,200,
2026-07-10,US.CRWV,57573,44054,101627,0.5665,0.4335,0.7652,200,
2026-07-10,US.DDOG,6331,4032,10363,0.6109,0.3891,0.6369,200,
2026-07-10,US.DELL,12655,4709,17364,0.7288,0.2712,0.3721,200,
2026-07-10,US.DRAM,87484,50692,138176,0.6331,0.3669,0.5794,200,
2026-07-10,US.DUOL,2046,1065,3111,0.6577,0.3423,0.5205,200,
2026-07-10,US.EUV,338,142,480,0.7042,0.2958,0.4201,138,
2026-07-10,US.FIG,23335,9414,32749,0.7125,0.2875,0.4034,200,
2026-07-10,US.FOTO,15,34,49,0.3061,0.6939,2.2667,152,
2026-07-10,US.FUTU,882,5032,5914,0.1491,0.8509,5.7052,200,
2026-07-10,US.GDS,859,63,922,0.9317,0.0683,0.0733,200,
2026-07-10,US.GEV,2900,3713,6613,0.4385,0.5615,1.2803,200,
2026-07-10,US.GFS,844,1007,1851,0.456,0.544,1.1931,200,
2026-07-10,US.GLW,13217,12960,26177,0.5049,0.4951,0.9806,200,
2026-07-10,US.GOOGL,101249,42349,143598,0.7051,0.2949,0.4183,200,
2026-07-10,US.HOOD,133567,25296,158863,0.8408,0.1592,0.1894,200,
2026-07-10,US.HPE,20201,5116,25317,0.7979,0.2021,0.2533,200,
2026-07-10,US.IBIT,170605,149577,320182,0.5328,0.4672,0.8767,200,
2026-07-10,US.IBM,14911,4911,19822,0.7522,0.2478,0.3294,200,
2026-07-10,US.IGV,26564,55819,82383,0.3224,0.6776,2.1013,200,
2026-07-10,US.INTC,177465,74776,252241,0.7036,0.2964,0.4214,200,
2026-07-10,US.INTU,3556,2312,5868,0.606,0.394,0.6502,200,
2026-07-10,US.IREN,142744,223296,366040,0.39,0.61,1.5643,200,
2026-07-10,US.IWM,140028,247013,387041,0.3618,0.6382,1.764,200,
2026-07-10,US.LITE,7482,4574,12056,0.6206,0.3794,0.6113,200,
2026-07-10,US.MARA,124245,32448,156693,0.7929,0.2071,0.2612,200,
2026-07-10,US.MDB,4632,3988,8620,0.5374,0.4626,0.861,200,
2026-07-10,US.META,395458,52922,448380,0.882,0.118,0.1338,200,
2026-07-10,US.MRVL,45696,29814,75510,0.6052,0.3948,0.6524,200,
2026-07-10,US.MSFT,218228,33470,251698,0.867,0.133,0.1534,200,
2026-07-10,US.MSTR,124413,71975,196388,0.6335,0.3665,0.5785,200,
2026-07-10,US.NBIS,41413,32189,73602,0.5627,0.4373,0.7773,200,
2026-07-10,US.NET,6292,7113,13405,0.4694,0.5306,1.1305,200,
2026-07-10,US.NOK,78966,15045,94011,0.84,0.16,0.1905,200,
2026-07-10,US.NOW,45333,13940,59273,0.7648,0.2352,0.3075,200,
2026-07-10,US.NVDA,1306691,364709,1671400,0.7818,0.2182,0.2791,200,
2026-07-10,US.OKLO,24162,7723,31885,0.7578,0.2422,0.3196,200,
2026-07-10,US.OPEN,105118,19218,124336,0.8454,0.1546,0.1828,200,
2026-07-10,US.ORCL,145732,38260,183992,0.7921,0.2079,0.2625,200,
2026-07-10,US.PANW,7644,4494,12138,0.6298,0.3702,0.5879,200,
2026-07-10,US.PLTR,165597,46446,212043,0.781,0.219,0.2805,200,
2026-07-10,US.QCOM,18036,12049,30085,0.5995,0.4005,0.6681,200,
2026-07-10,US.RDDT,13711,7527,21238,0.6456,0.3544,0.549,200,
2026-07-10,US.SAP,1951,1658,3609,0.5406,0.4594,0.8498,200,
2026-07-10,US.SMCI,125807,35143,160950,0.7817,0.2183,0.2793,200,
2026-07-10,US.SNOW,15021,7324,22345,0.6722,0.3278,0.4876,200,
2026-07-10,US.SOFI,356922,64091,421013,0.8478,0.1522,0.1796,200,
2026-07-10,US.SOUN,15698,4857,20555,0.7637,0.2363,0.3094,200,
2026-07-10,US.TEAM,5840,1360,7200,0.8111,0.1889,0.2329,200,
2026-07-10,US.TSLA,531719,205480,737199,0.7213,0.2787,0.3864,200,
2026-07-10,US.TSM,45415,42533,87948,0.5164,0.4836,0.9365,200,
2026-07-10,US.TWLO,1327,1092,2419,0.5486,0.4514,0.8229,200,
2026-07-10,US.UPST,6358,5420,11778,0.5398,0.4602,0.8525,200,
2026-07-10,US.UVXY,34246,6177,40423,0.8472,0.1528,0.1804,200,
2026-07-10,US.VST,9406,3312,12718,0.7396,0.2604,0.3521,200,
2026-07-10,US.YINN,1807,1004,2811,0.6428,0.3572,0.5556,200,
2026-07-13,US.AAPL,418892,138916,557808,0.751,0.249,0.3316,200,
2026-07-13,US.AMD,69273,54811,124084,0.5583,0.4417,0.7912,200,
2026-07-13,US.AMZN,263260,79075,342335,0.769,0.231,0.3004,200,
2026-07-13,US.APLD,42768,16462,59230,0.7221,0.2779,0.3849,200,
2026-07-13,US.ASML,3507,4302,7809,0.4491,0.5509,1.2267,200,
2026-07-13,US.AVGO,56432,31535,87967,0.6415,0.3585,0.5588,200,
2026-07-13,US.BABA,59141,23139,82280,0.7188,0.2812,0.3913,200,
2026-07-13,US.BBAI,21671,8774,30445,0.7118,0.2882,0.4049,200,
2026-07-13,US.BE,31515,50975,82490,0.382,0.618,1.6175,200,
2026-07-13,US.CBRS,6839,4933,11772,0.581,0.419,0.7213,200,
2026-07-13,US.COHR,3730,8741,12471,0.2991,0.7009,2.3434,200,
2026-07-13,US.COIN,32476,24586,57062,0.5691,0.4309,0.7571,200,
2026-07-13,US.CRCL,53231,14373,67604,0.7874,0.2126,0.27,200,
2026-07-13,US.CRM,46579,35754,82333,0.5657,0.4343,0.7676,200,
2026-07-13,US.CRWD,26240,21270,47510,0.5523,0.4477,0.8106,200,
2026-07-13,US.CRWV,72833,34679,107512,0.6774,0.3226,0.4761,200,
2026-07-13,US.DDOG,5516,2292,7808,0.7065,0.2935,0.4155,200,
2026-07-13,US.DELL,14393,11544,25937,0.5549,0.4451,0.8021,200,
2026-07-13,US.DRAM,223336,227034,450370,0.4959,0.5041,1.0166,200,
2026-07-13,US.DUOL,2898,1064,3962,0.7314,0.2686,0.3671,200,
2026-07-13,US.EUV,784,144,928,0.8448,0.1552,0.1837,138,
2026-07-13,US.FIG,171530,13410,184940,0.9275,0.0725,0.0782,200,
2026-07-13,US.FOTO,159,58,217,0.7327,0.2673,0.3648,152,
2026-07-13,US.FUTU,1668,4085,5753,0.2899,0.7101,2.449,200,
2026-07-13,US.GDS,554,295,849,0.6525,0.3475,0.5325,200,
2026-07-13,US.GEV,3063,6564,9627,0.3182,0.6818,2.143,200,
2026-07-13,US.GFS,1656,4044,5700,0.2905,0.7095,2.442,200,
2026-07-13,US.GLW,10796,13275,24071,0.4485,0.5515,1.2296,200,
2026-07-13,US.GOOGL,69542,27692,97234,0.7152,0.2848,0.3982,200,
2026-07-13,US.HOOD,78982,31990,110972,0.7117,0.2883,0.405,200,
2026-07-13,US.HPE,9195,6260,15455,0.595,0.405,0.6808,200,
2026-07-13,US.IBIT,113547,95600,209147,0.5429,0.4571,0.8419,200,
2026-07-13,US.IBM,38361,7488,45849,0.8367,0.1633,0.1952,200,
2026-07-13,US.IGV,14692,23024,37716,0.3895,0.6105,1.5671,200,
2026-07-13,US.INTC,196179,87548,283727,0.6914,0.3086,0.4463,200,
2026-07-13,US.INTU,10421,5532,15953,0.6532,0.3468,0.5309,200,
2026-07-13,US.IREN,121261,161229,282490,0.4293,0.5707,1.3296,200,
2026-07-13,US.IWM,122397,419835,542232,0.2257,0.7743,3.4301,200,
2026-07-13,US.LITE,5991,6190,12181,0.4918,0.5082,1.0332,200,
2026-07-13,US.MARA,65241,19833,85074,0.7669,0.2331,0.304,200,
2026-07-13,US.MDB,3204,3769,6973,0.4595,0.5405,1.1763,200,
2026-07-13,US.META,175220,41529,216749,0.8084,0.1916,0.237,200,
2026-07-13,US.MRVL,76530,44103,120633,0.6344,0.3656,0.5763,200,
2026-07-13,US.MSFT,223076,40115,263191,0.8476,0.1524,0.1798,200,
2026-07-13,US.MSTR,58393,49589,107982,0.5408,0.4592,0.8492,200,
2026-07-13,US.NBIS,66947,91375,158322,0.4229,0.5771,1.3649,200,
2026-07-13,US.NET,8782,6526,15308,0.5737,0.4263,0.7431,200,
2026-07-13,US.NOK,121674,23966,145640,0.8354,0.1646,0.197,200,
2026-07-13,US.NOW,70518,26861,97379,0.7242,0.2758,0.3809,200,
2026-07-13,US.NVDA,786531,376858,1163389,0.6761,0.3239,0.4791,200,
2026-07-13,US.OKLO,30295,18498,48793,0.6209,0.3791,0.6106,200,
2026-07-13,US.OPEN,68389,19409,87798,0.7789,0.2211,0.2838,200,
2026-07-13,US.ORCL,224823,101631,326454,0.6887,0.3113,0.452,200,
2026-07-13,US.PANW,7920,4465,12385,0.6395,0.3605,0.5638,200,
2026-07-13,US.PLTR,215635,77764,293399,0.735,0.265,0.3606,200,
2026-07-13,US.QCOM,27304,17923,45227,0.6037,0.3963,0.6564,200,
2026-07-13,US.RDDT,16692,9003,25695,0.6496,0.3504,0.5394,200,
2026-07-13,US.SAP,1578,1947,3525,0.4477,0.5523,1.2338,200,
2026-07-13,US.SMCI,40332,20052,60384,0.6679,0.3321,0.4972,200,
2026-07-13,US.SNOW,14622,7832,22454,0.6512,0.3488,0.5356,200,
2026-07-13,US.SOFI,316532,74059,390591,0.8104,0.1896,0.234,200,
2026-07-13,US.SOUN,28710,7305,36015,0.7972,0.2028,0.2544,200,
2026-07-13,US.TEAM,5847,2712,8559,0.6831,0.3169,0.4638,200,
2026-07-13,US.TSLA,355532,275823,631355,0.5631,0.4369,0.7758,200,
2026-07-13,US.TSM,90683,79221,169904,0.5337,0.4663,0.8736,200,
2026-07-13,US.TWLO,3182,1268,4450,0.7151,0.2849,0.3985,200,
2026-07-13,US.UPST,8544,7255,15799,0.5408,0.4592,0.8491,200,
2026-07-13,US.UVXY,27171,6036,33207,0.8182,0.1818,0.2221,200,
2026-07-13,US.VST,14503,10823,25326,0.5727,0.4273,0.7463,200,
2026-07-13,US.YINN,1928,1162,3090,0.6239,0.3761,0.6027,200,
2026-07-15,US.AAPL,1389350,695717,2085067,0.6663,0.3337,0.5007,200,
2026-07-15,US.AMD,146171,96947,243118,0.6012,0.3988,0.6632,200,
2026-07-15,US.AMZN,594162,213710,807872,0.7355,0.2645,0.3597,200,
2026-07-15,US.APLD,40626,14939,55565,0.7311,0.2689,0.3677,200,
2026-07-15,US.ASML,10779,13913,24692,0.4365,0.5635,1.2908,200,
2026-07-15,US.AVGO,91969,45262,137231,0.6702,0.3298,0.4921,200,
2026-07-15,US.BABA,174238,27791,202029,0.8624,0.1376,0.1595,200,
2026-07-15,US.BBAI,17005,5238,22243,0.7645,0.2355,0.308,200,
2026-07-15,US.BE,24107,45093,69200,0.3484,0.6516,1.8705,200,
2026-07-15,US.CBRS,8570,4257,12827,0.6681,0.3319,0.4967,200,
2026-07-15,US.COHR,7268,6854,14122,0.5147,0.4853,0.943,200,
2026-07-15,US.COIN,59552,13031,72583,0.8205,0.1795,0.2188,200,
2026-07-15,US.CRCL,63209,9422,72631,0.8703,0.1297,0.1491,200,
2026-07-15,US.CRM,71529,60612,132141,0.5413,0.4587,0.8474,200,
2026-07-15,US.CRWD,31785,17145,48930,0.6496,0.3504,0.5394,200,
2026-07-15,US.CRWV,87123,85403,172526,0.505,0.495,0.9803,200,
2026-07-15,US.DDOG,8039,2832,10871,0.7395,0.2605,0.3523,200,
2026-07-15,US.DELL,41858,26787,68645,0.6098,0.3902,0.6399,200,
2026-07-15,US.DRAM,473251,99321,572572,0.8265,0.1735,0.2099,200,
2026-07-15,US.DUOL,1547,868,2415,0.6406,0.3594,0.5611,200,
2026-07-15,US.EUV,549,233,782,0.702,0.298,0.4244,138,
2026-07-15,US.FIG,70641,11791,82432,0.857,0.143,0.1669,200,
2026-07-15,US.FOTO,43,76,119,0.3613,0.6387,1.7674,152,
2026-07-15,US.FUTU,3117,2442,5559,0.5607,0.4393,0.7834,200,
2026-07-15,US.GDS,3705,1418,5123,0.7232,0.2768,0.3827,200,
2026-07-15,US.GEV,3319,6177,9496,0.3495,0.6505,1.8611,200,
2026-07-15,US.GFS,1617,1661,3278,0.4933,0.5067,1.0272,200,
2026-07-15,US.GLW,21625,23756,45381,0.4765,0.5235,1.0985,200,
2026-07-15,US.GOOGL,493030,81947,574977,0.8575,0.1425,0.1662,200,
2026-07-15,US.HOOD,115271,14260,129531,0.8899,0.1101,0.1237,200,
2026-07-15,US.HPE,14408,10007,24415,0.5901,0.4099,0.6945,200,
2026-07-15,US.IBIT,203764,86808,290572,0.7013,0.2987,0.426,200,
2026-07-15,US.IBM,91722,79384,171106,0.5361,0.4639,0.8655,200,
2026-07-15,US.IGV,19920,12258,32178,0.6191,0.3809,0.6154,200,
2026-07-15,US.INTC,398042,131232,529274,0.7521,0.2479,0.3297,200,
2026-07-15,US.INTU,3411,2346,5757,0.5925,0.4075,0.6878,200,
2026-07-15,US.IREN,164052,110535,274587,0.5974,0.4026,0.6738,200,
2026-07-15,US.IWM,621644,867471,1489115,0.4175,0.5825,1.3954,200,
2026-07-15,US.LITE,7358,6383,13741,0.5355,0.4645,0.8675,200,
2026-07-15,US.MARA,86709,30127,116836,0.7421,0.2579,0.3474,200,
2026-07-15,US.MDB,7986,2567,10553,0.7568,0.2432,0.3214,200,
2026-07-15,US.META,450866,95764,546630,0.8248,0.1752,0.2124,200,
2026-07-15,US.MRVL,89415,84346,173761,0.5146,0.4854,0.9433,200,
2026-07-15,US.MSFT,548078,123516,671594,0.8161,0.1839,0.2254,200,
2026-07-15,US.MSTR,84975,41588,126563,0.6714,0.3286,0.4894,200,
2026-07-15,US.NBIS,74218,92953,167171,0.444,0.556,1.2524,200,
2026-07-15,US.NET,4805,7877,12682,0.3789,0.6211,1.6393,200,
2026-07-15,US.NOK,195589,72960,268549,0.7283,0.2717,0.373,200,
2026-07-15,US.NOW,55414,13194,68608,0.8077,0.1923,0.2381,200,
2026-07-15,US.NVDA,2120658,942248,3062906,0.6924,0.3076,0.4443,200,
2026-07-15,US.OKLO,17658,7543,25201,0.7007,0.2993,0.4272,200,
2026-07-15,US.OPEN,80411,11201,91612,0.8777,0.1223,0.1393,200,
2026-07-15,US.ORCL,182546,64542,247088,0.7388,0.2612,0.3536,200,
2026-07-15,US.PANW,12958,5556,18514,0.6999,0.3001,0.4288,200,
2026-07-15,US.PLTR,221258,65989,287247,0.7703,0.2297,0.2982,200,
2026-07-15,US.QCOM,25019,13934,38953,0.6423,0.3577,0.5569,200,
2026-07-15,US.RDDT,18753,8991,27744,0.6759,0.3241,0.4794,200,
2026-07-15,US.SAP,3705,1417,5122,0.7234,0.2766,0.3825,200,
2026-07-15,US.SMCI,75590,22027,97617,0.7744,0.2256,0.2914,200,
2026-07-15,US.SNOW,9229,5135,14364,0.6425,0.3575,0.5564,200,
2026-07-15,US.SOFI,210335,68620,278955,0.754,0.246,0.3262,200,
2026-07-15,US.SOUN,116200,98894,215094,0.5402,0.4598,0.8511,200,
2026-07-15,US.TEAM,4292,1751,6043,0.7102,0.2898,0.408,200,
2026-07-15,US.TSLA,1522457,970791,2493248,0.6106,0.3894,0.6376,200,
2026-07-15,US.TSM,110801,105059,215860,0.5133,0.4867,0.9482,200,
2026-07-15,US.TWLO,1205,864,2069,0.5824,0.4176,0.717,200,
2026-07-15,US.UPST,5438,2214,7652,0.7107,0.2893,0.4071,200,
2026-07-15,US.UVXY,21693,4318,26011,0.834,0.166,0.1991,200,
2026-07-15,US.VST,9100,3201,12301,0.7398,0.2602,0.3518,200,
2026-07-15,US.YINN,4303,980,5283,0.8145,0.1855,0.2277,200,
2026-07-16,US.AAPL,830549,483739,1314288,0.6319,0.3681,0.5824,200,
2026-07-16,US.AMD,112286,92423,204709,0.5485,0.4515,0.8231,200,
2026-07-16,US.AMZN,323071,128648,451719,0.7152,0.2848,0.3982,200,
2026-07-16,US.APLD,47487,15596,63083,0.7528,0.2472,0.3284,200,
2026-07-16,US.ASML,5425,5020,10445,0.5194,0.4806,0.9253,200,
2026-07-16,US.AVGO,127560,54950,182510,0.6989,0.3011,0.4308,200,
2026-07-16,US.BABA,72692,41986,114678,0.6339,0.3661,0.5776,200,
2026-07-16,US.BBAI,21809,6280,28089,0.7764,0.2236,0.288,200,
2026-07-16,US.BE,93432,90221,183653,0.5087,0.4913,0.9656,200,
2026-07-16,US.CBRS,26431,6199,32630,0.81,0.19,0.2345,200,
2026-07-16,US.COHR,7531,14801,22332,0.3372,0.6628,1.9653,200,
2026-07-16,US.COIN,32684,25467,58151,0.5621,0.4379,0.7792,200,
2026-07-16,US.CRCL,28265,27039,55304,0.5111,0.4889,0.9566,200,
2026-07-16,US.CRM,33901,19133,53034,0.6392,0.3608,0.5644,200,
2026-07-16,US.CRWD,24403,17557,41960,0.5816,0.4184,0.7195,200,
2026-07-16,US.CRWV,80629,148687,229316,0.3516,0.6484,1.8441,200,
2026-07-16,US.DDOG,4674,2380,7054,0.6626,0.3374,0.5092,200,
2026-07-16,US.DELL,19243,17826,37069,0.5191,0.4809,0.9264,200,
2026-07-16,US.DRAM,221273,226614,447887,0.494,0.506,1.0241,200,
2026-07-16,US.DUOL,1439,1058,2497,0.5763,0.4237,0.7352,200,
2026-07-16,US.EUV,630,388,1018,0.6189,0.3811,0.6159,180,
2026-07-16,US.FIG,163130,15221,178351,0.9147,0.0853,0.0933,200,
2026-07-16,US.FOTO,212,61,273,0.7766,0.2234,0.2877,194,
2026-07-16,US.FUTU,1689,2241,3930,0.4298,0.5702,1.3268,200,
2026-07-16,US.GDS,944,429,1373,0.6875,0.3125,0.4544,200,
2026-07-16,US.GEV,2352,8353,10705,0.2197,0.7803,3.5514,200,
2026-07-16,US.GFS,3646,7053,10699,0.3408,0.6592,1.9344,200,
2026-07-16,US.GLW,22153,58556,80709,0.2745,0.7255,2.6433,200,
2026-07-16,US.GOOGL,273616,158327,431943,0.6335,0.3665,0.5786,200,
2026-07-16,US.HOOD,161136,62633,223769,0.7201,0.2799,0.3887,200,
2026-07-16,US.HPE,24343,6398,30741,0.7919,0.2081,0.2628,200,
2026-07-16,US.IBIT,118558,101583,220141,0.5386,0.4614,0.8568,200,
2026-07-16,US.IBM,140258,91487,231745,0.6052,0.3948,0.6523,200,
2026-07-16,US.IGV,21071,34938,56009,0.3762,0.6238,1.6581,200,
2026-07-16,US.INTC,317891,173550,491441,0.6469,0.3531,0.5459,200,
2026-07-16,US.INTU,13495,9507,23002,0.5867,0.4133,0.7045,200,
2026-07-16,US.IREN,108338,187265,295603,0.3665,0.6335,1.7285,200,
2026-07-16,US.IWM,163602,419209,582811,0.2807,0.7193,2.5624,200,
2026-07-16,US.LITE,5956,9184,15140,0.3934,0.6066,1.542,200,
2026-07-16,US.MARA,293600,74265,367865,0.7981,0.2019,0.2529,200,
2026-07-16,US.MDB,2891,2376,5267,0.5489,0.4511,0.8219,200,
2026-07-16,US.META,228113,42686,270799,0.8424,0.1576,0.1871,200,
2026-07-16,US.MRVL,124162,68953,193115,0.6429,0.3571,0.5553,200,
2026-07-16,US.MSFT,505297,109527,614824,0.8219,0.1781,0.2168,200,
2026-07-16,US.MSTR,92409,88061,180470,0.512,0.488,0.9529,200,
2026-07-16,US.NBIS,68090,155455,223545,0.3046,0.6954,2.2831,200,
2026-07-16,US.NET,3931,5908,9839,0.3995,0.6005,1.5029,200,
2026-07-16,US.NOK,199735,128520,328255,0.6085,0.3915,0.6435,200,
2026-07-16,US.NOW,92804,60910,153714,0.6037,0.3963,0.6563,200,
2026-07-16,US.NVDA,1239703,553926,1793629,0.6912,0.3088,0.4468,200,
2026-07-16,US.OKLO,17238,80827,98065,0.1758,0.8242,4.6889,200,
2026-07-16,US.OPEN,36319,13126,49445,0.7345,0.2655,0.3614,200,
2026-07-16,US.ORCL,158002,239619,397621,0.3974,0.6026,1.5166,200,
2026-07-16,US.PANW,7870,2856,10726,0.7337,0.2663,0.3629,200,
2026-07-16,US.PLTR,245241,87629,332870,0.7367,0.2633,0.3573,200,
2026-07-16,US.QCOM,25322,33952,59274,0.4272,0.5728,1.3408,200,
2026-07-16,US.RDDT,16726,11729,28455,0.5878,0.4122,0.7012,200,
2026-07-16,US.SAP,2327,4078,6405,0.3633,0.6367,1.7525,200,
2026-07-16,US.SMCI,133369,89256,222625,0.5991,0.4009,0.6692,200,
2026-07-16,US.SNOW,9188,8051,17239,0.533,0.467,0.8763,200,
2026-07-16,US.SOFI,155593,72449,228042,0.6823,0.3177,0.4656,200,
2026-07-16,US.SOUN,18472,5505,23977,0.7704,0.2296,0.298,200,
2026-07-16,US.TEAM,3040,1901,4941,0.6153,0.3847,0.6253,200,
2026-07-16,US.TSLA,817523,694176,1511699,0.5408,0.4592,0.8491,200,
2026-07-16,US.TSM,145609,94953,240562,0.6053,0.3947,0.6521,200,
2026-07-16,US.TWLO,1438,870,2308,0.6231,0.3769,0.605,200,
2026-07-16,US.UPST,5958,7687,13645,0.4366,0.5634,1.2902,200,
2026-07-16,US.UVXY,26448,10519,36967,0.7154,0.2846,0.3977,200,
2026-07-16,US.VST,10958,18038,28996,0.3779,0.6221,1.6461,200,
2026-07-16,US.YINN,2052,745,2797,0.7336,0.2664,0.3631,200,
2026-07-17,US.AAPL,1227425,964548,2191973,0.56,0.44,0.7858,200,underlying_overview
2026-07-17,US.AMD,362242,289118,651360,0.5561,0.4439,0.7981,200,underlying_overview
2026-07-17,US.AMZN,484627,217010,701637,0.6907,0.3093,0.4478,200,underlying_overview
2026-07-17,US.APLD,55764,23786,79550,0.701,0.299,0.4265,200,underlying_overview
2026-07-17,US.ASML,14406,14229,28635,0.5031,0.4969,0.9877,200,underlying_overview
2026-07-17,US.AVGO,131231,120112,251343,0.5221,0.4779,0.9153,200,underlying_overview
2026-07-17,US.BABA,103893,52514,156407,0.6642,0.3358,0.5055,200,underlying_overview
2026-07-17,US.BBAI,20491,3984,24475,0.8372,0.1628,0.1944,200,underlying_overview
2026-07-17,US.BE,74689,134740,209429,0.3566,0.6434,1.804,200,underlying_overview
2026-07-17,US.CBRS,23225,14067,37292,0.6228,0.3772,0.6057,200,underlying_overview
2026-07-17,US.COHR,9671,11367,21038,0.4597,0.5403,1.1754,200,underlying_overview
2026-07-17,US.COIN,140013,52853,192866,0.726,0.274,0.3775,200,underlying_overview
2026-07-17,US.CRCL,72375,38766,111141,0.6512,0.3488,0.5356,200,underlying_overview
2026-07-17,US.CRM,40020,17938,57958,0.6905,0.3095,0.4482,200,underlying_overview
2026-07-17,US.CRWD,67180,41855,109035,0.6161,0.3839,0.623,200,underlying_overview
2026-07-17,US.CRWV,175296,92784,268080,0.6539,0.3461,0.5293,200,underlying_overview
2026-07-17,US.DDOG,12271,6713,18984,0.6464,0.3536,0.5471,200,underlying_overview
2026-07-17,US.DELL,55860,62479,118339,0.472,0.528,1.1185,200,underlying_overview
2026-07-17,US.DRAM,322227,201521,523748,0.6152,0.3848,0.6254,200,underlying_overview
2026-07-17,US.DUOL,4046,1508,5554,0.7285,0.2715,0.3727,200,underlying_overview
2026-07-17,US.EUV,1029,424,1453,0.7082,0.2918,0.4121,180,underlying_overview
2026-07-17,US.FIG,93763,9155,102918,0.911,0.089,0.0976,200,underlying_overview
2026-07-17,US.FOTO,160,306,466,0.3433,0.6567,1.9125,194,underlying_overview
2026-07-17,US.FUTU,2766,3898,6664,0.4151,0.5849,1.4093,200,underlying_overview
2026-07-17,US.GDS,562,201,763,0.7366,0.2634,0.3577,200,underlying_overview
2026-07-17,US.GEV,10988,12425,23413,0.4693,0.5307,1.1308,200,underlying_overview
2026-07-17,US.GFS,2044,3776,5820,0.3512,0.6488,1.8474,200,underlying_overview
2026-07-17,US.GLW,35651,32558,68209,0.5227,0.4773,0.9132,200,underlying_overview
2026-07-17,US.GOOGL,335425,212130,547555,0.6126,0.3874,0.6324,200,underlying_overview
2026-07-17,US.HOOD,214286,111968,326254,0.6568,0.3432,0.5225,200,underlying_overview
2026-07-17,US.HPE,10572,8292,18864,0.5604,0.4396,0.7843,200,underlying_overview
2026-07-17,US.IBIT,333527,193469,526996,0.6329,0.3671,0.5801,200,underlying_overview
2026-07-17,US.IBM,103038,60665,163703,0.6294,0.3706,0.5888,200,underlying_overview
2026-07-17,US.IGV,15804,37725,53529,0.2952,0.7048,2.3871,200,underlying_overview
2026-07-17,US.INTC,528303,501769,1030072,0.5129,0.4871,0.9498,200,underlying_overview
2026-07-17,US.INTU,8514,6756,15270,0.5576,0.4424,0.7935,200,underlying_overview
2026-07-17,US.IREN,173052,241665,414717,0.4173,0.5827,1.3965,200,underlying_overview
2026-07-17,US.IWM,604752,1373150,1977902,0.3058,0.6942,2.2706,200,underlying_overview
2026-07-17,US.LITE,16810,19151,35961,0.4675,0.5325,1.1393,200,underlying_overview
2026-07-17,US.MARA,169282,63541,232823,0.7271,0.2729,0.3754,200,underlying_overview
2026-07-17,US.MDB,4429,7352,11781,0.3759,0.6241,1.66,200,underlying_overview
2026-07-17,US.META,719798,303470,1023268,0.7034,0.2966,0.4216,200,underlying_overview
2026-07-17,US.MRVL,155760,90643,246403,0.6321,0.3679,0.5819,200,underlying_overview
2026-07-17,US.MSFT,463972,183198,647170,0.7169,0.2831,0.3948,200,underlying_overview
2026-07-17,US.MSTR,455541,187847,643388,0.708,0.292,0.4124,200,underlying_overview
2026-07-17,US.NBIS,144946,172263,317209,0.4569,0.5431,1.1885,200,underlying_overview
2026-07-17,US.NET,9749,7726,17475,0.5579,0.4421,0.7925,200,underlying_overview
2026-07-17,US.NOK,206223,78108,284331,0.7253,0.2747,0.3788,200,underlying_overview
2026-07-17,US.NOW,63857,40365,104222,0.6127,0.3873,0.6321,200,underlying_overview
2026-07-17,US.NVDA,2702003,1543462,4245465,0.6364,0.3636,0.5712,200,underlying_overview
2026-07-17,US.OKLO,28491,20838,49329,0.5776,0.4224,0.7314,200,underlying_overview
2026-07-17,US.OPEN,72910,17139,90049,0.8097,0.1903,0.2351,200,underlying_overview
2026-07-17,US.ORCL,382157,164027,546184,0.6997,0.3003,0.4292,200,underlying_overview
2026-07-17,US.PANW,20588,14823,35411,0.5814,0.4186,0.72,200,underlying_overview
2026-07-17,US.PLTR,327081,198254,525335,0.6226,0.3774,0.6061,200,underlying_overview
2026-07-17,US.QCOM,58046,58006,116052,0.5002,0.4998,0.9993,200,underlying_overview
2026-07-17,US.RDDT,24743,11874,36617,0.6757,0.3243,0.4799,200,underlying_overview
2026-07-17,US.SAP,2494,2444,4938,0.5051,0.4949,0.98,200,underlying_overview
2026-07-17,US.SMCI,155963,55501,211464,0.7375,0.2625,0.3559,200,underlying_overview
2026-07-17,US.SNOW,30393,12137,42530,0.7146,0.2854,0.3993,200,underlying_overview
2026-07-17,US.SOFI,273679,130012,403691,0.6779,0.3221,0.4751,200,underlying_overview
2026-07-17,US.SOUN,22615,15527,38142,0.5929,0.4071,0.6866,200,underlying_overview
2026-07-17,US.TEAM,3374,1984,5358,0.6297,0.3703,0.588,200,underlying_overview
2026-07-17,US.TSLA,1333584,1287074,2620658,0.5089,0.4911,0.9651,200,underlying_overview
2026-07-17,US.TSM,112158,171247,283405,0.3958,0.6042,1.5268,200,underlying_overview
2026-07-17,US.TWLO,3020,2399,5419,0.5573,0.4427,0.7944,200,underlying_overview
2026-07-17,US.UPST,11245,8512,19757,0.5692,0.4308,0.757,200,underlying_overview
2026-07-17,US.UVXY,57275,20441,77716,0.737,0.263,0.3569,200,underlying_overview
2026-07-17,US.VST,13476,9775,23251,0.5796,0.4204,0.7254,200,underlying_overview
2026-07-17,US.YINN,3568,1859,5427,0.6575,0.3425,0.521,200,underlying_overview
2026-07-20,US.AAPL,1065807,786482,1852289,0.5754,0.4246,0.7379,200,underlying_overview
2026-07-20,US.AMD,329659,177103,506762,0.6505,0.3495,0.5372,200,underlying_overview
2026-07-20,US.AMZN,488151,201094,689245,0.7082,0.2918,0.412,200,underlying_overview
2026-07-20,US.APLD,51805,13239,65044,0.7965,0.2035,0.2556,200,underlying_overview
2026-07-20,US.ASML,8005,12726,20731,0.3861,0.6139,1.5898,200,underlying_overview
2026-07-20,US.AVGO,103368,61718,165086,0.6261,0.3739,0.5971,200,underlying_overview
2026-07-20,US.BABA,174634,50489,225123,0.7757,0.2243,0.2891,200,underlying_overview
2026-07-20,US.BBAI,27297,4347,31644,0.8626,0.1374,0.1592,200,underlying_overview
2026-07-20,US.BE,66038,68206,134244,0.4919,0.5081,1.0328,200,underlying_overview
2026-07-20,US.CBRS,14360,3876,18236,0.7875,0.2125,0.2699,200,underlying_overview
2026-07-20,US.COHR,7088,10406,17494,0.4052,0.5948,1.4681,200,underlying_overview
2026-07-20,US.COIN,53341,26227,79568,0.6704,0.3296,0.4917,200,underlying_overview
2026-07-20,US.CRCL,56054,30596,86650,0.6469,0.3531,0.5458,200,underlying_overview
2026-07-20,US.CRM,38026,16805,54831,0.6935,0.3065,0.4419,200,underlying_overview
2026-07-20,US.CRWD,28898,22326,51224,0.5641,0.4359,0.7726,200,underlying_overview
2026-07-20,US.CRWV,94102,40090,134192,0.7012,0.2988,0.426,200,underlying_overview
2026-07-20,US.DDOG,8331,5237,13568,0.614,0.386,0.6286,200,underlying_overview
2026-07-20,US.DELL,21154,23976,45130,0.4687,0.5313,1.1334,200,underlying_overview
2026-07-20,US.DRAM,173970,95428,269398,0.6458,0.3542,0.5485,200,underlying_overview
2026-07-20,US.DUOL,3695,1353,5048,0.732,0.268,0.3662,200,underlying_overview
2026-07-20,US.EUV,400,164,564,0.7092,0.2908,0.41,148,underlying_overview
2026-07-20,US.FIG,103648,6974,110622,0.937,0.063,0.0673,200,underlying_overview
2026-07-20,US.FOTO,202,31,233,0.867,0.133,0.1535,156,underlying_overview
2026-07-20,US.FUTU,4440,2338,6778,0.6551,0.3449,0.5266,200,underlying_overview
2026-07-20,US.GDS,863,198,1061,0.8134,0.1866,0.2294,200,underlying_overview
2026-07-20,US.GEV,8585,9613,18198,0.4718,0.5282,1.1197,200,underlying_overview
2026-07-20,US.GFS,1743,406,2149,0.8111,0.1889,0.2329,200,underlying_overview
2026-07-20,US.GLW,24885,20403,45288,0.5495,0.4505,0.8199,200,underlying_overview
2026-07-20,US.GOOGL,332347,160437,492784,0.6744,0.3256,0.4827,200,underlying_overview
2026-07-20,US.HOOD,114806,56395,171201,0.6706,0.3294,0.4912,200,underlying_overview
2026-07-20,US.HPE,7742,10301,18043,0.4291,0.5709,1.3305,200,underlying_overview
2026-07-20,US.IBIT,299320,124945,424265,0.7055,0.2945,0.4174,200,underlying_overview
2026-07-20,US.IBM,63369,31239,94608,0.6698,0.3302,0.493,200,underlying_overview
2026-07-20,US.IGV,11141,46014,57155,0.1949,0.8051,4.1301,200,underlying_overview
2026-07-20,US.INTC,428419,212507,640926,0.6684,0.3316,0.496,200,underlying_overview
2026-07-20,US.INTU,7508,3327,10835,0.6929,0.3071,0.4431,200,underlying_overview
2026-07-20,US.IREN,262575,190029,452604,0.5801,0.4199,0.7237,200,underlying_overview
2026-07-20,US.IWM,522443,906754,1429197,0.3656,0.6344,1.7356,200,underlying_overview
2026-07-20,US.LITE,9508,11758,21266,0.4471,0.5529,1.2366,200,underlying_overview
2026-07-20,US.MARA,149504,46757,196261,0.7618,0.2382,0.3127,200,underlying_overview
2026-07-20,US.MDB,5488,4891,10379,0.5288,0.4712,0.8912,200,underlying_overview
2026-07-20,US.META,317225,153389,470614,0.6741,0.3259,0.4835,200,underlying_overview
2026-07-20,US.MRVL,174124,75229,249353,0.6983,0.3017,0.432,200,underlying_overview
2026-07-20,US.MSFT,640910,240280,881190,0.7273,0.2727,0.3749,200,underlying_overview
2026-07-20,US.MSTR,111651,75897,187548,0.5953,0.4047,0.6798,200,underlying_overview
2026-07-20,US.NBIS,86962,143342,230304,0.3776,0.6224,1.6483,200,underlying_overview
2026-07-20,US.NET,6998,7856,14854,0.4711,0.5289,1.1226,200,underlying_overview
2026-07-20,US.NOK,129958,40410,170368,0.7628,0.2372,0.3109,200,underlying_overview
2026-07-20,US.NOW,66401,30767,97168,0.6834,0.3166,0.4634,200,underlying_overview
2026-07-20,US.NVDA,1973672,1151076,3124748,0.6316,0.3684,0.5832,200,underlying_overview
2026-07-20,US.OKLO,35438,9955,45393,0.7807,0.2193,0.2809,200,underlying_overview
2026-07-20,US.OPEN,56027,7205,63232,0.8861,0.1139,0.1286,200,underlying_overview
2026-07-20,US.ORCL,243654,114677,358331,0.68,0.32,0.4707,200,underlying_overview
2026-07-20,US.PANW,9020,13727,22747,0.3965,0.6035,1.5218,200,underlying_overview
2026-07-20,US.PLTR,270983,103104,374087,0.7244,0.2756,0.3805,200,underlying_overview
2026-07-20,US.QCOM,47607,30990,78597,0.6057,0.3943,0.651,200,underlying_overview
2026-07-20,US.RDDT,17962,7664,25626,0.7009,0.2991,0.4267,200,underlying_overview
2026-07-20,US.SAP,2737,2146,4883,0.5605,0.4395,0.7841,200,underlying_overview
2026-07-20,US.SMCI,73041,29742,102783,0.7106,0.2894,0.4072,200,underlying_overview
2026-07-20,US.SNOW,13431,16180,29611,0.4536,0.5464,1.2047,200,underlying_overview
2026-07-20,US.SOFI,194185,83703,277888,0.6988,0.3012,0.431,200,underlying_overview
2026-07-20,US.SOUN,32359,6844,39203,0.8254,0.1746,0.2115,200,underlying_overview
2026-07-20,US.TEAM,7897,908,8805,0.8969,0.1031,0.115,200,underlying_overview
2026-07-20,US.TSLA,1410847,1048584,2459431,0.5736,0.4264,0.7432,200,underlying_overview
2026-07-20,US.TSM,68781,113723,182504,0.3769,0.6231,1.6534,200,underlying_overview
2026-07-20,US.TWLO,2110,1138,3248,0.6496,0.3504,0.5393,200,underlying_overview
2026-07-20,US.UPST,9917,4039,13956,0.7106,0.2894,0.4073,200,underlying_overview
2026-07-20,US.UVXY,25133,9225,34358,0.7315,0.2685,0.367,200,underlying_overview
2026-07-20,US.VST,11699,5763,17462,0.67,0.33,0.4926,200,underlying_overview
2026-07-20,US.YINN,6412,1927,8339,0.7689,0.2311,0.3005,200,underlying_overview
2026-07-21,US.AAPL,678101,438446,1116547,0.6073,0.3927,0.6466,200,underlying_overview
2026-07-21,US.AMD,256253,153545,409798,0.6253,0.3747,0.5992,200,underlying_overview
2026-07-21,US.AMZN,361898,151146,513044,0.7054,0.2946,0.4176,200,underlying_overview
2026-07-21,US.APLD,57399,15060,72459,0.7922,0.2078,0.2624,200,underlying_overview
2026-07-21,US.ASML,10539,9466,20005,0.5268,0.4732,0.8982,200,underlying_overview
2026-07-21,US.AVGO,92761,53002,145763,0.6364,0.3636,0.5714,200,underlying_overview
2026-07-21,US.BABA,99186,30833,130019,0.7629,0.2371,0.3109,200,underlying_overview
2026-07-21,US.BBAI,24784,3052,27836,0.8904,0.1096,0.1231,200,underlying_overview
2026-07-21,US.BE,51463,105286,156749,0.3283,0.6717,2.0459,200,underlying_overview
2026-07-21,US.CBRS,29504,9908,39412,0.7486,0.2514,0.3358,200,underlying_overview
2026-07-21,US.COHR,9723,5882,15605,0.6231,0.3769,0.605,200,underlying_overview
2026-07-21,US.COIN,128164,59686,187850,0.6823,0.3177,0.4657,200,underlying_overview
2026-07-21,US.CRCL,89272,51263,140535,0.6352,0.3648,0.5742,200,underlying_overview
2026-07-21,US.CRM,21952,25823,47775,0.4595,0.5405,1.1763,200,underlying_overview
2026-07-21,US.CRWD,33503,29962,63465,0.5279,0.4721,0.8943,200,underlying_overview
2026-07-21,US.CRWV,97712,47490,145202,0.6729,0.3271,0.486,200,underlying_overview
2026-07-21,US.DDOG,5675,8323,13998,0.4054,0.5946,1.4666,200,underlying_overview
2026-07-21,US.DELL,17202,20999,38201,0.4503,0.5497,1.2207,200,underlying_overview
2026-07-21,US.DRAM,215064,181508,396572,0.5423,0.4577,0.844,200,underlying_overview
2026-07-21,US.DUOL,3018,7630,10648,0.2834,0.7166,2.5282,200,underlying_overview
2026-07-21,US.EUV,1618,202,1820,0.889,0.111,0.1248,148,underlying_overview
2026-07-21,US.FIG,90959,11928,102887,0.8841,0.1159,0.1311,200,underlying_overview
2026-07-21,US.FOTO,329,83,412,0.7985,0.2015,0.2523,156,underlying_overview
2026-07-21,US.FUTU,5813,2334,8147,0.7135,0.2865,0.4015,200,underlying_overview
2026-07-21,US.GDS,2075,15,2090,0.9928,0.0072,0.0072,200,underlying_overview
2026-07-21,US.GEV,12312,16700,29012,0.4244,0.5756,1.3564,200,underlying_overview
2026-07-21,US.GFS,19907,817,20724,0.9606,0.0394,0.041,200,underlying_overview
2026-07-21,US.GLW,28102,16919,45021,0.6242,0.3758,0.6021,200,underlying_overview
2026-07-21,US.GOOGL,154792,70321,225113,0.6876,0.3124,0.4543,200,underlying_overview
2026-07-21,US.HOOD,140022,60770,200792,0.6973,0.3027,0.434,200,underlying_overview
2026-07-21,US.HPE,7653,4207,11860,0.6453,0.3547,0.5497,200,underlying_overview
2026-07-21,US.IBIT,363919,182702,546621,0.6658,0.3342,0.502,200,underlying_overview
2026-07-21,US.IBM,65601,24534,90135,0.7278,0.2722,0.374,200,underlying_overview
2026-07-21,US.IGV,16932,25876,42808,0.3955,0.6045,1.5282,200,underlying_overview
2026-07-21,US.INTC,427693,229213,656906,0.6511,0.3489,0.5359,200,underlying_overview
2026-07-21,US.INTU,2841,3254,6095,0.4661,0.5339,1.1454,200,underlying_overview
2026-07-21,US.IREN,126556,129661,256217,0.4939,0.5061,1.0245,200,underlying_overview
2026-07-21,US.IWM,562359,1099160,1661519,0.3385,0.6615,1.9546,200,underlying_overview
2026-07-21,US.LITE,9883,11259,21142,0.4675,0.5325,1.1392,200,underlying_overview
2026-07-21,US.MARA,155855,45397,201252,0.7744,0.2256,0.2913,200,underlying_overview
2026-07-21,US.MDB,5391,3091,8482,0.6356,0.3644,0.5734,200,underlying_overview
2026-07-21,US.META,223924,79053,302977,0.7391,0.2609,0.353,200,underlying_overview
2026-07-21,US.MRVL,85489,40256,125745,0.6799,0.3201,0.4709,200,underlying_overview
2026-07-21,US.MSFT,291540,96153,387693,0.752,0.248,0.3298,200,underlying_overview
2026-07-21,US.MSTR,177662,96902,274564,0.6471,0.3529,0.5454,200,underlying_overview
2026-07-21,US.NBIS,130929,247528,378457,0.346,0.654,1.8906,200,underlying_overview
2026-07-21,US.NET,5650,5500,11150,0.5067,0.4933,0.9735,200,underlying_overview
2026-07-21,US.NOK,177284,50183,227467,0.7794,0.2206,0.2831,200,underlying_overview
2026-07-21,US.NOW,61836,67428,129264,0.4784,0.5216,1.0904,200,underlying_overview
2026-07-21,US.NVDA,1529381,796175,2325556,0.6576,0.3424,0.5206,200,underlying_overview
2026-07-21,US.OKLO,26700,13394,40094,0.6659,0.3341,0.5016,200,underlying_overview
2026-07-21,US.OPEN,55119,8046,63165,0.8726,0.1274,0.146,200,underlying_overview
2026-07-21,US.ORCL,261286,94638,355924,0.7341,0.2659,0.3622,200,underlying_overview
2026-07-21,US.PANW,16148,21332,37480,0.4308,0.5692,1.321,200,underlying_overview
2026-07-21,US.PLTR,140374,71325,211699,0.6631,0.3369,0.5081,200,underlying_overview
2026-07-21,US.QCOM,28438,17225,45663,0.6228,0.3772,0.6057,200,underlying_overview
2026-07-21,US.RDDT,11242,3598,14840,0.7575,0.2425,0.32,200,underlying_overview
2026-07-21,US.SAP,1249,1408,2657,0.4701,0.5299,1.1273,200,underlying_overview
2026-07-21,US.SMCI,112117,32690,144807,0.7743,0.2257,0.2916,200,underlying_overview
2026-07-21,US.SNOW,12417,8025,20442,0.6074,0.3926,0.6463,200,underlying_overview
2026-07-21,US.SOFI,172901,57298,230199,0.7511,0.2489,0.3314,200,underlying_overview
2026-07-21,US.SOUN,26288,6158,32446,0.8102,0.1898,0.2343,200,underlying_overview
2026-07-21,US.TEAM,2581,2182,4763,0.5419,0.4581,0.8454,200,underlying_overview
2026-07-21,US.TSLA,561159,326151,887310,0.6324,0.3676,0.5812,200,underlying_overview
2026-07-21,US.TSM,80614,80676,161290,0.4998,0.5002,1.0008,200,underlying_overview
2026-07-21,US.TWLO,1478,716,2194,0.6737,0.3263,0.4844,200,underlying_overview
2026-07-21,US.UPST,7211,10801,18012,0.4003,0.5997,1.4979,200,underlying_overview
2026-07-21,US.UVXY,28020,5363,33383,0.8393,0.1607,0.1914,200,underlying_overview
2026-07-21,US.VST,9101,6991,16092,0.5656,0.4344,0.7682,200,underlying_overview
2026-07-21,US.YINN,1360,1097,2457,0.5535,0.4465,0.8066,200,underlying_overview
2026-07-22,US.AAPL,424658,309966,734624,0.5781,0.4219,0.7299,200,underlying_overview
2026-07-22,US.AMD,174072,86448,260520,0.6682,0.3318,0.4966,200,underlying_overview
2026-07-22,US.AMZN,268209,122804,391013,0.6859,0.3141,0.4579,200,underlying_overview
2026-07-22,US.APLD,18668,3980,22648,0.8243,0.1757,0.2132,200,underlying_overview
2026-07-22,US.ASML,3521,2837,6358,0.5538,0.4462,0.8057,200,underlying_overview
2026-07-22,US.AVGO,125587,35710,161297,0.7786,0.2214,0.2843,200,underlying_overview
2026-07-22,US.BABA,35313,9547,44860,0.7872,0.2128,0.2704,200,underlying_overview
2026-07-22,US.BBAI,25407,1867,27274,0.9315,0.0685,0.0735,200,underlying_overview
2026-07-22,US.BE,14994,34307,49301,0.3041,0.6959,2.288,200,underlying_overview
2026-07-22,US.CBRS,29883,15784,45667,0.6544,0.3456,0.5282,200,underlying_overview
2026-07-22,US.COHR,2628,2746,5374,0.489,0.511,1.0449,200,underlying_overview
2026-07-22,US.COIN,31698,20863,52561,0.6031,0.3969,0.6582,200,underlying_overview
2026-07-22,US.CRCL,20116,9845,29961,0.6714,0.3286,0.4894,200,underlying_overview
2026-07-22,US.CRM,13396,17665,31061,0.4313,0.5687,1.3187,200,underlying_overview
2026-07-22,US.CRWD,15980,10935,26915,0.5937,0.4063,0.6843,200,underlying_overview
2026-07-22,US.CRWV,65723,27398,93121,0.7058,0.2942,0.4169,200,underlying_overview
2026-07-22,US.DDOG,3404,1404,4808,0.708,0.292,0.4125,200,underlying_overview
2026-07-22,US.DELL,37368,28408,65776,0.5681,0.4319,0.7602,200,underlying_overview
2026-07-22,US.DRAM,122937,32716,155653,0.7898,0.2102,0.2661,200,underlying_overview
2026-07-22,US.DUOL,508,423,931,0.5456,0.4544,0.8327,200,underlying_overview
2026-07-22,US.EUV,58,8,66,0.8788,0.1212,0.1379,148,underlying_overview
2026-07-22,US.FIG,18352,5965,24317,0.7547,0.2453,0.325,200,underlying_overview
2026-07-22,US.FOTO,22,20,42,0.5238,0.4762,0.9091,156,underlying_overview
2026-07-22,US.FUTU,5811,877,6688,0.8689,0.1311,0.1509,200,underlying_overview
2026-07-22,US.GDS,19,109,128,0.1484,0.8516,5.7368,200,underlying_overview
2026-07-22,US.GEV,9945,15135,25080,0.3965,0.6035,1.5219,200,underlying_overview
2026-07-22,US.GFS,1660,303,1963,0.8456,0.1544,0.1825,200,underlying_overview
2026-07-22,US.GLW,7437,6701,14138,0.526,0.474,0.901,200,underlying_overview
2026-07-22,US.GOOGL,83008,41531,124539,0.6665,0.3335,0.5003,200,underlying_overview
2026-07-22,US.HOOD,29320,14388,43708,0.6708,0.3292,0.4907,200,underlying_overview
2026-07-22,US.HPE,12417,4266,16683,0.7443,0.2557,0.3436,200,underlying_overview
2026-07-22,US.IBIT,104335,40172,144507,0.722,0.278,0.385,200,underlying_overview
2026-07-22,US.IBM,31298,18481,49779,0.6287,0.3713,0.5905,200,underlying_overview
2026-07-22,US.IGV,10497,11997,22494,0.4667,0.5333,1.1429,200,underlying_overview
2026-07-22,US.INTC,161486,105670,267156,0.6045,0.3955,0.6544,200,underlying_overview
2026-07-22,US.INTU,1813,1351,3164,0.573,0.427,0.7452,200,underlying_overview
2026-07-22,US.IREN,52762,49401,102163,0.5164,0.4836,0.9363,200,underlying_overview
2026-07-22,US.IWM,319101,539885,858986,0.3715,0.6285,1.6919,200,underlying_overview
2026-07-22,US.LITE,3596,5171,8767,0.4102,0.5898,1.438,200,underlying_overview
2026-07-22,US.MARA,62979,15440,78419,0.8031,0.1969,0.2452,200,underlying_overview
2026-07-22,US.MDB,3730,2006,5736,0.6503,0.3497,0.5378,200,underlying_overview
2026-07-22,US.META,169643,91069,260712,0.6507,0.3493,0.5368,200,underlying_overview
2026-07-22,US.MRVL,44587,16309,60896,0.7322,0.2678,0.3658,200,underlying_overview
2026-07-22,US.MSFT,268558,113325,381883,0.7032,0.2968,0.422,200,underlying_overview
2026-07-22,US.MSTR,57929,38244,96173,0.6023,0.3977,0.6602,200,underlying_overview
2026-07-22,US.NBIS,38186,47886,86072,0.4437,0.5563,1.254,200,underlying_overview
2026-07-22,US.NET,1656,1924,3580,0.4626,0.5374,1.1618,200,underlying_overview
2026-07-22,US.NOK,110047,15445,125492,0.8769,0.1231,0.1403,200,underlying_overview
2026-07-22,US.NOW,91425,56301,147726,0.6189,0.3811,0.6158,200,underlying_overview
2026-07-22,US.NVDA,1890014,812002,2702016,0.6995,0.3005,0.4296,200,underlying_overview
2026-07-22,US.OKLO,30767,7999,38766,0.7937,0.2063,0.26,200,underlying_overview
2026-07-22,US.OPEN,19869,1984,21853,0.9092,0.0908,0.0999,200,underlying_overview
2026-07-22,US.ORCL,81914,32160,114074,0.7181,0.2819,0.3926,200,underlying_overview
2026-07-22,US.PANW,4283,5579,9862,0.4343,0.5657,1.3026,200,underlying_overview
2026-07-22,US.PLTR,183960,76486,260446,0.7063,0.2937,0.4158,200,underlying_overview
2026-07-22,US.QCOM,18103,7586,25689,0.7047,0.2953,0.419,200,underlying_overview
2026-07-22,US.RDDT,35078,19682,54760,0.6406,0.3594,0.5611,200,underlying_overview
2026-07-22,US.SAP,727,3661,4388,0.1657,0.8343,5.0358,200,underlying_overview
2026-07-22,US.SMCI,409260,91921,501181,0.8166,0.1834,0.2246,200,underlying_overview
2026-07-22,US.SNOW,6287,3526,9813,0.6407,0.3593,0.5608,200,underlying_overview
2026-07-22,US.SOFI,90648,35955,126603,0.716,0.284,0.3966,200,underlying_overview
2026-07-22,US.SOUN,12524,2239,14763,0.8483,0.1517,0.1788,200,underlying_overview
2026-07-22,US.TEAM,4376,1843,6219,0.7037,0.2963,0.4212,200,underlying_overview
2026-07-22,US.TSLA,200229,152492,352721,0.5677,0.4323,0.7616,200,underlying_overview
2026-07-22,US.TSM,20930,22160,43090,0.4857,0.5143,1.0588,200,underlying_overview
2026-07-22,US.TWLO,675,2816,3491,0.1934,0.8066,4.1719,200,underlying_overview
2026-07-22,US.UPST,2287,2564,4851,0.4714,0.5286,1.1211,200,underlying_overview
2026-07-22,US.UVXY,7119,1108,8227,0.8653,0.1347,0.1556,200,underlying_overview
2026-07-22,US.VST,4210,2491,6701,0.6283,0.3717,0.5917,200,underlying_overview
2026-07-22,US.YINN,2602,258,2860,0.9098,0.0902,0.0992,200,underlying_overview
