snapshot_date,underlying,option_code,option_type,strike,expiry,volume,turnover,direction,event_time,raw_text
2026-06-05,US.AAPL,,CALL,307.5,2026-06-12,3486,1945188.0,BUY,06-06 03:57,6.6 03:57，出现一笔买入看涨期权交易，成交量为3486张，未平仓数为668张，V/OI值为8.2，交易金额为1945188USD，合约行权价是307.5，到期日为2026/06/12
2026-06-05,US.AAPL,,CALL,315.0,2026-06-08,2495,261975.0,SELL,06-06 03:57,6.6 03:57，出现一笔卖出看涨期权交易，成交量为2495张，未平仓数为7662张，V/OI值为4.7，交易金额为261975USD，合约行权价是315，到期日为2026/06/08
2026-06-05,US.AAPL,,CALL,310.0,2026-06-18,1000,580000.0,SELL,06-06 03:55,6.6 03:55，出现一笔卖出看涨期权交易，成交量为1000张，未平仓数为42167张，V/OI值为0.3，交易金额为580000USD，合约行权价是310，到期日为2026/06/18
2026-06-05,US.AAPL,,CALL,315.0,2026-06-08,1220,144112.0,BUY,06-06 03:49,6.6 03:49，出现一笔买入看涨期权交易，成交量为1220张，未平仓数为7662张，V/OI值为4.3，交易金额为144112USD，合约行权价是315，到期日为2026/06/08
2026-06-05,US.AAPL,,CALL,307.5,2026-06-08,1000,410000.0,BUY,06-06 03:26,6.6 03:26，出现一笔买入看涨期权交易，成交量为1000张，未平仓数为249张，V/OI值为10.9，交易金额为410000USD，合约行权价是307.5，到期日为2026/06/08
2026-06-05,US.AAPL,,CALL,340.0,2026-07-10,1206,159192.0,SELL,06-06 03:21,6.6 03:21，出现一笔卖出看涨期权交易，成交量为1206张，未平仓数为226张，V/OI值为13.2，交易金额为159192USD，合约行权价是340，到期日为2026/07/10
2026-06-05,US.AAPL,,CALL,320.0,2026-07-17,1000,575000.0,SELL,06-06 03:20,6.6 03:20，出现一笔卖出看涨期权交易，成交量为1000张，未平仓数为38717张，V/OI值为0.1，交易金额为575000USD，合约行权价是320，到期日为2026/07/17
2026-06-05,US.AAPL,,CALL,300.0,2027-01-15,1374,4700960.0,SELL,06-06 03:10,6.6 03:10，出现一笔卖出看涨期权交易，成交量为1374张，未平仓数为65919张，V/OI值为0，交易金额为4700960USD，合约行权价是300，到期日为2027/01/15
2026-06-05,US.AAPL,,CALL,315.0,2026-06-12,1336,451568.0,SELL,06-06 02:54,6.6 02:54，出现一笔卖出看涨期权交易，成交量为1336张，未平仓数为10357张，V/OI值为1.5，交易金额为451568USD，合约行权价是315，到期日为2026/06/12
2026-06-05,US.AAPL,,CALL,320.0,2026-06-12,1336,261856.0,SELL,06-06 02:54,6.6 02:54，出现一笔卖出看涨期权交易，成交量为1336张，未平仓数为20817张，V/OI值为0.6，交易金额为261856USD，合约行权价是320，到期日为2026/06/12
2026-06-05,US.AAPL,,CALL,300.0,2026-06-18,4923,6498360.0,BUY,06-06 02:49,6.6 02:49，出现一笔买入看涨期权交易，成交量为4923张，未平仓数为36296张，V/OI值为0.3，交易金额为6498360USD，合约行权价是300，到期日为2026/06/18
2026-06-05,US.AAPL,,CALL,300.0,2026-06-18,2000,2640000.0,BUY,06-06 02:47,6.6 02:47，出现一笔买入看涨期权交易，成交量为2000张，未平仓数为36296张，V/OI值为0.2，交易金额为2640000USD，合约行权价是300，到期日为2026/06/18
2026-06-05,US.AAPL,,PUT,300.0,2026-06-12,1000,151101.0,SELL,06-06 02:27,6.6 02:27，出现一笔卖出看跌期权交易，成交量为1000张，未平仓数为4676张，V/OI值为1.1，交易金额为151101USD，合约行权价是300，到期日为2026/06/12
2026-06-05,US.AAPL,,PUT,300.0,2026-06-12,1000,135000.0,BUY,06-06 02:21,6.6 02:21，出现一笔买入看跌期权交易，成交量为1000张，未平仓数为4676张，V/OI值为0.9，交易金额为135000USD，合约行权价是300，到期日为2026/06/12
2026-06-05,US.AAPL,,CALL,322.5,2026-06-08,2000,118000.0,SELL,06-06 02:18,6.6 02:18，出现一笔卖出看涨期权交易，成交量为2000张，未平仓数为686张，V/OI值为9.4，交易金额为118000USD，合约行权价是322.5，到期日为2026/06/08
2026-06-05,US.AAPL,,CALL,310.0,2026-06-18,1000,770000.0,BUY,06-06 02:16,6.6 02:16，出现一笔买入看涨期权交易，成交量为1000张，未平仓数为42167张，V/OI值为0.1，交易金额为770000USD，合约行权价是310，到期日为2026/06/18
2026-06-05,US.AAPL,,PUT,305.0,2026-07-17,1000,650000.0,BUY,06-06 02:03,6.6 02:03，出现一笔买入看跌期权交易，成交量为1000张，未平仓数为3372张，V/OI值为0.7，交易金额为650000USD，合约行权价是305，到期日为2026/07/17
2026-06-05,US.AAPL,,CALL,312.5,2026-06-05,2182,141832.0,BUY,06-06 01:56,6.6 01:56，出现一笔买入看涨期权交易，成交量为2182张，未平仓数为14027张，V/OI值为6.8，交易金额为141832USD，合约行权价是312.5，到期日为2026/06/05
2026-06-05,US.AAPL,,CALL,310.0,2026-06-18,1000,743000.0,BUY,06-06 01:46,6.6 01:46，出现一笔买入看涨期权交易，成交量为1000张，未平仓数为42167张，V/OI值为0.1，交易金额为743000USD，合约行权价是310，到期日为2026/06/18
2026-06-05,US.AAPL,,CALL,312.5,2026-06-08,1422,440882.0,SELL,06-06 00:29,6.6 00:29，出现一笔卖出看涨期权交易，成交量为1422张，未平仓数为4544张，V/OI值为2.3，交易金额为440882USD，合约行权价是312.5，到期日为2026/06/08
2026-06-05,US.AAPL,,CALL,310.0,2026-07-17,1200,1488000.0,SELL,06-06 00:21,6.6 00:21，出现一笔卖出看涨期权交易，成交量为1200张，未平仓数为41602张，V/OI值为0.1，交易金额为1488000USD，合约行权价是310，到期日为2026/07/17
2026-06-05,US.AAPL,,CALL,345.0,2026-07-17,1308,224976.0,BUY,06-06 00:11,6.6 00:11，出现一笔买入看涨期权交易，成交量为1308张，未平仓数为2966张，V/OI值为0.5，交易金额为224976USD，合约行权价是345，到期日为2026/07/17
2026-06-05,US.AEHR,,PUT,80.0,2026-07-02,324,184672.0,BUY,06-06 02:43,6.6 02:43，出现一笔买入看跌期权交易，成交量为324张，未平仓数为19张，V/OI值为17.1，交易金额为184672USD，合约行权价是80，到期日为2026/07/02
2026-06-05,US.AMD,,CALL,430.0,2026-06-05,2500,10007500.0,BUY,06-06 03:28,6.6 03:28，出现一笔买入看涨期权交易，成交量为2500张，未平仓数为559张，V/OI值为4.5，交易金额为10007500USD，合约行权价是430，到期日为2026/06/05
2026-06-05,US.AMD,,PUT,320.0,2026-09-18,1400,1904000.0,SELL,06-06 03:26,6.6 03:26，出现一笔卖出看跌期权交易，成交量为1400张，未平仓数为2681张，V/OI值为0.6，交易金额为1904000USD，合约行权价是320，到期日为2026/09/18
2026-06-05,US.AMD,,PUT,390.0,2026-07-02,1000,809010.0,BUY,06-06 02:42,6.6 02:42，出现一笔买入看跌期权交易，成交量为1000张，未平仓数为119张，V/OI值为96，交易金额为809010USD，合约行权价是390，到期日为2026/07/02
2026-06-05,US.AMD,,PUT,390.0,2026-07-02,1783,1248100.0,BUY,06-06 01:44,6.6 01:44，出现一笔买入看跌期权交易，成交量为1783张，未平仓数为119张，V/OI值为72.3，交易金额为1248100USD，合约行权价是390，到期日为2026/07/02
2026-06-05,US.AMD,,PUT,390.0,2026-07-02,2379,1665300.0,BUY,06-06 01:18,6.6 01:18，出现一笔买入看跌期权交易，成交量为2379张，未平仓数为119张，V/OI值为57，交易金额为1665300USD，合约行权价是390，到期日为2026/07/02
2026-06-05,US.AMD,,PUT,390.0,2026-07-02,1467,1026900.0,SELL,06-06 01:14,6.6 01:14，出现一笔卖出看跌期权交易，成交量为1467张，未平仓数为119张，V/OI值为36.3，交易金额为1026900USD，合约行权价是390，到期日为2026/07/02
2026-06-05,US.AMD,,PUT,290.0,2026-09-18,1000,730000.0,SELL,06-06 00:15,6.6 00:15，出现一笔卖出看跌期权交易，成交量为1000张，未平仓数为1447张，V/OI值为0.7，交易金额为730000USD，合约行权价是290，到期日为2026/09/18
2026-06-05,US.AMD,,CALL,530.0,2026-06-18,1148,1325010.0,BUY,06-06 00:03,6.6 00:03，出现一笔买入看涨期权交易，成交量为1148张，未平仓数为6023张，V/OI值为0.2，交易金额为1325010USD，合约行权价是530，到期日为2026/06/18
2026-06-05,US.AMD,,CALL,530.0,2026-06-12,2065,1280075.0,SELL,06-06 00:01,6.6 00:01，出现一笔卖出看涨期权交易，成交量为2065张，未平仓数为2540张，V/OI值为1.1，交易金额为1280075USD，合约行权价是530，到期日为2026/06/12
2026-06-05,US.AMZN,,PUT,220.0,2026-09-18,2210,1613300.0,SELL,06-06 03:54,6.6 03:54，出现一笔卖出看跌期权交易，成交量为2210张，未平仓数为8152张，V/OI值为0.3，交易金额为1613300USD，合约行权价是220，到期日为2026/09/18
2026-06-05,US.AMZN,,CALL,290.0,2026-07-17,1001,119223.0,SELL,06-06 03:21,6.6 03:21，出现一笔卖出看涨期权交易，成交量为1001张，未平仓数为62454张，V/OI值为0.8，交易金额为119223USD，合约行权价是290，到期日为2026/07/17
2026-06-05,US.AMZN,,PUT,220.0,2026-06-18,1500,112500.0,SELL,06-06 03:20,6.6 03:20，出现一笔卖出看跌期权交易，成交量为1500张，未平仓数为18674张，V/OI值为0.1，交易金额为112500USD，合约行权价是220，到期日为2026/06/18
2026-06-05,US.AMZN,,CALL,300.0,2026-07-17,4093,253316.0,SELL,06-06 03:16,6.6 03:16，出现一笔卖出看涨期权交易，成交量为4093张，未平仓数为50582张，V/OI值为0.5，交易金额为253316USD，合约行权价是300，到期日为2026/07/17
2026-06-05,US.AMZN,,CALL,290.0,2026-07-17,2559,296921.0,SELL,06-06 03:16,6.6 03:16，出现一笔卖出看涨期权交易，成交量为2559张，未平仓数为62454张，V/OI值为0.8，交易金额为296921USD，合约行权价是290，到期日为2026/07/17
2026-06-05,US.AMZN,,CALL,290.0,2026-07-17,3623,423335.0,BUY,06-06 03:16,6.6 03:16，出现一笔买入看涨期权交易，成交量为3623张，未平仓数为62454张，V/OI值为0.7，交易金额为423335USD，合约行权价是290，到期日为2026/07/17
2026-06-05,US.AMZN,,CALL,290.0,2026-07-17,4321,509760.0,SELL,06-06 03:15,6.6 03:15，出现一笔卖出看涨期权交易，成交量为4321张，未平仓数为62454张，V/OI值为0.6，交易金额为509760USD，合约行权价是290，到期日为2026/07/17
2026-06-05,US.AMZN,,CALL,290.0,2026-07-17,10000,1199783.0,BUY,06-06 03:15,6.6 03:15，出现一笔买入看涨期权交易，成交量为10000张，未平仓数为62454张，V/OI值为0.5，交易金额为1199783USD，合约行权价是290，到期日为2026/07/17
2026-06-05,US.AMZN,,CALL,290.0,2026-07-17,2700,324000.0,SELL,06-06 03:14,6.6 03:14，出现一笔卖出看涨期权交易，成交量为2700张，未平仓数为62454张，V/OI值为0.3，交易金额为324000USD，合约行权价是290，到期日为2026/07/17
2026-06-05,US.AMZN,,CALL,265.0,2026-07-17,1000,510000.0,BUY,06-06 03:13,6.6 03:13，出现一笔买入看涨期权交易，成交量为1000张，未平仓数为7306张，V/OI值为0.4，交易金额为510000USD，合约行权价是265，到期日为2026/07/17
2026-06-05,US.AMZN,,CALL,290.0,2026-07-17,2392,287040.0,BUY,06-06 03:10,6.6 03:10，出现一笔买入看涨期权交易，成交量为2392张，未平仓数为62454张，V/OI值为0.3，交易金额为287040USD，合约行权价是290，到期日为2026/07/17
2026-06-05,US.AMZN,,CALL,290.0,2026-07-17,5000,625000.0,SELL,06-06 03:09,6.6 03:09，出现一笔卖出看涨期权交易，成交量为5000张，未平仓数为62454张，V/OI值为0.2，交易金额为625000USD，合约行权价是290，到期日为2026/07/17
2026-06-05,US.AMZN,,CALL,290.0,2026-07-17,1097,137408.0,SELL,06-06 03:09,6.6 03:09，出现一笔卖出看涨期权交易，成交量为1097张，未平仓数为62454张，V/OI值为0.1，交易金额为137408USD，合约行权价是290，到期日为2026/07/17
2026-06-05,US.AMZN,,CALL,290.0,2026-07-17,2434,309118.0,SELL,06-06 03:09,6.6 03:09，出现一笔卖出看涨期权交易，成交量为2434张，未平仓数为62454张，V/OI值为0.1，交易金额为309118USD，合约行权价是290，到期日为2026/07/17
2026-06-05,US.AMZN,,CALL,265.0,2026-07-17,1500,765000.0,BUY,06-06 03:08,6.6 03:08，出现一笔买入看涨期权交易，成交量为1500张，未平仓数为7306张，V/OI值为0.3，交易金额为765000USD，合约行权价是265，到期日为2026/07/17
2026-06-05,US.AMZN,,CALL,300.0,2026-07-17,2040,155040.0,BUY,06-06 02:49,6.6 02:49，出现一笔买入看涨期权交易，成交量为2040张，未平仓数为50582张，V/OI值为0.4，交易金额为155040USD，合约行权价是300，到期日为2026/07/17
2026-06-05,US.AMZN,,CALL,300.0,2026-07-17,1152,87552.0,BUY,06-06 02:49,6.6 02:49，出现一笔买入看涨期权交易，成交量为1152张，未平仓数为50582张，V/OI值为0.3，交易金额为87552USD，合约行权价是300，到期日为2026/07/17
2026-06-05,US.AMZN,,CALL,300.0,2026-07-17,2500,202502.0,SELL,06-06 02:40,6.6 02:40，出现一笔卖出看涨期权交易，成交量为2500张，未平仓数为50582张，V/OI值为0.2，交易金额为202502USD，合约行权价是300，到期日为2026/07/17
2026-06-05,US.AMZN,,CALL,290.0,2026-07-17,1000,138000.0,SELL,06-06 02:22,6.6 02:22，出现一笔卖出看涨期权交易，成交量为1000张，未平仓数为62454张，V/OI值为0，交易金额为138000USD，合约行权价是290，到期日为2026/07/17
2026-06-05,US.AMZN,,CALL,270.0,2026-06-18,1000,90000.0,SELL,06-06 02:16,6.6 02:16，出现一笔卖出看涨期权交易，成交量为1000张，未平仓数为37958张，V/OI值为0.4，交易金额为90000USD，合约行权价是270，到期日为2026/06/18
2026-06-05,US.AMZN,,CALL,270.0,2026-06-18,5000,450000.0,BUY,06-06 02:16,6.6 02:16，出现一笔买入看涨期权交易，成交量为5000张，未平仓数为37958张，V/OI值为0.3，交易金额为450000USD，合约行权价是270，到期日为2026/06/18
2026-06-05,US.AMZN,,PUT,242.5,2026-06-18,1072,240128.0,BUY,06-06 02:14,6.6 02:14，出现一笔买入看跌期权交易，成交量为1072张，未平仓数为1171张，V/OI值为1.1，交易金额为240128USD，合约行权价是242.5，到期日为2026/06/18
2026-06-05,US.AMZN,,CALL,255.0,2026-06-12,1100,412500.0,SELL,06-06 00:45,6.6 00:45，出现一笔卖出看涨期权交易，成交量为1100张，未平仓数为3567张，V/OI值为1.1，交易金额为412500USD，合约行权价是255，到期日为2026/06/12
2026-06-05,US.AMZN,,CALL,270.0,2026-07-10,2715,1099575.0,BUY,06-06 00:11,6.6 00:11，出现一笔买入看涨期权交易，成交量为2715张，未平仓数为355张，V/OI值为7.9，交易金额为1099575USD，合约行权价是270，到期日为2026/07/10
2026-06-05,US.AMZN,,CALL,335.0,2026-08-21,12149,1773754.0,BUY,06-06 00:06,6.6 00:06，出现一笔买入看涨期权交易，成交量为12149张，未平仓数为13001张，V/OI值为0.9，交易金额为1773754USD，合约行权价是335，到期日为2026/08/21
2026-06-05,US.APLD,,CALL,60.0,2028-01-21,200,308000.0,SELL,06-06 00:08,6.6 00:08，出现一笔卖出看涨期权交易，成交量为200张，未平仓数为3205张，V/OI值为0.1，交易金额为308000USD，合约行权价是60，到期日为2028/01/21
2026-06-05,US.ASML,,CALL,1860.0,2026-06-12,368,151460.0,SELL,06-06 02:33,6.6 02:33，出现一笔卖出看涨期权交易，成交量为368张，未平仓数为109张，V/OI值为4.3，交易金额为151460USD，合约行权价是1860，到期日为2026/06/12
2026-06-05,US.AVGO,,PUT,340.0,2027-03-19,1000,4000000.0,SELL,06-06 03:55,6.6 03:55，出现一笔卖出看跌期权交易，成交量为1000张，未平仓数为726张，V/OI值为1.4，交易金额为4000000USD，合约行权价是340，到期日为2027/03/19
2026-06-05,US.AVGO,,PUT,340.0,2027-01-15,1000,3390000.0,SELL,06-06 03:54,6.6 03:54，出现一笔卖出看跌期权交易，成交量为1000张，未平仓数为2525张，V/OI值为0.4，交易金额为3390000USD，合约行权价是340，到期日为2027/01/15
2026-06-05,US.AVGO,,CALL,600.0,2026-08-21,2009,554494.0,SELL,06-06 03:24,6.6 03:24，出现一笔卖出看涨期权交易，成交量为2009张，未平仓数为6126张，V/OI值为0.6，交易金额为554494USD，合约行权价是600，到期日为2026/08/21
2026-06-05,US.AVGO,,PUT,300.0,2026-08-21,1250,672500.0,BUY,06-06 02:48,6.6 02:48，出现一笔买入看跌期权交易，成交量为1250张，未平仓数为6259张，V/OI值为0.4，交易金额为672500USD，合约行权价是300，到期日为2026/08/21
2026-06-05,US.AVGO,,PUT,392.5,2026-06-05,1293,530143.0,SELL,06-06 02:43,6.6 02:43，出现一笔卖出看跌期权交易，成交量为1293张，未平仓数为1813张，V/OI值为7，交易金额为530143USD，合约行权价是392.5，到期日为2026/06/05
2026-06-05,US.AVGO,,PUT,390.0,2026-06-05,3290,167790.0,SELL,06-06 01:20,6.6 01:20，出现一笔卖出看跌期权交易，成交量为3290张，未平仓数为5295张，V/OI值为3.5，交易金额为167790USD，合约行权价是390，到期日为2026/06/05
2026-06-05,US.BABA,,PUT,95.0,2027-01-15,1000,440000.0,SELL,06-06 01:18,6.6 01:18，出现一笔卖出看跌期权交易，成交量为1000张，未平仓数为6419张，V/OI值为0.2，交易金额为440000USD，合约行权价是95，到期日为2027/01/15
2026-06-05,US.BMNR,,PUT,16.5,2026-06-05,5940,493020.0,BUY,06-06 03:24,6.6 03:24，出现一笔买入看跌期权交易，成交量为5940张，未平仓数为9948张，V/OI值为0.8，交易金额为493020USD，合约行权价是16.5，到期日为2026/06/05
2026-06-05,US.BMNR,,PUT,16.0,2026-06-12,5940,522720.0,SELL,06-06 03:24,6.6 03:24，出现一笔卖出看跌期权交易，成交量为5940张，未平仓数为1841张，V/OI值为4.2，交易金额为522720USD，合约行权价是16，到期日为2026/06/12
2026-06-05,US.BMNR,,CALL,40.0,2027-01-15,4000,380000.0,SELL,06-06 01:34,6.6 01:34，出现一笔卖出看涨期权交易，成交量为4000张，未平仓数为23712张，V/OI值为0.2，交易金额为380000USD，合约行权价是40，到期日为2027/01/15
2026-06-05,US.BMNR,,PUT,15.0,2026-07-02,4000,380000.0,SELL,06-06 01:22,6.6 01:22，出现一笔卖出看跌期权交易，成交量为4000张，未平仓数为346张，V/OI值为11.9，交易金额为380000USD，合约行权价是15，到期日为2026/07/02
2026-06-05,US.COHR,,PUT,377.5,2026-06-05,473,224077.0,BUY,06-06 03:08,6.6 03:08，出现一笔买入看跌期权交易，成交量为473张，未平仓数为9536张，V/OI值为0.7，交易金额为224077USD，合约行权价是377.5，到期日为2026/06/05
2026-06-05,US.COHR,,PUT,250.0,2026-07-17,763,457783.0,BUY,06-06 02:51,6.6 02:51，出现一笔买入看跌期权交易，成交量为763张，未平仓数为371张，V/OI值为2.5，交易金额为457783USD，合约行权价是250，到期日为2026/07/17
2026-06-05,US.COHR,,CALL,400.0,2026-06-12,200,280000.0,SELL,06-06 02:38,6.6 02:38，出现一笔卖出看涨期权交易，成交量为200张，未平仓数为364张，V/OI值为1.7，交易金额为280000USD，合约行权价是400，到期日为2026/06/12
2026-06-05,US.COHR,,PUT,310.0,2026-09-18,616,2383919.0,BUY,06-06 01:58,6.6 01:58，出现一笔买入看跌期权交易，成交量为616张，未平仓数为142张，V/OI值为9.4，交易金额为2383919USD，合约行权价是310，到期日为2026/09/18
2026-06-05,US.COHR,,PUT,230.0,2026-09-18,464,654220.0,BUY,06-06 01:17,6.6 01:17，出现一笔买入看跌期权交易，成交量为464张，未平仓数为101张，V/OI值为12.3，交易金额为654220USD，合约行权价是230，到期日为2026/09/18
2026-06-05,US.COHR,,PUT,230.0,2026-09-18,764,1031389.0,BUY,06-06 01:01,6.6 01:01，出现一笔买入看跌期权交易，成交量为764张，未平仓数为101张，V/OI值为7.6，交易金额为1031389USD，合约行权价是230，到期日为2026/09/18
2026-06-05,US.COHR,,PUT,200.0,2026-09-18,340,261799.0,BUY,06-06 00:28,6.6 00:28，出现一笔买入看跌期权交易，成交量为340张，未平仓数为560张，V/OI值为0.7，交易金额为261799USD，合约行权价是200，到期日为2026/09/18
2026-06-05,US.COIN,,CALL,160.0,2026-06-12,1132,295452.0,SELL,06-06 01:35,6.6 01:35，出现一笔卖出看涨期权交易，成交量为1132张，未平仓数为105张，V/OI值为19.4，交易金额为295452USD，合约行权价是160，到期日为2026/06/12
2026-06-05,US.CRCL,,PUT,80.0,2026-09-18,1850,2726900.0,SELL,06-06 03:40,6.6 03:40，出现一笔卖出看跌期权交易，成交量为1850张，未平仓数为2923张，V/OI值为0.7，交易金额为2726900USD，合约行权价是80，到期日为2026/09/18
2026-06-05,US.CRCL,,PUT,93.0,2026-06-05,300,390000.0,SELL,06-06 03:28,6.6 03:28，出现一笔卖出看跌期权交易，成交量为300张，未平仓数为563张，V/OI值为0.6，交易金额为390000USD，合约行权价是93，到期日为2026/06/05
2026-06-05,US.CRCL,,PUT,75.0,2026-08-21,2500,2625000.0,SELL,06-06 02:44,6.6 02:44，出现一笔卖出看跌期权交易，成交量为2500张，未平仓数为1026张，V/OI值为2.5，交易金额为2625000USD，合约行权价是75，到期日为2026/08/21
2026-06-05,US.CRCL,,PUT,101.0,2026-06-05,202,437532.0,BUY,06-06 02:42,6.6 02:42，出现一笔买入看跌期权交易，成交量为202张，未平仓数为600张，V/OI值为0.8，交易金额为437532USD，合约行权价是101，到期日为2026/06/05
2026-06-05,US.CRCL,,PUT,105.0,2026-06-05,202,518332.0,SELL,06-06 02:42,6.6 02:42，出现一笔卖出看跌期权交易，成交量为202张，未平仓数为978张，V/OI值为0.3，交易金额为518332USD，合约行权价是105，到期日为2026/06/05
2026-06-05,US.CRCL,,PUT,130.0,2026-06-18,500,2472000.0,BUY,06-06 01:57,6.6 01:57，出现一笔买入看跌期权交易，成交量为500张，未平仓数为2678张，V/OI值为0.4，交易金额为2472000USD，合约行权价是130，到期日为2026/06/18
2026-06-05,US.CRCL,,PUT,70.0,2026-10-16,285,306375.0,BUY,06-06 01:53,6.6 01:53，出现一笔买入看跌期权交易，成交量为285张，未平仓数为282张，V/OI值为1.2，交易金额为306375USD，合约行权价是70，到期日为2026/10/16
2026-06-05,US.CRCL,,CALL,85.0,2026-07-10,526,378720.0,SELL,06-06 01:51,6.6 01:51，出现一笔卖出看涨期权交易，成交量为526张，未平仓数为2张，V/OI值为307.5，交易金额为378720USD，合约行权价是85，到期日为2026/07/10
2026-06-05,US.CRCL,,PUT,75.0,2026-12-18,545,882900.0,SELL,06-06 01:35,6.6 01:35，出现一笔卖出看跌期权交易，成交量为545张，未平仓数为432张，V/OI值为3.4，交易金额为882900USD，合约行权价是75，到期日为2026/12/18
2026-06-05,US.CRCL,,PUT,80.0,2026-12-18,572,1090804.0,SELL,06-06 01:32,6.6 01:32，出现一笔卖出看跌期权交易，成交量为572张，未平仓数为2725张，V/OI值为0.5，交易金额为1090804USD，合约行权价是80，到期日为2026/12/18
2026-06-05,US.CRCL,,PUT,75.0,2026-12-18,538,874250.0,SELL,06-06 01:31,6.6 01:31，出现一笔卖出看跌期权交易，成交量为538张，未平仓数为432张，V/OI值为1.9，交易金额为874250USD，合约行权价是75，到期日为2026/12/18
2026-06-05,US.CRCL,,CALL,120.0,2026-08-21,763,328409.0,SELL,06-06 00:48,6.6 00:48，出现一笔卖出看涨期权交易，成交量为763张，未平仓数为1447张，V/OI值为0.7，交易金额为328409USD，合约行权价是120，到期日为2026/08/21
2026-06-05,US.CRCL,,CALL,110.0,2026-06-18,1749,80454.0,SELL,06-06 00:33,6.6 00:33，出现一笔卖出看涨期权交易，成交量为1749张，未平仓数为2326张，V/OI值为1.1，交易金额为80454USD，合约行权价是110，到期日为2026/06/18
2026-06-05,US.CRCL,,PUT,125.0,2026-06-18,431,1879135.0,SELL,06-06 00:16,6.6 00:16，出现一笔卖出看跌期权交易，成交量为431张，未平仓数为5867张，V/OI值为0.5，交易金额为1879135USD，合约行权价是125，到期日为2026/06/18
2026-06-05,US.CRCL,,PUT,125.0,2026-06-18,1994,8752004.0,BUY,06-06 00:16,6.6 00:16，出现一笔买入看跌期权交易，成交量为1994张，未平仓数为5867张，V/OI值为0.4，交易金额为8752004USD，合约行权价是125，到期日为2026/06/18
2026-06-05,US.CRWD,,PUT,550.0,2026-08-21,210,315100.0,BUY,06-06 02:14,6.6 02:14，出现一笔买入看跌期权交易，成交量为210张，未平仓数为598张，V/OI值为0.4，交易金额为315100USD，合约行权价是550，到期日为2026/08/21
2026-06-05,US.CRWV,,PUT,50.0,2026-09-18,1555,303223.0,BUY,06-06 03:14,6.6 03:14，出现一笔买入看跌期权交易，成交量为1555张，未平仓数为2644张，V/OI值为0.6，交易金额为303223USD，合约行权价是50，到期日为2026/09/18
2026-06-05,US.CRWV,,PUT,70.0,2026-07-17,2114,454510.0,BUY,06-06 02:59,6.6 02:59，出现一笔买入看跌期权交易，成交量为2114张，未平仓数为2955张，V/OI值为1.5，交易金额为454510USD，合约行权价是70，到期日为2026/07/17
2026-06-05,US.CRWV,,PUT,100.0,2026-06-12,1000,645987.0,BUY,06-06 02:05,6.6 02:05，出现一笔买入看跌期权交易，成交量为1000张，未平仓数为2531张，V/OI值为1.4，交易金额为645987USD，合约行权价是100，到期日为2026/06/12
2026-06-05,US.CRWV,,PUT,65.0,2026-07-17,1511,187364.0,BUY,06-06 01:56,6.6 01:56，出现一笔买入看跌期权交易，成交量为1511张，未平仓数为3786张，V/OI值为0.4，交易金额为187364USD，合约行权价是65，到期日为2026/07/17
2026-06-05,US.CRWV,,PUT,55.0,2026-08-21,1832,305928.0,BUY,06-06 01:32,6.6 01:32，出现一笔买入看跌期权交易，成交量为1832张，未平仓数为1746张，V/OI值为1.1，交易金额为305928USD，合约行权价是55，到期日为2026/08/21
2026-06-05,US.CRWV,,PUT,85.0,2026-06-18,1019,192438.0,BUY,06-06 01:10,6.6 01:10，出现一笔买入看跌期权交易，成交量为1019张，未平仓数为6734张，V/OI值为0.2，交易金额为192438USD，合约行权价是85，到期日为2026/06/18
2026-06-05,US.CRWV,,CALL,100.0,2026-06-18,10000,6500000.0,BUY,06-06 01:02,6.6 01:02，出现一笔买入看涨期权交易，成交量为10000张，未平仓数为37252张，V/OI值为0.3，交易金额为6500000USD，合约行权价是100，到期日为2026/06/18
2026-06-05,US.CRWV,,PUT,70.0,2026-07-17,2158,381777.0,BUY,06-06 00:52,6.6 00:52，出现一笔买入看跌期权交易，成交量为2158张，未平仓数为2955张，V/OI值为0.8，交易金额为381777USD，合约行权价是70，到期日为2026/07/17
2026-06-05,US.CRWV,,CALL,110.0,2026-06-12,1000,173000.0,BUY,06-06 00:10,6.6 00:10，出现一笔买入看涨期权交易，成交量为1000张，未平仓数为896张，V/OI值为4，交易金额为173000USD，合约行权价是110，到期日为2026/06/12
2026-06-05,US.DELL,,PUT,320.0,2026-07-17,1217,1162215.0,BUY,06-06 00:57,6.6 00:57，出现一笔买入看跌期权交易，成交量为1217张，未平仓数为530张，V/OI值为4.4，交易金额为1162215USD，合约行权价是320，到期日为2026/07/17
2026-06-05,US.DJT,,CALL,8.0,2028-01-21,447,171648.0,BUY,06-06 02:47,6.6 02:47，出现一笔买入看涨期权交易，成交量为447张，未平仓数为772张，V/OI值为12.1，交易金额为171648USD，合约行权价是8，到期日为2028/01/21
2026-06-05,US.DJT,,CALL,8.0,2028-01-21,499,191616.0,BUY,06-06 02:44,6.6 02:44，出现一笔买入看涨期权交易，成交量为499张，未平仓数为772张，V/OI值为11.3，交易金额为191616USD，合约行权价是8，到期日为2028/01/21
2026-06-05,US.DJT,,CALL,8.0,2028-01-21,500,192000.0,BUY,06-06 02:44,6.6 02:44，出现一笔买入看涨期权交易，成交量为500张，未平仓数为772张，V/OI值为10.7，交易金额为192000USD，合约行权价是8，到期日为2028/01/21
2026-06-05,US.DJT,,CALL,8.0,2028-01-21,500,189000.0,BUY,06-06 01:51,6.6 01:51，出现一笔买入看涨期权交易，成交量为500张，未平仓数为772张，V/OI值为5.8，交易金额为189000USD，合约行权价是8，到期日为2028/01/21
2026-06-05,US.DJT,,CALL,8.0,2028-01-21,500,188000.0,SELL,06-06 01:49,6.6 01:49，出现一笔卖出看涨期权交易，成交量为500张，未平仓数为772张，V/OI值为5.2，交易金额为188000USD，合约行权价是8，到期日为2028/01/21
2026-06-05,US.DJT,,CALL,8.0,2028-01-21,500,188000.0,BUY,06-06 01:49,6.6 01:49，出现一笔买入看涨期权交易，成交量为500张，未平仓数为772张，V/OI值为4.5，交易金额为188000USD，合约行权价是8，到期日为2028/01/21
2026-06-05,US.DJT,,CALL,8.0,2028-01-21,500,187500.0,SELL,06-06 01:44,6.6 01:44，出现一笔卖出看涨期权交易，成交量为500张，未平仓数为772张，V/OI值为3.7，交易金额为187500USD，合约行权价是8，到期日为2028/01/21
2026-06-05,US.DJT,,PUT,8.0,2026-07-24,1433,128970.0,BUY,06-06 00:00,6.6 00:00，出现一笔买入看跌期权交易，成交量为1433张，未平仓数为0张，V/OI值为0，交易金额为128970USD，合约行权价是8，到期日为2026/07/24
2026-06-05,US.DUOL,,CALL,130.0,2026-07-17,501,137779.0,SELL,06-06 03:23,6.6 03:23，出现一笔卖出看涨期权交易，成交量为501张，未平仓数为74张，V/OI值为6.9，交易金额为137779USD，合约行权价是130，到期日为2026/07/17
2026-06-05,US.DUOL,,PUT,115.0,2026-09-18,190,395200.0,BUY,06-06 02:03,6.6 02:03，出现一笔买入看跌期权交易，成交量为190张，未平仓数为182张，V/OI值为1，交易金额为395200USD，合约行权价是115，到期日为2026/09/18
2026-06-05,US.EWT,,PUT,85.0,2026-06-18,2500,132500.0,BUY,06-06 03:29,6.6 03:29，出现一笔买入看跌期权交易，成交量为2500张，未平仓数为5102张，V/OI值为0.5，交易金额为132500USD，合约行权价是85，到期日为2026/06/18
2026-06-05,US.EWT,,PUT,90.0,2026-06-18,1500,147000.0,BUY,06-06 03:29,6.6 03:29，出现一笔买入看跌期权交易，成交量为1500张，未平仓数为384张，V/OI值为4.6，交易金额为147000USD，合约行权价是90，到期日为2026/06/18
2026-06-05,US.FCX,,PUT,55.0,2026-08-21,7832,2208624.0,SELL,06-06 03:54,6.6 03:54，出现一笔卖出看跌期权交易，成交量为7832张，未平仓数为5422张，V/OI值为1.5，交易金额为2208624USD，合约行权价是55，到期日为2026/08/21
2026-06-05,US.FCX,,CALL,75.0,2026-09-18,637,249008.0,SELL,06-06 03:54,6.6 03:54，出现一笔卖出看涨期权交易，成交量为637张，未平仓数为3448张，V/OI值为0.4，交易金额为249008USD，合约行权价是75，到期日为2026/09/18
2026-06-05,US.FCX,,CALL,75.0,2026-09-18,582,232800.0,SELL,06-06 03:54,6.6 03:54，出现一笔卖出看涨期权交易，成交量为582张，未平仓数为3448张，V/OI值为0.2，交易金额为232800USD，合约行权价是75，到期日为2026/09/18
2026-06-05,US.FCX,,CALL,72.0,2026-06-18,3272,227497.0,BUY,06-06 03:23,6.6 03:23，出现一笔买入看涨期权交易，成交量为3272张，未平仓数为642张，V/OI值为10.8，交易金额为227497USD，合约行权价是72，到期日为2026/06/18
2026-06-05,US.FCX,,PUT,50.0,2026-08-21,1113,185869.0,BUY,06-06 03:21,6.6 03:21，出现一笔买入看跌期权交易，成交量为1113张，未平仓数为10157张，V/OI值为0.1，交易金额为185869USD，合约行权价是50，到期日为2026/08/21
2026-06-05,US.FCX,,PUT,50.0,2027-06-17,612,379440.0,SELL,06-06 02:37,6.6 02:37，出现一笔卖出看跌期权交易，成交量为612张，未平仓数为1516张，V/OI值为0.4，交易金额为379440USD，合约行权价是50，到期日为2027/06/17
2026-06-05,US.FCX,,CALL,63.0,2026-06-18,965,287570.0,SELL,06-06 02:36,6.6 02:36，出现一笔卖出看涨期权交易，成交量为965张，未平仓数为107张，V/OI值为9，交易金额为287570USD，合约行权价是63，到期日为2026/06/18
2026-06-05,US.FCX,,PUT,45.0,2026-09-18,1326,147186.0,BUY,06-06 02:03,6.6 02:03，出现一笔买入看跌期权交易，成交量为1326张，未平仓数为4197张，V/OI值为0.3，交易金额为147186USD，合约行权价是45，到期日为2026/09/18
2026-06-05,US.FCX,,PUT,60.0,2026-06-18,1500,208500.0,BUY,06-06 00:34,6.6 00:34，出现一笔买入看跌期权交易，成交量为1500张，未平仓数为17863张，V/OI值为0.1，交易金额为208500USD，合约行权价是60，到期日为2026/06/18
2026-06-05,US.GDS,,CALL,30.0,2027-01-15,147,138990.0,BUY,06-06 03:59,6.6 03:59，出现一笔买入看涨期权交易，成交量为147张，未平仓数为305张，V/OI值为2.2，交易金额为138990USD，合约行权价是30，到期日为2027/01/15
2026-06-05,US.GEV,,CALL,1047.5,2026-06-18,354,177512.0,SELL,06-06 03:08,6.6 03:08，出现一笔卖出看涨期权交易，成交量为354张，未平仓数为20张，V/OI值为17.7，交易金额为177512USD，合约行权价是1047.5，到期日为2026/06/18
2026-06-05,US.GEV,,PUT,620.0,2026-09-18,192,213075.0,BUY,06-06 01:51,6.6 01:51，出现一笔买入看跌期权交易，成交量为192张，未平仓数为97张，V/OI值为2，交易金额为213075USD，合约行权价是620，到期日为2026/09/18
2026-06-05,US.GEV,,CALL,1500.0,2026-09-18,324,314499.0,BUY,06-06 00:25,6.6 00:25，出现一笔买入看涨期权交易，成交量为324张，未平仓数为388张，V/OI值为1，交易金额为314499USD，合约行权价是1500，到期日为2026/09/18
2026-06-05,US.GEV,,PUT,750.0,2026-09-18,198,613800.0,BUY,06-06 00:05,6.6 00:05，出现一笔买入看跌期权交易，成交量为198张，未平仓数为441张，V/OI值为0.5，交易金额为613800USD，合约行权价是750，到期日为2026/09/18
2026-06-05,US.GOOGL,,PUT,340.0,2026-06-18,3000,627000.0,BUY,06-06 03:44,6.6 03:44，出现一笔买入看跌期权交易，成交量为3000张，未平仓数为7387张，V/OI值为0.5，交易金额为627000USD，合约行权价是340，到期日为2026/06/18
2026-06-05,US.GOOGL,,CALL,380.0,2026-08-21,1420,2920940.0,SELL,06-06 02:38,6.6 02:38，出现一笔卖出看涨期权交易，成交量为1420张，未平仓数为4479张，V/OI值为0.7，交易金额为2920940USD，合约行权价是380，到期日为2026/08/21
2026-06-05,US.GOOGL,,CALL,420.0,2026-06-18,2000,96000.0,BUY,06-06 00:08,6.6 00:08，出现一笔买入看涨期权交易，成交量为2000张，未平仓数为7784张，V/OI值为0.3，交易金额为96000USD，合约行权价是420，到期日为2026/06/18
2026-06-05,US.HOOD,,CALL,90.0,2026-06-18,1000,173000.0,SELL,06-06 03:50,6.6 03:50，出现一笔卖出看涨期权交易，成交量为1000张，未平仓数为18177张，V/OI值为0.7，交易金额为173000USD，合约行权价是90，到期日为2026/06/18
2026-06-05,US.HOOD,,PUT,84.0,2026-06-05,1000,330000.0,BUY,06-06 03:13,6.6 03:13，出现一笔买入看跌期权交易，成交量为1000张，未平仓数为2866张，V/OI值为2.6，交易金额为330000USD，合约行权价是84，到期日为2026/06/05
2026-06-05,US.HOOD,,CALL,115.0,2026-07-17,1001,91091.0,SELL,06-06 03:06,6.6 03:06，出现一笔卖出看涨期权交易，成交量为1001张，未平仓数为5267张，V/OI值为0.6，交易金额为91091USD，合约行权价是115，到期日为2026/07/17
2026-06-05,US.HOOD,,CALL,140.0,2026-07-17,3558,99624.0,SELL,06-06 02:45,6.6 02:45，出现一笔卖出看涨期权交易，成交量为3558张，未平仓数为10152张，V/OI值为0.8，交易金额为99624USD，合约行权价是140，到期日为2026/07/17
2026-06-05,US.HOOD,,CALL,150.0,2026-07-17,3558,92508.0,BUY,06-06 02:45,6.6 02:45，出现一笔买入看涨期权交易，成交量为3558张，未平仓数为13379张，V/OI值为0.6，交易金额为92508USD，合约行权价是150，到期日为2026/07/17
2026-06-05,US.HOOD,,CALL,105.0,2026-07-17,1238,188178.0,SELL,06-06 02:22,6.6 02:22，出现一笔卖出看涨期权交易，成交量为1238张，未平仓数为14736张，V/OI值为0.1，交易金额为188178USD，合约行权价是105，到期日为2026/07/17
2026-06-05,US.HOOD,,CALL,88.0,2026-06-12,1000,98000.0,BUY,06-06 01:50,6.6 01:50，出现一笔买入看涨期权交易，成交量为1000张，未平仓数为2822张，V/OI值为2，交易金额为98000USD，合约行权价是88，到期日为2026/06/12
2026-06-05,US.HOOD,,CALL,83.0,2026-06-12,1000,225000.0,SELL,06-06 01:50,6.6 01:50，出现一笔卖出看涨期权交易，成交量为1000张，未平仓数为4183张，V/OI值为0.5，交易金额为225000USD，合约行权价是83，到期日为2026/06/12
2026-06-05,US.HOOD,,PUT,70.0,2026-09-18,1752,1191335.0,BUY,06-06 01:46,6.6 01:46，出现一笔买入看跌期权交易，成交量为1752张，未平仓数为5245张，V/OI值为0.4，交易金额为1191335USD，合约行权价是70，到期日为2026/09/18
2026-06-05,US.HOOD,,CALL,115.0,2026-07-17,1579,157900.0,SELL,06-06 01:10,6.6 01:10，出现一笔卖出看涨期权交易，成交量为1579张，未平仓数为5267张，V/OI值为0.4，交易金额为157900USD，合约行权价是115，到期日为2026/07/17
2026-06-05,US.HOOD,,PUT,50.0,2026-08-21,1795,195653.0,BUY,06-06 00:48,6.6 00:48，出现一笔买入看跌期权交易，成交量为1795张，未平仓数为10217张，V/OI值为0.2，交易金额为195653USD，合约行权价是50，到期日为2026/08/21
2026-06-05,US.HOOD,,CALL,90.0,2026-06-12,1000,104000.0,BUY,06-06 00:01,6.6 00:01，出现一笔买入看涨期权交易，成交量为1000张，未平仓数为5339张，V/OI值为1.7，交易金额为104000USD，合约行权价是90，到期日为2026/06/12
2026-06-05,US.HOOD,,CALL,85.0,2026-06-12,1000,228000.0,SELL,06-06 00:01,6.6 00:01，出现一笔卖出看涨期权交易，成交量为1000张，未平仓数为4311张，V/OI值为1，交易金额为228000USD，合约行权价是85，到期日为2026/06/12
2026-06-05,US.HPE,,PUT,27.0,2027-03-19,8000,1224000.0,SELL,06-06 01:39,6.6 01:39，出现一笔卖出看跌期权交易，成交量为8000张，未平仓数为11450张，V/OI值为0.7，交易金额为1224000USD，合约行权价是27，到期日为2027/03/19
2026-06-05,US.HPE,,CALL,47.0,2026-06-05,1146,270609.0,SELL,06-06 01:34,6.6 01:34，出现一笔卖出看涨期权交易，成交量为1146张，未平仓数为3146张，V/OI值为0.4，交易金额为270609USD，合约行权价是47，到期日为2026/06/05
2026-06-05,US.HPE,,CALL,54.0,2026-06-18,5000,520000.0,SELL,06-06 00:49,6.6 00:49，出现一笔卖出看涨期权交易，成交量为5000张，未平仓数为1162张，V/OI值为8.7，交易金额为520000USD，合约行权价是54，到期日为2026/06/18
2026-06-05,US.HPE,,CALL,54.0,2026-06-18,2000,208000.0,SELL,06-06 00:49,6.6 00:49，出现一笔卖出看涨期权交易，成交量为2000张，未平仓数为1162张，V/OI值为4.4，交易金额为208000USD，合约行权价是54，到期日为2026/06/18
2026-06-05,US.HPE,,CALL,57.0,2026-06-18,1800,104400.0,SELL,06-06 00:49,6.6 00:49，出现一笔卖出看涨期权交易，成交量为1800张，未平仓数为340张，V/OI值为26.6，交易金额为104400USD，合约行权价是57，到期日为2026/06/18
2026-06-05,US.HPE,,CALL,54.0,2026-06-18,1000,104000.0,SELL,06-06 00:49,6.6 00:49，出现一笔卖出看涨期权交易，成交量为1000张，未平仓数为1162张，V/OI值为2.6，交易金额为104000USD，合约行权价是54，到期日为2026/06/18
2026-06-05,US.HPE,,CALL,54.0,2026-06-18,1000,104000.0,SELL,06-06 00:49,6.6 00:49，出现一笔卖出看涨期权交易，成交量为1000张，未平仓数为1162张，V/OI值为1.8，交易金额为104000USD，合约行权价是54，到期日为2026/06/18
2026-06-05,US.HPE,,CALL,54.0,2026-06-18,1000,104000.0,SELL,06-06 00:49,6.6 00:49，出现一笔卖出看涨期权交易，成交量为1000张，未平仓数为1162张，V/OI值为0.9，交易金额为104000USD，合约行权价是54，到期日为2026/06/18
2026-06-05,US.HPE,,CALL,57.0,2026-06-18,4500,261000.0,SELL,06-06 00:49,6.6 00:49，出现一笔卖出看涨期权交易，成交量为4500张，未平仓数为340张，V/OI值为21.3，交易金额为261000USD，合约行权价是57，到期日为2026/06/18
2026-06-05,US.HPE,,CALL,46.0,2026-06-12,701,309830.0,BUY,06-06 00:25,6.6 00:25，出现一笔买入看涨期权交易，成交量为701张，未平仓数为778张，V/OI值为0.9，交易金额为309830USD，合约行权价是46，到期日为2026/06/12
2026-06-05,US.IBIT,,PUT,33.5,2026-06-08,1920,94060.0,BUY,06-06 03:47,6.6 03:47，出现一笔买入看跌期权交易，成交量为1920张，未平仓数为0张，V/OI值为0，交易金额为94060USD，合约行权价是33.5，到期日为2026/06/08
2026-06-05,US.IBIT,,PUT,25.0,2027-01-15,11000,1946995.0,BUY,06-06 03:24,6.6 03:24，出现一笔买入看跌期权交易，成交量为11000张，未平仓数为31724张，V/OI值为0.5，交易金额为1946995USD，合约行权价是25，到期日为2027/01/15
2026-06-05,US.IBIT,,PUT,30.0,2026-06-12,3000,99000.0,BUY,06-06 03:15,6.6 03:15，出现一笔买入看跌期权交易，成交量为3000张，未平仓数为3128张，V/OI值为13.2，交易金额为99000USD，合约行权价是30，到期日为2026/06/12
2026-06-05,US.IBIT,,CALL,54.0,2026-09-18,5092,127300.0,SELL,06-06 03:00,6.6 03:00，出现一笔卖出看涨期权交易，成交量为5092张，未平仓数为469张，V/OI值为11.4，交易金额为127300USD，合约行权价是54，到期日为2026/09/18
2026-06-05,US.IBIT,,PUT,34.0,2026-07-17,2647,566458.0,BUY,06-06 02:20,6.6 02:20，出现一笔买入看跌期权交易，成交量为2647张，未平仓数为4888张，V/OI值为4.1，交易金额为566458USD，合约行权价是34，到期日为2026/07/17
2026-06-05,US.IBIT,,PUT,35.0,2026-06-30,5500,1138500.0,BUY,06-06 02:08,6.6 02:08，出现一笔买入看跌期权交易，成交量为5500张，未平仓数为20670张，V/OI值为0.6，交易金额为1138500USD，合约行权价是35，到期日为2026/06/30
2026-06-05,US.IBIT,,PUT,25.0,2027-01-15,2000,314000.0,SELL,06-06 01:49,6.6 01:49，出现一笔卖出看跌期权交易，成交量为2000张，未平仓数为31724张，V/OI值为0.1，交易金额为314000USD，合约行权价是25，到期日为2027/01/15
2026-06-05,US.IBIT,,PUT,34.0,2027-06-17,5000,3075000.0,BUY,06-06 01:45,6.6 01:45，出现一笔买入看跌期权交易，成交量为5000张，未平仓数为64张，V/OI值为78.3，交易金额为3075000USD，合约行权价是34，到期日为2027/06/17
2026-06-05,US.IBIT,,PUT,32.0,2026-06-12,3571,139269.0,SELL,06-06 01:40,6.6 01:40，出现一笔卖出看跌期权交易，成交量为3571张，未平仓数为2571张，V/OI值为2.8，交易金额为139269USD，合约行权价是32，到期日为2026/06/12
2026-06-05,US.IBIT,,PUT,34.0,2026-07-17,2000,420084.0,BUY,06-06 00:35,6.6 00:35，出现一笔买入看跌期权交易，成交量为2000张，未平仓数为4888张，V/OI值为3.5，交易金额为420084USD，合约行权价是34，到期日为2026/07/17
2026-06-05,US.IBIT,,PUT,35.0,2026-09-18,3600,1317600.0,BUY,06-06 00:30,6.6 00:30，出现一笔买入看跌期权交易，成交量为3600张，未平仓数为20049张，V/OI值为0.2，交易金额为1317600USD，合约行权价是35，到期日为2026/09/18
2026-06-05,US.IBIT,,CALL,35.0,2026-07-17,3600,795600.0,SELL,06-06 00:30,6.6 00:30，出现一笔卖出看涨期权交易，成交量为3600张，未平仓数为334张，V/OI值为17.2，交易金额为795600USD，合约行权价是35，到期日为2026/07/17
2026-06-05,US.IBIT,,CALL,42.0,2026-07-17,7200,273600.0,SELL,06-06 00:30,6.6 00:30，出现一笔卖出看涨期权交易，成交量为7200张，未平仓数为14939张，V/OI值为0.6，交易金额为273600USD，合约行权价是42，到期日为2026/07/17
2026-06-05,US.IBIT,,PUT,34.0,2026-07-17,2000,406000.0,BUY,06-06 00:24,6.6 00:24，出现一笔买入看跌期权交易，成交量为2000张，未平仓数为4888张，V/OI值为3.1，交易金额为406000USD，合约行权价是34，到期日为2026/07/17
2026-06-05,US.IBIT,,CALL,36.0,2026-06-18,1764,123480.0,BUY,06-06 00:03,6.6 00:03，出现一笔买入看涨期权交易，成交量为1764张，未平仓数为1594张，V/OI值为2.7，交易金额为123480USD，合约行权价是36，到期日为2026/06/18
2026-06-05,US.IBM,,PUT,282.5,2026-06-05,1000,88010.0,SELL,06-06 02:27,6.6 02:27，出现一笔卖出看跌期权交易，成交量为1000张，未平仓数为444张，V/OI值为5.2，交易金额为88010USD，合约行权价是282.5，到期日为2026/06/05
2026-06-05,US.IBM,,CALL,310.0,2026-12-18,1500,4579500.0,BUY,06-06 00:42,6.6 00:42，出现一笔买入看涨期权交易，成交量为1500张，未平仓数为2759张，V/OI值为0.6，交易金额为4579500USD，合约行权价是310，到期日为2026/12/18
2026-06-05,US.IBM,,CALL,305.0,2027-01-15,1500,5095500.0,BUY,06-06 00:42,6.6 00:42，出现一笔买入看涨期权交易，成交量为1500张，未平仓数为2748张，V/OI值为0.5，交易金额为5095500USD，合约行权价是305，到期日为2027/01/15
2026-06-05,US.IGV,,PUT,95.0,2026-06-18,1500,393000.0,BUY,06-06 03:30,6.6 03:30，出现一笔买入看跌期权交易，成交量为1500张，未平仓数为6113张，V/OI值为0.5，交易金额为393000USD，合约行权价是95，到期日为2026/06/18
2026-06-05,US.IGV,,PUT,103.0,2026-07-17,2200,2046000.0,SELL,06-06 03:26,6.6 03:26，出现一笔卖出看跌期权交易，成交量为2200张，未平仓数为10383张，V/OI值为0.7，交易金额为2046000USD，合约行权价是103，到期日为2026/07/17
2026-06-05,US.IGV,,PUT,90.0,2026-08-21,1000,390000.0,BUY,06-06 02:41,6.6 02:41，出现一笔买入看跌期权交易，成交量为1000张，未平仓数为202345张，V/OI值为0，交易金额为390000USD，合约行权价是90，到期日为2026/08/21
2026-06-05,US.INTC,,PUT,85.0,2027-01-15,3800,5377000.0,SELL,06-06 03:58,6.6 03:58，出现一笔卖出看跌期权交易，成交量为3800张，未平仓数为2345张，V/OI值为1.7，交易金额为5377000USD，合约行权价是85，到期日为2027/01/15
2026-06-05,US.INTC,,CALL,90.0,2026-06-12,1000,1170007.0,SELL,06-06 03:46,6.6 03:46，出现一笔卖出看涨期权交易，成交量为1000张，未平仓数为164张，V/OI值为6.7，交易金额为1170007USD，合约行权价是90，到期日为2026/06/12
2026-06-05,US.INTC,,CALL,105.0,2026-06-18,1200,541200.0,SELL,06-06 03:41,6.6 03:41，出现一笔卖出看涨期权交易，成交量为1200张，未平仓数为12522张，V/OI值为0.3，交易金额为541200USD，合约行权价是105，到期日为2026/06/18
2026-06-05,US.INTC,,CALL,100.0,2026-06-05,1000,85000.0,BUY,06-06 03:39,6.6 03:39，出现一笔买入看涨期权交易，成交量为1000张，未平仓数为1695张，V/OI值为7.1，交易金额为85000USD，合约行权价是100，到期日为2026/06/05
2026-06-05,US.INTC,,CALL,110.0,2026-06-12,1000,180000.0,BUY,06-06 03:38,6.6 03:38，出现一笔买入看涨期权交易，成交量为1000张，未平仓数为4693张，V/OI值为1.4，交易金额为180000USD，合约行权价是110，到期日为2026/06/12
2026-06-05,US.INTC,,CALL,100.0,2026-06-05,1000,80000.0,BUY,06-06 03:37,6.6 03:37，出现一笔买入看涨期权交易，成交量为1000张，未平仓数为1695张，V/OI值为6.5，交易金额为80000USD，合约行权价是100，到期日为2026/06/05
2026-06-05,US.INTC,,CALL,195.0,2026-07-17,2835,155765.0,BUY,06-06 03:17,6.6 03:17，出现一笔买入看涨期权交易，成交量为2835张，未平仓数为15489张，V/OI值为0.3，交易金额为155765USD，合约行权价是195，到期日为2026/07/17
2026-06-05,US.INTC,,PUT,103.0,2026-06-05,1379,413700.0,BUY,06-06 02:46,6.6 02:46，出现一笔买入看跌期权交易，成交量为1379张，未平仓数为4396张，V/OI值为6.9，交易金额为413700USD，合约行权价是103，到期日为2026/06/05
2026-06-05,US.INTC,,PUT,103.0,2026-06-05,1002,300600.0,BUY,06-06 02:46,6.6 02:46，出现一笔买入看跌期权交易，成交量为1002张，未平仓数为4396张，V/OI值为6.6，交易金额为300600USD，合约行权价是103，到期日为2026/06/05
2026-06-05,US.INTC,,CALL,101.0,2026-06-05,1049,80773.0,BUY,06-06 02:33,6.6 02:33，出现一笔买入看涨期权交易，成交量为1049张，未平仓数为240张，V/OI值为15.8，交易金额为80773USD，合约行权价是101，到期日为2026/06/05
2026-06-05,US.INTC,,CALL,115.0,2026-06-18,1000,241000.0,SELL,06-06 01:41,6.6 01:41，出现一笔卖出看涨期权交易，成交量为1000张，未平仓数为10687张，V/OI值为0.2，交易金额为241000USD，合约行权价是115，到期日为2026/06/18
2026-06-05,US.INTC,,CALL,170.0,2026-09-18,1000,465000.0,BUY,06-06 01:36,6.6 01:36，出现一笔买入看涨期权交易，成交量为1000张，未平仓数为2979张，V/OI值为0.4，交易金额为465000USD，合约行权价是170，到期日为2026/09/18
2026-06-05,US.INTC,,CALL,130.0,2026-07-02,2000,460000.0,SELL,06-06 01:06,6.6 01:06，出现一笔卖出看涨期权交易，成交量为2000张，未平仓数为768张，V/OI值为6，交易金额为460000USD，合约行权价是130，到期日为2026/07/02
2026-06-05,US.INTC,,PUT,103.0,2026-06-05,2028,365040.0,BUY,06-06 00:47,6.6 00:47，出现一笔买入看跌期权交易，成交量为2028张，未平仓数为4396张，V/OI值为5.2，交易金额为365040USD，合约行权价是103，到期日为2026/06/05
2026-06-05,US.INTC,,PUT,103.0,2026-06-05,2111,379980.0,BUY,06-06 00:45,6.6 00:45，出现一笔买入看跌期权交易，成交量为2111张，未平仓数为4396张，V/OI值为4.7，交易金额为379980USD，合约行权价是103，到期日为2026/06/05
2026-06-05,US.INTC,,CALL,120.0,2026-07-02,3971,1469270.0,SELL,06-06 00:43,6.6 00:43，出现一笔卖出看涨期权交易，成交量为3971张，未平仓数为641张，V/OI值为32.6，交易金额为1469270USD，合约行权价是120，到期日为2026/07/02
2026-06-05,US.INTC,,CALL,130.0,2026-07-02,1866,429180.0,SELL,06-06 00:42,6.6 00:42，出现一笔卖出看涨期权交易，成交量为1866张，未平仓数为768张，V/OI值为3.4，交易金额为429180USD，合约行权价是130，到期日为2026/07/02
2026-06-05,US.INTC,,CALL,102.0,2026-06-05,1000,106000.0,BUY,06-06 00:42,6.6 00:42，出现一笔买入看涨期权交易，成交量为1000张，未平仓数为341张，V/OI值为8，交易金额为106000USD，合约行权价是102，到期日为2026/06/05
2026-06-05,US.INTC,,PUT,103.0,2026-06-05,2107,313943.0,SELL,06-06 00:42,6.6 00:42，出现一笔卖出看跌期权交易，成交量为2107张，未平仓数为4396张，V/OI值为4.2，交易金额为313943USD，合约行权价是103，到期日为2026/06/05
2026-06-05,US.INTC,,CALL,120.0,2026-06-18,1002,170652.0,SELL,06-06 00:38,6.6 00:38，出现一笔卖出看涨期权交易，成交量为1002张，未平仓数为17486张，V/OI值为0.6，交易金额为170652USD，合约行权价是120，到期日为2026/06/18
2026-06-05,US.INTC,,CALL,120.0,2026-07-02,1988,745500.0,SELL,06-06 00:37,6.6 00:37，出现一笔卖出看涨期权交易，成交量为1988张，未平仓数为641张，V/OI值为26.4，交易金额为745500USD，合约行权价是120，到期日为2026/07/02
2026-06-05,US.INTC,,CALL,120.0,2026-07-02,2500,925000.0,SELL,06-06 00:28,6.6 00:28，出现一笔卖出看涨期权交易，成交量为2500张，未平仓数为641张，V/OI值为19.4，交易金额为925000USD，合约行权价是120，到期日为2026/07/02
2026-06-05,US.INTC,,PUT,105.0,2026-06-05,1000,260000.0,BUY,06-06 00:19,6.6 00:19，出现一笔买入看跌期权交易，成交量为1000张，未平仓数为8452张，V/OI值为1.7，交易金额为260000USD，合约行权价是105，到期日为2026/06/05
2026-06-05,US.INTC,,CALL,120.0,2026-07-02,2834,1062750.0,SELL,06-06 00:15,6.6 00:15，出现一笔卖出看涨期权交易，成交量为2834张，未平仓数为641张，V/OI值为12.3，交易金额为1062750USD，合约行权价是120，到期日为2026/07/02
2026-06-05,US.INTC,,PUT,60.0,2026-06-12,21000,104890.0,BUY,06-06 00:15,6.6 00:15，出现一笔买入看跌期权交易，成交量为21000张，未平仓数为4062张，V/OI值为5.2，交易金额为104890USD，合约行权价是60，到期日为2026/06/12
2026-06-05,US.INTC,,CALL,120.0,2026-07-02,2000,750000.0,SELL,06-06 00:12,6.6 00:12，出现一笔卖出看涨期权交易，成交量为2000张，未平仓数为641张，V/OI值为7.6，交易金额为750000USD，合约行权价是120，到期日为2026/07/02
2026-06-05,US.INTC,,CALL,195.0,2026-08-21,1612,324044.0,SELL,06-06 00:01,6.6 00:01，出现一笔卖出看涨期权交易，成交量为1612张，未平仓数为13609张，V/OI值为0.1，交易金额为324044USD，合约行权价是195，到期日为2026/08/21
2026-06-05,US.IREN,,PUT,50.0,2026-08-21,3000,2475000.0,SELL,06-06 03:59,6.6 03:59，出现一笔卖出看跌期权交易，成交量为3000张，未平仓数为8700张，V/OI值为0.7，交易金额为2475000USD，合约行权价是50，到期日为2026/08/21
2026-06-05,US.IREN,,CALL,60.0,2026-06-12,1624,224112.0,SELL,06-06 03:40,6.6 03:40，出现一笔卖出看涨期权交易，成交量为1624张，未平仓数为1205张，V/OI值为4，交易金额为224112USD，合约行权价是60，到期日为2026/06/12
2026-06-05,US.IREN,,PUT,55.0,2026-06-12,6759,3156453.0,SELL,06-06 03:27,6.6 03:27，出现一笔卖出看跌期权交易，成交量为6759张，未平仓数为38746张，V/OI值为0.2，交易金额为3156453USD，合约行权价是55，到期日为2026/06/12
2026-06-05,US.IREN,,CALL,56.0,2026-06-12,6759,1507257.0,SELL,06-06 03:27,6.6 03:27，出现一笔卖出看涨期权交易，成交量为6759张，未平仓数为238张，V/OI值为33.9，交易金额为1507257USD，合约行权价是56，到期日为2026/06/12
2026-06-05,US.IREN,,PUT,48.0,2026-06-12,6759,1121994.0,BUY,06-06 03:27,6.6 03:27，出现一笔买入看跌期权交易，成交量为6759张，未平仓数为1210张，V/OI值为7，交易金额为1121994USD，合约行权价是48，到期日为2026/06/12
2026-06-05,US.IREN,,CALL,55.0,2026-06-18,1000,325000.0,SELL,06-06 03:23,6.6 03:23，出现一笔卖出看涨期权交易，成交量为1000张，未平仓数为8863张，V/OI值为0.4，交易金额为325000USD，合约行权价是55，到期日为2026/06/18
2026-06-05,US.IREN,,CALL,65.0,2026-07-17,1000,370000.0,SELL,06-06 03:23,6.6 03:23，出现一笔卖出看涨期权交易，成交量为1000张，未平仓数为4521张，V/OI值为0.6，交易金额为370000USD，合约行权价是65，到期日为2026/07/17
2026-06-05,US.IREN,,PUT,65.0,2026-06-05,4043,5405491.0,SELL,06-06 02:41,6.6 02:41，出现一笔卖出看跌期权交易，成交量为4043张，未平仓数为5606张，V/OI值为0.8，交易金额为5405491USD，合约行权价是65，到期日为2026/06/05
2026-06-05,US.IREN,,PUT,62.0,2026-06-05,4043,4192591.0,SELL,06-06 02:41,6.6 02:41，出现一笔卖出看跌期权交易，成交量为4043张，未平仓数为6035张，V/OI值为0.8，交易金额为4192591USD，合约行权价是62，到期日为2026/06/05
2026-06-05,US.IREN,,CALL,75.0,2026-09-18,1200,811200.0,BUY,06-06 02:08,6.6 02:08，出现一笔买入看涨期权交易，成交量为1200张，未平仓数为5184张，V/OI值为0.3，交易金额为811200USD，合约行权价是75，到期日为2026/09/18
2026-06-05,US.IREN,,PUT,33.0,2026-06-12,24000,384000.0,BUY,06-06 00:59,6.6 00:59，出现一笔买入看跌期权交易，成交量为24000张，未平仓数为3581张，V/OI值为8.8，交易金额为384000USD，合约行权价是33，到期日为2026/06/12
2026-06-05,US.IREN,,PUT,33.0,2026-06-12,7000,112000.0,BUY,06-06 00:59,6.6 00:59，出现一笔买入看跌期权交易，成交量为7000张，未平仓数为3581张，V/OI值为2.1，交易金额为112000USD，合约行权价是33，到期日为2026/06/12
2026-06-05,US.IREN,,CALL,75.0,2026-07-17,1452,367199.0,SELL,06-06 00:16,6.6 00:16，出现一笔卖出看涨期权交易，成交量为1452张，未平仓数为7063张，V/OI值为0.5，交易金额为367199USD，合约行权价是75，到期日为2026/07/17
2026-06-05,US.IREN,,CALL,75.0,2026-07-17,1497,377269.0,SELL,06-06 00:06,6.6 00:06，出现一笔卖出看涨期权交易，成交量为1497张，未平仓数为7063张，V/OI值为0.3，交易金额为377269USD，合约行权价是75，到期日为2026/07/17
2026-06-05,US.IWM,,PUT,268.0,2026-07-17,3000,1440000.0,BUY,06-06 04:11,6.6 04:11，出现一笔买入看跌期权交易，成交量为3000张，未平仓数为4027张，V/OI值为4.8，交易金额为1440000USD，合约行权价是268，到期日为2026/07/17
2026-06-05,US.IWM,,PUT,274.0,2026-06-18,11991,4328751.0,SELL,06-06 04:07,6.6 04:07，出现一笔卖出看跌期权交易，成交量为11991张，未平仓数为74014张，V/OI值为1，交易金额为4328751USD，合约行权价是274，到期日为2026/06/18
2026-06-05,US.IWM,,PUT,268.0,2026-07-17,5999,2819530.0,BUY,06-06 04:04,6.6 04:04，出现一笔买入看跌期权交易，成交量为5999张，未平仓数为4027张，V/OI值为4，交易金额为2819530USD，合约行权价是268，到期日为2026/07/17
2026-06-05,US.IWM,,PUT,277.0,2026-06-18,3019,1156277.0,BUY,06-06 03:59,6.6 03:59，出现一笔买入看跌期权交易，成交量为3019张，未平仓数为45016张，V/OI值为0.2，交易金额为1156277USD，合约行权价是277，到期日为2026/06/18
2026-06-05,US.IWM,,PUT,282.0,2026-06-18,64298,39093184.0,SELL,06-06 03:42,6.6 03:42，出现一笔卖出看跌期权交易，成交量为64298张，未平仓数为87079张，V/OI值为0.9，交易金额为39093184USD，合约行权价是282，到期日为2026/06/18
2026-06-05,US.IWM,,PUT,275.0,2026-06-30,64480,31788640.0,BUY,06-06 03:42,6.6 03:42，出现一笔买入看跌期权交易，成交量为64480张，未平仓数为13069张，V/OI值为5.1，交易金额为31788640USD，合约行权价是275，到期日为2026/06/30
2026-06-05,US.IWM,,PUT,275.0,2026-06-18,8700,3166800.0,BUY,06-06 03:36,6.6 03:36，出现一笔买入看跌期权交易，成交量为8700张，未平仓数为100785张，V/OI值为0.2，交易金额为3166800USD，合约行权价是275，到期日为2026/06/18
2026-06-05,US.IWM,,PUT,269.0,2026-07-17,3000,1419000.0,SELL,06-06 03:28,6.6 03:28，出现一笔卖出看跌期权交易，成交量为3000张，未平仓数为1733张，V/OI值为5.8，交易金额为1419000USD，合约行权价是269，到期日为2026/07/17
2026-06-05,US.IWM,,PUT,274.0,2026-06-18,6094,2029302.0,SELL,06-06 03:26,6.6 03:26，出现一笔卖出看跌期权交易，成交量为6094张，未平仓数为74014张，V/OI值为0.7，交易金额为2029302USD，合约行权价是274，到期日为2026/06/18
2026-06-05,US.IWM,,PUT,273.0,2026-06-18,4009,1238781.0,SELL,06-06 03:26,6.6 03:26，出现一笔卖出看跌期权交易，成交量为4009张，未平仓数为21205张，V/OI值为0.6，交易金额为1238781USD，合约行权价是273，到期日为2026/06/18
2026-06-05,US.IWM,,PUT,274.0,2026-06-18,3000,1008001.0,SELL,06-06 03:26,6.6 03:26，出现一笔卖出看跌期权交易，成交量为3000张，未平仓数为74014张，V/OI值为0.6，交易金额为1008001USD，合约行权价是274，到期日为2026/06/18
2026-06-05,US.IWM,,PUT,274.0,2026-06-18,3000,1005000.0,SELL,06-06 03:26,6.6 03:26，出现一笔卖出看跌期权交易，成交量为3000张，未平仓数为74014张，V/OI值为0.6，交易金额为1005000USD，合约行权价是274，到期日为2026/06/18
2026-06-05,US.IWM,,PUT,274.0,2026-06-18,3000,1008001.0,SELL,06-06 03:26,6.6 03:26，出现一笔卖出看跌期权交易，成交量为3000张，未平仓数为74014张，V/OI值为0.5，交易金额为1008001USD，合约行权价是274，到期日为2026/06/18
2026-06-05,US.IWM,,PUT,273.0,2026-06-18,3135,968715.0,BUY,06-06 03:25,6.6 03:25，出现一笔买入看跌期权交易，成交量为3135张，未平仓数为21205张，V/OI值为0.4，交易金额为968715USD，合约行权价是273，到期日为2026/06/18
2026-06-05,US.IWM,,PUT,273.0,2026-06-18,3000,926998.0,BUY,06-06 03:25,6.6 03:25，出现一笔买入看跌期权交易，成交量为3000张，未平仓数为21205张，V/OI值为0.2，交易金额为926998USD，合约行权价是273，到期日为2026/06/18
2026-06-05,US.IWM,,PUT,200.0,2026-07-17,6099,121980.0,BUY,06-06 03:08,6.6 03:08，出现一笔买入看跌期权交易，成交量为6099张，未平仓数为7906张，V/OI值为0.9，交易金额为121980USD，合约行权价是200，到期日为2026/07/17
2026-06-05,US.IWM,,PUT,268.0,2026-07-17,4000,1752000.0,SELL,06-06 02:50,6.6 02:50，出现一笔卖出看跌期权交易，成交量为4000张，未平仓数为4027张，V/OI值为1，交易金额为1752000USD，合约行权价是268，到期日为2026/07/17
2026-06-05,US.IWM,,PUT,270.0,2026-07-17,5477,2628960.0,BUY,06-06 02:50,6.6 02:50，出现一笔买入看跌期权交易，成交量为5477张，未平仓数为38072张，V/OI值为0.4，交易金额为2628960USD，合约行权价是270，到期日为2026/07/17
2026-06-05,US.IWM,,PUT,269.0,2026-06-26,4500,1219500.0,SELL,06-06 02:43,6.6 02:43，出现一笔卖出看跌期权交易，成交量为4500张，未平仓数为401张，V/OI值为11.3，交易金额为1219500USD，合约行权价是269，到期日为2026/06/26
2026-06-05,US.IWM,,PUT,274.0,2026-06-18,3674,1076482.0,BUY,06-06 02:34,6.6 02:34，出现一笔买入看跌期权交易，成交量为3674张，未平仓数为74014张，V/OI值为0.3，交易金额为1076482USD，合约行权价是274，到期日为2026/06/18
2026-06-05,US.IWM,,PUT,276.0,2026-06-18,3674,1271204.0,SELL,06-06 02:34,6.6 02:34，出现一笔卖出看跌期权交易，成交量为3674张，未平仓数为96511张，V/OI值为0.6，交易金额为1271204USD，合约行权价是276，到期日为2026/06/18
2026-06-05,US.IWM,,PUT,276.0,2026-06-18,3946,1361370.0,SELL,06-06 02:34,6.6 02:34，出现一笔卖出看跌期权交易，成交量为3946张，未平仓数为96511张，V/OI值为0.5，交易金额为1361370USD，合约行权价是276，到期日为2026/06/18
2026-06-05,US.IWM,,PUT,269.0,2026-07-17,3175,1378125.0,BUY,06-06 02:28,6.6 02:28，出现一笔买入看跌期权交易，成交量为3175张，未平仓数为1733张，V/OI值为1.9，交易金额为1378125USD，合约行权价是269，到期日为2026/07/17
2026-06-05,US.IWM,,PUT,220.0,2026-12-18,6250,2081250.0,SELL,06-06 02:22,6.6 02:22，出现一笔卖出看跌期权交易，成交量为6250张，未平仓数为49857张，V/OI值为0.1，交易金额为2081250USD，合约行权价是220，到期日为2026/12/18
2026-06-05,US.IWM,,PUT,270.0,2026-06-12,3086,206762.0,SELL,06-06 02:12,6.6 02:12，出现一笔卖出看跌期权交易，成交量为3086张，未平仓数为3680张，V/OI值为4.7，交易金额为206762USD，合约行权价是270，到期日为2026/06/12
2026-06-05,US.IWM,,PUT,282.0,2026-06-12,3145,987530.0,BUY,06-06 02:05,6.6 02:05，出现一笔买入看跌期权交易，成交量为3145张，未平仓数为1155张，V/OI值为9.5，交易金额为987530USD，合约行权价是282，到期日为2026/06/12
2026-06-05,US.IWM,,CALL,300.0,2026-07-02,6047,834486.0,SELL,06-06 02:02,6.6 02:02，出现一笔卖出看涨期权交易，成交量为6047张，未平仓数为133张，V/OI值为49.6，交易金额为834486USD，合约行权价是300，到期日为2026/07/02
2026-06-05,US.IWM,,PUT,270.0,2026-06-12,3287,187359.0,SELL,06-06 02:02,6.6 02:02，出现一笔卖出看跌期权交易，成交量为3287张，未平仓数为3680张，V/OI值为1.9，交易金额为187359USD，合约行权价是270，到期日为2026/06/12
2026-06-05,US.IWM,,PUT,282.0,2026-06-12,3287,926934.0,BUY,06-06 02:02,6.6 02:02，出现一笔买入看跌期权交易，成交量为3287张，未平仓数为1155张，V/OI值为5.2，交易金额为926934USD，合约行权价是282，到期日为2026/06/12
2026-06-05,US.IWM,,PUT,280.0,2027-12-17,8500,22015000.0,BUY,06-06 01:42,6.6 01:42，出现一笔买入看跌期权交易，成交量为8500张，未平仓数为14499张，V/OI值为0.6，交易金额为22015000USD，合约行权价是280，到期日为2027/12/17
2026-06-05,US.IWM,,CALL,286.0,2026-06-05,6733,114461.0,BUY,06-06 01:25,6.6 01:25，出现一笔买入看涨期权交易，成交量为6733张，未平仓数为1678张，V/OI值为26.2，交易金额为114461USD，合约行权价是286，到期日为2026/06/05
2026-06-05,US.IWM,,PUT,295.0,2026-12-18,4000,9392000.0,BUY,06-06 01:21,6.6 01:21，出现一笔买入看跌期权交易，成交量为4000张，未平仓数为4787张，V/OI值为0.8，交易金额为9392000USD，合约行权价是295，到期日为2026/12/18
2026-06-05,US.IWM,,CALL,295.0,2026-12-18,4000,6208000.0,BUY,06-06 01:21,6.6 01:21，出现一笔买入看涨期权交易，成交量为4000张，未平仓数为17283张，V/OI值为0.2，交易金额为6208000USD，合约行权价是295，到期日为2026/12/18
2026-06-05,US.IWM,,PUT,272.0,2026-07-17,4000,1796000.0,SELL,06-06 00:58,6.6 00:58，出现一笔卖出看跌期权交易，成交量为4000张，未平仓数为2320张，V/OI值为7.3，交易金额为1796000USD，合约行权价是272，到期日为2026/07/17
2026-06-05,US.IWM,,PUT,270.0,2026-07-17,3367,1387682.0,BUY,06-06 00:56,6.6 00:56，出现一笔买入看跌期权交易，成交量为3367张，未平仓数为38072张，V/OI值为0.1，交易金额为1387682USD，合约行权价是270，到期日为2026/07/17
2026-06-05,US.IWM,,CALL,290.0,2026-06-18,12000,2856000.0,BUY,06-06 00:44,6.6 00:44，出现一笔买入看涨期权交易，成交量为12000张，未平仓数为37984张，V/OI值为0.3，交易金额为2856000USD，合约行权价是290，到期日为2026/06/18
2026-06-05,US.IWM,,CALL,300.0,2026-06-30,5636,721408.0,SELL,06-06 00:40,6.6 00:40，出现一笔卖出看涨期权交易，成交量为5636张，未平仓数为28999张，V/OI值为0.3，交易金额为721408USD，合约行权价是300，到期日为2026/06/30
2026-06-05,US.IWM,,PUT,255.0,2026-06-18,10090,393510.0,SELL,06-06 00:19,6.6 00:19，出现一笔卖出看跌期权交易，成交量为10090张，未平仓数为44042张，V/OI值为0.2，交易金额为393510USD，合约行权价是255，到期日为2026/06/18
2026-06-05,US.IWM,,PUT,271.0,2026-07-17,3000,1212000.0,SELL,06-06 00:14,6.6 00:14，出现一笔卖出看跌期权交易，成交量为3000张，未平仓数为2804张，V/OI值为4.1，交易金额为1212000USD，合约行权价是271，到期日为2026/07/17
2026-06-05,US.IWM,,PUT,272.0,2026-07-17,7738,3288650.0,SELL,06-06 00:07,6.6 00:07，出现一笔卖出看跌期权交易，成交量为7738张，未平仓数为2320张，V/OI值为3.7，交易金额为3288650USD，合约行权价是272，到期日为2026/07/17
2026-06-05,US.IWM,,PUT,273.0,2026-07-17,3101,1379949.0,SELL,06-06 00:07,6.6 00:07，出现一笔卖出看跌期权交易，成交量为3101张，未平仓数为6620张，V/OI值为5.2，交易金额为1379949USD，合约行权价是273，到期日为2026/07/17
2026-06-05,US.IWM,,PUT,273.0,2026-07-17,3060,1364685.0,SELL,06-06 00:07,6.6 00:07，出现一笔卖出看跌期权交易，成交量为3060张，未平仓数为6620张，V/OI值为4.1，交易金额为1364685USD，合约行权价是273，到期日为2026/07/17
2026-06-05,US.IWM,,PUT,273.0,2026-07-17,3000,1335000.0,SELL,06-06 00:07,6.6 00:07，出现一笔卖出看跌期权交易，成交量为3000张，未平仓数为6620张，V/OI值为4.6，交易金额为1335000USD，合约行权价是273，到期日为2026/07/17
2026-06-05,US.IWM,,PUT,273.0,2026-07-17,3001,1338446.0,SELL,06-06 00:07,6.6 00:07，出现一笔卖出看跌期权交易，成交量为3001张，未平仓数为6620张，V/OI值为3.7，交易金额为1338446USD，合约行权价是273，到期日为2026/07/17
2026-06-05,US.IWM,,PUT,273.0,2026-07-17,3040,1358840.0,SELL,06-06 00:07,6.6 00:07，出现一笔卖出看跌期权交易，成交量为3040张，未平仓数为6620张，V/OI值为3.2，交易金额为1358840USD，合约行权价是273，到期日为2026/07/17
2026-06-05,US.IWM,,PUT,271.0,2026-07-17,7951,3212204.0,SELL,06-06 00:06,6.6 00:06，出现一笔卖出看跌期权交易，成交量为7951张，未平仓数为2804张，V/OI值为2.9，交易金额为3212204USD，合约行权价是271，到期日为2026/07/17
2026-06-05,US.LITE,,CALL,900.0,2026-07-17,200,2100000.0,SELL,06-06 03:45,6.6 03:45，出现一笔卖出看涨期权交易，成交量为200张，未平仓数为460张，V/OI值为1.8，交易金额为2100000USD，合约行权价是900，到期日为2026/07/17
2026-06-05,US.LITE,,CALL,900.0,2026-07-17,200,2125000.0,BUY,06-06 03:25,6.6 03:25，出现一笔买入看涨期权交易，成交量为200张，未平仓数为460张，V/OI值为1.4，交易金额为2125000USD，合约行权价是900，到期日为2026/07/17
2026-06-05,US.LITE,,PUT,850.0,2026-07-17,200,2109000.0,SELL,06-06 03:11,6.6 03:11，出现一笔卖出看跌期权交易，成交量为200张，未平仓数为211张，V/OI值为2.8，交易金额为2109000USD，合约行权价是850，到期日为2026/07/17
2026-06-05,US.LITE,,CALL,900.0,2026-07-17,200,2103439.0,SELL,06-06 03:08,6.6 03:08，出现一笔卖出看涨期权交易，成交量为200张，未平仓数为460张，V/OI值为1，交易金额为2103439USD，合约行权价是900，到期日为2026/07/17
2026-06-05,US.LITE,,CALL,900.0,2026-07-17,200,2131000.0,BUY,06-06 03:02,6.6 03:02，出现一笔买入看涨期权交易，成交量为200张，未平仓数为460张，V/OI值为0.5，交易金额为2131000USD，合约行权价是900，到期日为2026/07/17
2026-06-05,US.LITE,,CALL,900.0,2026-06-12,210,619920.0,BUY,06-06 02:52,6.6 02:52，出现一笔买入看涨期权交易，成交量为210张，未平仓数为81张，V/OI值为4.1，交易金额为619920USD，合约行权价是900，到期日为2026/06/12
2026-06-05,US.LITE,,PUT,785.0,2026-06-12,210,407610.0,SELL,06-06 02:52,6.6 02:52，出现一笔卖出看跌期权交易，成交量为210张，未平仓数为50张，V/OI值为4.4，交易金额为407610USD，合约行权价是785，到期日为2026/06/12
2026-06-05,US.LITE,,CALL,1000.0,2026-06-18,200,630000.0,BUY,06-06 00:33,6.6 00:33，出现一笔买入看涨期权交易，成交量为200张，未平仓数为1259张，V/OI值为0.8，交易金额为630000USD，合约行权价是1000，到期日为2026/06/18
2026-06-05,US.LITE,,CALL,1000.0,2026-06-18,200,660000.0,BUY,06-06 00:30,6.6 00:30，出现一笔买入看涨期权交易，成交量为200张，未平仓数为1259张，V/OI值为0.6，交易金额为660000USD，合约行权价是1000，到期日为2026/06/18
2026-06-05,US.LITE,,PUT,450.0,2026-09-18,252,511560.0,BUY,06-06 00:30,6.6 00:30，出现一笔买入看跌期权交易，成交量为252张，未平仓数为136张，V/OI值为1.9，交易金额为511560USD，合约行权价是450，到期日为2026/09/18
2026-06-05,US.MARA,,CALL,13.0,2026-07-17,1462,168129.0,BUY,06-06 03:41,6.6 03:41，出现一笔买入看涨期权交易，成交量为1462张，未平仓数为3381张，V/OI值为0.5，交易金额为168129USD，合约行权价是13，到期日为2026/07/17
2026-06-05,US.MARA,,PUT,12.0,2026-07-17,2071,262408.0,BUY,06-06 03:41,6.6 03:41，出现一笔买入看跌期权交易，成交量为2071张，未平仓数为5266张，V/OI值为0.5，交易金额为262408USD，合约行权价是12，到期日为2026/07/17
2026-06-05,US.MARA,,PUT,13.0,2026-06-05,4133,438098.0,SELL,06-06 03:00,6.6 03:00，出现一笔卖出看跌期权交易，成交量为4133张，未平仓数为10126张，V/OI值为0.7，交易金额为438098USD，合约行权价是13，到期日为2026/06/05
2026-06-05,US.MARA,,CALL,12.5,2026-06-12,9355,364845.0,SELL,06-06 02:08,6.6 02:08，出现一笔卖出看涨期权交易，成交量为9355张，未平仓数为540张，V/OI值为56.2，交易金额为364845USD，合约行权价是12.5，到期日为2026/06/12
2026-06-05,US.MARA,,CALL,13.5,2026-06-12,9355,159035.0,BUY,06-06 02:08,6.6 02:08，出现一笔买入看涨期权交易，成交量为9355张，未平仓数为2462张，V/OI值为14，交易金额为159035USD，合约行权价是13.5，到期日为2026/06/12
2026-06-05,US.MARA,,CALL,12.5,2026-06-12,4918,201638.0,SELL,06-06 01:52,6.6 01:52，出现一笔卖出看涨期权交易，成交量为4918张，未平仓数为540张，V/OI值为37.6，交易金额为201638USD，合约行权价是12.5，到期日为2026/06/12
2026-06-05,US.MARA,,CALL,12.5,2026-06-12,3719,152479.0,SELL,06-06 01:52,6.6 01:52，出现一笔卖出看涨期权交易，成交量为3719张，未平仓数为540张，V/OI值为28.4，交易金额为152479USD，合约行权价是12.5，到期日为2026/06/12
2026-06-05,US.MARA,,CALL,13.5,2026-06-12,4918,88524.0,BUY,06-06 01:52,6.6 01:52，出现一笔买入看涨期权交易，成交量为4918张，未平仓数为2462张，V/OI值为9.9，交易金额为88524USD，合约行权价是13.5，到期日为2026/06/12
2026-06-05,US.MARA,,CALL,25.0,2026-09-18,4078,134574.0,SELL,06-06 01:42,6.6 01:42，出现一笔卖出看涨期权交易，成交量为4078张，未平仓数为6397张，V/OI值为0.6，交易金额为134574USD，合约行权价是25，到期日为2026/09/18
2026-06-05,US.MARA,,PUT,11.5,2026-06-18,4133,194251.0,BUY,06-06 01:41,6.6 01:41，出现一笔买入看跌期权交易，成交量为4133张，未平仓数为523张，V/OI值为8.1，交易金额为194251USD，合约行权价是11.5，到期日为2026/06/18
2026-06-05,US.MARA,,CALL,13.0,2026-06-18,4133,198384.0,SELL,06-06 01:41,6.6 01:41，出现一笔卖出看涨期权交易，成交量为4133张，未平仓数为11248张，V/OI值为0.4，交易金额为198384USD，合约行权价是13，到期日为2026/06/18
2026-06-05,US.MARA,,CALL,13.5,2026-06-18,4133,140522.0,SELL,06-06 01:41,6.6 01:41，出现一笔卖出看涨期权交易，成交量为4133张，未平仓数为823张，V/OI值为5.2，交易金额为140522USD，合约行权价是13.5，到期日为2026/06/18
2026-06-05,US.MARA,,CALL,12.5,2026-06-12,9998,439912.0,SELL,06-06 01:36,6.6 01:36，出现一笔卖出看涨期权交易，成交量为9998张，未平仓数为540张，V/OI值为21.5，交易金额为439912USD，合约行权价是12.5，到期日为2026/06/12
2026-06-05,US.MARA,,CALL,13.5,2026-06-12,9998,189962.0,BUY,06-06 01:36,6.6 01:36，出现一笔买入看涨期权交易，成交量为9998张，未平仓数为2462张，V/OI值为6.4，交易金额为189962USD，合约行权价是13.5，到期日为2026/06/12
2026-06-05,US.MARA,,PUT,8.0,2026-09-18,2499,132447.0,BUY,06-06 01:00,6.6 01:00，出现一笔买入看跌期权交易，成交量为2499张，未平仓数为9100张，V/OI值为0.3，交易金额为132447USD，合约行权价是8，到期日为2026/09/18
2026-06-05,US.META,,CALL,700.0,2026-08-21,3400,4321400.0,BUY,06-06 03:36,6.6 03:36，出现一笔买入看涨期权交易，成交量为3400张，未平仓数为15397张，V/OI值为0.7，交易金额为4321400USD，合约行权价是700，到期日为2026/08/21
2026-06-05,US.META,,CALL,750.0,2026-08-21,3400,2363000.0,SELL,06-06 03:36,6.6 03:36，出现一笔卖出看涨期权交易，成交量为3400张，未平仓数为12114张，V/OI值为0.6，交易金额为2363000USD，合约行权价是750，到期日为2026/08/21
2026-06-05,US.META,,CALL,1300.0,2028-01-21,1000,1813000.0,BUY,06-06 03:14,6.6 03:14，出现一笔买入看涨期权交易，成交量为1000张，未平仓数为1693张，V/OI值为0.6，交易金额为1813000USD，合约行权价是1300，到期日为2028/01/21
2026-06-05,US.META,,CALL,700.0,2028-01-21,1000,9688000.0,SELL,06-06 03:14,6.6 03:14，出现一笔卖出看涨期权交易，成交量为1000张，未平仓数为2002张，V/OI值为0.5，交易金额为9688000USD，合约行权价是700，到期日为2028/01/21
2026-06-05,US.META,,CALL,700.0,2026-07-17,2673,1069200.0,SELL,06-06 03:07,6.6 03:07，出现一笔卖出看涨期权交易，成交量为2673张，未平仓数为12543张，V/OI值为0.7，交易金额为1069200USD，合约行权价是700，到期日为2026/07/17
2026-06-05,US.META,,CALL,700.0,2026-07-17,1000,400000.0,SELL,06-06 03:07,6.6 03:07，出现一笔卖出看涨期权交易，成交量为1000张，未平仓数为12543张，V/OI值为0.5，交易金额为400000USD，合约行权价是700，到期日为2026/07/17
2026-06-05,US.META,,PUT,550.0,2026-06-12,1000,245000.0,SELL,06-06 02:38,6.6 02:38，出现一笔卖出看跌期权交易，成交量为1000张，未平仓数为640张，V/OI值为3.3，交易金额为245000USD，合约行权价是550，到期日为2026/06/12
2026-06-05,US.META,,PUT,490.0,2026-08-21,1480,1250600.0,SELL,06-06 02:36,6.6 02:36，出现一笔卖出看跌期权交易，成交量为1480张，未平仓数为1056张，V/OI值为1.8，交易金额为1250600USD，合约行权价是490，到期日为2026/08/21
2026-06-05,US.META,,PUT,580.0,2026-06-12,1000,1025000.0,SELL,06-06 02:32,6.6 02:32，出现一笔卖出看跌期权交易，成交量为1000张，未平仓数为909张，V/OI值为5.5，交易金额为1025000USD，合约行权价是580，到期日为2026/06/12
2026-06-05,US.META,,CALL,650.0,2026-06-12,1760,168960.0,SELL,06-06 02:16,6.6 02:16，出现一笔卖出看涨期权交易，成交量为1760张，未平仓数为8649张，V/OI值为0.8，交易金额为168960USD，合约行权价是650，到期日为2026/06/12
2026-06-05,US.META,,CALL,650.0,2026-06-12,1000,102336.0,SELL,06-06 02:16,6.6 02:16，出现一笔卖出看涨期权交易，成交量为1000张，未平仓数为8649张，V/OI值为0.6，交易金额为102336USD，合约行权价是650，到期日为2026/06/12
2026-06-05,US.META,,CALL,650.0,2026-06-12,2500,400000.0,SELL,06-06 02:09,6.6 02:09，出现一笔卖出看涨期权交易，成交量为2500张，未平仓数为8649张，V/OI值为0.5，交易金额为400000USD，合约行权价是650，到期日为2026/06/12
2026-06-05,US.META,,CALL,630.0,2026-06-12,1780,757337.0,SELL,06-06 02:08,6.6 02:08，出现一笔卖出看涨期权交易，成交量为1780张，未平仓数为2974张，V/OI值为1.3，交易金额为757337USD，合约行权价是630，到期日为2026/06/12
2026-06-05,US.META,,CALL,630.0,2026-06-18,1547,1222132.0,SELL,06-06 01:06,6.6 01:06，出现一笔卖出看涨期权交易，成交量为1547张，未平仓数为7783张，V/OI值为0.3，交易金额为1222132USD，合约行权价是630，到期日为2026/06/18
2026-06-05,US.META,,PUT,580.0,2026-06-10,1000,126000.0,BUY,06-06 00:35,6.6 00:35，出现一笔买入看跌期权交易，成交量为1000张，未平仓数为2925张，V/OI值为1，交易金额为126000USD，合约行权价是580，到期日为2026/06/10
2026-06-05,US.MP,,CALL,75.0,2027-01-15,1000,865000.0,SELL,06-06 03:09,6.6 03:09，出现一笔卖出看涨期权交易，成交量为1000张，未平仓数为12883张，V/OI值为0.1，交易金额为865000USD，合约行权价是75，到期日为2027/01/15
2026-06-05,US.MP,,PUT,45.0,2026-07-17,1786,139308.0,BUY,06-06 01:00,6.6 01:00，出现一笔买入看跌期权交易，成交量为1786张，未平仓数为3006张，V/OI值为0.9，交易金额为139308USD，合约行权价是45，到期日为2026/07/17
2026-06-05,US.MRNA,,CALL,48.0,2026-06-12,3126,500160.0,SELL,06-06 02:35,6.6 02:35，出现一笔卖出看涨期权交易，成交量为3126张，未平仓数为191张，V/OI值为34.1，交易金额为500160USD，合约行权价是48，到期日为2026/06/12
2026-06-05,US.MRNA,,CALL,48.0,2026-06-12,3125,500000.0,SELL,06-06 02:35,6.6 02:35，出现一笔卖出看涨期权交易，成交量为3125张，未平仓数为191张，V/OI值为17.8，交易金额为500000USD，合约行权价是48，到期日为2026/06/12
2026-06-05,US.MRNA,,CALL,51.0,2026-06-12,3126,246954.0,BUY,06-06 02:35,6.6 02:35，出现一笔买入看涨期权交易，成交量为3126张，未平仓数为207张，V/OI值为30.5，交易金额为246954USD，合约行权价是51，到期日为2026/06/12
2026-06-05,US.MRNA,,CALL,51.0,2026-06-12,3125,246875.0,BUY,06-06 02:35,6.6 02:35，出现一笔买入看涨期权交易，成交量为3125张，未平仓数为207张，V/OI值为15.4，交易金额为246875USD，合约行权价是51，到期日为2026/06/12
2026-06-05,US.MRVL,,PUT,155.0,2026-06-12,3100,114700.0,BUY,06-06 03:55,6.6 03:55，出现一笔买入看跌期权交易，成交量为3100张，未平仓数为777张，V/OI值为5，交易金额为114700USD，合约行权价是155，到期日为2026/06/12
2026-06-05,US.MRVL,,PUT,149.0,2026-06-12,2388,83580.0,SELL,06-06 03:25,6.6 03:25，出现一笔卖出看跌期权交易，成交量为2388张，未平仓数为320张，V/OI值为13.1，交易金额为83580USD，合约行权价是149，到期日为2026/06/12
2026-06-05,US.MRVL,,PUT,192.5,2026-06-18,6499,1221812.0,SELL,06-06 02:04,6.6 02:04，出现一笔卖出看跌期权交易，成交量为6499张，未平仓数为7983张，V/OI值为1，交易金额为1221812USD，合约行权价是192.5，到期日为2026/06/18
2026-06-05,US.MRVL,,PUT,165.0,2026-06-12,25996,1351792.0,BUY,06-06 02:04,6.6 02:04，出现一笔买入看跌期权交易，成交量为25996张，未平仓数为899张，V/OI值为33.6，交易金额为1351792USD，合约行权价是165，到期日为2026/06/12
2026-06-05,US.MRVL,,PUT,165.0,2026-06-12,3780,196560.0,BUY,06-06 02:03,6.6 02:03，出现一笔买入看跌期权交易，成交量为3780张，未平仓数为899张，V/OI值为4.7，交易金额为196560USD，合约行权价是165，到期日为2026/06/12
2026-06-05,US.MRVL,,PUT,290.0,2026-06-05,2000,2406000.0,BUY,06-06 01:48,6.6 01:48，出现一笔买入看跌期权交易，成交量为2000张，未平仓数为4938张，V/OI值为1.5，交易金额为2406000USD，合约行权价是290，到期日为2026/06/05
2026-06-05,US.MRVL,,PUT,280.0,2026-06-12,2000,3804000.0,SELL,06-06 01:48,6.6 01:48，出现一笔卖出看跌期权交易，成交量为2000张，未平仓数为1555张，V/OI值为2.2，交易金额为3804000USD，合约行权价是280，到期日为2026/06/12
2026-06-05,US.MSFT,,CALL,500.0,2026-08-21,1350,702000.0,SELL,06-06 03:16,6.6 03:16，出现一笔卖出看涨期权交易，成交量为1350张，未平仓数为59279张，V/OI值为0.2，交易金额为702000USD，合约行权价是500，到期日为2026/08/21
2026-06-05,US.MSFT,,CALL,500.0,2026-08-21,4546,2363920.0,SELL,06-06 03:16,6.6 03:16，出现一笔卖出看涨期权交易，成交量为4546张，未平仓数为59279张，V/OI值为0.2，交易金额为2363920USD，合约行权价是500，到期日为2026/08/21
2026-06-05,US.MSFT,,CALL,600.0,2026-08-21,1350,148500.0,BUY,06-06 03:16,6.6 03:16，出现一笔买入看涨期权交易，成交量为1350张，未平仓数为8531张，V/OI值为0.8，交易金额为148500USD，合约行权价是600，到期日为2026/08/21
2026-06-05,US.MSFT,,CALL,600.0,2026-08-21,4546,500060.0,BUY,06-06 03:16,6.6 03:16，出现一笔买入看涨期权交易，成交量为4546张，未平仓数为8531张，V/OI值为0.6，交易金额为500060USD，合约行权价是600，到期日为2026/08/21
2026-06-05,US.MSFT,,CALL,500.0,2026-07-17,1523,216266.0,SELL,06-06 02:47,6.6 02:47，出现一笔卖出看涨期权交易，成交量为1523张，未平仓数为30425张，V/OI值为0.4，交易金额为216266USD，合约行权价是500，到期日为2026/07/17
2026-06-05,US.MSFT,,CALL,500.0,2026-07-17,1038,147396.0,SELL,06-06 02:47,6.6 02:47，出现一笔卖出看涨期权交易，成交量为1038张，未平仓数为30425张，V/OI值为0.3，交易金额为147396USD，合约行权价是500，到期日为2026/07/17
2026-06-05,US.MSFT,,CALL,420.0,2026-06-05,1074,143602.0,BUY,06-06 02:13,6.6 02:13，出现一笔买入看涨期权交易，成交量为1074张，未平仓数为2926张，V/OI值为6.4，交易金额为143602USD，合约行权价是420，到期日为2026/06/05
2026-06-05,US.MSTR,,CALL,35.0,2026-06-12,4474,38288492.0,SELL,06-06 03:59,6.6 03:59，出现一笔卖出看涨期权交易，成交量为4474张，未平仓数为0张，V/OI值为0，交易金额为38288492USD，合约行权价是35，到期日为2026/06/12
2026-06-05,US.MSTR,,CALL,45.0,2026-06-05,4936,37266800.0,BUY,06-06 03:59,6.6 03:59，出现一笔买入看涨期权交易，成交量为4936张，未平仓数为4959张，V/OI值为1，交易金额为37266800USD，合约行权价是45，到期日为2026/06/05
2026-06-05,US.MSTR,,CALL,126.0,2026-06-12,5177,1760180.0,BUY,06-06 03:48,6.6 03:48，出现一笔买入看涨期权交易，成交量为5177张，未平仓数为45张，V/OI值为325，交易金额为1760180USD，合约行权价是126，到期日为2026/06/12
2026-06-05,US.MSTR,,CALL,132.0,2026-06-12,5177,993984.0,SELL,06-06 03:48,6.6 03:48，出现一笔卖出看涨期权交易，成交量为5177张，未平仓数为251张，V/OI值为108.5，交易金额为993984USD，合约行权价是132，到期日为2026/06/12
2026-06-05,US.MSTR,,CALL,125.0,2026-06-12,1900,674500.0,BUY,06-06 03:45,6.6 03:45，出现一笔买入看涨期权交易，成交量为1900张，未平仓数为168张，V/OI值为120.4，交易金额为674500USD，合约行权价是125，到期日为2026/06/12
2026-06-05,US.MSTR,,CALL,137.0,2026-06-12,1570,172700.0,SELL,06-06 03:32,6.6 03:32，出现一笔卖出看涨期权交易，成交量为1570张，未平仓数为7736张，V/OI值为0.3，交易金额为172700USD，合约行权价是137，到期日为2026/06/12
2026-06-05,US.MSTR,,PUT,130.0,2026-06-05,1500,1914000.0,BUY,06-06 03:28,6.6 03:28，出现一笔买入看跌期权交易，成交量为1500张，未平仓数为6401张，V/OI值为0.7，交易金额为1914000USD，合约行权价是130，到期日为2026/06/05
2026-06-05,US.MSTR,,PUT,125.0,2026-06-05,1500,1164000.0,SELL,06-06 03:28,6.6 03:28，出现一笔卖出看跌期权交易，成交量为1500张，未平仓数为5675张，V/OI值为1，交易金额为1164000USD，合约行权价是125，到期日为2026/06/05
2026-06-05,US.MSTR,,PUT,100.0,2026-06-12,1506,293716.0,BUY,06-06 03:15,6.6 03:15，出现一笔买入看跌期权交易，成交量为1506张，未平仓数为11746张，V/OI值为2.4，交易金额为293716USD，合约行权价是100，到期日为2026/06/12
2026-06-05,US.MSTR,,CALL,121.0,2026-06-12,3000,1182000.0,SELL,06-06 03:14,6.6 03:14，出现一笔卖出看涨期权交易，成交量为3000张，未平仓数为22张，V/OI值为335.3，交易金额为1182000USD，合约行权价是121，到期日为2026/06/12
2026-06-05,US.MSTR,,CALL,128.0,2026-06-12,3000,630000.0,BUY,06-06 03:14,6.6 03:14，出现一笔买入看涨期权交易，成交量为3000张，未平仓数为173张，V/OI值为43.1，交易金额为630000USD，合约行权价是128，到期日为2026/06/12
2026-06-05,US.MSTR,,PUT,80.0,2026-06-12,2700,137700.0,BUY,06-06 03:03,6.6 03:03，出现一笔买入看跌期权交易，成交量为2700张，未平仓数为2630张，V/OI值为1.9，交易金额为137700USD，合约行权价是80，到期日为2026/06/12
2026-06-05,US.MSTR,,CALL,125.0,2026-06-12,3500,948500.0,SELL,06-06 02:45,6.6 02:45，出现一笔卖出看涨期权交易，成交量为3500张，未平仓数为168张，V/OI值为97，交易金额为948500USD，合约行权价是125，到期日为2026/06/12
2026-06-05,US.MSTR,,CALL,121.0,2026-06-12,3750,1455000.0,SELL,06-06 02:36,6.6 02:36，出现一笔卖出看涨期权交易，成交量为3750张，未平仓数为22张，V/OI值为195.9，交易金额为1455000USD，合约行权价是121，到期日为2026/06/12
2026-06-05,US.MSTR,,CALL,128.0,2026-06-12,3750,761250.0,BUY,06-06 02:36,6.6 02:36，出现一笔买入看涨期权交易，成交量为3750张，未平仓数为173张，V/OI值为25.1，交易金额为761250USD，合约行权价是128，到期日为2026/06/12
2026-06-05,US.MSTR,,CALL,126.0,2026-06-12,3039,784062.0,SELL,06-06 02:09,6.6 02:09，出现一笔卖出看涨期权交易，成交量为3039张，未平仓数为45张，V/OI值为195.9，交易金额为784062USD，合约行权价是126，到期日为2026/06/12
2026-06-05,US.MSTR,,CALL,142.0,2026-06-12,3039,197535.0,SELL,06-06 02:09,6.6 02:09，出现一笔卖出看涨期权交易，成交量为3039张，未平仓数为3276张，V/OI值为1.1，交易金额为197535USD，合约行权价是142，到期日为2026/06/12
2026-06-05,US.MSTR,,CALL,132.0,2026-06-12,3039,458889.0,SELL,06-06 02:09,6.6 02:09，出现一笔卖出看涨期权交易，成交量为3039张，未平仓数为251张，V/OI值为60.9，交易金额为458889USD，合约行权价是132，到期日为2026/06/12
2026-06-05,US.MSTR,,CALL,150.0,2026-06-12,3039,109404.0,BUY,06-06 02:09,6.6 02:09，出现一笔买入看涨期权交易，成交量为3039张，未平仓数为5863张，V/OI值为0.9，交易金额为109404USD，合约行权价是150，到期日为2026/06/12
2026-06-05,US.MSTR,,CALL,124.0,2026-06-12,1900,647900.0,BUY,06-06 01:50,6.6 01:50，出现一笔买入看涨期权交易，成交量为1900张，未平仓数为58张，V/OI值为46.6，交易金额为647900USD，合约行权价是124，到期日为2026/06/12
2026-06-05,US.MSTR,,CALL,132.0,2026-06-12,1900,315400.0,SELL,06-06 01:50,6.6 01:50，出现一笔卖出看涨期权交易，成交量为1900张，未平仓数为251张，V/OI值为48.8，交易金额为315400USD，合约行权价是132，到期日为2026/06/12
2026-06-05,US.NBIS,,PUT,215.0,2026-06-12,4086,4719330.0,BUY,06-06 03:21,6.6 03:21，出现一笔买入看跌期权交易，成交量为4086张，未平仓数为429张，V/OI值为10.8，交易金额为4719330USD，合约行权价是215，到期日为2026/06/12
2026-06-05,US.NBIS,,PUT,285.0,2026-06-05,2000,12588000.0,BUY,06-06 03:10,6.6 03:10，出现一笔买入看跌期权交易，成交量为2000张，未平仓数为7012张，V/OI值为1，交易金额为12588000USD，合约行权价是285，到期日为2026/06/05
2026-06-05,US.NBIS,,PUT,285.0,2026-06-26,2000,13682000.0,SELL,06-06 03:10,6.6 03:10，出现一笔卖出看跌期权交易，成交量为2000张，未平仓数为6张，V/OI值为1167.2，交易金额为13682000USD，合约行权价是285，到期日为2026/06/26
2026-06-05,US.NBIS,,PUT,190.0,2026-06-18,3700,3163500.0,SELL,06-06 02:51,6.6 02:51，出现一笔卖出看跌期权交易，成交量为3700张，未平仓数为3074张，V/OI值为1.3，交易金额为3163500USD，合约行权价是190，到期日为2026/06/18
2026-06-05,US.NBIS,,PUT,160.0,2026-06-18,1000,233000.0,SELL,06-06 02:36,6.6 02:36，出现一笔卖出看跌期权交易，成交量为1000张，未平仓数为2753张，V/OI值为0.5，交易金额为233000USD，合约行权价是160，到期日为2026/06/18
2026-06-05,US.NET,,PUT,220.0,2026-07-17,402,351584.0,BUY,06-06 00:46,6.6 00:46，出现一笔买入看跌期权交易，成交量为402张，未平仓数为2686张，V/OI值为0.2，交易金额为351584USD，合约行权价是220，到期日为2026/07/17
2026-06-05,US.NET,,CALL,310.0,2026-09-18,200,375000.0,SELL,06-06 00:04,6.6 00:04，出现一笔卖出看涨期权交易，成交量为200张，未平仓数为502张，V/OI值为0.4，交易金额为375000USD，合约行权价是310，到期日为2026/09/18
2026-06-05,US.NOK,,PUT,15.0,2026-06-05,2000,140000.0,BUY,06-06 03:39,6.6 03:39，出现一笔买入看跌期权交易，成交量为2000张，未平仓数为10217张，V/OI值为2.7，交易金额为140000USD，合约行权价是15，到期日为2026/06/05
2026-06-05,US.NOK,,PUT,15.0,2026-06-12,2000,218000.0,BUY,06-06 03:39,6.6 03:39，出现一笔买入看跌期权交易，成交量为2000张，未平仓数为9240张，V/OI值为0.9，交易金额为218000USD，合约行权价是15，到期日为2026/06/12
2026-06-05,US.NOK,,PUT,14.0,2026-06-12,2000,104000.0,BUY,06-06 03:39,6.6 03:39，出现一笔买入看跌期权交易，成交量为2000张，未平仓数为1748张，V/OI值为4.8，交易金额为104000USD，合约行权价是14，到期日为2026/06/12
2026-06-05,US.NOK,,CALL,18.0,2026-09-18,2625,383250.0,SELL,06-06 03:20,6.6 03:20，出现一笔卖出看涨期权交易，成交量为2625张，未平仓数为24408张，V/OI值为0.4，交易金额为383250USD，合约行权价是18，到期日为2026/09/18
2026-06-05,US.NOK,,PUT,12.0,2026-09-18,2625,343875.0,BUY,06-06 03:20,6.6 03:20，出现一笔买入看跌期权交易，成交量为2625张，未平仓数为6167张，V/OI值为0.9，交易金额为343875USD，合约行权价是12，到期日为2026/09/18
2026-06-05,US.NOK,,CALL,18.0,2026-09-18,2625,385875.0,SELL,06-06 03:20,6.6 03:20，出现一笔卖出看涨期权交易，成交量为2625张，未平仓数为24408张，V/OI值为0.3，交易金额为385875USD，合约行权价是18，到期日为2026/09/18
2026-06-05,US.NOK,,PUT,12.0,2026-09-18,2625,343875.0,BUY,06-06 03:20,6.6 03:20，出现一笔买入看跌期权交易，成交量为2625张，未平仓数为6167张，V/OI值为0.5，交易金额为343875USD，合约行权价是12，到期日为2026/09/18
2026-06-05,US.NOK,,CALL,17.0,2026-07-17,2500,180000.0,BUY,06-06 02:52,6.6 02:52，出现一笔买入看涨期权交易，成交量为2500张，未平仓数为44082张，V/OI值为0.3，交易金额为180000USD，合约行权价是17，到期日为2026/07/17
2026-06-05,US.NOK,,PUT,14.0,2026-07-17,2000,264000.0,SELL,06-06 02:15,6.6 02:15，出现一笔卖出看跌期权交易，成交量为2000张，未平仓数为13778张，V/OI值为0.2，交易金额为264000USD，合约行权价是14，到期日为2026/07/17
2026-06-05,US.NOK,,CALL,15.0,2026-07-17,10000,1480000.0,SELL,06-06 00:23,6.6 00:23，出现一笔卖出看涨期权交易，成交量为10000张，未平仓数为76049张，V/OI值为0.7，交易金额为1480000USD，合约行权价是15，到期日为2026/07/17
2026-06-05,US.NOK,,CALL,15.0,2026-07-17,7205,1066340.0,BUY,06-06 00:22,6.6 00:22，出现一笔买入看涨期权交易，成交量为7205张，未平仓数为76049张，V/OI值为0.6，交易金额为1066340USD，合约行权价是15，到期日为2026/07/17
2026-06-05,US.NOK,,CALL,15.0,2026-07-17,4518,677700.0,SELL,06-06 00:21,6.6 00:21，出现一笔卖出看涨期权交易，成交量为4518张，未平仓数为76049张，V/OI值为0.4，交易金额为677700USD，合约行权价是15，到期日为2026/07/17
2026-06-05,US.NOK,,CALL,14.0,2026-07-17,2393,465036.0,SELL,06-06 00:19,6.6 00:19，出现一笔卖出看涨期权交易，成交量为2393张，未平仓数为28890张，V/OI值为0.1，交易金额为465036USD，合约行权价是14，到期日为2026/07/17
2026-06-05,US.NOW,,CALL,120.0,2026-09-18,1500,2145000.0,SELL,06-06 01:43,6.6 01:43，出现一笔卖出看涨期权交易，成交量为1500张，未平仓数为5450张，V/OI值为0.3，交易金额为2145000USD，合约行权价是120，到期日为2026/09/18
2026-06-05,US.NOW,,PUT,120.0,2026-09-18,1500,2865000.0,SELL,06-06 01:43,6.6 01:43，出现一笔卖出看跌期权交易，成交量为1500张，未平仓数为2139张，V/OI值为0.7，交易金额为2865000USD，合约行权价是120，到期日为2026/09/18
2026-06-05,US.NVDA,,PUT,210.0,2026-07-17,5000,6855000.0,BUY,06-06 03:21,6.6 03:21，出现一笔买入看跌期权交易，成交量为5000张，未平仓数为20369张，V/OI值为0.4，交易金额为6855000USD，合约行权价是210，到期日为2026/07/17
2026-06-05,US.NVDA,,CALL,245.0,2026-07-17,5000,930000.0,SELL,06-06 03:21,6.6 03:21，出现一笔卖出看涨期权交易，成交量为5000张，未平仓数为13683张，V/OI值为0.5，交易金额为930000USD，合约行权价是245，到期日为2026/07/17
2026-06-05,US.NVDA,,CALL,222.5,2026-06-12,10000,720000.0,BUY,06-06 03:14,6.6 03:14，出现一笔买入看涨期权交易，成交量为10000张，未平仓数为10267张，V/OI值为4，交易金额为720000USD，合约行权价是222.5，到期日为2026/06/12
2026-06-05,US.NVDA,,CALL,215.0,2026-06-12,10000,1760000.0,SELL,06-06 03:14,6.6 03:14，出现一笔卖出看涨期权交易，成交量为10000张，未平仓数为12190张，V/OI值为5.7，交易金额为1760000USD，合约行权价是215，到期日为2026/06/12
2026-06-05,US.NVDA,,CALL,232.5,2026-06-12,10000,230000.0,SELL,06-06 03:14,6.6 03:14，出现一笔卖出看涨期权交易，成交量为10000张，未平仓数为29897张，V/OI值为0.7，交易金额为230000USD，合约行权价是232.5，到期日为2026/06/12
2026-06-05,US.NVDA,,CALL,225.0,2026-06-12,10000,530000.0,BUY,06-06 03:14,6.6 03:14，出现一笔买入看涨期权交易，成交量为10000张，未平仓数为43263张，V/OI值为1.1，交易金额为530000USD，合约行权价是225，到期日为2026/06/12
2026-06-05,US.NVDA,,CALL,230.0,2026-06-18,5960,474207.0,BUY,06-06 02:37,6.6 02:37，出现一笔买入看涨期权交易，成交量为5960张，未平仓数为79932张，V/OI值为0.3，交易金额为474207USD，合约行权价是230，到期日为2026/06/18
2026-06-05,US.NVDA,,CALL,225.0,2026-06-12,3500,192500.0,BUY,06-06 02:22,6.6 02:22，出现一笔买入看涨期权交易，成交量为3500张，未平仓数为43263张，V/OI值为0.8，交易金额为192500USD，合约行权价是225，到期日为2026/06/12
2026-06-05,US.NVDA,,CALL,222.5,2026-06-12,3500,259000.0,BUY,06-06 02:22,6.6 02:22，出现一笔买入看涨期权交易，成交量为3500张，未平仓数为10267张，V/OI值为2.9，交易金额为259000USD，合约行权价是222.5，到期日为2026/06/12
2026-06-05,US.NVDA,,CALL,215.0,2026-06-12,3500,644000.0,SELL,06-06 02:22,6.6 02:22，出现一笔卖出看涨期权交易，成交量为3500张，未平仓数为12190张，V/OI值为4.5，交易金额为644000USD，合约行权价是215，到期日为2026/06/12
2026-06-05,US.NVDA,,CALL,232.5,2026-06-12,3500,80500.0,SELL,06-06 02:22,6.6 02:22，出现一笔卖出看涨期权交易，成交量为3500张，未平仓数为29897张，V/OI值为0.4，交易金额为80500USD，合约行权价是232.5，到期日为2026/06/12
2026-06-05,US.NVDA,,CALL,212.5,2026-06-12,4399,1161336.0,SELL,06-06 02:05,6.6 02:05，出现一笔卖出看涨期权交易，成交量为4399张，未平仓数为2020张，V/OI值为18.7，交易金额为1161336USD，合约行权价是212.5，到期日为2026/06/12
2026-06-05,US.NVDA,,PUT,170.0,2026-06-10,8866,88660.0,BUY,06-06 01:50,6.6 01:50，出现一笔买入看跌期权交易，成交量为8866张，未平仓数为1127张，V/OI值为8.1，交易金额为88660USD，合约行权价是170，到期日为2026/06/10
2026-06-05,US.NVDA,,CALL,185.0,2026-06-05,9266,21033820.0,BUY,06-06 01:48,6.6 01:48，出现一笔买入看涨期权交易，成交量为9266张，未平仓数为15058张，V/OI值为0.9，交易金额为21033820USD，合约行权价是185，到期日为2026/06/05
2026-06-05,US.NVDA,,CALL,220.0,2026-06-12,5638,625818.0,BUY,06-06 01:20,6.6 01:20，出现一笔买入看涨期权交易，成交量为5638张，未平仓数为19770张，V/OI值为2.5，交易金额为625818USD，合约行权价是220，到期日为2026/06/12
2026-06-05,US.NVDA,,CALL,212.5,2026-06-12,5638,1556088.0,SELL,06-06 01:20,6.6 01:20，出现一笔卖出看涨期权交易，成交量为5638张，未平仓数为2020张，V/OI值为15.6，交易金额为1556088USD，合约行权价是212.5，到期日为2026/06/12
2026-06-05,US.OKLO,,CALL,55.0,2026-07-17,294,251347.0,BUY,06-06 02:29,6.6 02:29，出现一笔买入看涨期权交易，成交量为294张，未平仓数为347张，V/OI值为1.1，交易金额为251347USD，合约行权价是55，到期日为2026/07/17
2026-06-05,US.OKLO,,PUT,59.0,2026-06-18,718,337470.0,SELL,06-06 01:53,6.6 01:53，出现一笔卖出看跌期权交易，成交量为718张，未平仓数为214张，V/OI值为3.6，交易金额为337470USD，合约行权价是59，到期日为2026/06/18
2026-06-05,US.OPEN,,PUT,5.0,2026-06-05,2461,123050.0,SELL,06-06 00:15,6.6 00:15，出现一笔卖出看跌期权交易，成交量为2461张，未平仓数为12685张，V/OI值为0.4，交易金额为123050USD，合约行权价是5，到期日为2026/06/05
2026-06-05,US.OPEN,,CALL,4.0,2026-09-18,1000,115000.0,SELL,06-06 00:13,6.6 00:13，出现一笔卖出看涨期权交易，成交量为1000张，未平仓数为2434张，V/OI值为0.4，交易金额为115000USD，合约行权价是4，到期日为2026/09/18
2026-06-05,US.ORCL,,CALL,290.0,2026-06-12,1087,141310.0,SELL,06-06 02:10,6.6 02:10，出现一笔卖出看涨期权交易，成交量为1087张，未平仓数为1097张，V/OI值为1.2，交易金额为141310USD，合约行权价是290，到期日为2026/06/12
2026-06-05,US.ORCL,,PUT,180.0,2027-06-17,1000,3011000.0,SELL,06-06 01:15,6.6 01:15，出现一笔卖出看跌期权交易，成交量为1000张，未平仓数为977张，V/OI值为1，交易金额为3011000USD，合约行权价是180，到期日为2027/06/17
2026-06-05,US.ORCL,,PUT,180.0,2026-08-21,1000,941000.0,BUY,06-06 01:15,6.6 01:15，出现一笔买入看跌期权交易，成交量为1000张，未平仓数为4904张，V/OI值为0.2，交易金额为941000USD，合约行权价是180，到期日为2026/08/21
2026-06-05,US.ORCL,,CALL,220.0,2026-06-05,2470,123500.0,BUY,06-06 00:09,6.6 00:09，出现一笔买入看涨期权交易，成交量为2470张，未平仓数为5925张，V/OI值为1.8，交易金额为123500USD，合约行权价是220，到期日为2026/06/05
2026-06-05,US.ORCL,,PUT,180.0,2026-06-12,1400,224000.0,BUY,06-06 00:02,6.6 00:02，出现一笔买入看跌期权交易，成交量为1400张，未平仓数为5983张，V/OI值为1，交易金额为224000USD，合约行权价是180，到期日为2026/06/12
2026-06-05,US.ORCL,,PUT,180.0,2026-06-12,1385,221600.0,BUY,06-06 00:02,6.6 00:02，出现一笔买入看跌期权交易，成交量为1385张，未平仓数为5983张，V/OI值为0.8，交易金额为221600USD，合约行权价是180，到期日为2026/06/12
2026-06-05,US.PANW,,PUT,250.0,2026-09-18,603,1079326.0,BUY,06-06 00:33,6.6 00:33，出现一笔买入看跌期权交易，成交量为603张，未平仓数为609张，V/OI值为1.2，交易金额为1079326USD，合约行权价是250，到期日为2026/09/18
2026-06-05,US.PDD,,PUT,110.0,2026-06-18,1300,3269500.0,BUY,06-06 03:25,6.6 03:25，出现一笔买入看跌期权交易，成交量为1300张，未平仓数为866张，V/OI值为4.1，交易金额为3269500USD，合约行权价是110，到期日为2026/06/18
2026-06-05,US.PDD,,PUT,120.0,2026-06-18,1240,4364800.0,BUY,06-06 03:25,6.6 03:25，出现一笔买入看跌期权交易，成交量为1240张，未平仓数为827张，V/OI值为3.7，交易金额为4364800USD，合约行权价是120，到期日为2026/06/18
2026-06-05,US.PDD,,PUT,115.0,2026-06-18,4000,11900000.0,BUY,06-06 03:25,6.6 03:25，出现一笔买入看跌期权交易，成交量为4000张，未平仓数为4048张，V/OI值为3.1，交易金额为11900000USD，合约行权价是115，到期日为2026/06/18
2026-06-05,US.PDD,,PUT,120.0,2026-06-18,1240,4340000.0,BUY,06-06 02:59,6.6 02:59，出现一笔买入看跌期权交易，成交量为1240张，未平仓数为827张，V/OI值为2.2，交易金额为4340000USD，合约行权价是120，到期日为2026/06/18
2026-06-05,US.PDD,,PUT,115.0,2026-06-18,3600,10825200.0,BUY,06-06 02:59,6.6 02:59，出现一笔买入看跌期权交易，成交量为3600张，未平仓数为4048张，V/OI值为2.1，交易金额为10825200USD，合约行权价是115，到期日为2026/06/18
2026-06-05,US.PDD,,PUT,130.0,2026-06-18,2300,10350000.0,BUY,06-06 02:59,6.6 02:59，出现一笔买入看跌期权交易，成交量为2300张，未平仓数为1533张，V/OI值为2.6，交易金额为10350000USD，合约行权价是130，到期日为2026/06/18
2026-06-05,US.PDD,,PUT,110.0,2026-06-18,1299,3247500.0,BUY,06-06 02:56,6.6 02:56，出现一笔买入看跌期权交易，成交量为1299张，未平仓数为866张，V/OI值为2.6，交易金额为3247500USD，合约行权价是110，到期日为2026/06/18
2026-06-05,US.PDD,,PUT,115.0,2026-06-18,3250,9750000.0,BUY,06-06 02:48,6.6 02:48，出现一笔买入看跌期权交易，成交量为3250张，未平仓数为4048张，V/OI值为0.8，交易金额为9750000USD，合约行权价是115，到期日为2026/06/18
2026-06-05,US.PDD,,PUT,130.0,2026-06-18,1710,7695000.0,BUY,06-06 02:48,6.6 02:48，出现一笔买入看跌期权交易，成交量为1710张，未平仓数为1533张，V/OI值为1.1，交易金额为7695000USD，合约行权价是130，到期日为2026/06/18
2026-06-05,US.PLTR,,PUT,92.5,2027-06-17,4500,4342500.0,SELL,06-06 03:59,6.6 03:59，出现一笔卖出看跌期权交易，成交量为4500张，未平仓数为574张，V/OI值为15.7，交易金额为4342500USD，合约行权价是92.5，到期日为2027/06/17
2026-06-05,US.PLTR,,PUT,92.5,2027-06-17,4500,4342500.0,SELL,06-06 03:59,6.6 03:59，出现一笔卖出看跌期权交易，成交量为4500张，未平仓数为574张，V/OI值为7.8，交易金额为4342500USD，合约行权价是92.5，到期日为2027/06/17
2026-06-05,US.PLTR,,CALL,150.0,2026-06-12,4081,187728.0,SELL,06-06 03:57,6.6 03:57，出现一笔卖出看涨期权交易，成交量为4081张，未平仓数为9562张，V/OI值为1.2，交易金额为187728USD，合约行权价是150，到期日为2026/06/12
2026-06-05,US.PLTR,,PUT,135.0,2026-06-18,1000,515000.0,SELL,06-06 03:44,6.6 03:44，出现一笔卖出看跌期权交易，成交量为1000张，未平仓数为11261张，V/OI值为0.2，交易金额为515000USD，合约行权价是135，到期日为2026/06/18
2026-06-05,US.PLTR,,CALL,170.0,2026-09-18,10000,6000000.0,SELL,06-06 03:17,6.6 03:17，出现一笔卖出看涨期权交易，成交量为10000张，未平仓数为15830张，V/OI值为0.7，交易金额为6000000USD，合约行权价是170，到期日为2026/09/18
2026-06-05,US.PLTR,,CALL,230.0,2026-09-18,10000,1480000.0,SELL,06-06 03:17,6.6 03:17，出现一笔卖出看涨期权交易，成交量为10000张，未平仓数为11439张，V/OI值为0.9，交易金额为1480000USD，合约行权价是230，到期日为2026/09/18
2026-06-05,US.PLTR,,PUT,130.0,2026-06-18,1275,307275.0,BUY,06-06 01:04,6.6 01:04，出现一笔买入看跌期权交易，成交量为1275张，未平仓数为19058张，V/OI值为0.1，交易金额为307275USD，合约行权价是130，到期日为2026/06/18
2026-06-05,US.PLTR,,PUT,100.0,2028-12-15,1000,2175000.0,SELL,06-06 00:54,6.6 00:54，出现一笔卖出看跌期权交易，成交量为1000张，未平仓数为10099张，V/OI值为0.1，交易金额为2175000USD，合约行权价是100，到期日为2028/12/15
2026-06-05,US.PLTR,,PUT,140.0,2026-06-05,1000,271144.0,SELL,06-06 00:24,6.6 00:24，出现一笔卖出看跌期权交易，成交量为1000张，未平仓数为6240张，V/OI值为1.9，交易金额为271144USD，合约行权价是140，到期日为2026/06/05
2026-06-05,US.QCOM,,PUT,165.0,2027-01-15,1000,1920000.0,SELL,06-06 03:57,6.6 03:57，出现一笔卖出看跌期权交易，成交量为1000张，未平仓数为1260张，V/OI值为1.4，交易金额为1920000USD，合约行权价是165，到期日为2027/01/15
2026-06-05,US.QCOM,,PUT,150.0,2026-09-18,1800,1188000.0,SELL,06-06 02:15,6.6 02:15，出现一笔卖出看跌期权交易，成交量为1800张，未平仓数为2037张，V/OI值为1，交易金额为1188000USD，合约行权价是150，到期日为2026/09/18
2026-06-05,US.QCOM,,PUT,130.0,2027-01-15,1000,795000.0,SELL,06-06 02:05,6.6 02:05，出现一笔卖出看跌期权交易，成交量为1000张，未平仓数为5775张，V/OI值为0.2，交易金额为795000USD，合约行权价是130，到期日为2027/01/15
2026-06-05,US.QQQ,,CALL,725.0,2026-06-08,5843,210348.0,BUY,06-06 04:12,6.6 04:12，出现一笔买入看涨期权交易，成交量为5843张，未平仓数为77张，V/OI值为1571.6，交易金额为210348USD，合约行权价是725，到期日为2026/06/08
2026-06-05,US.QQQ,,CALL,724.0,2026-06-08,5843,233720.0,SELL,06-06 04:12,6.6 04:12，出现一笔卖出看涨期权交易，成交量为5843张，未平仓数为12张，V/OI值为5356.3，交易金额为233720USD，合约行权价是724，到期日为2026/06/08
2026-06-05,US.QQQ,,PUT,703.0,2026-06-05,6564,813613.0,SELL,06-06 04:05,6.6 04:05，出现一笔卖出看跌期权交易，成交量为6564张，未平仓数为1321张，V/OI值为46.9，交易金额为813613USD，合约行权价是703，到期日为2026/06/05
2026-06-05,US.QQQ,,PUT,707.0,2026-06-05,3000,1305000.0,BUY,06-06 04:03,6.6 04:03，出现一笔买入看跌期权交易，成交量为3000张，未平仓数为24183张，V/OI值为9.1，交易金额为1305000USD，合约行权价是707，到期日为2026/06/05
2026-06-05,US.QQQ,,PUT,707.0,2026-06-05,3000,1161000.0,BUY,06-06 04:02,6.6 04:02，出现一笔买入看跌期权交易，成交量为3000张，未平仓数为24183张，V/OI值为9，交易金额为1161000USD，合约行权价是707，到期日为2026/06/05
2026-06-05,US.QQQ,,PUT,707.0,2026-06-05,3000,438000.0,BUY,06-06 04:00,6.6 04:00，出现一笔买入看跌期权交易，成交量为3000张，未平仓数为24183张，V/OI值为8.9，交易金额为438000USD，合约行权价是707，到期日为2026/06/05
2026-06-05,US.QQQ,,PUT,707.0,2026-06-05,3002,450305.0,BUY,06-06 03:59,6.6 03:59，出现一笔买入看跌期权交易，成交量为3002张，未平仓数为24183张，V/OI值为8.6，交易金额为450305USD，合约行权价是707，到期日为2026/06/05
2026-06-05,US.QQQ,,PUT,707.0,2026-06-05,3000,324030.0,SELL,06-06 03:59,6.6 03:59，出现一笔卖出看跌期权交易，成交量为3000张，未平仓数为24183张，V/OI值为8.5，交易金额为324030USD，合约行权价是707，到期日为2026/06/05
2026-06-05,US.QQQ,,PUT,707.0,2026-06-05,3001,293260.0,SELL,06-06 03:58,6.6 03:58，出现一笔卖出看跌期权交易，成交量为3001张，未平仓数为24183张，V/OI值为8.3，交易金额为293260USD，合约行权价是707，到期日为2026/06/05
2026-06-05,US.QQQ,,PUT,707.0,2026-06-05,3007,101354.0,SELL,06-06 03:50,6.6 03:50，出现一笔卖出看跌期权交易，成交量为3007张，未平仓数为24183张，V/OI值为8，交易金额为101354USD，合约行权价是707，到期日为2026/06/05
2026-06-05,US.QQQ,,PUT,680.0,2026-06-18,9998,6678664.0,BUY,06-06 03:39,6.6 03:39，出现一笔买入看跌期权交易，成交量为9998张，未平仓数为47927张，V/OI值为0.4，交易金额为6678664USD，合约行权价是680，到期日为2026/06/18
2026-06-05,US.QQQ,,PUT,700.0,2026-06-18,9998,11637672.0,SELL,06-06 03:39,6.6 03:39，出现一笔卖出看跌期权交易，成交量为9998张，未平仓数为45824张，V/OI值为1，交易金额为11637672USD，合约行权价是700，到期日为2026/06/18
2026-06-05,US.QQQ,,PUT,720.0,2026-06-18,9998,20145970.0,BUY,06-06 03:39,6.6 03:39，出现一笔买入看跌期权交易，成交量为9998张，未平仓数为31557张，V/OI值为1.2，交易金额为20145970USD，合约行权价是720，到期日为2026/06/18
2026-06-05,US.QQQ,,PUT,650.0,2026-06-18,5000,1710000.0,BUY,06-06 03:21,6.6 03:21，出现一笔买入看跌期权交易，成交量为5000张，未平仓数为91667张，V/OI值为0.2，交易金额为1710000USD，合约行权价是650，到期日为2026/06/18
2026-06-05,US.QQQ,,PUT,650.0,2026-06-17,4000,960000.0,BUY,06-06 03:08,6.6 03:08，出现一笔买入看跌期权交易，成交量为4000张，未平仓数为4张，V/OI值为1263.5，交易金额为960000USD，合约行权价是650，到期日为2026/06/17
2026-06-05,US.QQQ,,CALL,970.0,2026-12-18,10000,2010000.0,BUY,06-06 02:54,6.6 02:54，出现一笔买入看涨期权交易，成交量为10000张，未平仓数为1207张，V/OI值为8.3，交易金额为2010000USD，合约行权价是970，到期日为2026/12/18
2026-06-05,US.QQQ,,CALL,870.0,2026-09-18,7500,1275000.0,BUY,06-06 02:41,6.6 02:41，出现一笔买入看涨期权交易，成交量为7500张，未平仓数为10985张，V/OI值为0.7，交易金额为1275000USD，合约行权价是870，到期日为2026/09/18
2026-06-05,US.QQQ,,PUT,708.0,2026-06-05,3001,309127.0,BUY,06-06 02:39,6.6 02:39，出现一笔买入看跌期权交易，成交量为3001张，未平仓数为2259张，V/OI值为18.9，交易金额为309127USD，合约行权价是708，到期日为2026/06/05
2026-06-05,US.QQQ,,CALL,725.0,2026-06-08,6448,515840.0,BUY,06-06 02:30,6.6 02:30，出现一笔买入看涨期权交易，成交量为6448张，未平仓数为77张，V/OI值为1120.3，交易金额为515840USD，合约行权价是725，到期日为2026/06/08
2026-06-05,US.QQQ,,PUT,675.0,2026-07-17,15000,16590000.0,BUY,06-06 02:28,6.6 02:28，出现一笔买入看跌期权交易，成交量为15000张，未平仓数为10348张，V/OI值为1.7，交易金额为16590000USD，合约行权价是675，到期日为2026/07/17
2026-06-05,US.QQQ,,CALL,735.0,2026-06-18,15000,6225000.0,SELL,06-06 02:27,6.6 02:27，出现一笔卖出看涨期权交易，成交量为15000张，未平仓数为10939张，V/OI值为1.7，交易金额为6225000USD，合约行权价是735，到期日为2026/06/18
2026-06-05,US.QQQ,,PUT,560.0,2026-07-31,7500,1597500.0,BUY,06-06 02:06,6.6 02:06，出现一笔买入看跌期权交易，成交量为7500张，未平仓数为5301张，V/OI值为1.4，交易金额为1597500USD，合约行权价是560，到期日为2026/07/31
2026-06-05,US.QQQ,,CALL,850.0,2026-08-21,7500,952500.0,BUY,06-06 02:06,6.6 02:06，出现一笔买入看涨期权交易，成交量为7500张，未平仓数为4925张，V/OI值为1.5，交易金额为952500USD，合约行权价是850，到期日为2026/08/21
2026-06-05,US.QQQ,,PUT,430.0,2026-06-12,40000,120000.0,BUY,06-06 01:32,6.6 01:32，出现一笔买入看跌期权交易，成交量为40000张，未平仓数为253张，V/OI值为158.1，交易金额为120000USD，合约行权价是430，到期日为2026/06/12
2026-06-05,US.QQQ,,PUT,695.0,2026-06-18,5000,3500000.0,SELL,06-06 01:14,6.6 01:14，出现一笔卖出看跌期权交易，成交量为5000张，未平仓数为15335张，V/OI值为2.5，交易金额为3500000USD，合约行权价是695，到期日为2026/06/18
2026-06-05,US.QQQ,,CALL,740.0,2026-06-18,5000,2005000.0,BUY,06-06 01:14,6.6 01:14，出现一笔买入看涨期权交易，成交量为5000张，未平仓数为32704张，V/OI值为0.3，交易金额为2005000USD，合约行权价是740，到期日为2026/06/18
2026-06-05,US.QQQ,,PUT,707.0,2026-06-05,3001,115260.0,BUY,06-06 01:02,6.6 01:02，出现一笔买入看跌期权交易，成交量为3001张，未平仓数为24183张，V/OI值为1.2，交易金额为115260USD，合约行权价是707，到期日为2026/06/05
2026-06-05,US.QQQ,,PUT,650.0,2026-06-18,3574,736250.0,BUY,06-06 00:45,6.6 00:45，出现一笔买入看跌期权交易，成交量为3574张，未平仓数为91667张，V/OI值为0.1，交易金额为736250USD，合约行权价是650，到期日为2026/06/18
2026-06-05,US.QQQ,,CALL,800.0,2026-07-17,3798,508938.0,SELL,06-06 00:21,6.6 00:21，出现一笔卖出看涨期权交易，成交量为3798张，未平仓数为26066张，V/OI值为0.4，交易金额为508938USD，合约行权价是800，到期日为2026/07/17
2026-06-05,US.QQQ,,PUT,707.0,2026-06-05,3000,95405.0,BUY,06-06 00:20,6.6 00:20，出现一笔买入看跌期权交易，成交量为3000张，未平仓数为24183张，V/OI值为0.8，交易金额为95405USD，合约行权价是707，到期日为2026/06/05
2026-06-05,US.QQQ,,PUT,660.0,2026-09-18,4299,6822513.0,SELL,06-06 00:12,6.6 00:12，出现一笔卖出看跌期权交易，成交量为4299张，未平仓数为20553张，V/OI值为0.2，交易金额为6822513USD，合约行权价是660，到期日为2026/09/18
2026-06-05,US.QQQ,,PUT,721.0,2026-06-05,3464,1039200.0,BUY,06-06 00:06,6.6 00:06，出现一笔买入看跌期权交易，成交量为3464张，未平仓数为2603张，V/OI值为39.2，交易金额为1039200USD，合约行权价是721，到期日为2026/06/05
2026-06-05,US.RBRK,,CALL,75.0,2026-07-10,541,292140.0,SELL,06-06 02:12,6.6 02:12，出现一笔卖出看涨期权交易，成交量为541张，未平仓数为3张，V/OI值为195.3，交易金额为292140USD，合约行权价是75，到期日为2026/07/10
2026-06-05,US.RDDT,,CALL,180.0,2026-07-10,895,1027460.0,SELL,06-06 01:56,6.6 01:56，出现一笔卖出看涨期权交易，成交量为895张，未平仓数为35张，V/OI值为25.9，交易金额为1027460USD，合约行权价是180，到期日为2026/07/10
2026-06-05,US.RDDT,,CALL,175.0,2026-08-21,249,606315.0,SELL,06-06 00:15,6.6 00:15，出现一笔卖出看涨期权交易，成交量为249张，未平仓数为258张，V/OI值为1，交易金额为606315USD，合约行权价是175，到期日为2026/08/21
2026-06-05,US.SBET,,PUT,6.0,2026-06-05,3405,299640.0,SELL,06-06 02:57,6.6 02:57，出现一笔卖出看跌期权交易，成交量为3405张，未平仓数为6907张，V/OI值为0.6，交易金额为299640USD，合约行权价是6，到期日为2026/06/05
2026-06-05,US.SBET,,PUT,5.5,2026-06-05,3405,129390.0,BUY,06-06 02:57,6.6 02:57，出现一笔买入看跌期权交易，成交量为3405张，未平仓数为3709张，V/OI值为0.9，交易金额为129390USD，合约行权价是5.5，到期日为2026/06/05
2026-06-05,US.SBET,,PUT,5.0,2026-06-18,3406,85150.0,SELL,06-06 01:46,6.6 01:46，出现一笔卖出看跌期权交易，成交量为3406张，未平仓数为1924张，V/OI值为1.9，交易金额为85150USD，合约行权价是5，到期日为2026/06/18
2026-06-05,US.SCO,,PUT,20.0,2026-07-17,1000,78650.0,BUY,06-06 01:51,6.6 01:51，出现一笔买入看跌期权交易，成交量为1000张，未平仓数为4563张，V/OI值为0.4，交易金额为78650USD，合约行权价是20，到期日为2026/07/17
2026-06-05,US.SCO,,PUT,20.0,2026-07-17,961,75080.0,BUY,06-06 01:50,6.6 01:50，出现一笔买入看跌期权交易，成交量为961张，未平仓数为4563张，V/OI值为0.2，交易金额为75080USD，合约行权价是20，到期日为2026/07/17
2026-06-05,US.SCO,,CALL,7.0,2026-07-02,1000,57000.0,BUY,06-06 00:02,6.6 00:02，出现一笔买入看涨期权交易，成交量为1000张，未平仓数为1030张，V/OI值为1，交易金额为57000USD，合约行权价是7，到期日为2026/07/02
2026-06-05,US.SMCI,,CALL,35.0,2026-06-05,9000,6174000.0,BUY,06-06 03:28,6.6 03:28，出现一笔买入看涨期权交易，成交量为9000张，未平仓数为2292张，V/OI值为4.3，交易金额为6174000USD，合约行权价是35，到期日为2026/06/05
2026-06-05,US.SMCI,,CALL,29.0,2026-09-18,1203,1792446.0,BUY,06-06 03:24,6.6 03:24，出现一笔买入看涨期权交易，成交量为1203张，未平仓数为1709张，V/OI值为0.7，交易金额为1792446USD，合约行权价是29，到期日为2026/09/18
2026-06-05,US.SMCI,,CALL,44.5,2026-06-12,1201,102085.0,SELL,06-06 03:21,6.6 03:21，出现一笔卖出看涨期权交易，成交量为1201张，未平仓数为38张，V/OI值为440.4，交易金额为102085USD，合约行权价是44.5，到期日为2026/06/12
2026-06-05,US.SMCI,,CALL,44.5,2026-06-12,1200,102000.0,SELL,06-06 03:21,6.6 03:21，出现一笔卖出看涨期权交易，成交量为1200张，未平仓数为38张，V/OI值为408.7，交易金额为102000USD，合约行权价是44.5，到期日为2026/06/12
2026-06-05,US.SMCI,,CALL,50.0,2027-01-15,2300,2035500.0,BUY,06-06 02:11,6.6 02:11，出现一笔买入看涨期权交易，成交量为2300张，未平仓数为20292张，V/OI值为0.2，交易金额为2035500USD，合约行权价是50，到期日为2027/01/15
2026-06-05,US.SMCI,,CALL,39.0,2026-06-05,2095,546795.0,SELL,06-06 01:09,6.6 01:09，出现一笔卖出看涨期权交易，成交量为2095张，未平仓数为6757张，V/OI值为0.9，交易金额为546795USD，合约行权价是39，到期日为2026/06/05
2026-06-05,US.SMCI,,CALL,39.0,2026-06-05,1400,365400.0,SELL,06-06 01:09,6.6 01:09，出现一笔卖出看涨期权交易，成交量为1400张，未平仓数为6757张，V/OI值为0.6，交易金额为365400USD，合约行权价是39，到期日为2026/06/05
2026-06-05,US.SMCI,,CALL,39.0,2026-06-05,1200,312000.0,SELL,06-06 01:09,6.6 01:09，出现一笔卖出看涨期权交易，成交量为1200张，未平仓数为6757张，V/OI值为0.4，交易金额为312000USD，合约行权价是39，到期日为2026/06/05
2026-06-05,US.SMCI,,CALL,39.0,2026-06-05,1200,312000.0,SELL,06-06 01:09,6.6 01:09，出现一笔卖出看涨期权交易，成交量为1200张，未平仓数为6757张，V/OI值为0.2，交易金额为312000USD，合约行权价是39，到期日为2026/06/05
2026-06-05,US.SMCI,,CALL,41.0,2026-06-05,2095,152935.0,BUY,06-06 01:09,6.6 01:09，出现一笔买入看涨期权交易，成交量为2095张，未平仓数为18011张，V/OI值为0.4，交易金额为152935USD，合约行权价是41，到期日为2026/06/05
2026-06-05,US.SMCI,,CALL,41.0,2026-06-05,1400,102200.0,BUY,06-06 01:09,6.6 01:09，出现一笔买入看涨期权交易，成交量为1400张，未平仓数为18011张，V/OI值为0.3，交易金额为102200USD，合约行权价是41，到期日为2026/06/05
2026-06-05,US.SMCI,,CALL,41.0,2026-06-05,1200,87600.0,BUY,06-06 01:09,6.6 01:09，出现一笔买入看涨期权交易，成交量为1200张，未平仓数为18011张，V/OI值为0.2，交易金额为87600USD，合约行权价是41，到期日为2026/06/05
2026-06-05,US.SMCI,,CALL,41.0,2026-06-05,1200,87600.0,BUY,06-06 01:09,6.6 01:09，出现一笔买入看涨期权交易，成交量为1200张，未平仓数为18011张，V/OI值为0.1，交易金额为87600USD，合约行权价是41，到期日为2026/06/05
2026-06-05,US.SMCI,,PUT,32.0,2026-07-17,1112,111200.0,BUY,06-06 00:44,6.6 00:44，出现一笔买入看跌期权交易，成交量为1112张，未平仓数为2196张，V/OI值为0.5，交易金额为111200USD，合约行权价是32，到期日为2026/07/17
2026-06-05,US.SOFI,,CALL,30.0,2028-06-16,1000,365000.0,BUY,06-06 03:43,6.6 03:43，出现一笔买入看涨期权交易，成交量为1000张，未平仓数为19879张，V/OI值为0.2，交易金额为365000USD，合约行权价是30，到期日为2028/06/16
2026-06-05,US.SOFI,,CALL,30.0,2028-06-16,1000,365000.0,BUY,06-06 03:34,6.6 03:34，出现一笔买入看涨期权交易，成交量为1000张，未平仓数为19879张，V/OI值为0.2，交易金额为365000USD，合约行权价是30，到期日为2028/06/16
2026-06-05,US.SOFI,,PUT,11.0,2026-09-18,4627,198961.0,BUY,06-06 03:05,6.6 03:05，出现一笔买入看跌期权交易，成交量为4627张，未平仓数为965张，V/OI值为6.8，交易金额为198961USD，合约行权价是11，到期日为2026/09/18
2026-06-05,US.SOFI,,CALL,17.0,2026-07-10,7315,533995.0,SELL,06-06 01:58,6.6 01:58，出现一笔卖出看涨期权交易，成交量为7315张，未平仓数为255张，V/OI值为33.4，交易金额为533995USD，合约行权价是17，到期日为2026/07/10
2026-06-05,US.SOXL,,CALL,220.0,2026-06-05,1000,110000.0,SELL,06-06 00:39,6.6 00:39，出现一笔卖出看涨期权交易，成交量为1000张，未平仓数为1001张，V/OI值为6.3，交易金额为110000USD，合约行权价是220，到期日为2026/06/05
2026-06-05,US.SOXS,,CALL,7.0,2026-06-12,2000,126000.0,BUY,06-06 03:35,6.6 03:35，出现一笔买入看涨期权交易，成交量为2000张，未平仓数为7570张，V/OI值为3.7，交易金额为126000USD，合约行权价是7，到期日为2026/06/12
2026-06-05,US.SOXS,,CALL,6.0,2026-06-18,1000,124000.0,SELL,06-06 03:27,6.6 03:27，出现一笔卖出看涨期权交易，成交量为1000张，未平仓数为10210张，V/OI值为1，交易金额为124000USD，合约行权价是6，到期日为2026/06/18
2026-06-05,US.SOXS,,CALL,7.0,2026-06-26,1322,136166.0,SELL,06-06 03:27,6.6 03:27，出现一笔卖出看涨期权交易，成交量为1322张，未平仓数为5841张，V/OI值为0.9，交易金额为136166USD，合约行权价是7，到期日为2026/06/26
2026-06-05,US.SOXS,,CALL,7.0,2026-06-18,1149,93069.0,SELL,06-06 02:55,6.6 02:55，出现一笔卖出看涨期权交易，成交量为1149张，未平仓数为31871张，V/OI值为0.5，交易金额为93069USD，合约行权价是7，到期日为2026/06/18
2026-06-05,US.SOXS,,CALL,14.0,2026-08-21,2391,224754.0,BUY,06-06 02:41,6.6 02:41，出现一笔买入看涨期权交易，成交量为2391张，未平仓数为965张，V/OI值为2.5，交易金额为224754USD，合约行权价是14，到期日为2026/08/21
2026-06-05,US.SOXS,,CALL,7.0,2026-07-02,1500,163500.0,BUY,06-06 02:18,6.6 02:18，出现一笔买入看涨期权交易，成交量为1500张，未平仓数为3239张，V/OI值为0.8，交易金额为163500USD，合约行权价是7，到期日为2026/07/02
2026-06-05,US.SOXS,,CALL,6.5,2026-06-26,1006,101606.0,SELL,06-06 01:35,6.6 01:35，出现一笔卖出看涨期权交易，成交量为1006张，未平仓数为2965张，V/OI值为1，交易金额为101606USD，合约行权价是6.5，到期日为2026/06/26
2026-06-05,US.SOXS,,CALL,9.0,2026-08-21,1964,269068.0,SELL,06-06 01:34,6.6 01:34，出现一笔卖出看涨期权交易，成交量为1964张，未平仓数为5258张，V/OI值为0.7，交易金额为269068USD，合约行权价是9，到期日为2026/08/21
2026-06-05,US.SOXS,,CALL,6.5,2026-06-18,1526,132762.0,SELL,06-06 01:22,6.6 01:22，出现一笔卖出看涨期权交易，成交量为1526张，未平仓数为4696张，V/OI值为1.3，交易金额为132762USD，合约行权价是6.5，到期日为2026/06/18
2026-06-05,US.SOXS,,PUT,6.0,2026-07-17,2040,248880.0,SELL,06-06 01:18,6.6 01:18，出现一笔卖出看跌期权交易，成交量为2040张，未平仓数为1706张，V/OI值为1.5，交易金额为248880USD，合约行权价是6，到期日为2026/07/17
2026-06-05,US.SOXS,,CALL,6.5,2026-06-12,1200,84000.0,BUY,06-06 01:15,6.6 01:15，出现一笔买入看涨期权交易，成交量为1200张，未平仓数为6643张，V/OI值为2.3，交易金额为84000USD，合约行权价是6.5，到期日为2026/06/12
2026-06-05,US.SOXS,,CALL,7.5,2026-06-26,2000,158000.0,BUY,06-06 00:37,6.6 00:37，出现一笔买入看涨期权交易，成交量为2000张，未平仓数为414张，V/OI值为5.2，交易金额为158000USD，合约行权价是7.5，到期日为2026/06/26
2026-06-05,US.SOXS,,PUT,7.0,2026-06-26,1200,178800.0,SELL,06-06 00:35,6.6 00:35，出现一笔卖出看跌期权交易，成交量为1200张，未平仓数为1763张，V/OI值为1.4，交易金额为178800USD，合约行权价是7，到期日为2026/06/26
2026-06-05,US.SPY,,PUT,719.0,2026-06-10,4020,967609.0,SELL,06-06 04:14,6.6 04:14，出现一笔卖出看跌期权交易，成交量为4020张，未平仓数为77张，V/OI值为369.8，交易金额为967609USD，合约行权价是719，到期日为2026/06/10
2026-06-05,US.SPY,,PUT,734.0,2026-06-05,3297,98910.0,BUY,06-06 04:12,6.6 04:12，出现一笔买入看跌期权交易，成交量为3297张，未平仓数为3771张，V/OI值为29.2，交易金额为98910USD，合约行权价是734，到期日为2026/06/05
2026-06-05,US.SPY,,PUT,716.0,2026-06-18,3841,1866726.0,SELL,06-06 04:08,6.6 04:08，出现一笔卖出看跌期权交易，成交量为3841张，未平仓数为12185张，V/OI值为2.9，交易金额为1866726USD，合约行权价是716，到期日为2026/06/18
2026-06-05,US.SPY,,PUT,716.0,2026-06-18,5890,2862540.0,SELL,06-06 04:08,6.6 04:08，出现一笔卖出看跌期权交易，成交量为5890张，未平仓数为12185张，V/OI值为2.6，交易金额为2862540USD，合约行权价是716，到期日为2026/06/18
2026-06-05,US.SPY,,PUT,716.0,2026-06-18,7200,3499200.0,SELL,06-06 04:08,6.6 04:08，出现一笔卖出看跌期权交易，成交量为7200张，未平仓数为12185张，V/OI值为2.1，交易金额为3499200USD，合约行权价是716，到期日为2026/06/18
2026-06-05,US.SPY,,PUT,702.0,2026-07-17,3156,2268981.0,BUY,06-06 04:05,6.6 04:05，出现一笔买入看跌期权交易，成交量为3156张，未平仓数为743张，V/OI值为8.9，交易金额为2268981USD，合约行权价是702，到期日为2026/07/17
2026-06-05,US.SPY,,PUT,705.0,2026-07-17,4390,3336400.0,BUY,06-06 04:05,6.6 04:05，出现一笔买入看跌期权交易，成交量为4390张，未平仓数为24237张，V/OI值为0.7，交易金额为3336400USD，合约行权价是705，到期日为2026/07/17
2026-06-05,US.SPY,,PUT,725.0,2026-06-30,5000,4325930.0,SELL,06-06 03:32,6.6 03:32，出现一笔卖出看跌期权交易，成交量为5000张，未平仓数为22197张，V/OI值为0.6，交易金额为4325930USD，合约行权价是725，到期日为2026/06/30
2026-06-05,US.SPY,,PUT,719.0,2026-06-10,4972,800692.0,BUY,06-06 03:31,6.6 03:31，出现一笔买入看跌期权交易，成交量为4972张，未平仓数为77张，V/OI值为291.6，交易金额为800692USD，合约行权价是719，到期日为2026/06/10
2026-06-05,US.SPY,,PUT,727.0,2026-06-10,17439,4623537.0,BUY,06-06 03:31,6.6 03:31，出现一笔买入看跌期权交易，成交量为17439张，未平仓数为498张，V/OI值为140.5，交易金额为4623537USD，合约行权价是727，到期日为2026/06/10
2026-06-05,US.SPY,,PUT,719.0,2026-06-10,4064,658262.0,BUY,06-06 03:31,6.6 03:31，出现一笔买入看跌期权交易，成交量为4064张，未平仓数为77张，V/OI值为220.4，交易金额为658262USD，合约行权价是719，到期日为2026/06/10
2026-06-05,US.SPY,,PUT,719.0,2026-06-10,12563,1999814.0,BUY,06-06 03:31,6.6 03:31，出现一笔买入看跌期权交易，成交量为12563张，未平仓数为77张，V/OI值为167.6，交易金额为1999814USD，合约行权价是719，到期日为2026/06/10
2026-06-05,US.SPY,,PUT,735.0,2026-07-17,3504,5119344.0,SELL,06-06 03:31,6.6 03:31，出现一笔卖出看跌期权交易，成交量为3504张，未平仓数为69909张，V/OI值为0.4，交易金额为5119344USD，合约行权价是735，到期日为2026/07/17
2026-06-05,US.SPY,,PUT,730.0,2026-06-18,7008,5234976.0,BUY,06-06 03:31,6.6 03:31，出现一笔买入看跌期权交易，成交量为7008张，未平仓数为36959张，V/OI值为0.6，交易金额为5234976USD，合约行权价是730，到期日为2026/06/18
2026-06-05,US.SPY,,PUT,730.0,2026-06-18,4680,3495960.0,BUY,06-06 03:31,6.6 03:31，出现一笔买入看跌期权交易，成交量为4680张，未平仓数为36959张，V/OI值为0.4，交易金额为3495960USD，合约行权价是730，到期日为2026/06/18
2026-06-05,US.SPY,,PUT,700.0,2026-06-10,9732,496332.0,BUY,06-06 03:30,6.6 03:30，出现一笔买入看跌期权交易，成交量为9732张，未平仓数为338张，V/OI值为327.6，交易金额为496332USD，合约行权价是700，到期日为2026/06/10
2026-06-05,US.SPY,,PUT,720.0,2026-06-10,9732,1586316.0,BUY,06-06 03:30,6.6 03:30，出现一笔买入看跌期权交易，成交量为9732张，未平仓数为4912张，V/OI值为22.8，交易金额为1586316USD，合约行权价是720，到期日为2026/06/10
2026-06-05,US.SPY,,PUT,734.0,2026-06-05,4423,106152.0,BUY,06-06 03:29,6.6 03:29，出现一笔买入看跌期权交易，成交量为4423张，未平仓数为3771张，V/OI值为21.2，交易金额为106152USD，合约行权价是734，到期日为2026/06/05
2026-06-05,US.SPY,,PUT,727.0,2026-06-10,3160,869653.0,SELL,06-06 03:27,6.6 03:27，出现一笔卖出看跌期权交易，成交量为3160张，未平仓数为498张，V/OI值为96.1，交易金额为869653USD，合约行权价是727，到期日为2026/06/10
2026-06-05,US.SPY,,PUT,735.0,2026-06-10,5000,2465000.0,SELL,06-06 03:26,6.6 03:26，出现一笔卖出看跌期权交易，成交量为5000张，未平仓数为1356张，V/OI值为79.7，交易金额为2465000USD，合约行权价是735，到期日为2026/06/10
2026-06-05,US.SPY,,PUT,725.0,2026-06-10,5000,1250000.0,BUY,06-06 03:26,6.6 03:26，出现一笔买入看跌期权交易，成交量为5000张，未平仓数为540张，V/OI值为197.3，交易金额为1250000USD，合约行权价是725，到期日为2026/06/10
2026-06-05,US.SPY,,CALL,740.0,2026-06-05,3489,163290.0,BUY,06-06 03:26,6.6 03:26，出现一笔买入看涨期权交易，成交量为3489张，未平仓数为16744张，V/OI值为8.5，交易金额为163290USD，合约行权价是740，到期日为2026/06/05
2026-06-05,US.SPY,,PUT,735.0,2026-06-10,19999,9979501.0,SELL,06-06 03:25,6.6 03:25，出现一笔卖出看跌期权交易，成交量为19999张，未平仓数为1356张，V/OI值为76，交易金额为9979501USD，合约行权价是735，到期日为2026/06/10
2026-06-05,US.SPY,,PUT,720.0,2026-06-10,39998,7319634.0,BUY,06-06 03:25,6.6 03:25，出现一笔买入看跌期权交易，成交量为39998张，未平仓数为4912张，V/OI值为18.8，交易金额为7319634USD，合约行权价是720，到期日为2026/06/10
2026-06-05,US.SPY,,PUT,725.0,2026-06-10,19999,5099745.0,BUY,06-06 03:25,6.6 03:25，出现一笔买入看跌期权交易，成交量为19999张，未平仓数为540张，V/OI值为188.1，交易金额为5099745USD，合约行权价是725，到期日为2026/06/10
2026-06-05,US.SPY,,PUT,720.0,2026-06-10,24999,4574817.0,BUY,06-06 03:25,6.6 03:25，出现一笔买入看跌期权交易，成交量为24999张，未平仓数为4912张，V/OI值为10.6，交易金额为4574817USD，合约行权价是720，到期日为2026/06/10
2026-06-05,US.SPY,,PUT,720.0,2026-06-10,24999,4549818.0,SELL,06-06 03:25,6.6 03:25，出现一笔卖出看跌期权交易，成交量为24999张，未平仓数为4912张，V/OI值为5.5，交易金额为4549818USD，合约行权价是720，到期日为2026/06/10
2026-06-05,US.SPY,,PUT,725.0,2026-06-10,24999,6374745.0,BUY,06-06 03:25,6.6 03:25，出现一笔买入看跌期权交易，成交量为24999张，未平仓数为540张，V/OI值为151，交易金额为6374745USD，合约行权价是725，到期日为2026/06/10
2026-06-05,US.SPY,,PUT,735.0,2026-06-10,24999,12474501.0,SELL,06-06 03:25,6.6 03:25，出现一笔卖出看跌期权交易，成交量为24999张，未平仓数为1356张，V/OI值为61.3，交易金额为12474501USD，合约行权价是735，到期日为2026/06/10
2026-06-05,US.SPY,,CALL,770.0,2026-06-18,7500,195000.0,SELL,06-06 03:19,6.6 03:19，出现一笔卖出看涨期权交易，成交量为7500张，未平仓数为29114张，V/OI值为0.6，交易金额为195000USD，合约行权价是770，到期日为2026/06/18
2026-06-05,US.SPY,,CALL,755.0,2026-06-18,7500,1695000.0,BUY,06-06 03:19,6.6 03:19，出现一笔买入看涨期权交易，成交量为7500张，未平仓数为13988张，V/OI值为1，交易金额为1695000USD，合约行权价是755，到期日为2026/06/18
2026-06-05,US.SPY,,CALL,740.0,2026-06-05,3948,90815.0,SELL,06-06 03:17,6.6 03:17，出现一笔卖出看涨期权交易，成交量为3948张，未平仓数为16744张，V/OI值为7.5，交易金额为90815USD，合约行权价是740，到期日为2026/06/05
2026-06-05,US.SPY,,PUT,736.0,2026-06-05,3415,471104.0,SELL,06-06 03:17,6.6 03:17，出现一笔卖出看跌期权交易，成交量为3415张，未平仓数为4147张，V/OI值为32.5，交易金额为471104USD，合约行权价是736，到期日为2026/06/05
2026-06-05,US.SPY,,PUT,730.0,2026-06-12,17000,7004000.0,SELL,06-06 03:07,6.6 03:07，出现一笔卖出看跌期权交易，成交量为17000张，未平仓数为14568张，V/OI值为1.8，交易金额为7004000USD，合约行权价是730，到期日为2026/06/12
2026-06-05,US.SPY,,PUT,740.0,2026-06-12,17000,12461000.0,SELL,06-06 03:07,6.6 03:07，出现一笔卖出看跌期权交易，成交量为17000张，未平仓数为23769张，V/OI值为1.5，交易金额为12461000USD，合约行权价是740，到期日为2026/06/12
2026-06-05,US.SPY,,CALL,738.0,2026-06-05,3005,495782.0,BUY,06-06 03:00,6.6 03:00，出现一笔买入看涨期权交易，成交量为3005张，未平仓数为1725张，V/OI值为15.2，交易金额为495782USD，合约行权价是738，到期日为2026/06/05
2026-06-05,US.SPY,,PUT,716.0,2026-06-18,3251,1199619.0,BUY,06-06 02:59,6.6 02:59，出现一笔买入看跌期权交易，成交量为3251张，未平仓数为12185张，V/OI值为1，交易金额为1199619USD，合约行权价是716，到期日为2026/06/18
2026-06-05,US.SPY,,PUT,716.0,2026-06-18,3150,1159200.0,SELL,06-06 02:59,6.6 02:59，出现一笔卖出看跌期权交易，成交量为3150张，未平仓数为12185张，V/OI值为0.7，交易金额为1159200USD，合约行权价是716，到期日为2026/06/18
2026-06-05,US.SPY,,PUT,716.0,2026-06-18,3217,1183856.0,SELL,06-06 02:59,6.6 02:59，出现一笔卖出看跌期权交易，成交量为3217张，未平仓数为12185张，V/OI值为0.5，交易金额为1183856USD，合约行权价是716，到期日为2026/06/18
2026-06-05,US.SPY,,PUT,718.0,2026-06-18,3251,1293898.0,SELL,06-06 02:59,6.6 02:59，出现一笔卖出看跌期权交易，成交量为3251张，未平仓数为20522张，V/OI值为1.4，交易金额为1293898USD，合约行权价是718，到期日为2026/06/18
2026-06-05,US.SPY,,PUT,718.0,2026-06-18,3150,1250550.0,SELL,06-06 02:59,6.6 02:59，出现一笔卖出看跌期权交易，成交量为3150张，未平仓数为20522张，V/OI值为1.2，交易金额为1250550USD，合约行权价是718，到期日为2026/06/18
2026-06-05,US.SPY,,PUT,718.0,2026-06-18,3217,1277149.0,SELL,06-06 02:59,6.6 02:59，出现一笔卖出看跌期权交易，成交量为3217张，未平仓数为20522张，V/OI值为1.1，交易金额为1277149USD，合约行权价是718，到期日为2026/06/18
2026-06-05,US.SPY,,CALL,742.0,2026-06-05,3511,122885.0,SELL,06-06 02:54,6.6 02:54，出现一笔卖出看涨期权交易，成交量为3511张，未平仓数为1896张，V/OI值为62，交易金额为122885USD，合约行权价是742，到期日为2026/06/05
2026-06-05,US.SPY,,PUT,735.0,2026-08-21,10000,18950000.0,BUY,06-06 02:52,6.6 02:52，出现一笔买入看跌期权交易，成交量为10000张，未平仓数为3154张，V/OI值为3.2，交易金额为18950000USD，合约行权价是735，到期日为2026/08/21
2026-06-05,US.SPY,,PUT,727.0,2026-06-10,5000,1130134.0,SELL,06-06 02:50,6.6 02:50，出现一笔卖出看跌期权交易，成交量为5000张，未平仓数为498张，V/OI值为83.7，交易金额为1130134USD，合约行权价是727，到期日为2026/06/10
2026-06-05,US.SPY,,PUT,708.0,2026-07-17,4678,3209108.0,SELL,06-06 02:44,6.6 02:44，出现一笔卖出看跌期权交易，成交量为4678张，未平仓数为850张，V/OI值为19，交易金额为3209108USD，合约行权价是708，到期日为2026/07/17
2026-06-05,US.SPY,,PUT,705.0,2026-07-17,6591,4231422.0,SELL,06-06 02:44,6.6 02:44，出现一笔卖出看跌期权交易，成交量为6591张，未平仓数为24237张，V/OI值为0.4，交易金额为4231422USD，合约行权价是705，到期日为2026/07/17
2026-06-05,US.SPY,,CALL,743.0,2026-06-05,3511,112360.0,SELL,06-06 02:39,6.6 02:39，出现一笔卖出看涨期权交易，成交量为3511张，未平仓数为1173张，V/OI值为136.7，交易金额为112360USD，合约行权价是743，到期日为2026/06/05
2026-06-05,US.SPY,,PUT,742.0,2026-06-05,3106,644007.0,BUY,06-06 02:36,6.6 02:36，出现一笔买入看跌期权交易，成交量为3106张，未平仓数为6050张，V/OI值为78.7，交易金额为644007USD，合约行权价是742，到期日为2026/06/05
2026-06-05,US.SPY,,PUT,742.0,2026-06-05,3064,649573.0,BUY,06-06 02:34,6.6 02:34，出现一笔买入看跌期权交易，成交量为3064张，未平仓数为6050张，V/OI值为77.9，交易金额为649573USD，合约行权价是742，到期日为2026/06/05
2026-06-05,US.SPY,,CALL,741.0,2026-06-05,5005,535491.0,SELL,06-06 02:27,6.6 02:27，出现一笔卖出看涨期权交易，成交量为5005张，未平仓数为1092张，V/OI值为28.5，交易金额为535491USD，合约行权价是741，到期日为2026/06/05
2026-06-05,US.SPY,,PUT,718.0,2026-06-18,4624,1461184.0,SELL,06-06 02:23,6.6 02:23，出现一笔卖出看跌期权交易，成交量为4624张，未平仓数为20522张，V/OI值为0.8，交易金额为1461184USD，合约行权价是718，到期日为2026/06/18
2026-06-05,US.SPY,,PUT,722.0,2026-06-18,7095,2618055.0,SELL,06-06 02:23,6.6 02:23，出现一笔卖出看跌期权交易，成交量为7095张，未平仓数为17842张，V/OI值为1.4，交易金额为2618055USD，合约行权价是722，到期日为2026/06/18
2026-06-05,US.SPY,,PUT,722.0,2026-06-18,6454,2464222.0,SELL,06-06 02:22,6.6 02:22，出现一笔卖出看跌期权交易，成交量为6454张，未平仓数为17842张，V/OI值为0.9，交易金额为2464222USD，合约行权价是722，到期日为2026/06/18
2026-06-05,US.SPY,,PUT,718.0,2026-06-18,5660,1845160.0,SELL,06-06 02:22,6.6 02:22，出现一笔卖出看跌期权交易，成交量为5660张，未平仓数为20522张，V/OI值为0.5，交易金额为1845160USD，合约行权价是718，到期日为2026/06/18
2026-06-05,US.SPY,,PUT,718.0,2026-06-18,4044,1312582.0,BUY,06-06 02:22,6.6 02:22，出现一笔买入看跌期权交易，成交量为4044张，未平仓数为20522张，V/OI值为0.2，交易金额为1312582USD，合约行权价是718，到期日为2026/06/18
2026-06-05,US.SPY,,CALL,744.0,2026-06-05,3500,161000.0,BUY,06-06 02:14,6.6 02:14，出现一笔买入看涨期权交易，成交量为3500张，未平仓数为1270张，V/OI值为178.8，交易金额为161000USD，合约行权价是744，到期日为2026/06/05
2026-06-05,US.SPY,,PUT,741.0,2026-06-05,3500,119000.0,SELL,06-06 02:10,6.6 02:10，出现一笔卖出看跌期权交易，成交量为3500张，未平仓数为5663张，V/OI值为37.8，交易金额为119000USD，合约行权价是741，到期日为2026/06/05
2026-06-05,US.SPY,,PUT,741.0,2026-06-05,3308,105856.0,SELL,06-06 02:07,6.6 02:07，出现一笔卖出看跌期权交易，成交量为3308张，未平仓数为5663张，V/OI值为36.8，交易金额为105856USD，合约行权价是741，到期日为2026/06/05
2026-06-05,US.SPY,,CALL,745.0,2026-06-05,3000,135000.0,SELL,06-06 02:05,6.6 02:05，出现一笔卖出看涨期权交易，成交量为3000张，未平仓数为3317张，V/OI值为101.5，交易金额为135000USD，合约行权价是745，到期日为2026/06/05
2026-06-05,US.SPY,,CALL,746.0,2026-06-05,3252,146341.0,SELL,06-06 02:03,6.6 02:03，出现一笔卖出看涨期权交易，成交量为3252张，未平仓数为1235张，V/OI值为234.2，交易金额为146341USD，合约行权价是746，到期日为2026/06/05
2026-06-05,US.SPY,,PUT,725.0,2026-06-10,8909,917627.0,SELL,06-06 01:28,6.6 01:28，出现一笔卖出看跌期权交易，成交量为8909张，未平仓数为540张，V/OI值为103，交易金额为917627USD，合约行权价是725，到期日为2026/06/10
2026-06-05,US.SPY,,PUT,735.0,2026-06-10,8909,2084706.0,BUY,06-06 01:28,6.6 01:28，出现一笔买入看跌期权交易，成交量为8909张，未平仓数为1356张，V/OI值为41.6，交易金额为2084706USD，合约行权价是735，到期日为2026/06/10
2026-06-05,US.SPY,,PUT,740.0,2026-06-05,8909,231634.0,SELL,06-06 01:28,6.6 01:28，出现一笔卖出看跌期权交易，成交量为8909张，未平仓数为73845张，V/OI值为4.6，交易金额为231634USD，合约行权价是740，到期日为2026/06/05
2026-06-05,US.SPY,,PUT,725.0,2026-06-10,3807,388314.0,SELL,06-06 01:28,6.6 01:28，出现一笔卖出看跌期权交易，成交量为3807张，未平仓数为540张，V/OI值为84.5，交易金额为388314USD，合约行权价是725，到期日为2026/06/10
2026-06-05,US.SPY,,PUT,735.0,2026-06-10,3807,879417.0,BUY,06-06 01:28,6.6 01:28，出现一笔买入看跌期权交易，成交量为3807张，未平仓数为1356张，V/OI值为34.2，交易金额为879417USD，合约行权价是735，到期日为2026/06/10
2026-06-05,US.SPY,,PUT,740.0,2026-06-05,3807,98982.0,SELL,06-06 01:28,6.6 01:28，出现一笔卖出看跌期权交易，成交量为3807张，未平仓数为73845张，V/OI值为4.4，交易金额为98982USD，合约行权价是740，到期日为2026/06/05
2026-06-05,US.SPY,,PUT,730.0,2026-06-05,40000,200000.0,BUY,06-06 01:28,6.6 01:28，出现一笔买入看跌期权交易，成交量为40000张，未平仓数为59967张，V/OI值为0.9，交易金额为200000USD，合约行权价是730，到期日为2026/06/05
2026-06-05,US.SPY,,PUT,725.0,2026-06-10,40000,4160000.0,SELL,06-06 01:28,6.6 01:28，出现一笔卖出看跌期权交易，成交量为40000张，未平仓数为540张，V/OI值为75.5，交易金额为4160000USD，合约行权价是725，到期日为2026/06/10
2026-06-05,US.SPY,,PUT,735.0,2026-06-10,40000,9440000.0,BUY,06-06 01:28,6.6 01:28，出现一笔买入看跌期权交易，成交量为40000张，未平仓数为1356张，V/OI值为30.6，交易金额为9440000USD，合约行权价是735，到期日为2026/06/10
2026-06-05,US.SPY,,PUT,740.0,2026-06-05,40000,1120000.0,SELL,06-06 01:28,6.6 01:28，出现一笔卖出看跌期权交易，成交量为40000张，未平仓数为73845张，V/OI值为4.4，交易金额为1120000USD，合约行权价是740，到期日为2026/06/05
2026-06-05,US.SPY,,CALL,748.0,2026-06-05,3997,103922.0,BUY,06-06 01:26,6.6 01:26，出现一笔买入看涨期权交易，成交量为3997张，未平仓数为620张，V/OI值为328.1，交易金额为103922USD，合约行权价是748，到期日为2026/06/05
2026-06-05,US.SPY,,PUT,700.0,2026-06-18,4328,601592.0,SELL,06-06 01:24,6.6 01:24，出现一笔卖出看跌期权交易，成交量为4328张，未平仓数为64786张，V/OI值为0.2，交易金额为601592USD，合约行权价是700，到期日为2026/06/18
2026-06-05,US.SPY,,PUT,750.0,2026-06-30,10000,14740000.0,SELL,06-06 01:14,6.6 01:14，出现一笔卖出看跌期权交易，成交量为10000张，未平仓数为10585张，V/OI值为1.1，交易金额为14740000USD，合约行权价是750，到期日为2026/06/30
2026-06-05,US.SPY,,PUT,700.0,2026-06-30,20000,5940000.0,BUY,06-06 01:14,6.6 01:14，出现一笔买入看跌期权交易，成交量为20000张，未平仓数为35299张，V/OI值为0.7，交易金额为5940000USD，合约行权价是700，到期日为2026/06/30
2026-06-05,US.SPY,,CALL,746.0,2026-06-05,3300,165000.0,SELL,06-06 01:13,6.6 01:13，出现一笔卖出看涨期权交易，成交量为3300张，未平仓数为1235张，V/OI值为162.2，交易金额为165000USD，合约行权价是746，到期日为2026/06/05
2026-06-05,US.SPY,,PUT,500.0,2026-06-12,40000,80000.0,BUY,06-06 01:10,6.6 01:10，出现一笔买入看跌期权交易，成交量为40000张，未平仓数为4660张，V/OI值为8.6，交易金额为80000USD，合约行权价是500，到期日为2026/06/12
2026-06-05,US.SPY,,CALL,815.0,2026-09-18,3000,990000.0,SELL,06-06 01:00,6.6 01:00，出现一笔卖出看涨期权交易，成交量为3000张，未平仓数为6611张，V/OI值为0.5，交易金额为990000USD，合约行权价是815，到期日为2026/09/18
2026-06-05,US.SPY,,CALL,780.0,2026-08-21,3000,2211000.0,BUY,06-06 01:00,6.6 01:00，出现一笔买入看涨期权交易，成交量为3000张，未平仓数为6331张，V/OI值为0.5，交易金额为2211000USD，合约行权价是780，到期日为2026/08/21
2026-06-05,US.SPY,,CALL,749.0,2026-06-05,3659,91475.0,SELL,06-06 00:50,6.6 00:50，出现一笔卖出看涨期权交易，成交量为3659张，未平仓数为1865张，V/OI值为138.8，交易金额为91475USD，合约行权价是749，到期日为2026/06/05
2026-06-05,US.SPY,,CALL,753.0,2026-06-12,19186,4728634.0,BUY,06-06 00:48,6.6 00:48，出现一笔买入看涨期权交易，成交量为19186张，未平仓数为1405张，V/OI值为15.8，交易金额为4728634USD，合约行权价是753，到期日为2026/06/12
2026-06-05,US.SPY,,CALL,746.0,2026-06-05,3400,197932.0,SELL,06-06 00:46,6.6 00:46，出现一笔卖出看涨期权交易，成交量为3400张，未平仓数为1235张，V/OI值为120.4，交易金额为197932USD，合约行权价是746，到期日为2026/06/05
2026-06-05,US.SPY,,CALL,747.0,2026-06-05,3170,180691.0,SELL,06-06 00:30,6.6 00:30，出现一笔卖出看涨期权交易，成交量为3170张，未平仓数为1124张，V/OI值为134.2，交易金额为180691USD，合约行权价是747，到期日为2026/06/05
2026-06-05,US.SPY,,PUT,727.0,2026-06-10,4999,630793.0,BUY,06-06 00:29,6.6 00:29，出现一笔买入看跌期权交易，成交量为4999张，未平仓数为498张，V/OI值为66.2，交易金额为630793USD，合约行权价是727，到期日为2026/06/10
2026-06-05,US.SPY,,CALL,747.0,2026-06-05,3616,224222.0,SELL,06-06 00:28,6.6 00:28，出现一笔卖出看涨期权交易，成交量为3616张，未平仓数为1124张，V/OI值为128.7，交易金额为224222USD，合约行权价是747，到期日为2026/06/05
2026-06-05,US.SPY,,PUT,727.0,2026-06-10,5001,582540.0,BUY,06-06 00:27,6.6 00:27，出现一笔买入看跌期权交易，成交量为5001张，未平仓数为498张，V/OI值为56，交易金额为582540USD，合约行权价是727，到期日为2026/06/10
2026-06-05,US.SPY,,PUT,727.0,2026-06-10,6138,704516.0,BUY,06-06 00:25,6.6 00:25，出现一笔买入看跌期权交易，成交量为6138张，未平仓数为498张，V/OI值为42.9，交易金额为704516USD，合约行权价是727，到期日为2026/06/10
2026-06-05,US.SPY,,PUT,727.0,2026-06-10,7241,831549.0,BUY,06-06 00:25,6.6 00:25，出现一笔买入看跌期权交易，成交量为7241张，未平仓数为498张，V/OI值为30.5，交易金额为831549USD，合约行权价是727，到期日为2026/06/10
2026-06-05,US.SPY,,PUT,733.0,2026-06-16,7201,2501703.0,SELL,06-06 00:25,6.6 00:25，出现一笔卖出看跌期权交易，成交量为7201张，未平仓数为20836张，V/OI值为1.3，交易金额为2501703USD，合约行权价是733，到期日为2026/06/16
2026-06-05,US.SPY,,PUT,733.0,2026-06-16,8149,2854082.0,SELL,06-06 00:25,6.6 00:25，出现一笔卖出看跌期权交易，成交量为8149张，未平仓数为20836张，V/OI值为0.9，交易金额为2854082USD，合约行权价是733，到期日为2026/06/16
2026-06-05,US.SPY,,PUT,733.0,2026-06-16,7156,2532558.0,SELL,06-06 00:25,6.6 00:25，出现一笔卖出看跌期权交易，成交量为7156张，未平仓数为20836张，V/OI值为0.5，交易金额为2532558USD，合约行权价是733，到期日为2026/06/16
2026-06-05,US.SPY,,PUT,727.0,2026-06-10,7884,915724.0,BUY,06-06 00:25,6.6 00:25，出现一笔买入看跌期权交易，成交量为7884张，未平仓数为498张，V/OI值为16，交易金额为915724USD，合约行权价是727，到期日为2026/06/10
2026-06-05,US.SPY,,PUT,670.0,2026-08-31,5032,3255704.0,SELL,06-06 00:20,6.6 00:20，出现一笔卖出看跌期权交易，成交量为5032张，未平仓数为437张，V/OI值为40.1，交易金额为3255704USD，合约行权价是670，到期日为2026/08/31
2026-06-05,US.SPY,,PUT,670.0,2026-08-31,3251,2092766.0,BUY,06-06 00:19,6.6 00:19，出现一笔买入看跌期权交易，成交量为3251张，未平仓数为437张，V/OI值为12.6，交易金额为2092766USD，合约行权价是670，到期日为2026/08/31
2026-06-05,US.SPY,,CALL,850.0,2026-08-21,4938,128388.0,BUY,06-06 00:14,6.6 00:14，出现一笔买入看涨期权交易，成交量为4938张，未平仓数为9292张，V/OI值为0.6，交易金额为128388USD，合约行权价是850，到期日为2026/08/21
2026-06-05,US.SPY,,CALL,746.0,2026-06-05,5225,697962.0,BUY,06-06 00:11,6.6 00:11，出现一笔买入看涨期权交易，成交量为5225张，未平仓数为1235张，V/OI值为61.3，交易金额为697962USD，合约行权价是746，到期日为2026/06/05
2026-06-05,US.SPY,,PUT,690.0,2026-07-17,8400,3133200.0,BUY,06-06 00:10,6.6 00:10，出现一笔买入看跌期权交易，成交量为8400张，未平仓数为22460张，V/OI值为0.4，交易金额为3133200USD，合约行权价是690，到期日为2026/07/17
2026-06-05,US.SPY,,CALL,749.0,2026-06-05,3470,128391.0,SELL,06-06 00:06,6.6 00:06，出现一笔卖出看涨期权交易，成交量为3470张，未平仓数为1865张，V/OI值为118，交易金额为128391USD，合约行权价是749，到期日为2026/06/05
2026-06-05,US.SPY,,PUT,712.0,2026-07-17,7912,4636284.0,SELL,06-06 00:04,6.6 00:04，出现一笔卖出看跌期权交易，成交量为7912张，未平仓数为986张，V/OI值为20.6，交易金额为4636284USD，合约行权价是712，到期日为2026/07/17
2026-06-05,US.SPY,,CALL,746.0,2026-06-05,5012,813625.0,BUY,06-06 00:00,6.6 00:00，出现一笔买入看涨期权交易，成交量为5012张，未平仓数为1235张，V/OI值为38.1，交易金额为813625USD，合约行权价是746，到期日为2026/06/05
2026-06-05,US.SQQQ,,CALL,45.0,2026-06-18,1638,343980.0,SELL,06-06 03:29,6.6 03:29，出现一笔卖出看涨期权交易，成交量为1638张，未平仓数为8573张，V/OI值为3.7，交易金额为343980USD，合约行权价是45，到期日为2026/06/18
2026-06-05,US.SQQQ,,CALL,45.0,2026-06-18,3548,549940.0,SELL,06-06 01:17,6.6 01:17，出现一笔卖出看涨期权交易，成交量为3548张，未平仓数为8573张，V/OI值为3.4，交易金额为549940USD，合约行权价是45，到期日为2026/06/18
2026-06-05,US.SQQQ,,CALL,45.0,2026-06-18,4443,622020.0,SELL,06-06 00:40,6.6 00:40，出现一笔卖出看涨期权交易，成交量为4443张，未平仓数为8573张，V/OI值为2.9，交易金额为622020USD，合约行权价是45，到期日为2026/06/18
2026-06-05,US.SQQQ,,CALL,45.0,2026-06-18,9269,1065935.0,SELL,06-06 00:13,6.6 00:13，出现一笔卖出看涨期权交易，成交量为9269张，未平仓数为8573张，V/OI值为2.4，交易金额为1065935USD，合约行权价是45，到期日为2026/06/18
2026-06-05,US.SQQQ,,CALL,37.0,2026-07-02,692,346000.0,BUY,06-06 00:05,6.6 00:05，出现一笔买入看涨期权交易，成交量为692张，未平仓数为756张，V/OI值为1，交易金额为346000USD，合约行权价是37，到期日为2026/07/02
2026-06-05,US.SVIX,,CALL,21.0,2026-07-17,982,216040.0,SELL,06-06 02:04,6.6 02:04，出现一笔卖出看涨期权交易，成交量为982张，未平仓数为556张，V/OI值为1.8，交易金额为216040USD，合约行权价是21，到期日为2026/07/17
2026-06-05,US.SVIX,,PUT,21.0,2026-07-17,433,62785.0,SELL,06-06 01:44,6.6 01:44，出现一笔卖出看跌期权交易，成交量为433张，未平仓数为109张，V/OI值为4.3，交易金额为62785USD，合约行权价是21，到期日为2026/07/17
2026-06-05,US.SVIX,,CALL,12.0,2026-06-05,188,199656.0,BUY,06-06 00:03,6.6 00:03，出现一笔买入看涨期权交易，成交量为188张，未平仓数为2张，V/OI值为189，交易金额为199656USD，合约行权价是12，到期日为2026/06/05
2026-06-05,US.SVIX,,CALL,11.5,2026-06-05,188,209056.0,SELL,06-06 00:03,6.6 00:03，出现一笔卖出看涨期权交易，成交量为188张，未平仓数为3张，V/OI值为125.3，交易金额为209056USD，合约行权价是11.5，到期日为2026/06/05
2026-06-05,US.TEAM,,PUT,100.0,2026-06-18,262,158236.0,SELL,06-06 02:01,6.6 02:01，出现一笔卖出看跌期权交易，成交量为262张，未平仓数为1766张，V/OI值为0.4，交易金额为158236USD，合约行权价是100，到期日为2026/06/18
2026-06-05,US.TNA,,PUT,65.0,2026-10-16,245,284200.0,SELL,06-06 02:49,6.6 02:49，出现一笔卖出看跌期权交易，成交量为245张，未平仓数为295张，V/OI值为0.8，交易金额为284200USD，合约行权价是65，到期日为2026/10/16
2026-06-05,US.TSLA,,CALL,392.5,2026-06-05,3155,126200.0,BUY,06-06 03:11,6.6 03:11，出现一笔买入看涨期权交易，成交量为3155张，未平仓数为228张，V/OI值为167.2，交易金额为126200USD，合约行权价是392.5，到期日为2026/06/05
2026-06-05,US.TSLA,,PUT,370.0,2026-06-12,4833,2112961.0,SELL,06-06 02:48,6.6 02:48，出现一笔卖出看跌期权交易，成交量为4833张，未平仓数为1436张，V/OI值为4.6，交易金额为2112961USD，合约行权价是370，到期日为2026/06/12
2026-06-05,US.TSLA,,CALL,395.0,2026-06-05,2612,141048.0,BUY,06-06 02:29,6.6 02:29，出现一笔买入看涨期权交易，成交量为2612张，未平仓数为1072张，V/OI值为49.5，交易金额为141048USD，合约行权价是395，到期日为2026/06/05
2026-06-05,US.TSLA,,PUT,240.0,2026-06-12,23000,253000.0,SELL,06-06 02:29,6.6 02:29，出现一笔卖出看跌期权交易，成交量为23000张，未平仓数为46张，V/OI值为501.9，交易金额为253000USD，合约行权价是240，到期日为2026/06/12
2026-06-05,US.TSLA,,CALL,450.0,2026-06-12,1755,102074.0,SELL,06-06 02:19,6.6 02:19，出现一笔卖出看涨期权交易，成交量为1755张，未平仓数为19903张，V/OI值为1.2，交易金额为102074USD，合约行权价是450，到期日为2026/06/12
2026-06-05,US.TSLA,,PUT,330.0,2026-06-10,4640,148480.0,BUY,06-06 01:48,6.6 01:48，出现一笔买入看跌期权交易，成交量为4640张，未平仓数为153张，V/OI值为33.2，交易金额为148480USD，合约行权价是330，到期日为2026/06/10
2026-06-05,US.TSLA,,CALL,600.0,2026-07-17,1655,175946.0,BUY,06-06 01:18,6.6 01:18，出现一笔买入看涨期权交易，成交量为1655张，未平仓数为15712张，V/OI值为0.3，交易金额为175946USD，合约行权价是600，到期日为2026/07/17
2026-06-05,US.TSLA,,PUT,400.0,2026-12-18,2000,10900000.0,SELL,06-06 01:04,6.6 01:04，出现一笔卖出看跌期权交易，成交量为2000张，未平仓数为6996张，V/OI值为0.3，交易金额为10900000USD，合约行权价是400，到期日为2026/12/18
2026-06-05,US.TSLA,,CALL,407.5,2026-06-12,2108,1747532.0,SELL,06-06 00:09,6.6 00:09，出现一笔卖出看涨期权交易，成交量为2108张，未平仓数为162张，V/OI值为21.1，交易金额为1747532USD，合约行权价是407.5，到期日为2026/06/12
2026-06-05,US.TSM,,PUT,400.0,2026-06-18,2000,1302000.0,SELL,06-06 02:11,6.6 02:11，出现一笔卖出看跌期权交易，成交量为2000张，未平仓数为19415张，V/OI值为0.2，交易金额为1302000USD，合约行权价是400，到期日为2026/06/18
2026-06-05,US.TSM,,CALL,460.0,2026-06-18,2100,798000.0,BUY,06-06 00:53,6.6 00:53，出现一笔买入看涨期权交易，成交量为2100张，未平仓数为2638张，V/OI值为0.9，交易金额为798000USD，合约行权价是460，到期日为2026/06/18
2026-06-05,US.TWLO,,CALL,195.0,2026-06-18,1040,3650400.0,BUY,06-06 03:24,6.6 03:24，出现一笔买入看涨期权交易，成交量为1040张，未平仓数为1302张，V/OI值为0.9，交易金额为3650400USD，合约行权价是195，到期日为2026/06/18
2026-06-05,US.TWLO,,CALL,235.0,2026-06-18,200,188730.0,BUY,06-06 03:24,6.6 03:24，出现一笔买入看涨期权交易，成交量为200张，未平仓数为202张，V/OI值为6.4，交易金额为188730USD，合约行权价是235，到期日为2026/06/18
2026-06-05,US.TWLO,,CALL,235.0,2026-06-18,623,573865.0,SELL,06-06 03:24,6.6 03:24，出现一笔卖出看涨期权交易，成交量为623张，未平仓数为202张，V/OI值为5.3，交易金额为573865USD，合约行权价是235，到期日为2026/06/18
2026-06-05,US.TWLO,,CALL,235.0,2026-06-18,272,247960.0,BUY,06-06 03:24,6.6 03:24，出现一笔买入看涨期权交易，成交量为272张，未平仓数为202张，V/OI值为2.2，交易金额为247960USD，合约行权价是235，到期日为2026/06/18
2026-06-05,US.TWLO,,CALL,235.0,2026-06-18,132,120120.0,BUY,06-06 03:24,6.6 03:24，出现一笔买入看涨期权交易，成交量为132张，未平仓数为202张，V/OI值为0.9，交易金额为120120USD，合约行权价是235，到期日为2026/06/18
2026-06-05,US.TWLO,,CALL,255.0,2026-06-12,641,102875.0,SELL,06-06 03:16,6.6 03:16，出现一笔卖出看涨期权交易，成交量为641张，未平仓数为45张，V/OI值为14.3，交易金额为102875USD，合约行权价是255，到期日为2026/06/12
2026-06-05,US.TWLO,,PUT,240.0,2026-06-12,245,359569.0,BUY,06-06 02:22,6.6 02:22，出现一笔买入看跌期权交易，成交量为245张，未平仓数为5张，V/OI值为49.8，交易金额为359569USD，合约行权价是240，到期日为2026/06/12
2026-06-05,US.TWLO,,PUT,220.0,2026-08-21,262,592164.0,SELL,06-06 01:46,6.6 01:46，出现一笔卖出看跌期权交易，成交量为262张，未平仓数为214张，V/OI值为1.2，交易金额为592164USD，合约行权价是220，到期日为2026/08/21
2026-06-05,US.TWLO,,PUT,210.0,2026-07-17,130,115700.0,SELL,06-06 01:44,6.6 01:44，出现一笔卖出看跌期权交易，成交量为130张，未平仓数为71张，V/OI值为1.8，交易金额为115700USD，合约行权价是210，到期日为2026/07/17
2026-06-05,US.TWLO,,CALL,230.0,2026-06-12,180,171000.0,BUY,06-06 00:46,6.6 00:46，出现一笔买入看涨期权交易，成交量为180张，未平仓数为244张，V/OI值为0.8，交易金额为171000USD，合约行权价是230，到期日为2026/06/12
2026-06-05,US.UPST,,PUT,50.0,2026-09-18,362,767459.0,SELL,06-06 03:03,6.6 03:03，出现一笔卖出看跌期权交易，成交量为362张，未平仓数为436张，V/OI值为0.9，交易金额为767459USD，合约行权价是50，到期日为2026/09/18
2026-06-05,US.UPST,,CALL,45.0,2027-01-15,700,255500.0,SELL,06-06 00:24,6.6 00:24，出现一笔卖出看涨期权交易，成交量为700张，未平仓数为1306张，V/OI值为0.5，交易金额为255500USD，合约行权价是45，到期日为2027/01/15
2026-06-05,US.UVXY,,CALL,5.0,2026-07-17,2500,137500.0,SELL,06-06 03:58,6.6 03:58，出现一笔卖出看涨期权交易，成交量为2500张，未平仓数为5625张，V/OI值为0.7，交易金额为137500USD，合约行权价是5，到期日为2026/07/17
2026-06-05,US.UVXY,,PUT,5.0,2026-06-12,6395,729028.0,BUY,06-06 01:40,6.6 01:40，出现一笔买入看跌期权交易，成交量为6395张，未平仓数为2199张，V/OI值为3.7，交易金额为729028USD，合约行权价是5，到期日为2026/06/12
2026-06-05,US.UVXY,,PUT,4.5,2026-06-12,1688,106344.0,SELL,06-06 01:31,6.6 01:31，出现一笔卖出看跌期权交易，成交量为1688张，未平仓数为1085张，V/OI值为2.4，交易金额为106344USD，合约行权价是4.5，到期日为2026/06/12
2026-06-05,US.UVXY,,PUT,20.0,2026-09-18,275,445500.0,BUY,06-06 00:37,6.6 00:37，出现一笔买入看跌期权交易，成交量为275张，未平仓数为51张，V/OI值为19.1，交易金额为445500USD，合约行权价是20，到期日为2026/09/18
2026-06-05,US.UVXY,,PUT,20.0,2026-09-18,200,324000.0,BUY,06-06 00:37,6.6 00:37，出现一笔买入看跌期权交易，成交量为200张，未平仓数为51张，V/OI值为13.7，交易金额为324000USD，合约行权价是20，到期日为2026/09/18
2026-06-05,US.UVXY,,PUT,20.0,2026-09-18,450,729000.0,BUY,06-06 00:37,6.6 00:37，出现一笔买入看跌期权交易，成交量为450张，未平仓数为51张，V/OI值为8.8，交易金额为729000USD，合约行权价是20，到期日为2026/09/18
2026-06-05,US.VST,,PUT,150.0,2026-06-12,436,202756.0,SELL,06-06 01:34,6.6 01:34，出现一笔卖出看跌期权交易，成交量为436张，未平仓数为188张，V/OI值为2.7，交易金额为202756USD，合约行权价是150，到期日为2026/06/12
2026-06-05,US.WDAY,,PUT,140.0,2026-09-18,1500,2220000.0,SELL,06-06 02:18,6.6 02:18，出现一笔卖出看跌期权交易，成交量为1500张，未平仓数为803张，V/OI值为1.9，交易金额为2220000USD，合约行权价是140，到期日为2026/09/18
2026-06-05,US.XOM,,PUT,150.0,2026-08-21,336,283920.0,SELL,06-06 01:41,6.6 01:41，出现一笔卖出看跌期权交易，成交量为336张，未平仓数为648张，V/OI值为0.6，交易金额为283920USD，合约行权价是150，到期日为2026/08/21
2026-06-08,US.AAPL,,PUT,295.0,2026-06-10,1087,129353.0,BUY,06-09 03:58,6.9 03:58，出现一笔买入看跌期权交易，成交量为1087张，未平仓数为761张，V/OI值为18.1，交易金额为129353USD，合约行权价是295，到期日为2026/06/10
2026-06-08,US.AAPL,,CALL,325.0,2026-08-21,1665,1080661.0,SELL,06-09 03:50,6.9 03:50，出现一笔卖出看涨期权交易，成交量为1665张，未平仓数为13252张，V/OI值为0.2，交易金额为1080661USD，合约行权价是325，到期日为2026/08/21
2026-06-08,US.AAPL,,CALL,335.0,2026-07-17,1373,192220.0,BUY,06-09 03:24,6.9 03:24，出现一笔买入看涨期权交易，成交量为1373张，未平仓数为9366张，V/OI值为0.7，交易金额为192220USD，合约行权价是335，到期日为2026/07/17
2026-06-08,US.AAPL,,CALL,335.0,2026-07-17,1706,238840.0,SELL,06-09 03:23,6.9 03:23，出现一笔卖出看涨期权交易，成交量为1706张，未平仓数为9366张，V/OI值为0.6，交易金额为238840USD，合约行权价是335，到期日为2026/07/17
2026-06-08,US.AAPL,,CALL,350.0,2026-09-18,1094,470291.0,BUY,06-09 03:18,6.9 03:18，出现一笔买入看涨期权交易，成交量为1094张，未平仓数为33956张，V/OI值为0.1，交易金额为470291USD，合约行权价是350，到期日为2026/09/18
2026-06-08,US.AAPL,,CALL,330.0,2026-07-17,1000,233000.0,SELL,06-09 03:05,6.9 03:05，出现一笔卖出看涨期权交易，成交量为1000张，未平仓数为20879张，V/OI值为0.7，交易金额为233000USD，合约行权价是330，到期日为2026/07/17
2026-06-08,US.AAPL,,PUT,305.0,2026-06-10,1000,350056.0,SELL,06-09 03:04,6.9 03:04，出现一笔卖出看跌期权交易，成交量为1000张，未平仓数为6208张，V/OI值为2.8，交易金额为350056USD，合约行权价是305，到期日为2026/06/10
2026-06-08,US.AAPL,,CALL,330.0,2026-07-17,1999,429785.0,BUY,06-09 02:52,6.9 02:52，出现一笔买入看涨期权交易，成交量为1999张，未平仓数为20879张，V/OI值为0.6，交易金额为429785USD，合约行权价是330，到期日为2026/07/17
2026-06-08,US.AAPL,,CALL,330.0,2026-07-17,1001,215215.0,BUY,06-09 02:52,6.9 02:52，出现一笔买入看涨期权交易，成交量为1001张，未平仓数为20879张，V/OI值为0.5，交易金额为215215USD，合约行权价是330，到期日为2026/07/17
2026-06-08,US.AAPL,,CALL,350.0,2026-07-17,2814,180096.0,SELL,06-09 02:52,6.9 02:52，出现一笔卖出看涨期权交易，成交量为2814张，未平仓数为6127张，V/OI值为5，交易金额为180096USD，合约行权价是350，到期日为2026/07/17
2026-06-08,US.AAPL,,CALL,350.0,2026-07-17,2814,180096.0,SELL,06-09 02:52,6.9 02:52，出现一笔卖出看涨期权交易，成交量为2814张，未平仓数为6127张，V/OI值为4.6，交易金额为180096USD，合约行权价是350，到期日为2026/07/17
2026-06-08,US.AAPL,,CALL,350.0,2026-07-17,19858,1270912.0,SELL,06-09 02:52,6.9 02:52，出现一笔卖出看涨期权交易，成交量为19858张，未平仓数为6127张，V/OI值为4.1，交易金额为1270912USD，合约行权价是350，到期日为2026/07/17
2026-06-08,US.AAPL,,CALL,350.0,2026-07-17,2814,180096.0,SELL,06-09 02:52,6.9 02:52，出现一笔卖出看涨期权交易，成交量为2814张，未平仓数为6127张，V/OI值为0.8，交易金额为180096USD，合约行权价是350，到期日为2026/07/17
2026-06-08,US.AAPL,,CALL,325.0,2026-07-17,3010,912050.0,BUY,06-09 02:50,6.9 02:50，出现一笔买入看涨期权交易，成交量为3010张，未平仓数为26531张，V/OI值为0.3，交易金额为912050USD，合约行权价是325，到期日为2026/07/17
2026-06-08,US.AAPL,,CALL,330.0,2026-07-17,3000,657000.0,BUY,06-09 02:47,6.9 02:47，出现一笔买入看涨期权交易，成交量为3000张，未平仓数为20879张，V/OI值为0.5，交易金额为657000USD，合约行权价是330，到期日为2026/07/17
2026-06-08,US.AAPL,,CALL,305.0,2026-06-08,1884,269412.0,SELL,06-09 02:24,6.9 02:24，出现一笔卖出看涨期权交易，成交量为1884张，未平仓数为1225张，V/OI值为12.1，交易金额为269412USD，合约行权价是305，到期日为2026/06/08
2026-06-08,US.AAPL,,CALL,305.0,2026-06-08,1141,213861.0,SELL,06-09 02:13,6.9 02:13，出现一笔卖出看涨期权交易，成交量为1141张，未平仓数为1225张，V/OI值为6.9，交易金额为213861USD，合约行权价是305，到期日为2026/06/08
2026-06-08,US.AAPL,,CALL,312.5,2026-06-10,1000,115000.0,SELL,06-09 02:10,6.9 02:10，出现一笔卖出看涨期权交易，成交量为1000张，未平仓数为1335张，V/OI值为8.4，交易金额为115000USD，合约行权价是312.5，到期日为2026/06/10
2026-06-08,US.AAPL,,CALL,307.5,2026-06-10,1000,227000.0,SELL,06-09 02:09,6.9 02:09，出现一笔卖出看涨期权交易，成交量为1000张，未平仓数为359张，V/OI值为21.2，交易金额为227000USD，合约行权价是307.5，到期日为2026/06/10
2026-06-08,US.AAPL,,CALL,305.0,2026-06-10,1000,336000.0,BUY,06-09 02:09,6.9 02:09，出现一笔买入看涨期权交易，成交量为1000张，未平仓数为147张，V/OI值为12.7，交易金额为336000USD，合约行权价是305，到期日为2026/06/10
2026-06-08,US.AAPL,,CALL,307.5,2026-06-08,1225,105610.0,SELL,06-09 02:07,6.9 02:07，出现一笔卖出看涨期权交易，成交量为1225张，未平仓数为1316张，V/OI值为9，交易金额为105610USD，合约行权价是307.5，到期日为2026/06/08
2026-06-08,US.AAPL,,CALL,307.5,2026-06-08,1000,133000.0,BUY,06-09 02:05,6.9 02:05，出现一笔买入看涨期权交易，成交量为1000张，未平仓数为1316张，V/OI值为6.7，交易金额为133000USD，合约行权价是307.5，到期日为2026/06/08
2026-06-08,US.AAPL,,PUT,312.5,2026-06-08,1000,435000.0,SELL,06-09 02:00,6.9 02:00，出现一笔卖出看跌期权交易，成交量为1000张，未平仓数为1591张，V/OI值为18.4，交易金额为435000USD，合约行权价是312.5，到期日为2026/06/08
2026-06-08,US.AAPL,,PUT,275.0,2026-07-17,1200,164400.0,SELL,06-09 01:59,6.9 01:59，出现一笔卖出看跌期权交易，成交量为1200张，未平仓数为7391张，V/OI值为0.4，交易金额为164400USD，合约行权价是275，到期日为2026/07/17
2026-06-08,US.AAPL,,CALL,325.0,2026-07-10,1200,428400.0,SELL,06-09 01:59,6.9 01:59，出现一笔卖出看涨期权交易，成交量为1200张，未平仓数为297张，V/OI值为5.1，交易金额为428400USD，合约行权价是325，到期日为2026/07/10
2026-06-08,US.AAPL,,PUT,315.0,2026-07-10,1200,1467600.0,BUY,06-09 01:59,6.9 01:59，出现一笔买入看跌期权交易，成交量为1200张，未平仓数为250张，V/OI值为10.2，交易金额为1467600USD，合约行权价是315，到期日为2026/07/10
2026-06-08,US.AAPL,,CALL,260.0,2026-07-17,1200,6025200.0,BUY,06-09 01:59,6.9 01:59，出现一笔买入看涨期权交易，成交量为1200张，未平仓数为20194张，V/OI值为0.1，交易金额为6025200USD，合约行权价是260，到期日为2026/07/17
2026-06-08,US.AAPL,,PUT,315.0,2026-07-10,1198,1382492.0,BUY,06-09 01:55,6.9 01:55，出现一笔买入看跌期权交易，成交量为1198张，未平仓数为250张，V/OI值为5.4，交易金额为1382492USD，合约行权价是315，到期日为2026/07/10
2026-06-08,US.AAPL,,CALL,260.0,2026-07-17,1198,6172096.0,BUY,06-09 01:55,6.9 01:55，出现一笔买入看涨期权交易，成交量为1198张，未平仓数为20194张，V/OI值为0.1，交易金额为6172096USD，合约行权价是260，到期日为2026/07/17
2026-06-08,US.AAPL,,CALL,320.0,2026-07-10,1198,642128.0,SELL,06-09 01:55,6.9 01:55，出现一笔卖出看涨期权交易，成交量为1198张，未平仓数为1086张，V/OI值为1.5，交易金额为642128USD，合约行权价是320，到期日为2026/07/10
2026-06-08,US.AAPL,,PUT,275.0,2026-07-17,1198,168918.0,SELL,06-09 01:55,6.9 01:55，出现一笔卖出看跌期权交易，成交量为1198张，未平仓数为7391张，V/OI值为0.2，交易金额为168918USD，合约行权价是275，到期日为2026/07/17
2026-06-08,US.AAPL,,PUT,300.0,2026-06-10,1034,90559.0,BUY,06-09 01:54,6.9 01:54，出现一笔买入看跌期权交易，成交量为1034张，未平仓数为2430张，V/OI值为3，交易金额为90559USD，合约行权价是300，到期日为2026/06/10
2026-06-08,US.AAPL,,CALL,310.0,2026-06-10,1000,315000.0,BUY,06-09 01:46,6.9 01:46，出现一笔买入看涨期权交易，成交量为1000张，未平仓数为823张，V/OI值为4.6，交易金额为315000USD，合约行权价是310，到期日为2026/06/10
2026-06-08,US.AAPL,,CALL,310.0,2026-06-08,1000,145000.0,BUY,06-09 01:46,6.9 01:46，出现一笔买入看涨期权交易，成交量为1000张，未平仓数为5430张，V/OI值为2.2，交易金额为145000USD，合约行权价是310，到期日为2026/06/08
2026-06-08,US.AAPL,,CALL,312.5,2026-06-08,1541,188977.0,BUY,06-09 01:42,6.9 01:42，出现一笔买入看涨期权交易，成交量为1541张，未平仓数为3525张，V/OI值为9.1，交易金额为188977USD，合约行权价是312.5，到期日为2026/06/08
2026-06-08,US.AAPL,,CALL,315.0,2026-06-08,1165,145625.0,SELL,06-09 01:38,6.9 01:38，出现一笔卖出看涨期权交易，成交量为1165张，未平仓数为9149张，V/OI值为7.2，交易金额为145625USD，合约行权价是315，到期日为2026/06/08
2026-06-08,US.AAPL,,CALL,322.5,2026-06-18,1200,438000.0,BUY,06-09 01:35,6.9 01:35，出现一笔买入看涨期权交易，成交量为1200张，未平仓数为5474张，V/OI值为0.3，交易金额为438000USD，合约行权价是322.5，到期日为2026/06/18
2026-06-08,US.AAPL,,CALL,317.5,2026-06-10,1200,414000.0,BUY,06-09 01:35,6.9 01:35，出现一笔买入看涨期权交易，成交量为1200张，未平仓数为2055张，V/OI值为4.9，交易金额为414000USD，合约行权价是317.5，到期日为2026/06/10
2026-06-08,US.AAPL,,CALL,317.5,2026-06-08,1700,357310.0,BUY,06-09 01:35,6.9 01:35，出现一笔买入看涨期权交易，成交量为1700张，未平仓数为3435张，V/OI值为17，交易金额为357310USD，合约行权价是317.5，到期日为2026/06/08
2026-06-08,US.AAPL,,PUT,317.5,2026-06-08,1496,478169.0,BUY,06-09 01:35,6.9 01:35，出现一笔买入看跌期权交易，成交量为1496张，未平仓数为68张，V/OI值为32.1，交易金额为478169USD，合约行权价是317.5，到期日为2026/06/08
2026-06-08,US.AAPL,,CALL,332.5,2026-06-10,1700,139400.0,SELL,06-09 01:34,6.9 01:34，出现一笔卖出看涨期权交易，成交量为1700张，未平仓数为326张，V/OI值为39.8，交易金额为139400USD，合约行权价是332.5，到期日为2026/06/10
2026-06-08,US.AAPL,,CALL,312.5,2026-06-08,1000,380000.0,SELL,06-09 01:09,6.9 01:09，出现一笔卖出看涨期权交易，成交量为1000张，未平仓数为3525张，V/OI值为7.4，交易金额为380000USD，合约行权价是312.5，到期日为2026/06/08
2026-06-08,US.AAPL,,CALL,312.5,2026-06-10,1000,525000.0,BUY,06-09 01:09,6.9 01:09，出现一笔买入看涨期权交易，成交量为1000张，未平仓数为1335张，V/OI值为4.9，交易金额为525000USD，合约行权价是312.5，到期日为2026/06/10
2026-06-08,US.AAPL,,PUT,312.5,2026-06-08,1000,245998.0,BUY,06-09 00:56,6.9 00:56，出现一笔买入看跌期权交易，成交量为1000张，未平仓数为1591张，V/OI值为11.8，交易金额为245998USD，合约行权价是312.5，到期日为2026/06/08
2026-06-08,US.AAPL,,CALL,322.5,2026-06-08,2954,156351.0,BUY,06-09 00:54,6.9 00:54，出现一笔买入看涨期权交易，成交量为2954张，未平仓数为1995张，V/OI值为12.9，交易金额为156351USD，合约行权价是322.5，到期日为2026/06/08
2026-06-08,US.AAPL,,PUT,307.5,2026-06-08,2339,187057.0,BUY,06-09 00:51,6.9 00:51，出现一笔买入看跌期权交易，成交量为2339张，未平仓数为1785张，V/OI值为9.5，交易金额为187057USD，合约行权价是307.5，到期日为2026/06/08
2026-06-08,US.AAPL,,CALL,332.5,2026-06-10,3666,107248.0,BUY,06-09 00:50,6.9 00:50，出现一笔买入看涨期权交易，成交量为3666张，未平仓数为326张，V/OI值为12.6，交易金额为107248USD，合约行权价是332.5，到期日为2026/06/10
2026-06-08,US.AAPL,,CALL,325.0,2026-06-15,1000,159000.0,BUY,06-09 00:50,6.9 00:50，出现一笔买入看涨期权交易，成交量为1000张，未平仓数为427张，V/OI值为3.3，交易金额为159000USD，合约行权价是325，到期日为2026/06/15
2026-06-08,US.AAPL,,CALL,327.5,2026-06-10,3640,213669.0,BUY,06-09 00:50,6.9 00:50，出现一笔买入看涨期权交易，成交量为3640张，未平仓数为1740张，V/OI值为2.9，交易金额为213669USD，合约行权价是327.5，到期日为2026/06/10
2026-06-08,US.AAPL,,PUT,307.5,2026-06-08,1722,84378.0,BUY,06-09 00:24,6.9 00:24，出现一笔买入看跌期权交易，成交量为1722张，未平仓数为1785张，V/OI值为7.2，交易金额为84378USD，合约行权价是307.5，到期日为2026/06/08
2026-06-08,US.AEHR,,PUT,85.0,2026-06-26,481,307834.0,BUY,06-09 01:01,6.9 01:01，出现一笔买入看跌期权交易，成交量为481张，未平仓数为21张，V/OI值为23.1，交易金额为307834USD，合约行权价是85，到期日为2026/06/26
2026-06-08,US.AMD,,CALL,500.0,2026-06-12,1000,1390490.0,SELL,06-09 03:54,6.9 03:54，出现一笔卖出看涨期权交易，成交量为1000张，未平仓数为3069张，V/OI值为4，交易金额为1390490USD，合约行权价是500，到期日为2026/06/12
2026-06-08,US.AMD,,PUT,450.0,2026-06-18,1100,1060400.0,BUY,06-09 03:53,6.9 03:53，出现一笔买入看跌期权交易，成交量为1100张，未平仓数为5501张，V/OI值为0.6，交易金额为1060400USD，合约行权价是450，到期日为2026/06/18
2026-06-08,US.AMD,,PUT,450.0,2026-07-17,1100,2820400.0,SELL,06-09 03:53,6.9 03:53，出现一笔卖出看跌期权交易，成交量为1100张，未平仓数为1390张，V/OI值为1.9，交易金额为2820400USD，合约行权价是450，到期日为2026/07/17
2026-06-08,US.AMD,,PUT,450.0,2026-07-17,1100,2846800.0,SELL,06-09 03:52,6.9 03:52，出现一笔卖出看跌期权交易，成交量为1100张，未平仓数为1390张，V/OI值为1.1，交易金额为2846800USD，合约行权价是450，到期日为2026/07/17
2026-06-08,US.AMD,,PUT,450.0,2026-06-18,1100,1045000.0,BUY,06-09 03:52,6.9 03:52，出现一笔买入看跌期权交易，成交量为1100张，未平仓数为5501张，V/OI值为0.4，交易金额为1045000USD，合约行权价是450，到期日为2026/06/18
2026-06-08,US.AMD,,CALL,500.0,2026-06-12,1000,1270000.0,BUY,06-09 03:47,6.9 03:47，出现一笔买入看涨期权交易，成交量为1000张，未平仓数为3069张，V/OI值为3.5，交易金额为1270000USD，合约行权价是500，到期日为2026/06/12
2026-06-08,US.AMD,,CALL,500.0,2026-06-12,1491,1938300.0,BUY,06-09 03:37,6.9 03:37，出现一笔买入看涨期权交易，成交量为1491张，未平仓数为3069张，V/OI值为3.1，交易金额为1938300USD，合约行权价是500，到期日为2026/06/12
2026-06-08,US.AMD,,PUT,492.5,2026-06-12,1000,1900000.0,SELL,06-09 03:10,6.9 03:10，出现一笔卖出看跌期权交易，成交量为1000张，未平仓数为321张，V/OI值为4.6，交易金额为1900000USD，合约行权价是492.5，到期日为2026/06/12
2026-06-08,US.AMD,,PUT,490.0,2026-06-12,1000,1660000.0,BUY,06-09 03:05,6.9 03:05，出现一笔买入看跌期权交易，成交量为1000张，未平仓数为1184张，V/OI值为3.8，交易金额为1660000USD，合约行权价是490，到期日为2026/06/12
2026-06-08,US.AMD,,PUT,480.0,2026-06-12,1006,1217260.0,SELL,06-09 02:52,6.9 02:52，出现一笔卖出看跌期权交易，成交量为1006张，未平仓数为2236张，V/OI值为1.4，交易金额为1217260USD，合约行权价是480，到期日为2026/06/12
2026-06-08,US.AMD,,CALL,490.0,2026-06-12,1115,2185364.0,BUY,06-09 02:31,6.9 02:31，出现一笔买入看涨期权交易，成交量为1115张，未平仓数为1210张，V/OI值为5.6，交易金额为2185364USD，合约行权价是490，到期日为2026/06/12
2026-06-08,US.AMD,,CALL,510.0,2026-06-12,1195,1153175.0,BUY,06-09 00:26,6.9 00:26，出现一笔买入看涨期权交易，成交量为1195张，未平仓数为1510张，V/OI值为5.1，交易金额为1153175USD，合约行权价是510，到期日为2026/06/12
2026-06-08,US.AMD,,CALL,535.0,2026-06-12,1039,437714.0,SELL,06-09 00:19,6.9 00:19，出现一笔卖出看涨期权交易，成交量为1039张，未平仓数为1390张，V/OI值为1.1，交易金额为437714USD，合约行权价是535，到期日为2026/06/12
2026-06-08,US.AMD,,CALL,510.0,2026-06-12,1711,1659680.0,BUY,06-09 00:15,6.9 00:15，出现一笔买入看涨期权交易，成交量为1711张，未平仓数为1510张，V/OI值为2.8，交易金额为1659680USD，合约行权价是510，到期日为2026/06/12
2026-06-08,US.AMD,,CALL,510.0,2026-06-12,1289,1250330.0,BUY,06-09 00:14,6.9 00:14，出现一笔买入看涨期权交易，成交量为1289张，未平仓数为1510张，V/OI值为1.7，交易金额为1250330USD，合约行权价是510，到期日为2026/06/12
2026-06-08,US.AMD,,CALL,505.0,2026-06-12,1000,1116300.0,BUY,06-09 00:12,6.9 00:12，出现一笔买入看涨期权交易，成交量为1000张，未平仓数为1553张，V/OI值为1.3，交易金额为1116300USD，合约行权价是505，到期日为2026/06/12
2026-06-08,US.AMZN,,PUT,195.0,2026-09-18,1200,366000.0,BUY,06-09 03:35,6.9 03:35，出现一笔买入看跌期权交易，成交量为1200张，未平仓数为5312张，V/OI值为0.2，交易金额为366000USD，合约行权价是195，到期日为2026/09/18
2026-06-08,US.AMZN,,PUT,180.0,2028-06-16,1350,2149200.0,BUY,06-09 03:29,6.9 03:29，出现一笔买入看跌期权交易，成交量为1350张，未平仓数为1999张，V/OI值为1.3，交易金额为2149200USD，合约行权价是180，到期日为2028/06/16
2026-06-08,US.AMZN,,CALL,280.0,2026-07-17,2000,301945.0,SELL,06-09 03:29,6.9 03:29，出现一笔卖出看涨期权交易，成交量为2000张，未平仓数为32937张，V/OI值为0.4，交易金额为301945USD，合约行权价是280，到期日为2026/07/17
2026-06-08,US.AMZN,,PUT,180.0,2028-06-16,1200,1944000.0,BUY,06-09 03:28,6.9 03:28，出现一笔买入看跌期权交易，成交量为1200张，未平仓数为1999张，V/OI值为0.6，交易金额为1944000USD，合约行权价是180，到期日为2028/06/16
2026-06-08,US.AMZN,,CALL,280.0,2026-07-17,1275,192525.0,BUY,06-09 03:27,6.9 03:27，出现一笔买入看涨期权交易，成交量为1275张，未平仓数为32937张，V/OI值为0.3，交易金额为192525USD，合约行权价是280，到期日为2026/07/17
2026-06-08,US.AMZN,,CALL,280.0,2026-07-17,2220,338437.0,SELL,06-09 03:27,6.9 03:27，出现一笔卖出看涨期权交易，成交量为2220张，未平仓数为32937张，V/OI值为0.2，交易金额为338437USD，合约行权价是280，到期日为2026/07/17
2026-06-08,US.AMZN,,CALL,300.0,2026-12-18,1000,1037000.0,SELL,06-09 03:13,6.9 03:13，出现一笔卖出看涨期权交易，成交量为1000张，未平仓数为13866张，V/OI值为0.1，交易金额为1037000USD，合约行权价是300，到期日为2026/12/18
2026-06-08,US.AMZN,,CALL,350.0,2026-12-18,1000,407000.0,SELL,06-09 03:13,6.9 03:13，出现一笔卖出看涨期权交易，成交量为1000张，未平仓数为4315张，V/OI值为0.5，交易金额为407000USD，合约行权价是350，到期日为2026/12/18
2026-06-08,US.AMZN,,CALL,280.0,2026-08-21,1200,648000.0,SELL,06-09 02:30,6.9 02:30，出现一笔卖出看涨期权交易，成交量为1200张，未平仓数为17245张，V/OI值为0.1，交易金额为648000USD，合约行权价是280，到期日为2026/08/21
2026-06-08,US.AMZN,,CALL,250.0,2026-06-12,1499,263824.0,SELL,06-09 02:03,6.9 02:03，出现一笔卖出看涨期权交易，成交量为1499张，未平仓数为2073张，V/OI值为2.8，交易金额为263824USD，合约行权价是250，到期日为2026/06/12
2026-06-08,US.APLD,,PUT,25.0,2027-01-15,2350,928250.0,SELL,06-09 00:40,6.9 00:40，出现一笔卖出看跌期权交易，成交量为2350张，未平仓数为8142张，V/OI值为0.3，交易金额为928250USD，合约行权价是25，到期日为2027/01/15
2026-06-08,US.AVGO,,CALL,395.0,2026-06-08,1812,616003.0,BUY,06-09 00:05,6.9 00:05，出现一笔买入看涨期权交易，成交量为1812张，未平仓数为645张，V/OI值为7.3，交易金额为616003USD，合约行权价是395，到期日为2026/06/08
2026-06-08,US.BABA,,CALL,125.0,2027-03-19,1500,2715000.0,SELL,06-09 00:30,6.9 00:30，出现一笔卖出看涨期权交易，成交量为1500张，未平仓数为198张，V/OI值为7.6，交易金额为2715000USD，合约行权价是125，到期日为2027/03/19
2026-06-08,US.BMNR,,PUT,18.0,2026-07-17,1107,260145.0,SELL,06-09 03:04,6.9 03:04，出现一笔卖出看跌期权交易，成交量为1107张，未平仓数为2527张，V/OI值为0.5，交易金额为260145USD，合约行权价是18，到期日为2026/07/17
2026-06-08,US.CBRS,,PUT,240.0,2026-06-26,245,624750.0,BUY,06-09 00:37,6.9 00:37，出现一笔买入看跌期权交易，成交量为245张，未平仓数为27张，V/OI值为9.6，交易金额为624750USD，合约行权价是240，到期日为2026/06/26
2026-06-08,US.CRCL,,CALL,110.0,2027-06-17,240,552000.0,BUY,06-09 02:07,6.9 02:07，出现一笔买入看涨期权交易，成交量为240张，未平仓数为1037张，V/OI值为0.2，交易金额为552000USD，合约行权价是110，到期日为2027/06/17
2026-06-08,US.CRM,,PUT,170.0,2027-01-15,1250,2257500.0,SELL,06-09 03:42,6.9 03:42，出现一笔卖出看跌期权交易，成交量为1250张，未平仓数为4866张，V/OI值为0.3，交易金额为2257500USD，合约行权价是170，到期日为2027/01/15
2026-06-08,US.CRWV,,CALL,115.0,2026-07-17,1800,1260000.0,SELL,06-09 03:51,6.9 03:51，出现一笔卖出看涨期权交易，成交量为1800张，未平仓数为4209张，V/OI值为4.8，交易金额为1260000USD，合约行权价是115，到期日为2026/07/17
2026-06-08,US.CRWV,,CALL,115.0,2026-07-17,13500,9450000.0,SELL,06-09 03:51,6.9 03:51，出现一笔卖出看涨期权交易，成交量为13500张，未平仓数为4209张，V/OI值为4.4，交易金额为9450000USD，合约行权价是115，到期日为2026/07/17
2026-06-08,US.CRWV,,CALL,115.0,2026-07-17,2200,1540000.0,SELL,06-09 03:51,6.9 03:51，出现一笔卖出看涨期权交易，成交量为2200张，未平仓数为4209张，V/OI值为1.2，交易金额为1540000USD，合约行权价是115，到期日为2026/07/17
2026-06-08,US.CRWV,,CALL,200.0,2026-12-18,1500,1110118.0,SELL,06-09 03:22,6.9 03:22，出现一笔卖出看涨期权交易，成交量为1500张，未平仓数为3568张，V/OI值为0.4，交易金额为1110118USD，合约行权价是200，到期日为2026/12/18
2026-06-08,US.CRWV,,CALL,115.0,2026-07-17,1668,1242660.0,BUY,06-09 02:38,6.9 02:38，出现一笔买入看涨期权交易，成交量为1668张，未平仓数为4209张，V/OI值为0.5，交易金额为1242660USD，合约行权价是115，到期日为2026/07/17
2026-06-08,US.CRWV,,CALL,200.0,2028-01-21,1000,2500000.0,SELL,06-09 00:34,6.9 00:34，出现一笔卖出看涨期权交易，成交量为1000张，未平仓数为4267张，V/OI值为0.2，交易金额为2500000USD，合约行权价是200，到期日为2028/01/21
2026-06-08,US.CRWV,,CALL,130.0,2026-06-18,4150,253150.0,BUY,06-09 00:32,6.9 00:32，出现一笔买入看涨期权交易，成交量为4150张，未平仓数为53904张，V/OI值为0.1，交易金额为253150USD，合约行权价是130，到期日为2026/06/18
2026-06-08,US.DDOG,,CALL,165.0,2026-08-21,500,3600000.0,SELL,06-09 01:52,6.9 01:52，出现一笔卖出看涨期权交易，成交量为500张，未平仓数为510张，V/OI值为1，交易金额为3600000USD，合约行权价是165，到期日为2026/08/21
2026-06-08,US.DDOG,,CALL,227.5,2026-06-18,387,443010.0,BUY,06-09 00:24,6.9 00:24，出现一笔买入看涨期权交易，成交量为387张，未平仓数为34张，V/OI值为12.3，交易金额为443010USD，合约行权价是227.5，到期日为2026/06/18
2026-06-08,US.DUOL,,PUT,115.0,2026-08-21,207,306505.0,SELL,06-09 02:02,6.9 02:02，出现一笔卖出看跌期权交易，成交量为207张，未平仓数为259张，V/OI值为0.8，交易金额为306505USD，合约行权价是115，到期日为2026/08/21
2026-06-08,US.FCX,,CALL,80.0,2026-09-18,1066,335792.0,SELL,06-09 02:36,6.9 02:36，出现一笔卖出看涨期权交易，成交量为1066张，未平仓数为9547张，V/OI值为0.1，交易金额为335792USD，合约行权价是80，到期日为2026/09/18
2026-06-08,US.FCX,,PUT,55.0,2026-09-18,1200,390000.0,SELL,06-09 00:07,6.9 00:07，出现一笔卖出看跌期权交易，成交量为1200张，未平仓数为4056张，V/OI值为0.3，交易金额为390000USD，合约行权价是55，到期日为2026/09/18
2026-06-08,US.FCX,,CALL,75.0,2026-07-17,1039,162084.0,SELL,06-09 00:06,6.9 00:06，出现一笔卖出看涨期权交易，成交量为1039张，未平仓数为6723张，V/OI值为0.2，交易金额为162084USD，合约行权价是75，到期日为2026/07/17
2026-06-08,US.FUTU,,PUT,85.0,2026-07-17,400,200000.0,SELL,06-09 01:26,6.9 01:26，出现一笔卖出看跌期权交易，成交量为400张，未平仓数为1062张，V/OI值为0.5，交易金额为200000USD，合约行权价是85，到期日为2026/07/17
2026-06-08,US.GEV,,PUT,870.0,2026-06-26,262,440074.0,BUY,06-09 01:15,6.9 01:15，出现一笔买入看跌期权交易，成交量为262张，未平仓数为27张，V/OI值为10.2，交易金额为440074USD，合约行权价是870，到期日为2026/06/26
2026-06-08,US.GOOGL,,PUT,335.0,2026-06-18,1200,103200.0,SELL,06-09 03:03,6.9 03:03，出现一笔卖出看跌期权交易，成交量为1200张，未平仓数为3442张，V/OI值为0.4，交易金额为103200USD，合约行权价是335，到期日为2026/06/18
2026-06-08,US.GOOGL,,CALL,400.0,2026-06-18,2000,140000.0,SELL,06-09 02:29,6.9 02:29，出现一笔卖出看涨期权交易，成交量为2000张，未平仓数为20581张，V/OI值为0.2，交易金额为140000USD，合约行权价是400，到期日为2026/06/18
2026-06-08,US.GOOGL,,PUT,355.0,2026-06-10,1004,117480.0,SELL,06-09 02:10,6.9 02:10，出现一笔卖出看跌期权交易，成交量为1004张，未平仓数为261张，V/OI值为12.2，交易金额为117480USD，合约行权价是355，到期日为2026/06/10
2026-06-08,US.GOOGL,,PUT,355.0,2026-06-10,1012,138800.0,BUY,06-09 01:46,6.9 01:46，出现一笔买入看跌期权交易，成交量为1012张，未平仓数为261张，V/OI值为8.3，交易金额为138800USD，合约行权价是355，到期日为2026/06/10
2026-06-08,US.GOOGL,,PUT,370.0,2026-06-08,1391,781699.0,SELL,06-09 01:36,6.9 01:36，出现一笔卖出看跌期权交易，成交量为1391张，未平仓数为528张，V/OI值为4，交易金额为781699USD，合约行权价是370，到期日为2026/06/08
2026-06-08,US.GOOGL,,CALL,450.0,2026-08-21,20000,8300000.0,SELL,06-09 01:31,6.9 01:31，出现一笔卖出看涨期权交易，成交量为20000张，未平仓数为41255张，V/OI值为0.9，交易金额为8300000USD，合约行权价是450，到期日为2026/08/21
2026-06-08,US.GOOGL,,CALL,415.0,2026-08-21,20000,18400000.0,BUY,06-09 01:31,6.9 01:31，出现一笔买入看涨期权交易，成交量为20000张，未平仓数为817张，V/OI值为68.8，交易金额为18400000USD，合约行权价是415，到期日为2026/08/21
2026-06-08,US.GOOGL,,CALL,415.0,2026-08-21,1519,1389885.0,SELL,06-09 01:31,6.9 01:31，出现一笔卖出看涨期权交易，成交量为1519张，未平仓数为817张，V/OI值为43.9，交易金额为1389885USD，合约行权价是415，到期日为2026/08/21
2026-06-08,US.GOOGL,,CALL,415.0,2026-08-21,1106,1006460.0,SELL,06-09 01:30,6.9 01:30，出现一笔卖出看涨期权交易，成交量为1106张，未平仓数为817张，V/OI值为41.3，交易金额为1006460USD，合约行权价是415，到期日为2026/08/21
2026-06-08,US.GOOGL,,CALL,415.0,2026-08-21,1022,924910.0,SELL,06-09 01:30,6.9 01:30，出现一笔卖出看涨期权交易，成交量为1022张，未平仓数为817张，V/OI值为38.8，交易金额为924910USD，合约行权价是415，到期日为2026/08/21
2026-06-08,US.GOOGL,,CALL,415.0,2026-08-21,1330,1203650.0,SELL,06-09 01:30,6.9 01:30，出现一笔卖出看涨期权交易，成交量为1330张，未平仓数为817张，V/OI值为37.6，交易金额为1203650USD，合约行权价是415，到期日为2026/08/21
2026-06-08,US.GOOGL,,CALL,415.0,2026-08-21,1124,1017220.0,SELL,06-09 01:30,6.9 01:30，出现一笔卖出看涨期权交易，成交量为1124张，未平仓数为817张，V/OI值为36，交易金额为1017220USD，合约行权价是415，到期日为2026/08/21
2026-06-08,US.GOOGL,,CALL,415.0,2026-08-21,1087,978300.0,SELL,06-09 01:30,6.9 01:30，出现一笔卖出看涨期权交易，成交量为1087张，未平仓数为817张，V/OI值为34.6，交易金额为978300USD，合约行权价是415，到期日为2026/08/21
2026-06-08,US.GOOGL,,CALL,415.0,2026-08-21,1141,1004080.0,SELL,06-09 01:28,6.9 01:28，出现一笔卖出看涨期权交易，成交量为1141张，未平仓数为817张，V/OI值为27.9，交易金额为1004080USD，合约行权价是415，到期日为2026/08/21
2026-06-08,US.GOOGL,,PUT,362.5,2026-06-08,1366,205742.0,BUY,06-09 00:36,6.9 00:36，出现一笔买入看跌期权交易，成交量为1366张，未平仓数为474张，V/OI值为14.8，交易金额为205742USD，合约行权价是362.5，到期日为2026/06/08
2026-06-08,US.HOOD,,CALL,85.0,2026-06-12,1238,339212.0,SELL,06-09 01:56,6.9 01:56，出现一笔卖出看涨期权交易，成交量为1238张，未平仓数为5686张，V/OI值为1.4，交易金额为339212USD，合约行权价是85，到期日为2026/06/12
2026-06-08,US.HOOD,,CALL,90.0,2026-06-18,1000,210000.0,BUY,06-09 01:30,6.9 01:30，出现一笔买入看涨期权交易，成交量为1000张，未平仓数为18348张，V/OI值为0.6，交易金额为210000USD，合约行权价是90，到期日为2026/06/18
2026-06-08,US.HOOD,,CALL,90.0,2026-06-18,1000,208873.0,BUY,06-09 01:30,6.9 01:30，出现一笔买入看涨期权交易，成交量为1000张，未平仓数为18348张，V/OI值为0.5，交易金额为208873USD，合约行权价是90，到期日为2026/06/18
2026-06-08,US.HOOD,,CALL,90.0,2026-06-18,1000,208000.0,SELL,06-09 01:30,6.9 01:30，出现一笔卖出看涨期权交易，成交量为1000张，未平仓数为18348张，V/OI值为0.5，交易金额为208000USD，合约行权价是90，到期日为2026/06/18
2026-06-08,US.IBIT,,CALL,38.0,2026-07-31,1750,274750.0,SELL,06-09 03:58,6.9 03:58，出现一笔卖出看涨期权交易，成交量为1750张，未平仓数为561张，V/OI值为18.9，交易金额为274750USD，合约行权价是38，到期日为2026/07/31
2026-06-08,US.IBIT,,CALL,50.0,2026-08-31,10334,299686.0,SELL,06-09 03:26,6.9 03:26，出现一笔卖出看涨期权交易，成交量为10334张，未平仓数为1102张，V/OI值为9.4，交易金额为299686USD，合约行权价是50，到期日为2026/08/31
2026-06-08,US.IBIT,,CALL,40.0,2026-07-17,3334,236714.0,BUY,06-09 01:24,6.9 01:24，出现一笔买入看涨期权交易，成交量为3334张，未平仓数为7857张，V/OI值为0.8，交易金额为236714USD，合约行权价是40，到期日为2026/07/17
2026-06-08,US.IBIT,,CALL,42.0,2026-07-17,8486,330954.0,SELL,06-09 00:55,6.9 00:55，出现一笔卖出看涨期权交易，成交量为8486张，未平仓数为15413张，V/OI值为0.7，交易金额为330954USD，合约行权价是42，到期日为2026/07/17
2026-06-08,US.IBIT,,PUT,34.0,2026-06-12,5719,114380.0,SELL,06-09 00:05,6.9 00:05，出现一笔卖出看跌期权交易，成交量为5719张，未平仓数为6425张，V/OI值为2.3，交易金额为114380USD，合约行权价是34，到期日为2026/06/12
2026-06-08,US.IBM,,PUT,275.0,2026-07-17,1090,1378850.0,BUY,06-09 01:59,6.9 01:59，出现一笔买入看跌期权交易，成交量为1090张，未平仓数为4607张，V/OI值为0.5，交易金额为1378850USD，合约行权价是275，到期日为2026/07/17
2026-06-08,US.IGV,,PUT,90.0,2026-08-21,2000,740000.0,SELL,06-09 01:04,6.9 01:04，出现一笔卖出看跌期权交易，成交量为2000张，未平仓数为203708张，V/OI值为0，交易金额为740000USD，合约行权价是90，到期日为2026/08/21
2026-06-08,US.IGV,,CALL,100.0,2026-07-17,3000,930000.0,BUY,06-09 00:01,6.9 00:01，出现一笔买入看涨期权交易，成交量为3000张，未平仓数为19551张，V/OI值为0.2，交易金额为930000USD，合约行权价是100，到期日为2026/07/17
2026-06-08,US.INTC,,PUT,110.0,2026-06-12,1136,505520.0,BUY,06-09 03:59,6.9 03:59，出现一笔买入看跌期权交易，成交量为1136张，未平仓数为2765张，V/OI值为4.3，交易金额为505520USD，合约行权价是110，到期日为2026/06/12
2026-06-08,US.INTC,,CALL,130.0,2026-07-17,1296,758160.0,SELL,06-09 03:55,6.9 03:55，出现一笔卖出看涨期权交易，成交量为1296张，未平仓数为6320张，V/OI值为1.7，交易金额为758160USD，合约行权价是130，到期日为2026/07/17
2026-06-08,US.INTC,,CALL,120.0,2026-06-12,1418,222571.0,SELL,06-09 03:35,6.9 03:35，出现一笔卖出看涨期权交易，成交量为1418张，未平仓数为4485张，V/OI值为6.6，交易金额为222571USD，合约行权价是120，到期日为2026/06/12
2026-06-08,US.INTC,,CALL,120.0,2026-06-18,1500,576000.0,BUY,06-09 02:57,6.9 02:57，出现一笔买入看涨期权交易，成交量为1500张，未平仓数为17378张，V/OI值为1，交易金额为576000USD，合约行权价是120，到期日为2026/06/18
2026-06-08,US.INTC,,PUT,110.0,2026-06-18,1500,831000.0,BUY,06-09 02:57,6.9 02:57，出现一笔买入看跌期权交易，成交量为1500张，未平仓数为12457张，V/OI值为0.3，交易金额为831000USD，合约行权价是110，到期日为2026/06/18
2026-06-08,US.INTC,,CALL,125.0,2026-06-12,1000,124000.0,BUY,06-09 02:10,6.9 02:10，出现一笔买入看涨期权交易，成交量为1000张，未平仓数为4474张，V/OI值为3，交易金额为124000USD，合约行权价是125，到期日为2026/06/12
2026-06-08,US.INTC,,PUT,70.0,2027-06-17,1200,1242000.0,BUY,06-09 00:59,6.9 00:59，出现一笔买入看跌期权交易，成交量为1200张，未平仓数为0张，V/OI值为0，交易金额为1242000USD，合约行权价是70，到期日为2027/06/17
2026-06-08,US.INTC,,CALL,150.0,2026-07-17,5690,1849250.0,SELL,06-09 00:29,6.9 00:29，出现一笔卖出看涨期权交易，成交量为5690张，未平仓数为21828张，V/OI值为1，交易金额为1849250USD，合约行权价是150，到期日为2026/07/17
2026-06-08,US.INTC,,CALL,150.0,2026-07-17,1680,562800.0,SELL,06-09 00:10,6.9 00:10，出现一笔卖出看涨期权交易，成交量为1680张，未平仓数为21828张，V/OI值为0.7，交易金额为562800USD，合约行权价是150，到期日为2026/07/17
2026-06-08,US.INTC,,CALL,135.0,2026-07-17,3118,1680602.0,SELL,06-09 00:02,6.9 00:02，出现一笔卖出看涨期权交易，成交量为3118张，未平仓数为2641张，V/OI值为1.3，交易金额为1680602USD，合约行权价是135，到期日为2026/07/17
2026-06-08,US.INTC,,CALL,120.0,2026-06-18,3118,1181722.0,BUY,06-09 00:02,6.9 00:02，出现一笔买入看涨期权交易，成交量为3118张，未平仓数为17378张，V/OI值为0.7，交易金额为1181722USD，合约行权价是120，到期日为2026/06/18
2026-06-08,US.IREN,,PUT,50.0,2026-10-16,2427,2511821.0,BUY,06-09 01:15,6.9 01:15，出现一笔买入看跌期权交易，成交量为2427张，未平仓数为282张，V/OI值为9.2，交易金额为2511821USD，合约行权价是50，到期日为2026/10/16
2026-06-08,US.IWM,,CALL,299.0,2026-06-26,7151,743704.0,SELL,06-09 02:52,6.9 02:52，出现一笔卖出看涨期权交易，成交量为7151张，未平仓数为643张，V/OI值为11.1，交易金额为743704USD，合约行权价是299，到期日为2026/06/26
2026-06-08,US.MARA,,CALL,15.0,2026-08-21,1133,201674.0,SELL,06-09 02:56,6.9 02:56，出现一笔卖出看涨期权交易，成交量为1133张，未平仓数为2598张，V/OI值为0.6，交易金额为201674USD，合约行权价是15，到期日为2026/08/21
2026-06-08,US.MARA,,PUT,5.0,2028-01-21,3400,336600.0,SELL,06-09 01:52,6.9 01:52，出现一笔卖出看跌期权交易，成交量为3400张，未平仓数为4770张，V/OI值为0.7，交易金额为336600USD，合约行权价是5，到期日为2028/01/21
2026-06-08,US.META,,CALL,585.0,2026-06-08,1000,200000.0,BUY,06-09 03:20,6.9 03:20，出现一笔买入看涨期权交易，成交量为1000张，未平仓数为402张，V/OI值为60，交易金额为200000USD，合约行权价是585，到期日为2026/06/08
2026-06-08,US.META,,CALL,585.0,2026-06-08,1489,595600.0,BUY,06-09 02:26,6.9 02:26，出现一笔买入看涨期权交易，成交量为1489张，未平仓数为402张，V/OI值为56.1，交易金额为595600USD，合约行权价是585，到期日为2026/06/08
2026-06-08,US.META,,CALL,585.0,2026-06-08,1000,350000.0,BUY,06-09 01:20,6.9 01:20，出现一笔买入看涨期权交易，成交量为1000张，未平仓数为402张，V/OI值为37.9，交易金额为350000USD，合约行权价是585，到期日为2026/06/08
2026-06-08,US.META,,CALL,645.0,2026-06-12,1970,98500.0,SELL,06-09 01:16,6.9 01:16，出现一笔卖出看涨期权交易，成交量为1970张，未平仓数为2054张，V/OI值为1.1，交易金额为98500USD，合约行权价是645，到期日为2026/06/12
2026-06-08,US.META,,PUT,530.0,2026-06-18,1158,166752.0,SELL,06-09 00:39,6.9 00:39，出现一笔卖出看跌期权交易，成交量为1158张，未平仓数为7674张，V/OI值为0.2，交易金额为166752USD，合约行权价是530，到期日为2026/06/18
2026-06-08,US.MSFT,,CALL,485.0,2026-07-10,5000,560000.0,SELL,06-09 02:52,6.9 02:52，出现一笔卖出看涨期权交易，成交量为5000张，未平仓数为269张，V/OI值为18.7，交易金额为560000USD，合约行权价是485，到期日为2026/07/10
2026-06-08,US.MSFT,,CALL,475.0,2026-07-17,5000,985000.0,SELL,06-09 01:58,6.9 01:58，出现一笔卖出看涨期权交易，成交量为5000张，未平仓数为69186张，V/OI值为1，交易金额为985000USD，合约行权价是475，到期日为2026/07/17
2026-06-08,US.MSFT,,CALL,460.0,2026-08-21,5000,5635000.0,BUY,06-09 01:58,6.9 01:58，出现一笔买入看涨期权交易，成交量为5000张，未平仓数为6694张，V/OI值为9.8，交易金额为5635000USD，合约行权价是460，到期日为2026/08/21
2026-06-08,US.MSFT,,CALL,460.0,2026-08-21,1000,1092000.0,BUY,06-09 01:53,6.9 01:53，出现一笔买入看涨期权交易，成交量为1000张，未平仓数为6694张，V/OI值为8.1，交易金额为1092000USD，合约行权价是460，到期日为2026/08/21
2026-06-08,US.MSFT,,CALL,475.0,2026-07-17,1000,217000.0,SELL,06-09 01:53,6.9 01:53，出现一笔卖出看涨期权交易，成交量为1000张，未平仓数为69186张，V/OI值为0.8，交易金额为217000USD，合约行权价是475，到期日为2026/07/17
2026-06-08,US.MSFT,,CALL,475.0,2026-07-17,10000,1950000.0,SELL,06-09 01:49,6.9 01:49，出现一笔卖出看涨期权交易，成交量为10000张，未平仓数为69186张，V/OI值为0.8，交易金额为1950000USD，合约行权价是475，到期日为2026/07/17
2026-06-08,US.MSFT,,CALL,460.0,2026-08-21,10000,10900000.0,BUY,06-09 01:49,6.9 01:49，出现一笔买入看涨期权交易，成交量为10000张，未平仓数为6694张，V/OI值为7.7，交易金额为10900000USD，合约行权价是460，到期日为2026/08/21
2026-06-08,US.MSFT,,CALL,475.0,2026-07-17,1000,209000.0,BUY,06-09 01:48,6.9 01:48，出现一笔买入看涨期权交易，成交量为1000张，未平仓数为69186张，V/OI值为0.6，交易金额为209000USD，合约行权价是475，到期日为2026/07/17
2026-06-08,US.MSFT,,CALL,460.0,2026-08-21,1000,1069000.0,BUY,06-09 01:48,6.9 01:48，出现一笔买入看涨期权交易，成交量为1000张，未平仓数为6694张，V/OI值为6，交易金额为1069000USD，合约行权价是460，到期日为2026/08/21
2026-06-08,US.MSFT,,CALL,475.0,2026-07-17,1000,208000.0,BUY,06-09 01:47,6.9 01:47，出现一笔买入看涨期权交易，成交量为1000张，未平仓数为69186张，V/OI值为0.6，交易金额为208000USD，合约行权价是475，到期日为2026/07/17
2026-06-08,US.MSFT,,CALL,460.0,2026-08-21,1000,1065000.0,BUY,06-09 01:47,6.9 01:47，出现一笔买入看涨期权交易，成交量为1000张，未平仓数为6694张，V/OI值为5.9，交易金额为1065000USD，合约行权价是460，到期日为2026/08/21
2026-06-08,US.MSFT,,CALL,475.0,2026-07-17,10000,1800000.0,SELL,06-09 01:39,6.9 01:39，出现一笔卖出看涨期权交易，成交量为10000张，未平仓数为69186张，V/OI值为0.5，交易金额为1800000USD，合约行权价是475，到期日为2026/07/17
2026-06-08,US.MSFT,,CALL,460.0,2026-08-21,10000,10550000.0,BUY,06-09 01:39,6.9 01:39，出现一笔买入看涨期权交易，成交量为10000张，未平仓数为6694张，V/OI值为5.5，交易金额为10550000USD，合约行权价是460，到期日为2026/08/21
2026-06-08,US.MSFT,,CALL,460.0,2026-08-21,8332,8381992.0,BUY,06-09 01:28,6.9 01:28，出现一笔买入看涨期权交易，成交量为8332张，未平仓数为6694张，V/OI值为2.4，交易金额为8381992USD，合约行权价是460，到期日为2026/08/21
2026-06-08,US.MSFT,,CALL,475.0,2026-07-17,8332,1666400.0,SELL,06-09 01:28,6.9 01:28，出现一笔卖出看涨期权交易，成交量为8332张，未平仓数为69186张，V/OI值为0.2，交易金额为1666400USD，合约行权价是475，到期日为2026/07/17
2026-06-08,US.MSFT,,CALL,480.0,2026-07-17,1047,185319.0,SELL,06-09 01:20,6.9 01:20，出现一笔卖出看涨期权交易，成交量为1047张，未平仓数为10040张，V/OI值为0.1，交易金额为185319USD，合约行权价是480，到期日为2026/07/17
2026-06-08,US.MSFT,,PUT,407.5,2026-06-08,1864,98792.0,SELL,06-09 01:12,6.9 01:12，出现一笔卖出看跌期权交易，成交量为1864张，未平仓数为588张，V/OI值为25.9，交易金额为98792USD，合约行权价是407.5，到期日为2026/06/08
2026-06-08,US.MSTR,,PUT,220.0,2026-06-18,1525,14159625.0,SELL,06-09 03:47,6.9 03:47，出现一笔卖出看跌期权交易，成交量为1525张，未平仓数为1980张，V/OI值为0.8，交易金额为14159625USD，合约行权价是220，到期日为2026/06/18
2026-06-08,US.MSTR,,PUT,100.0,2026-06-18,2900,182700.0,SELL,06-09 03:32,6.9 03:32，出现一笔卖出看跌期权交易，成交量为2900张，未平仓数为25552张，V/OI值为0.4，交易金额为182700USD，合约行权价是100，到期日为2026/06/18
2026-06-08,US.MSTR,,PUT,100.0,2026-06-18,2900,185600.0,SELL,06-09 02:26,6.9 02:26，出现一笔卖出看跌期权交易，成交量为2900张，未平仓数为25552张，V/OI值为0.2，交易金额为185600USD，合约行权价是100，到期日为2026/06/18
2026-06-08,US.MSTR,,PUT,80.0,2026-09-18,1450,630755.0,SELL,06-09 00:30,6.9 00:30，出现一笔卖出看跌期权交易，成交量为1450张，未平仓数为3906张，V/OI值为0.4，交易金额为630755USD，合约行权价是80，到期日为2026/09/18
2026-06-08,US.NET,,CALL,220.0,2028-01-21,150,1455150.0,SELL,06-09 03:08,6.9 03:08，出现一笔卖出看涨期权交易，成交量为150张，未平仓数为876张，V/OI值为0.2，交易金额为1455150USD，合约行权价是220，到期日为2028/01/21
2026-06-08,US.NET,,CALL,210.0,2028-01-21,292,2964157.0,SELL,06-09 03:08,6.9 03:08，出现一笔卖出看涨期权交易，成交量为292张，未平仓数为1636张，V/OI值为0.2，交易金额为2964157USD，合约行权价是210，到期日为2028/01/21
2026-06-08,US.NET,,CALL,380.0,2027-01-15,200,385100.0,SELL,06-09 00:59,6.9 00:59，出现一笔卖出看涨期权交易，成交量为200张，未平仓数为1099张，V/OI值为0.2，交易金额为385100USD，合约行权价是380，到期日为2027/01/15
2026-06-08,US.NOK,,PUT,10.0,2027-01-15,2000,214000.0,SELL,06-09 03:47,6.9 03:47，出现一笔卖出看跌期权交易，成交量为2000张，未平仓数为13371张，V/OI值为0.2，交易金额为214000USD，合约行权价是10，到期日为2027/01/15
2026-06-08,US.NOK,,CALL,15.0,2026-06-12,3057,122280.0,BUY,06-09 03:32,6.9 03:32，出现一笔买入看涨期权交易，成交量为3057张，未平仓数为5830张，V/OI值为4.1，交易金额为122280USD，合约行权价是15，到期日为2026/06/12
2026-06-08,US.NOK,,CALL,25.0,2026-12-18,1998,299700.0,BUY,06-09 03:20,6.9 03:20，出现一笔买入看涨期权交易，成交量为1998张，未平仓数为59413张，V/OI值为0，交易金额为299700USD，合约行权价是25，到期日为2026/12/18
2026-06-08,US.NOK,,CALL,14.0,2026-09-18,2200,662102.0,SELL,06-09 00:36,6.9 00:36，出现一笔卖出看涨期权交易，成交量为2200张，未平仓数为18105张，V/OI值为0.1，交易金额为662102USD，合约行权价是14，到期日为2026/09/18
2026-06-08,US.NOW,,PUT,115.0,2027-06-17,1500,3975000.0,SELL,06-09 00:05,6.9 00:05，出现一笔卖出看跌期权交易，成交量为1500张，未平仓数为700张，V/OI值为2.2，交易金额为3975000USD，合约行权价是115，到期日为2027/06/17
2026-06-08,US.NOW,,PUT,100.0,2028-01-21,1500,3627000.0,BUY,06-09 00:05,6.9 00:05，出现一笔买入看跌期权交易，成交量为1500张，未平仓数为4784张，V/OI值为0.3，交易金额为3627000USD，合约行权价是100，到期日为2028/01/21
2026-06-08,US.NVDA,,CALL,220.0,2026-09-18,4000,6268000.0,BUY,06-09 02:45,6.9 02:45，出现一笔买入看涨期权交易，成交量为4000张，未平仓数为28469张，V/OI值为0.2，交易金额为6268000USD，合约行权价是220，到期日为2026/09/18
2026-06-08,US.NVDA,,CALL,260.0,2028-01-21,4000,14556000.0,SELL,06-09 02:45,6.9 02:45，出现一笔卖出看涨期权交易，成交量为4000张，未平仓数为4264张，V/OI值为0.9，交易金额为14556000USD，合约行权价是260，到期日为2028/01/21
2026-06-08,US.NVDA,,CALL,210.0,2026-06-08,4650,125550.0,BUY,06-09 01:53,6.9 01:53，出现一笔买入看涨期权交易，成交量为4650张，未平仓数为19081张，V/OI值为21.4，交易金额为125550USD，合约行权价是210，到期日为2026/06/08
2026-06-08,US.NVDA,,CALL,210.0,2026-06-08,3593,96728.0,BUY,06-09 01:31,6.9 01:31，出现一笔买入看涨期权交易，成交量为3593张，未平仓数为19081张，V/OI值为19.9，交易金额为96728USD，合约行权价是210，到期日为2026/06/08
2026-06-08,US.NVDA,,CALL,180.0,2026-07-24,5250,16973250.0,SELL,06-09 00:37,6.9 00:37，出现一笔卖出看涨期权交易，成交量为5250张，未平仓数为5张，V/OI值为1053，交易金额为16973250USD，合约行权价是180，到期日为2026/07/24
2026-06-08,US.NVDA,,PUT,180.0,2026-07-24,5250,1391250.0,BUY,06-09 00:37,6.9 00:37，出现一笔买入看跌期权交易，成交量为5250张，未平仓数为296张，V/OI值为18.6，交易金额为1391250USD，合约行权价是180，到期日为2026/07/24
2026-06-08,US.NVDA,,CALL,190.0,2026-09-18,3500,11042500.0,SELL,06-09 00:19,6.9 00:19，出现一笔卖出看涨期权交易，成交量为3500张，未平仓数为99361张，V/OI值为0，交易金额为11042500USD，合约行权价是190，到期日为2026/09/18
2026-06-08,US.OKLO,,CALL,70.0,2026-07-17,660,280490.0,BUY,06-09 00:36,6.9 00:36，出现一笔买入看涨期权交易，成交量为660张，未平仓数为4222张，V/OI值为0.3，交易金额为280490USD，合约行权价是70，到期日为2026/07/17
2026-06-08,US.PDD,,PUT,115.0,2026-06-18,1230,3991350.0,BUY,06-09 03:22,6.9 03:22，出现一笔买入看跌期权交易，成交量为1230张，未平仓数为3914张，V/OI值为0.3，交易金额为3991350USD，合约行权价是115，到期日为2026/06/18
2026-06-08,US.PDD,,CALL,85.0,2026-08-21,597,307455.0,BUY,06-09 02:15,6.9 02:15，出现一笔买入看涨期权交易，成交量为597张，未平仓数为1946张，V/OI值为1.8，交易金额为307455USD，合约行权价是85，到期日为2026/08/21
2026-06-08,US.PDD,,PUT,90.0,2026-12-18,300,405000.0,BUY,06-09 01:57,6.9 01:57，出现一笔买入看跌期权交易，成交量为300张，未平仓数为7112张，V/OI值为0.3，交易金额为405000USD，合约行权价是90，到期日为2026/12/18
2026-06-08,US.PDD,,PUT,90.0,2026-12-18,299,403650.0,SELL,06-09 01:55,6.9 01:55，出现一笔卖出看跌期权交易，成交量为299张，未平仓数为7112张，V/OI值为0.2，交易金额为403650USD，合约行权价是90，到期日为2026/12/18
2026-06-08,US.PDD,,PUT,90.0,2026-12-18,200,269000.0,SELL,06-09 01:44,6.9 01:44，出现一笔卖出看跌期权交易，成交量为200张，未平仓数为7112张，V/OI值为0.1，交易金额为269000USD，合约行权价是90，到期日为2026/12/18
2026-06-08,US.PDD,,PUT,90.0,2026-12-18,300,403500.0,BUY,06-09 01:42,6.9 01:42，出现一笔买入看跌期权交易，成交量为300张，未平仓数为7112张，V/OI值为0.1，交易金额为403500USD，合约行权价是90，到期日为2026/12/18
2026-06-08,US.PDD,,CALL,85.0,2026-08-21,873,432112.0,BUY,06-09 01:23,6.9 01:23，出现一笔买入看涨期权交易，成交量为873张，未平仓数为1946张，V/OI值为1.4，交易金额为432112USD，合约行权价是85，到期日为2026/08/21
2026-06-08,US.PDD,,PUT,100.0,2026-12-18,392,809472.0,BUY,06-09 01:13,6.9 01:13，出现一笔买入看跌期权交易，成交量为392张，未平仓数为9000张，V/OI值为0.2，交易金额为809472USD，合约行权价是100，到期日为2026/12/18
2026-06-08,US.PDD,,PUT,100.0,2026-12-18,300,618000.0,BUY,06-09 01:09,6.9 01:09，出现一笔买入看跌期权交易，成交量为300张，未平仓数为9000张，V/OI值为0.1，交易金额为618000USD，合约行权价是100，到期日为2026/12/18
2026-06-08,US.PDD,,PUT,100.0,2026-12-18,500,1032500.0,SELL,06-09 01:03,6.9 01:03，出现一笔卖出看跌期权交易，成交量为500张，未平仓数为9000张，V/OI值为0.1，交易金额为1032500USD，合约行权价是100，到期日为2026/12/18
2026-06-08,US.PDD,,CALL,85.0,2026-08-21,412,208055.0,BUY,06-09 00:35,6.9 00:35，出现一笔买入看涨期权交易，成交量为412张，未平仓数为1946张，V/OI值为0.9，交易金额为208055USD，合约行权价是85，到期日为2026/08/21
2026-06-08,US.PDD,,PUT,95.0,2026-06-18,258,323790.0,SELL,06-09 00:12,6.9 00:12，出现一笔卖出看跌期权交易，成交量为258张，未平仓数为17826张，V/OI值为0，交易金额为323790USD，合约行权价是95，到期日为2026/06/18
2026-06-08,US.PLTR,,CALL,144.0,2026-06-12,1002,90180.0,BUY,06-09 02:49,6.9 02:49，出现一笔买入看涨期权交易，成交量为1002张，未平仓数为8398张，V/OI值为0.9，交易金额为90180USD，合约行权价是144，到期日为2026/06/12
2026-06-08,US.PLTR,,CALL,145.0,2026-06-18,1462,251464.0,BUY,06-09 02:05,6.9 02:05，出现一笔买入看涨期权交易，成交量为1462张，未平仓数为9509张，V/OI值为0.3，交易金额为251464USD，合约行权价是145，到期日为2026/06/18
2026-06-08,US.QCOM,,CALL,220.0,2026-06-18,1694,1763166.0,SELL,06-09 03:40,6.9 03:40，出现一笔卖出看涨期权交易，成交量为1694张，未平仓数为11318张，V/OI值为0.2，交易金额为1763166USD，合约行权价是220，到期日为2026/06/18
2026-06-08,US.QCOM,,PUT,175.0,2026-07-17,4911,2862584.0,SELL,06-09 01:24,6.9 01:24，出现一笔卖出看跌期权交易，成交量为4911张，未平仓数为2675张，V/OI值为1.9，交易金额为2862584USD，合约行权价是175，到期日为2026/07/17
2026-06-08,US.QQQ,,PUT,685.0,2026-06-18,3001,1195325.0,BUY,06-09 04:03,6.9 04:03，出现一笔买入看跌期权交易，成交量为3001张，未平仓数为30475张，V/OI值为0.2，交易金额为1195325USD，合约行权价是685，到期日为2026/06/18
2026-06-08,US.QQQ,,PUT,710.0,2026-06-12,7500,4432500.0,SELL,06-09 03:57,6.9 03:57，出现一笔卖出看跌期权交易，成交量为7500张，未平仓数为8839张，V/OI值为2，交易金额为4432500USD，合约行权价是710，到期日为2026/06/12
2026-06-08,US.QQQ,,PUT,713.0,2026-06-08,3030,90931.0,BUY,06-09 03:22,6.9 03:22，出现一笔买入看跌期权交易，成交量为3030张，未平仓数为1188张，V/OI值为93.9，交易金额为90931USD，合约行权价是713，到期日为2026/06/08
2026-06-08,US.QQQ,,PUT,660.0,2026-09-18,7000,11081000.0,SELL,06-09 02:59,6.9 02:59，出现一笔卖出看跌期权交易，成交量为7000张，未平仓数为24771张，V/OI值为0.4，交易金额为11081000USD，合约行权价是660，到期日为2026/09/18
2026-06-08,US.QQQ,,CALL,720.0,2026-06-08,7000,259000.0,SELL,06-09 02:41,6.9 02:41，出现一笔卖出看涨期权交易，成交量为7000张，未平仓数为14177张，V/OI值为31.1，交易金额为259000USD，合约行权价是720，到期日为2026/06/08
2026-06-08,US.QQQ,,PUT,650.0,2026-06-17,4042,335486.0,SELL,06-09 02:29,6.9 02:29，出现一笔卖出看跌期权交易，成交量为4042张，未平仓数为8600张，V/OI值为0.6，交易金额为335486USD，合约行权价是650，到期日为2026/06/17
2026-06-08,US.QQQ,,PUT,645.0,2026-12-18,3000,7086000.0,SELL,06-09 01:47,6.9 01:47，出现一笔卖出看跌期权交易，成交量为3000张，未平仓数为5007张，V/OI值为0.6，交易金额为7086000USD，合约行权价是645，到期日为2026/12/18
2026-06-08,US.QQQ,,PUT,735.0,2026-12-18,3000,16227000.0,BUY,06-09 01:47,6.9 01:47，出现一笔买入看跌期权交易，成交量为3000张，未平仓数为526张，V/OI值为5.7，交易金额为16227000USD，合约行权价是735，到期日为2026/12/18
2026-06-08,US.QQQ,,PUT,725.0,2027-06-17,5000,32460000.0,BUY,06-09 00:12,6.9 00:12，出现一笔买入看跌期权交易，成交量为5000张，未平仓数为362张，V/OI值为14，交易金额为32460000USD，合约行权价是725，到期日为2027/06/17
2026-06-08,US.QQQ,,CALL,800.0,2027-06-17,5000,25590000.0,BUY,06-09 00:12,6.9 00:12，出现一笔买入看涨期权交易，成交量为5000张，未平仓数为5271张，V/OI值为1，交易金额为25590000USD，合约行权价是800，到期日为2027/06/17
2026-06-08,US.SCO,,PUT,24.0,2026-06-26,2000,240000.0,SELL,06-09 01:40,6.9 01:40，出现一笔卖出看跌期权交易，成交量为2000张，未平仓数为5张，V/OI值为426.2，交易金额为240000USD，合约行权价是24，到期日为2026/06/26
2026-06-08,US.SMCI,,PUT,44.0,2026-08-21,1000,660000.0,SELL,06-09 03:05,6.9 03:05，出现一笔卖出看跌期权交易，成交量为1000张，未平仓数为253张，V/OI值为4，交易金额为660000USD，合约行权价是44，到期日为2026/08/21
2026-06-08,US.SMCI,,CALL,75.0,2026-09-18,1000,221000.0,BUY,06-09 02:34,6.9 02:34，出现一笔买入看涨期权交易，成交量为1000张，未平仓数为2398张，V/OI值为1.1，交易金额为221000USD，合约行权价是75，到期日为2026/09/18
2026-06-08,US.SMCI,,CALL,75.0,2026-09-18,1500,333000.0,BUY,06-09 02:34,6.9 02:34，出现一笔买入看涨期权交易，成交量为1500张，未平仓数为2398张，V/OI值为0.6，交易金额为333000USD，合约行权价是75，到期日为2026/09/18
2026-06-08,US.SMCI,,CALL,55.0,2026-07-17,1000,178000.0,BUY,06-09 01:45,6.9 01:45，出现一笔买入看涨期权交易，成交量为1000张，未平仓数为5300张，V/OI值为0.3，交易金额为178000USD，合约行权价是55，到期日为2026/07/17
2026-06-08,US.SMCI,,PUT,30.0,2027-01-15,1000,425000.0,BUY,06-09 01:06,6.9 01:06，出现一笔买入看跌期权交易，成交量为1000张，未平仓数为12211张，V/OI值为0.2，交易金额为425000USD，合约行权价是30，到期日为2027/01/15
2026-06-08,US.SOUN,,CALL,12.0,2026-07-17,9413,103511.0,BUY,06-09 01:57,6.9 01:57，出现一笔买入看涨期权交易，成交量为9413张，未平仓数为14684张，V/OI值为0.7，交易金额为103511USD，合约行权价是12，到期日为2026/07/17
2026-06-08,US.SOXL,,PUT,185.0,2026-07-17,1000,3110000.0,BUY,06-09 03:10,6.9 03:10，出现一笔买入看跌期权交易，成交量为1000张，未平仓数为299张，V/OI值为3.4，交易金额为3110000USD，合约行权价是185，到期日为2026/07/17
2026-06-08,US.SOXS,,PUT,4.0,2026-07-17,7000,336000.0,SELL,06-09 02:20,6.9 02:20，出现一笔卖出看跌期权交易，成交量为7000张，未平仓数为4710张，V/OI值为1.5，交易金额为336000USD，合约行权价是4，到期日为2026/07/17
2026-06-08,US.SOXS,,CALL,5.5,2026-06-12,3439,161631.0,BUY,06-09 02:02,6.9 02:02，出现一笔买入看涨期权交易，成交量为3439张，未平仓数为3653张，V/OI值为4.6，交易金额为161631USD，合约行权价是5.5，到期日为2026/06/12
2026-06-08,US.SPY,,PUT,717.0,2026-06-12,3000,295416.0,SELL,06-09 04:14,6.9 04:14，出现一笔卖出看跌期权交易，成交量为3000张，未平仓数为704张，V/OI值为35.2，交易金额为295416USD，合约行权价是717，到期日为2026/06/12
2026-06-08,US.SPY,,PUT,719.0,2026-06-10,5363,203794.0,SELL,06-09 04:14,6.9 04:14，出现一笔卖出看跌期权交易，成交量为5363张，未平仓数为18817张，V/OI值为1，交易金额为203794USD，合约行权价是719，到期日为2026/06/10
2026-06-08,US.SPY,,PUT,717.0,2026-06-12,5363,530937.0,BUY,06-09 04:14,6.9 04:14，出现一笔买入看跌期权交易，成交量为5363张，未平仓数为704张，V/OI值为30.8，交易金额为530937USD，合约行权价是717，到期日为2026/06/12
2026-06-08,US.SPY,,PUT,717.0,2026-06-12,7734,738040.0,BUY,06-09 04:13,6.9 04:13，出现一笔买入看跌期权交易，成交量为7734张，未平仓数为704张，V/OI值为12.6，交易金额为738040USD，合约行权价是717，到期日为2026/06/12
2026-06-08,US.SPY,,PUT,718.0,2026-06-18,17650,4889050.0,SELL,06-09 04:11,6.9 04:11，出现一笔卖出看跌期权交易，成交量为17650张，未平仓数为18759张，V/OI值为2，交易金额为4889050USD，合约行权价是718，到期日为2026/06/18
2026-06-08,US.SPY,,PUT,706.0,2026-07-17,7500,4380000.0,SELL,06-09 04:05,6.9 04:05，出现一笔卖出看跌期权交易，成交量为7500张，未平仓数为705张，V/OI值为26.2，交易金额为4380000USD，合约行权价是706，到期日为2026/07/17
2026-06-08,US.SPY,,PUT,736.0,2026-06-08,5847,87705.0,SELL,06-09 03:27,6.9 03:27，出现一笔卖出看跌期权交易，成交量为5847张，未平仓数为9341张，V/OI值为15.2，交易金额为87705USD，合约行权价是736，到期日为2026/06/08
2026-06-08,US.SPY,,CALL,555.0,2027-03-19,3077,63386200.0,SELL,06-09 03:20,6.9 03:20，出现一笔卖出看涨期权交易，成交量为3077张，未平仓数为47张，V/OI值为65.5，交易金额为63386200USD，合约行权价是555，到期日为2027/03/19
2026-06-08,US.SPY,,CALL,570.0,2026-06-18,3077,52309000.0,SELL,06-09 03:20,6.9 03:20，出现一笔卖出看涨期权交易，成交量为3077张，未平仓数为5090张，V/OI值为0.6，交易金额为52309000USD，合约行权价是570，到期日为2026/06/18
2026-06-08,US.SPY,,PUT,741.0,2026-06-08,5599,363733.0,BUY,06-09 02:21,6.9 02:21，出现一笔买入看跌期权交易，成交量为5599张，未平仓数为2962张，V/OI值为177.2，交易金额为363733USD，合约行权价是741，到期日为2026/06/08
2026-06-08,US.SPY,,PUT,704.0,2026-06-17,4200,424200.0,SELL,06-09 01:16,6.9 01:16，出现一笔卖出看跌期权交易，成交量为4200张，未平仓数为20张，V/OI值为234.3，交易金额为424200USD，合约行权价是704，到期日为2026/06/17
2026-06-08,US.SPY,,CALL,744.0,2026-06-08,5654,418437.0,SELL,06-09 00:10,6.9 00:10，出现一笔卖出看涨期权交易，成交量为5654张，未平仓数为3936张，V/OI值为82.9，交易金额为418437USD，合约行权价是744，到期日为2026/06/08
2026-06-08,US.TEAM,,PUT,80.0,2026-08-21,440,268380.0,BUY,06-09 00:46,6.9 00:46，出现一笔买入看跌期权交易，成交量为440张，未平仓数为22张，V/OI值为20，交易金额为268380USD，合约行权价是80，到期日为2026/08/21
2026-06-08,US.TSLA,,CALL,450.0,2026-06-12,1931,179583.0,SELL,06-09 03:44,6.9 03:44，出现一笔卖出看涨期权交易，成交量为1931张，未平仓数为12412张，V/OI值为1.8，交易金额为179583USD，合约行权价是450，到期日为2026/06/12
2026-06-08,US.TSLA,,PUT,330.0,2026-06-12,7952,147050.0,BUY,06-09 03:11,6.9 03:11，出现一笔买入看跌期权交易，成交量为7952张，未平仓数为1430张，V/OI值为5.9，交易金额为147050USD，合约行权价是330，到期日为2026/06/12
2026-06-08,US.TSLA,,CALL,420.0,2026-06-10,1600,480002.0,SELL,06-09 01:26,6.9 01:26，出现一笔卖出看涨期权交易，成交量为1600张，未平仓数为1866张，V/OI值为7.3，交易金额为480002USD，合约行权价是420，到期日为2026/06/10
2026-06-08,US.TSLA,,PUT,360.0,2026-06-12,1677,105651.0,SELL,06-09 00:54,6.9 00:54，出现一笔卖出看跌期权交易，成交量为1677张，未平仓数为1699张，V/OI值为1.6，交易金额为105651USD，合约行权价是360，到期日为2026/06/12
2026-06-08,US.TWLO,,CALL,210.0,2026-06-18,216,261360.0,SELL,06-09 03:46,6.9 03:46，出现一笔卖出看涨期权交易，成交量为216张，未平仓数为482张，V/OI值为0.5，交易金额为261360USD，合约行权价是210，到期日为2026/06/18
2026-06-08,US.TWLO,,CALL,300.0,2026-08-21,214,154092.0,SELL,06-09 03:05,6.9 03:05，出现一笔卖出看涨期权交易，成交量为214张，未平仓数为15张，V/OI值为38.3，交易金额为154092USD，合约行权价是300，到期日为2026/08/21
2026-06-08,US.UVXY,,PUT,5.0,2026-06-12,5959,613777.0,SELL,06-09 03:53,6.9 03:53，出现一笔卖出看跌期权交易，成交量为5959张，未平仓数为9969张，V/OI值为0.8，交易金额为613777USD，合约行权价是5，到期日为2026/06/12
2026-06-08,US.UVXY,,PUT,4.5,2026-06-12,2075,118275.0,BUY,06-09 03:45,6.9 03:45，出现一笔买入看跌期权交易，成交量为2075张，未平仓数为3270张，V/OI值为0.7，交易金额为118275USD，合约行权价是4.5，到期日为2026/06/12
2026-06-08,US.VST,,CALL,145.0,2026-07-17,332,375140.0,BUY,06-09 00:41,6.9 00:41，出现一笔买入看涨期权交易，成交量为332张，未平仓数为405张，V/OI值为0.9，交易金额为375140USD，合约行权价是145，到期日为2026/07/17
2026-06-08,US.WDAY,,PUT,145.0,2026-09-18,155,282102.0,SELL,06-09 03:31,6.9 03:31，出现一笔卖出看跌期权交易，成交量为155张，未平仓数为433张，V/OI值为0.4，交易金额为282102USD，合约行权价是145，到期日为2026/09/18
2026-06-08,US.XOM,,CALL,130.0,2026-07-17,200,448800.0,BUY,06-09 01:48,6.9 01:48，出现一笔买入看涨期权交易，成交量为200张，未平仓数为3522张，V/OI值为0.1，交易金额为448800USD，合约行权价是130，到期日为2026/07/17
2026-06-08,US.XOM,,CALL,130.0,2026-08-21,200,473800.0,SELL,06-09 01:48,6.9 01:48，出现一笔卖出看涨期权交易，成交量为200张，未平仓数为123张，V/OI值为1.7，交易金额为473800USD，合约行权价是130，到期日为2026/08/21
2026-06-08,US.XOM,,CALL,150.0,2027-01-15,1750,2765000.0,SELL,06-09 01:26,6.9 01:26，出现一笔卖出看涨期权交易，成交量为1750张，未平仓数为6809张，V/OI值为0.3，交易金额为2765000USD，合约行权价是150，到期日为2027/01/15
2026-06-09,US.AAPL,,PUT,285.0,2026-06-12,1950,249600.0,BUY,06-10 03:54,6.10 03:54，出现一笔买入看跌期权交易，成交量为1950张，未平仓数为2728张，V/OI值为3.9，交易金额为249600USD，合约行权价是285，到期日为2026/06/12
2026-06-09,US.AAPL,,CALL,320.0,2026-07-17,1800,216000.0,BUY,06-10 03:47,6.10 03:47，出现一笔买入看涨期权交易，成交量为1800张，未平仓数为38276张，V/OI值为0.5，交易金额为216000USD，合约行权价是320，到期日为2026/07/17
2026-06-09,US.AAPL,,CALL,295.0,2026-06-12,1500,285000.0,BUY,06-10 03:00,6.10 03:00，出现一笔买入看涨期权交易，成交量为1500张，未平仓数为4209张，V/OI值为6.6，交易金额为285000USD，合约行权价是295，到期日为2026/06/12
2026-06-09,US.AAPL,,CALL,297.5,2026-06-12,1500,183000.0,BUY,06-10 03:00,6.10 03:00，出现一笔买入看涨期权交易，成交量为1500张，未平仓数为272张，V/OI值为52.7，交易金额为183000USD，合约行权价是297.5，到期日为2026/06/12
2026-06-09,US.AAPL,,CALL,292.5,2026-06-10,1115,148295.0,SELL,06-10 03:00,6.10 03:00，出现一笔卖出看涨期权交易，成交量为1115张，未平仓数为40张，V/OI值为920.1，交易金额为148295USD，合约行权价是292.5，到期日为2026/06/10
2026-06-09,US.AAPL,,PUT,255.0,2026-07-17,1285,131070.0,SELL,06-10 02:59,6.10 02:59，出现一笔卖出看跌期权交易，成交量为1285张，未平仓数为13656张，V/OI值为0.2，交易金额为131070USD，合约行权价是255，到期日为2026/07/17
2026-06-09,US.AAPL,,CALL,292.5,2026-06-10,1219,147499.0,SELL,06-10 02:43,6.10 02:43，出现一笔卖出看涨期权交易，成交量为1219张，未平仓数为40张，V/OI值为837.2，交易金额为147499USD，合约行权价是292.5，到期日为2026/06/10
2026-06-09,US.AAPL,,CALL,295.0,2026-06-12,1610,251160.0,SELL,06-10 01:53,6.10 01:53，出现一笔卖出看涨期权交易，成交量为1610张，未平仓数为4209张，V/OI值为6，交易金额为251160USD，合约行权价是295，到期日为2026/06/12
2026-06-09,US.AAPL,,PUT,287.5,2026-06-10,1567,169236.0,SELL,06-10 01:49,6.10 01:49，出现一笔卖出看跌期权交易，成交量为1567张，未平仓数为224张，V/OI值为194.7，交易金额为169236USD，合约行权价是287.5，到期日为2026/06/10
2026-06-09,US.AAPL,,CALL,292.5,2026-06-12,2000,508000.0,BUY,06-10 01:40,6.10 01:40，出现一笔买入看涨期权交易，成交量为2000张，未平仓数为366张，V/OI值为17.6，交易金额为508000USD，合约行权价是292.5，到期日为2026/06/12
2026-06-09,US.AAPL,,CALL,292.5,2026-06-15,2000,644000.0,BUY,06-10 01:40,6.10 01:40，出现一笔买入看涨期权交易，成交量为2000张，未平仓数为17张，V/OI值为206.1，交易金额为644000USD，合约行权价是292.5，到期日为2026/06/15
2026-06-09,US.AAPL,,PUT,290.0,2026-08-21,1410,1913370.0,SELL,06-10 00:59,6.10 00:59，出现一笔卖出看跌期权交易，成交量为1410张，未平仓数为7259张，V/OI值为0.3，交易金额为1913370USD，合约行权价是290，到期日为2026/08/21
2026-06-09,US.AAPL,,PUT,260.0,2026-07-17,2907,500004.0,SELL,06-10 00:37,6.10 00:37，出现一笔卖出看跌期权交易，成交量为2907张，未平仓数为10829张，V/OI值为0.4，交易金额为500004USD，合约行权价是260，到期日为2026/07/17
2026-06-09,US.AAPL,,CALL,300.0,2026-06-12,2450,154352.0,SELL,06-10 00:34,6.10 00:34，出现一笔卖出看涨期权交易，成交量为2450张，未平仓数为4854张，V/OI值为6.4，交易金额为154352USD，合约行权价是300，到期日为2026/06/12
2026-06-09,US.AAPL,,CALL,310.0,2026-07-10,1189,253257.0,SELL,06-10 00:26,6.10 00:26，出现一笔卖出看涨期权交易，成交量为1189张，未平仓数为1250张，V/OI值为1.4，交易金额为253257USD，合约行权价是310，到期日为2026/07/10
2026-06-09,US.AAPL,,CALL,320.0,2026-07-17,1144,148720.0,BUY,06-10 00:25,6.10 00:25，出现一笔买入看涨期权交易，成交量为1144张，未平仓数为38276张，V/OI值为0.4，交易金额为148720USD，合约行权价是320，到期日为2026/07/17
2026-06-09,US.AAPL,,CALL,320.0,2026-07-17,3927,510510.0,SELL,06-10 00:24,6.10 00:24，出现一笔卖出看涨期权交易，成交量为3927张，未平仓数为38276张，V/OI值为0.3，交易金额为510510USD，合约行权价是320，到期日为2026/07/17
2026-06-09,US.AAPL,,CALL,320.0,2026-07-17,2117,279444.0,SELL,06-10 00:23,6.10 00:23，出现一笔卖出看涨期权交易，成交量为2117张，未平仓数为38276张，V/OI值为0.2，交易金额为279444USD，合约行权价是320，到期日为2026/07/17
2026-06-09,US.AAPL,,CALL,297.5,2026-06-17,3446,844282.0,SELL,06-10 00:14,6.10 00:14，出现一笔卖出看涨期权交易，成交量为3446张，未平仓数为8张，V/OI值为479.1，交易金额为844282USD，合约行权价是297.5，到期日为2026/06/17
2026-06-09,US.ADSK,,CALL,227.5,2026-06-26,247,143260.0,SELL,06-10 00:05,6.10 00:05，出现一笔卖出看涨期权交易，成交量为247张，未平仓数为0张，V/OI值为0，交易金额为143260USD，合约行权价是227.5，到期日为2026/06/26
2026-06-09,US.AMD,,PUT,450.0,2026-06-12,1040,842400.0,BUY,06-10 03:45,6.10 03:45，出现一笔买入看跌期权交易，成交量为1040张，未平仓数为5188张，V/OI值为1.4，交易金额为842400USD，合约行权价是450，到期日为2026/06/12
2026-06-09,US.AMD,,CALL,510.0,2026-06-12,1500,409500.0,SELL,06-10 03:30,6.10 03:30，出现一笔卖出看涨期权交易，成交量为1500张，未平仓数为7226张，V/OI值为0.6，交易金额为409500USD，合约行权价是510，到期日为2026/06/12
2026-06-09,US.AMD,,CALL,500.0,2026-06-12,1500,667534.0,SELL,06-10 03:02,6.10 03:02，出现一笔卖出看涨期权交易，成交量为1500张，未平仓数为9926张，V/OI值为1.5，交易金额为667534USD，合约行权价是500，到期日为2026/06/12
2026-06-09,US.AMD,,PUT,300.0,2027-01-15,1270,3098800.0,BUY,06-10 02:54,6.10 02:54，出现一笔买入看跌期权交易，成交量为1270张，未平仓数为5479张，V/OI值为0.3，交易金额为3098800USD，合约行权价是300，到期日为2027/01/15
2026-06-09,US.AMD,,PUT,400.0,2026-06-12,1011,353850.0,BUY,06-10 00:31,6.10 00:31，出现一笔买入看跌期权交易，成交量为1011张，未平仓数为4402张，V/OI值为1.3，交易金额为353850USD，合约行权价是400，到期日为2026/06/12
2026-06-09,US.AMD,,PUT,250.0,2026-07-17,1852,148320.0,SELL,06-10 00:03,6.10 00:03，出现一笔卖出看跌期权交易，成交量为1852张，未平仓数为4769张，V/OI值为0.4，交易金额为148320USD，合约行权价是250，到期日为2026/07/17
2026-06-09,US.AMZN,,PUT,235.0,2026-07-17,1571,912483.0,SELL,06-10 03:30,6.10 03:30，出现一笔卖出看跌期权交易，成交量为1571张，未平仓数为8976张，V/OI值为0.4，交易金额为912483USD，合约行权价是235，到期日为2026/07/17
2026-06-09,US.AMZN,,CALL,270.0,2026-07-17,1000,289000.0,BUY,06-10 02:25,6.10 02:25，出现一笔买入看涨期权交易，成交量为1000张，未平仓数为20495张，V/OI值为1，交易金额为289000USD，合约行权价是270，到期日为2026/07/17
2026-06-09,US.AMZN,,CALL,270.0,2026-07-17,1000,289000.0,BUY,06-10 02:20,6.10 02:20，出现一笔买入看涨期权交易，成交量为1000张，未平仓数为20495张，V/OI值为0.9，交易金额为289000USD，合约行权价是270，到期日为2026/07/17
2026-06-09,US.AMZN,,CALL,270.0,2026-07-17,1000,280000.0,SELL,06-10 02:19,6.10 02:19，出现一笔卖出看涨期权交易，成交量为1000张，未平仓数为20495张，V/OI值为0.8，交易金额为280000USD，合约行权价是270，到期日为2026/07/17
2026-06-09,US.AMZN,,CALL,270.0,2026-07-17,1071,283815.0,BUY,06-10 01:42,6.10 01:42，出现一笔买入看涨期权交易，成交量为1071张，未平仓数为20495张，V/OI值为0.7，交易金额为283815USD，合约行权价是270，到期日为2026/07/17
2026-06-09,US.AMZN,,CALL,315.0,2026-08-21,2240,360640.0,BUY,06-10 01:24,6.10 01:24，出现一笔买入看涨期权交易，成交量为2240张，未平仓数为7714张，V/OI值为0.3，交易金额为360640USD，合约行权价是315，到期日为2026/08/21
2026-06-09,US.AMZN,,CALL,325.0,2026-09-18,3430,675710.0,BUY,06-10 01:24,6.10 01:24，出现一笔买入看涨期权交易，成交量为3430张，未平仓数为4022张，V/OI值为0.9，交易金额为675710USD，合约行权价是325，到期日为2026/09/18
2026-06-09,US.AMZN,,PUT,200.0,2027-03-19,1650,1857900.0,SELL,06-10 01:17,6.10 01:17，出现一笔卖出看跌期权交易，成交量为1650张，未平仓数为7644张，V/OI值为0.2，交易金额为1857900USD，合约行权价是200，到期日为2027/03/19
2026-06-09,US.AMZN,,PUT,240.0,2027-03-19,1100,2957900.0,BUY,06-10 01:17,6.10 01:17，出现一笔买入看跌期权交易，成交量为1100张，未平仓数为4957张，V/OI值为0.2，交易金额为2957900USD，合约行权价是240，到期日为2027/03/19
2026-06-09,US.AMZN,,CALL,260.0,2026-06-18,1990,151607.0,BUY,06-10 00:51,6.10 00:51，出现一笔买入看涨期权交易，成交量为1990张，未平仓数为16933张，V/OI值为0.3，交易金额为151607USD，合约行权价是260，到期日为2026/06/18
2026-06-09,US.AMZN,,CALL,275.0,2026-06-18,8915,124806.0,BUY,06-10 00:27,6.10 00:27，出现一笔买入看涨期权交易，成交量为8915张，未平仓数为25744张，V/OI值为0.4，交易金额为124806USD，合约行权价是275，到期日为2026/06/18
2026-06-09,US.AMZN,,PUT,240.0,2027-06-17,1000,2995000.0,SELL,06-10 00:15,6.10 00:15，出现一笔卖出看跌期权交易，成交量为1000张，未平仓数为1152张，V/OI值为0.9，交易金额为2995000USD，合约行权价是240，到期日为2027/06/17
2026-06-09,US.AMZN,,PUT,170.0,2027-06-17,2000,1320000.0,BUY,06-10 00:15,6.10 00:15，出现一笔买入看跌期权交易，成交量为2000张，未平仓数为4064张，V/OI值为0.5，交易金额为1320000USD，合约行权价是170，到期日为2027/06/17
2026-06-09,US.AMZN,,CALL,247.5,2026-06-17,1291,439012.0,SELL,06-10 00:13,6.10 00:13，出现一笔卖出看涨期权交易，成交量为1291张，未平仓数为77张，V/OI值为17.8，交易金额为439012USD，合约行权价是247.5，到期日为2026/06/17
2026-06-09,US.APLD,,CALL,55.0,2026-09-18,2000,1080000.0,SELL,06-10 03:36,6.10 03:36，出现一笔卖出看涨期权交易，成交量为2000张，未平仓数为3756张，V/OI值为0.6，交易金额为1080000USD，合约行权价是55，到期日为2026/09/18
2026-06-09,US.ASML,,PUT,1160.0,2026-07-17,413,218890.0,SELL,06-10 03:35,6.10 03:35，出现一笔卖出看跌期权交易，成交量为413张，未平仓数为481张，V/OI值为0.9，交易金额为218890USD，合约行权价是1160，到期日为2026/07/17
2026-06-09,US.ASML,,CALL,2000.0,2026-10-16,175,2689925.0,SELL,06-10 02:59,6.10 02:59，出现一笔卖出看涨期权交易，成交量为175张，未平仓数为33张，V/OI值为5.3，交易金额为2689925USD，合约行权价是2000，到期日为2026/10/16
2026-06-09,US.AVGO,,PUT,280.0,2026-09-18,2000,1112000.0,BUY,06-10 03:12,6.10 03:12，出现一笔买入看跌期权交易，成交量为2000张，未平仓数为5320张，V/OI值为0.4，交易金额为1112000USD，合约行权价是280，到期日为2026/09/18
2026-06-09,US.AVGO,,PUT,342.5,2026-06-12,2000,98000.0,SELL,06-10 03:12,6.10 03:12，出现一笔卖出看跌期权交易，成交量为2000张，未平仓数为63张，V/OI值为32.6，交易金额为98000USD，合约行权价是342.5，到期日为2026/06/12
2026-06-09,US.AVGO,,CALL,410.0,2027-12-17,1529,15531600.0,SELL,06-10 03:04,6.10 03:04，出现一笔卖出看涨期权交易，成交量为1529张，未平仓数为564张，V/OI值为2.7，交易金额为15531600USD，合约行权价是410，到期日为2027/12/17
2026-06-09,US.AVGO,,CALL,400.0,2027-09-17,1449,13571105.0,BUY,06-10 02:46,6.10 02:46，出现一笔买入看涨期权交易，成交量为1449张，未平仓数为2722张，V/OI值为0.9，交易金额为13571105USD，合约行权价是400，到期日为2027/09/17
2026-06-09,US.AVGO,,CALL,540.0,2026-08-21,1386,505894.0,BUY,06-10 01:25,6.10 01:25，出现一笔买入看涨期权交易，成交量为1386张，未平仓数为2523张，V/OI值为0.6，交易金额为505894USD，合约行权价是540，到期日为2026/08/21
2026-06-09,US.BABA,,PUT,105.0,2026-09-18,1000,433000.0,SELL,06-10 01:10,6.10 01:10，出现一笔卖出看跌期权交易，成交量为1000张，未平仓数为4195张，V/OI值为0.4，交易金额为433000USD，合约行权价是105，到期日为2026/09/18
2026-06-09,US.BMNR,,CALL,95.0,2028-01-21,1850,240500.0,SELL,06-10 01:09,6.10 01:09，出现一笔卖出看涨期权交易，成交量为1850张，未平仓数为30062张，V/OI值为0.1，交易金额为240500USD，合约行权价是95，到期日为2028/01/21
2026-06-09,US.CBRS,,CALL,240.0,2026-07-17,300,825000.0,BUY,06-10 01:30,6.10 01:30，出现一笔买入看涨期权交易，成交量为300张，未平仓数为94张，V/OI值为7.2，交易金额为825000USD，合约行权价是240，到期日为2026/07/17
2026-06-09,US.COHR,,CALL,470.0,2026-06-18,1260,264600.0,BUY,06-10 02:51,6.10 02:51，出现一笔买入看涨期权交易，成交量为1260张，未平仓数为2274张，V/OI值为0.6，交易金额为264600USD，合约行权价是470，到期日为2026/06/18
2026-06-09,US.COHR,,CALL,640.0,2026-09-18,476,809230.0,SELL,06-10 02:26,6.10 02:26，出现一笔卖出看涨期权交易，成交量为476张，未平仓数为1张，V/OI值为483，交易金额为809230USD，合约行权价是640，到期日为2026/09/18
2026-06-09,US.COHR,,PUT,240.0,2026-06-26,838,238830.0,BUY,06-10 00:34,6.10 00:34，出现一笔买入看跌期权交易，成交量为838张，未平仓数为196张，V/OI值为5.8，交易金额为238830USD，合约行权价是240，到期日为2026/06/26
2026-06-09,US.COHR,,CALL,370.0,2026-06-18,200,280000.0,SELL,06-10 00:09,6.10 00:09，出现一笔卖出看涨期权交易，成交量为200张，未平仓数为109张，V/OI值为3.9，交易金额为280000USD，合约行权价是370，到期日为2026/06/18
2026-06-09,US.COIN,,CALL,220.0,2026-09-18,1283,904535.0,SELL,06-10 00:14,6.10 00:14，出现一笔卖出看涨期权交易，成交量为1283张，未平仓数为1199张，V/OI值为1.1，交易金额为904535USD，合约行权价是220，到期日为2026/09/18
2026-06-09,US.CRCL,,PUT,82.0,2026-06-18,428,209292.0,BUY,06-10 02:51,6.10 02:51，出现一笔买入看跌期权交易，成交量为428张，未平仓数为10张，V/OI值为44.6，交易金额为209292USD，合约行权价是82，到期日为2026/06/18
2026-06-09,US.CRCL,,PUT,65.0,2027-03-19,2000,2730000.0,SELL,06-10 01:38,6.10 01:38，出现一笔卖出看跌期权交易，成交量为2000张，未平仓数为416张，V/OI值为4.8，交易金额为2730000USD，合约行权价是65，到期日为2027/03/19
2026-06-09,US.CRCL,,PUT,45.0,2026-08-21,1299,151981.0,BUY,06-10 00:59,6.10 00:59，出现一笔买入看跌期权交易，成交量为1299张，未平仓数为105张，V/OI值为12.4，交易金额为151981USD，合约行权价是45，到期日为2026/08/21
2026-06-09,US.CRCL,,PUT,140.0,2026-07-17,569,3527800.0,BUY,06-10 00:46,6.10 00:46，出现一笔买入看跌期权交易，成交量为569张，未平仓数为2026张，V/OI值为0.5，交易金额为3527800USD，合约行权价是140，到期日为2026/07/17
2026-06-09,US.CRCL,,PUT,140.0,2026-07-17,431,2672200.0,SELL,06-10 00:46,6.10 00:46，出现一笔卖出看跌期权交易，成交量为431张，未平仓数为2026张，V/OI值为0.2，交易金额为2672200USD，合约行权价是140，到期日为2026/07/17
2026-06-09,US.CRCL,,PUT,125.0,2026-06-18,843,3905142.0,BUY,06-10 00:37,6.10 00:37，出现一笔买入看跌期权交易，成交量为843张，未平仓数为4046张，V/OI值为0.2，交易金额为3905142USD，合约行权价是125，到期日为2026/06/18
2026-06-09,US.CRM,,CALL,175.0,2026-09-18,1500,2670000.0,SELL,06-10 02:55,6.10 02:55，出现一笔卖出看涨期权交易，成交量为1500张，未平仓数为2265张，V/OI值为0.7，交易金额为2670000USD，合约行权价是175，到期日为2026/09/18
2026-06-09,US.CRM,,CALL,250.0,2026-09-18,1332,278388.0,SELL,06-10 02:26,6.10 02:26，出现一笔卖出看涨期权交易，成交量为1332张，未平仓数为3200张，V/OI值为0.6，交易金额为278388USD，合约行权价是250，到期日为2026/09/18
2026-06-09,US.CRM,,PUT,100.0,2028-01-21,1000,742000.0,BUY,06-10 00:17,6.10 00:17，出现一笔买入看跌期权交易，成交量为1000张，未平仓数为3100张，V/OI值为0.3，交易金额为742000USD，合约行权价是100，到期日为2028/01/21
2026-06-09,US.CRWV,,PUT,150.0,2028-12-15,1000,8000000.0,SELL,06-10 03:20,6.10 03:20，出现一笔卖出看跌期权交易，成交量为1000张，未平仓数为63张，V/OI值为27.8，交易金额为8000000USD，合约行权价是150，到期日为2028/12/15
2026-06-09,US.DDOG,,PUT,227.5,2026-06-12,317,202885.0,SELL,06-10 03:03,6.10 03:03，出现一笔卖出看跌期权交易，成交量为317张，未平仓数为1508张，V/OI值为0.3，交易金额为202885USD，合约行权价是227.5，到期日为2026/06/12
2026-06-09,US.DDOG,,CALL,255.0,2026-06-26,942,346656.0,BUY,06-10 00:30,6.10 00:30，出现一笔买入看涨期权交易，成交量为942张，未平仓数为76张，V/OI值为12.6，交易金额为346656USD，合约行权价是255，到期日为2026/06/26
2026-06-09,US.DDOG,,CALL,240.0,2026-06-26,942,629256.0,SELL,06-10 00:30,6.10 00:30，出现一笔卖出看涨期权交易，成交量为942张，未平仓数为142张，V/OI值为6.7，交易金额为629256USD，合约行权价是240，到期日为2026/06/26
2026-06-09,US.DDOG,,CALL,265.0,2026-06-18,1601,160100.0,SELL,06-10 00:30,6.10 00:30，出现一笔卖出看涨期权交易，成交量为1601张，未平仓数为283张，V/OI值为5.7，交易金额为160100USD，合约行权价是265，到期日为2026/06/18
2026-06-09,US.DUOL,,CALL,150.0,2026-07-17,403,78593.0,SELL,06-10 02:46,6.10 02:46，出现一笔卖出看涨期权交易，成交量为403张，未平仓数为456张，V/OI值为1，交易金额为78593USD，合约行权价是150，到期日为2026/07/17
2026-06-09,US.FCX,,CALL,70.0,2027-01-15,282,256620.0,BUY,06-10 03:58,6.10 03:58，出现一笔买入看涨期权交易，成交量为282张，未平仓数为15026张，V/OI值为0，交易金额为256620USD，合约行权价是70，到期日为2027/01/15
2026-06-09,US.FUTU,,PUT,70.0,2026-08-21,2000,464000.0,SELL,06-10 03:47,6.10 03:47，出现一笔卖出看跌期权交易，成交量为2000张，未平仓数为139张，V/OI值为14.4，交易金额为464000USD，合约行权价是70，到期日为2026/08/21
2026-06-09,US.FUTU,,PUT,97.0,2026-06-12,400,320000.0,SELL,06-10 00:00,6.10 00:00，出现一笔卖出看跌期权交易，成交量为400张，未平仓数为450张，V/OI值为0.9，交易金额为320000USD，合约行权价是97，到期日为2026/06/12
2026-06-09,US.GDS,,CALL,45.0,2026-09-18,477,126403.0,BUY,06-10 01:57,6.10 01:57，出现一笔买入看涨期权交易，成交量为477张，未平仓数为3066张，V/OI值为0.2，交易金额为126403USD，合约行权价是45，到期日为2026/09/18
2026-06-09,US.GDS,,CALL,38.0,2026-07-17,325,71355.0,BUY,06-10 00:02,6.10 00:02，出现一笔买入看涨期权交易，成交量为325张，未平仓数为86张，V/OI值为11.5，交易金额为71355USD，合约行权价是38，到期日为2026/07/17
2026-06-09,US.GEV,,CALL,1190.0,2026-09-18,320,896011.0,SELL,06-10 03:08,6.10 03:08，出现一笔卖出看涨期权交易，成交量为320张，未平仓数为170张，V/OI值为1.9，交易金额为896011USD，合约行权价是1190，到期日为2026/09/18
2026-06-09,US.GEV,,PUT,900.0,2026-06-18,190,592800.0,BUY,06-10 01:17,6.10 01:17，出现一笔买入看跌期权交易，成交量为190张，未平仓数为2853张，V/OI值为0.2，交易金额为592800USD，合约行权价是900，到期日为2026/06/18
2026-06-09,US.GEV,,PUT,800.0,2026-07-17,316,761510.0,BUY,06-10 00:18,6.10 00:18，出现一笔买入看跌期权交易，成交量为316张，未平仓数为718张，V/OI值为0.4，交易金额为761510USD，合约行权价是800，到期日为2026/07/17
2026-06-09,US.GEV,,CALL,1000.0,2026-07-17,279,647283.0,SELL,06-10 00:08,6.10 00:08，出现一笔卖出看涨期权交易，成交量为279张，未平仓数为235张，V/OI值为1.4，交易金额为647283USD，合约行权价是1000，到期日为2026/07/17
2026-06-09,US.GFS,,CALL,120.0,2027-01-15,300,203805.0,SELL,06-10 02:32,6.10 02:32，出现一笔卖出看涨期权交易，成交量为300张，未平仓数为1352张，V/OI值为0.2，交易金额为203805USD，合约行权价是120，到期日为2027/01/15
2026-06-09,US.GOOGL,,CALL,405.0,2027-12-17,2008,12509840.0,BUY,06-10 02:37,6.10 02:37，出现一笔买入看涨期权交易，成交量为2008张，未平仓数为203张，V/OI值为9.9，交易金额为12509840USD，合约行权价是405，到期日为2027/12/17
2026-06-09,US.GOOGL,,PUT,300.0,2027-01-15,1200,1584000.0,BUY,06-10 01:19,6.10 01:19，出现一笔买入看跌期权交易，成交量为1200张，未平仓数为10079张，V/OI值为0.1，交易金额为1584000USD，合约行权价是300，到期日为2027/01/15
2026-06-09,US.GOOGL,,CALL,375.0,2026-06-18,1580,417198.0,SELL,06-10 00:44,6.10 00:44，出现一笔卖出看涨期权交易，成交量为1580张，未平仓数为3653张，V/OI值为1，交易金额为417198USD，合约行权价是375，到期日为2026/06/18
2026-06-09,US.HOOD,,CALL,88.0,2026-06-12,1552,162598.0,BUY,06-10 03:57,6.10 03:57，出现一笔买入看涨期权交易，成交量为1552张，未平仓数为5294张，V/OI值为1.2，交易金额为162598USD，合约行权价是88，到期日为2026/06/12
2026-06-09,US.HOOD,,CALL,115.0,2026-09-18,1925,673798.0,SELL,06-10 00:30,6.10 00:30，出现一笔卖出看涨期权交易，成交量为1925张，未平仓数为1917张，V/OI值为1，交易金额为673798USD，合约行权价是115，到期日为2026/09/18
2026-06-09,US.HPE,,CALL,70.0,2028-01-21,1500,1507500.0,SELL,06-10 02:47,6.10 02:47，出现一笔卖出看涨期权交易，成交量为1500张，未平仓数为9张，V/OI值为198.6，交易金额为1507500USD，合约行权价是70，到期日为2028/01/21
2026-06-09,US.HPE,,CALL,37.5,2026-06-18,506,442750.0,SELL,06-10 00:59,6.10 00:59，出现一笔卖出看涨期权交易，成交量为506张，未平仓数为591张，V/OI值为0.9，交易金额为442750USD，合约行权价是37.5，到期日为2026/06/18
2026-06-09,US.HPE,,CALL,55.0,2027-01-15,450,327150.0,SELL,06-10 00:24,6.10 00:24，出现一笔卖出看涨期权交易，成交量为450张，未平仓数为2129张，V/OI值为0.3，交易金额为327150USD，合约行权价是55，到期日为2027/01/15
2026-06-09,US.IBIT,,PUT,33.0,2026-06-18,3500,143500.0,SELL,06-10 03:32,6.10 03:32，出现一笔卖出看跌期权交易，成交量为3500张，未平仓数为34235张，V/OI值为0.2，交易金额为143500USD，合约行权价是33，到期日为2026/06/18
2026-06-09,US.IBIT,,PUT,33.0,2026-07-17,3500,434000.0,BUY,06-10 03:32,6.10 03:32，出现一笔买入看跌期权交易，成交量为3500张，未平仓数为10182张，V/OI值为0.6，交易金额为434000USD，合约行权价是33，到期日为2026/07/17
2026-06-09,US.IBIT,,PUT,15.0,2028-01-21,2500,305000.0,BUY,06-10 03:16,6.10 03:16，出现一笔买入看跌期权交易，成交量为2500张，未平仓数为1882张，V/OI值为1.3，交易金额为305000USD，合约行权价是15，到期日为2028/01/21
2026-06-09,US.IBIT,,CALL,46.0,2026-09-18,2020,121200.0,SELL,06-10 02:48,6.10 02:48，出现一笔卖出看涨期权交易，成交量为2020张，未平仓数为7708张，V/OI值为0.3，交易金额为121200USD，合约行权价是46，到期日为2026/09/18
2026-06-09,US.IBIT,,CALL,35.0,2026-07-17,4300,937400.0,BUY,06-10 01:35,6.10 01:35，出现一笔买入看涨期权交易，成交量为4300张，未平仓数为5646张，V/OI值为1.8，交易金额为937400USD，合约行权价是35，到期日为2026/07/17
2026-06-09,US.IBIT,,CALL,60.0,2026-12-18,3600,198000.0,BUY,06-10 01:26,6.10 01:26，出现一笔买入看涨期权交易，成交量为3600张，未平仓数为7737张，V/OI值为0.5，交易金额为198000USD，合约行权价是60，到期日为2026/12/18
2026-06-09,US.IBIT,,PUT,36.0,2026-09-18,1800,693000.0,BUY,06-10 01:26,6.10 01:26，出现一笔买入看跌期权交易，成交量为1800张，未平仓数为6620张，V/OI值为0.3，交易金额为693000USD，合约行权价是36，到期日为2026/09/18
2026-06-09,US.IBIT,,PUT,24.0,2026-09-18,7080,375240.0,BUY,06-10 01:07,6.10 01:07，出现一笔买入看跌期权交易，成交量为7080张，未平仓数为135张，V/OI值为113.1，交易金额为375240USD，合约行权价是24，到期日为2026/09/18
2026-06-09,US.IBIT,,PUT,34.0,2026-06-18,5000,390000.0,BUY,06-10 01:04,6.10 01:04，出现一笔买入看跌期权交易，成交量为5000张，未平仓数为25129张，V/OI值为0.5，交易金额为390000USD，合约行权价是34，到期日为2026/06/18
2026-06-09,US.IBIT,,PUT,31.0,2026-06-18,5000,115000.0,SELL,06-10 01:04,6.10 01:04，出现一笔卖出看跌期权交易，成交量为5000张，未平仓数为12431张，V/OI值为1，交易金额为115000USD，合约行权价是31，到期日为2026/06/18
2026-06-09,US.IBIT,,PUT,34.0,2026-06-18,5000,400000.0,BUY,06-10 01:04,6.10 01:04，出现一笔买入看跌期权交易，成交量为5000张，未平仓数为25129张，V/OI值为0.3，交易金额为400000USD，合约行权价是34，到期日为2026/06/18
2026-06-09,US.IBIT,,PUT,31.0,2026-06-18,5000,115000.0,SELL,06-10 01:04,6.10 01:04，出现一笔卖出看跌期权交易，成交量为5000张，未平仓数为12431张，V/OI值为0.5，交易金额为115000USD，合约行权价是31，到期日为2026/06/18
2026-06-09,US.IBIT,,PUT,34.0,2026-10-16,1794,584844.0,SELL,06-10 01:02,6.10 01:02，出现一笔卖出看跌期权交易，成交量为1794张，未平仓数为9141张，V/OI值为0.3，交易金额为584844USD，合约行权价是34，到期日为2026/10/16
2026-06-09,US.IBIT,,PUT,24.0,2026-09-18,8118,430254.0,BUY,06-10 00:48,6.10 00:48，出现一笔买入看跌期权交易，成交量为8118张，未平仓数为135张，V/OI值为60.5，交易金额为430254USD，合约行权价是24，到期日为2026/09/18
2026-06-09,US.IBIT,,PUT,33.5,2026-06-12,2310,85470.0,BUY,06-10 00:32,6.10 00:32，出现一笔买入看跌期权交易，成交量为2310张，未平仓数为4474张，V/OI值为1.2，交易金额为85470USD，合约行权价是33.5，到期日为2026/06/12
2026-06-09,US.IGV,,CALL,94.0,2026-06-12,1203,150379.0,SELL,06-10 03:10,6.10 03:10，出现一笔卖出看涨期权交易，成交量为1203张，未平仓数为73张，V/OI值为19.8，交易金额为150379USD，合约行权价是94，到期日为2026/06/12
2026-06-09,US.IGV,,PUT,93.0,2026-06-18,2000,550000.0,BUY,06-10 02:55,6.10 02:55，出现一笔买入看跌期权交易，成交量为2000张，未平仓数为284张，V/OI值为9.6，交易金额为550000USD，合约行权价是93，到期日为2026/06/18
2026-06-09,US.IGV,,CALL,100.0,2026-07-17,2650,569750.0,BUY,06-10 02:52,6.10 02:52，出现一笔买入看涨期权交易，成交量为2650张，未平仓数为20701张，V/OI值为0.2，交易金额为569750USD，合约行权价是100，到期日为2026/07/17
2026-06-09,US.IGV,,PUT,106.0,2026-07-17,2466,3994920.0,BUY,06-10 00:49,6.10 00:49，出现一笔买入看跌期权交易，成交量为2466张，未平仓数为2572张，V/OI值为1，交易金额为3994920USD，合约行权价是106，到期日为2026/07/17
2026-06-09,US.IGV,,PUT,105.0,2026-09-18,2466,4081230.0,BUY,06-10 00:49,6.10 00:49，出现一笔买入看跌期权交易，成交量为2466张，未平仓数为12张，V/OI值为208.6，交易金额为4081230USD，合约行权价是105，到期日为2026/09/18
2026-06-09,US.IGV,,PUT,92.0,2026-06-18,5000,1750000.0,BUY,06-10 00:48,6.10 00:48，出现一笔买入看跌期权交易，成交量为5000张，未平仓数为377张，V/OI值为14.2，交易金额为1750000USD，合约行权价是92，到期日为2026/06/18
2026-06-09,US.IGV,,PUT,93.0,2026-06-12,1205,361500.0,SELL,06-10 00:32,6.10 00:32，出现一笔卖出看跌期权交易，成交量为1205张，未平仓数为8706张，V/OI值为0.2，交易金额为361500USD，合约行权价是93，到期日为2026/06/12
2026-06-09,US.INTC,,PUT,100.0,2026-06-18,4000,1368000.0,BUY,06-10 03:43,6.10 03:43，出现一笔买入看跌期权交易，成交量为4000张，未平仓数为17810张，V/OI值为0.5，交易金额为1368000USD，合约行权价是100，到期日为2026/06/18
2026-06-09,US.INTC,,PUT,100.0,2026-07-17,4000,3188000.0,SELL,06-10 03:43,6.10 03:43，出现一笔卖出看跌期权交易，成交量为4000张，未平仓数为7043张，V/OI值为2.3，交易金额为3188000USD，合约行权价是100，到期日为2026/07/17
2026-06-09,US.INTC,,CALL,150.0,2026-07-17,2000,400000.0,SELL,06-10 02:15,6.10 02:15，出现一笔卖出看涨期权交易，成交量为2000张，未平仓数为37563张，V/OI值为0.3，交易金额为400000USD，合约行权价是150，到期日为2026/07/17
2026-06-09,US.INTC,,CALL,150.0,2026-07-17,1000,190000.0,SELL,06-10 01:49,6.10 01:49，出现一笔卖出看涨期权交易，成交量为1000张，未平仓数为37563张，V/OI值为0.2，交易金额为190000USD，合约行权价是150，到期日为2026/07/17
2026-06-09,US.INTC,,CALL,150.0,2026-07-17,1761,352200.0,SELL,06-10 01:47,6.10 01:47，出现一笔卖出看涨期权交易，成交量为1761张，未平仓数为37563张，V/OI值为0.2，交易金额为352200USD，合约行权价是150，到期日为2026/07/17
2026-06-09,US.INTC,,CALL,150.0,2026-07-17,2000,400000.0,SELL,06-10 01:35,6.10 01:35，出现一笔卖出看涨期权交易，成交量为2000张，未平仓数为37563张，V/OI值为0.2，交易金额为400000USD，合约行权价是150，到期日为2026/07/17
2026-06-09,US.INTC,,CALL,120.0,2026-08-21,1000,1084850.0,BUY,06-10 01:24,6.10 01:24，出现一笔买入看涨期权交易，成交量为1000张，未平仓数为9014张，V/OI值为0.2，交易金额为1084850USD，合约行权价是120，到期日为2026/08/21
2026-06-09,US.INTC,,PUT,70.0,2027-06-17,3000,3612000.0,BUY,06-10 00:41,6.10 00:41，出现一笔买入看跌期权交易，成交量为3000张，未平仓数为1205张，V/OI值为2.5，交易金额为3612000USD，合约行权价是70，到期日为2027/06/17
2026-06-09,US.INTC,,PUT,110.0,2027-06-17,1500,5247000.0,SELL,06-10 00:41,6.10 00:41，出现一笔卖出看跌期权交易，成交量为1500张，未平仓数为401张，V/OI值为3.8，交易金额为5247000USD，合约行权价是110，到期日为2027/06/17
2026-06-09,US.INTC,,CALL,130.0,2026-09-18,1168,1132960.0,SELL,06-10 00:31,6.10 00:31，出现一笔卖出看涨期权交易，成交量为1168张，未平仓数为6398张，V/OI值为0.3，交易金额为1132960USD，合约行权价是130，到期日为2026/09/18
2026-06-09,US.INTC,,PUT,95.0,2026-09-18,1168,1600160.0,BUY,06-10 00:31,6.10 00:31，出现一笔买入看跌期权交易，成交量为1168张，未平仓数为5250张，V/OI值为0.5，交易金额为1600160USD，合约行权价是95，到期日为2026/09/18
2026-06-09,US.INTC,,PUT,100.0,2026-06-12,4355,1502480.0,SELL,06-10 00:17,6.10 00:17，出现一笔卖出看跌期权交易，成交量为4355张，未平仓数为14323张，V/OI值为1，交易金额为1502480USD，合约行权价是100，到期日为2026/06/12
2026-06-09,US.IREN,,CALL,110.0,2027-06-17,5450,7030500.0,BUY,06-10 01:13,6.10 01:13，出现一笔买入看涨期权交易，成交量为5450张，未平仓数为26997张，V/OI值为0.2，交易金额为7030500USD，合约行权价是110，到期日为2027/06/17
2026-06-09,US.IREN,,CALL,80.0,2026-12-18,1499,1419553.0,SELL,06-10 00:47,6.10 00:47，出现一笔卖出看涨期权交易，成交量为1499张，未平仓数为4935张，V/OI值为0.3，交易金额为1419553USD，合约行权价是80，到期日为2026/12/18
2026-06-09,US.IREN,,PUT,50.0,2026-08-21,1500,1237508.0,SELL,06-10 00:05,6.10 00:05，出现一笔卖出看跌期权交易，成交量为1500张，未平仓数为10003张，V/OI值为0.3，交易金额为1237508USD，合约行权价是50，到期日为2026/08/21
2026-06-09,US.IWM,,PUT,276.0,2026-06-18,5000,1159885.0,BUY,06-10 04:03,6.10 04:03，出现一笔买入看跌期权交易，成交量为5000张，未平仓数为126630张，V/OI值为0.6，交易金额为1159885USD，合约行权价是276，到期日为2026/06/18
2026-06-09,US.IWM,,PUT,276.0,2026-06-18,3000,696000.0,BUY,06-10 04:02,6.10 04:02，出现一笔买入看跌期权交易，成交量为3000张，未平仓数为126630张，V/OI值为0.5，交易金额为696000USD，合约行权价是276，到期日为2026/06/18
2026-06-09,US.IWM,,PUT,274.0,2026-06-18,3000,558001.0,SELL,06-10 04:02,6.10 04:02，出现一笔卖出看跌期权交易，成交量为3000张，未平仓数为66527张，V/OI值为0.1，交易金额为558001USD，合约行权价是274，到期日为2026/06/18
2026-06-09,US.IWM,,PUT,270.0,2026-07-17,8000,3096000.0,BUY,06-10 04:01,6.10 04:01，出现一笔买入看跌期权交易，成交量为8000张，未平仓数为38648张，V/OI值为0.7，交易金额为3096000USD，合约行权价是270，到期日为2026/07/17
2026-06-09,US.IWM,,PUT,271.0,2026-07-17,8000,3296000.0,BUY,06-10 04:01,6.10 04:01，出现一笔买入看跌期权交易，成交量为8000张，未平仓数为15143张，V/OI值为2.5，交易金额为3296000USD，合约行权价是271，到期日为2026/07/17
2026-06-09,US.IWM,,PUT,272.0,2026-06-18,3260,488998.0,SELL,06-10 04:01,6.10 04:01，出现一笔卖出看跌期权交易，成交量为3260张，未平仓数为45556张，V/OI值为1.1，交易金额为488998USD，合约行权价是272，到期日为2026/06/18
2026-06-09,US.IWM,,PUT,275.0,2026-06-18,3000,690000.0,BUY,06-10 03:24,6.10 03:24，出现一笔买入看跌期权交易，成交量为3000张，未平仓数为100844张，V/OI值为0.2，交易金额为690000USD，合约行权价是275，到期日为2026/06/18
2026-06-09,US.IWM,,PUT,270.0,2026-07-17,3000,1422000.0,BUY,06-10 01:48,6.10 01:48，出现一笔买入看跌期权交易，成交量为3000张，未平仓数为38648张，V/OI值为0.3，交易金额为1422000USD，合约行权价是270，到期日为2026/07/17
2026-06-09,US.IWM,,PUT,267.0,2026-07-17,3000,1203002.0,SELL,06-10 01:48,6.10 01:48，出现一笔卖出看跌期权交易，成交量为3000张，未平仓数为2168张，V/OI值为18.5，交易金额为1203002USD，合约行权价是267，到期日为2026/07/17
2026-06-09,US.IWM,,PUT,267.0,2026-07-17,3238,1298201.0,SELL,06-10 01:48,6.10 01:48，出现一笔卖出看跌期权交易，成交量为3238张，未平仓数为2168张，V/OI值为17.1，交易金额为1298201USD，合约行权价是267，到期日为2026/07/17
2026-06-09,US.IWM,,PUT,267.0,2026-07-17,3440,1376358.0,SELL,06-10 01:48,6.10 01:48，出现一笔卖出看跌期权交易，成交量为3440张，未平仓数为2168张，V/OI值为15.6，交易金额为1376358USD，合约行权价是267，到期日为2026/07/17
2026-06-09,US.IWM,,PUT,272.0,2026-06-18,3000,552106.0,SELL,06-10 01:44,6.10 01:44，出现一笔卖出看跌期权交易，成交量为3000张，未平仓数为45556张，V/OI值为1，交易金额为552106USD，合约行权价是272，到期日为2026/06/18
2026-06-09,US.IWM,,PUT,276.0,2026-06-18,3108,857916.0,BUY,06-10 01:44,6.10 01:44，出现一笔买入看跌期权交易，成交量为3108张，未平仓数为126630张，V/OI值为0.4，交易金额为857916USD，合约行权价是276，到期日为2026/06/18
2026-06-09,US.IWM,,PUT,270.0,2026-06-18,8480,1246560.0,BUY,06-10 01:44,6.10 01:44，出现一笔买入看跌期权交易，成交量为8480张，未平仓数为110414张，V/OI值为0.4，交易金额为1246560USD，合约行权价是270，到期日为2026/06/18
2026-06-09,US.IWM,,PUT,271.0,2026-07-17,3334,1523292.0,BUY,06-10 01:43,6.10 01:43，出现一笔买入看跌期权交易，成交量为3334张，未平仓数为15143张，V/OI值为1.7，交易金额为1523292USD，合约行权价是271，到期日为2026/07/17
2026-06-09,US.IWM,,PUT,267.0,2026-07-17,3000,1226634.0,BUY,06-10 01:31,6.10 01:31，出现一笔买入看跌期权交易，成交量为3000张，未平仓数为2168张，V/OI值为14，交易金额为1226634USD，合约行权价是267，到期日为2026/07/17
2026-06-09,US.IWM,,PUT,265.0,2026-07-17,3000,1086000.0,SELL,06-10 01:28,6.10 01:28，出现一笔卖出看跌期权交易，成交量为3000张，未平仓数为26783张，V/OI值为0.3，交易金额为1086000USD，合约行权价是265，到期日为2026/07/17
2026-06-09,US.IWM,,PUT,269.0,2026-07-17,5258,2641531.0,SELL,06-10 01:10,6.10 01:10，出现一笔卖出看跌期权交易，成交量为5258张，未平仓数为5132张，V/OI值为1.5，交易金额为2641531USD，合约行权价是269，到期日为2026/07/17
2026-06-09,US.IWM,,PUT,278.0,2026-06-18,4200,2482200.0,BUY,06-10 00:55,6.10 00:55，出现一笔买入看跌期权交易，成交量为4200张，未平仓数为35908张，V/OI值为0.4，交易金额为2482200USD，合约行权价是278，到期日为2026/06/18
2026-06-09,US.IWM,,PUT,283.0,2026-06-18,3500,2982000.0,BUY,06-10 00:55,6.10 00:55，出现一笔买入看跌期权交易，成交量为3500张，未平仓数为11221张，V/OI值为0.7，交易金额为2982000USD，合约行权价是283，到期日为2026/06/18
2026-06-09,US.IWM,,PUT,270.0,2026-06-18,4200,1243200.0,BUY,06-10 00:55,6.10 00:55，出现一笔买入看跌期权交易，成交量为4200张，未平仓数为110414张，V/OI值为0.2，交易金额为1243200USD，合约行权价是270，到期日为2026/06/18
2026-06-09,US.IWM,,PUT,273.0,2026-06-18,3500,1379000.0,BUY,06-10 00:55,6.10 00:55，出现一笔买入看跌期权交易，成交量为3500张，未平仓数为44034张，V/OI值为0.1，交易金额为1379000USD，合约行权价是273，到期日为2026/06/18
2026-06-09,US.IWM,,PUT,245.0,2026-06-18,5241,194158.0,SELL,06-10 00:52,6.10 00:52，出现一笔卖出看跌期权交易，成交量为5241张，未平仓数为42788张，V/OI值为0.2，交易金额为194158USD，合约行权价是245，到期日为2026/06/18
2026-06-09,US.IWM,,PUT,270.0,2026-06-18,3182,938690.0,SELL,06-10 00:49,6.10 00:49，出现一笔卖出看跌期权交易，成交量为3182张，未平仓数为110414张，V/OI值为0.1，交易金额为938690USD，合约行权价是270，到期日为2026/06/18
2026-06-09,US.IWM,,PUT,270.0,2026-06-18,7997,2279145.0,SELL,06-10 00:46,6.10 00:46，出现一笔卖出看跌期权交易，成交量为7997张，未平仓数为110414张，V/OI值为0.1，交易金额为2279145USD，合约行权价是270，到期日为2026/06/18
2026-06-09,US.IWM,,PUT,272.0,2026-06-18,11997,3983004.0,BUY,06-10 00:46,6.10 00:46，出现一笔买入看跌期权交易，成交量为11997张，未平仓数为45556张，V/OI值为0.7，交易金额为3983004USD，合约行权价是272，到期日为2026/06/18
2026-06-09,US.IWM,,CALL,285.0,2026-07-17,4000,2460000.0,SELL,06-10 00:43,6.10 00:43，出现一笔卖出看涨期权交易，成交量为4000张，未平仓数为32885张，V/OI值为0.1，交易金额为2460000USD，合约行权价是285，到期日为2026/07/17
2026-06-09,US.IWM,,CALL,295.0,2026-12-18,4000,5240000.0,BUY,06-10 00:43,6.10 00:43，出现一笔买入看涨期权交易，成交量为4000张，未平仓数为20931张，V/OI值为0.2，交易金额为5240000USD，合约行权价是295，到期日为2026/12/18
2026-06-09,US.IWM,,PUT,265.0,2026-07-17,4000,1900000.0,SELL,06-10 00:41,6.10 00:41，出现一笔卖出看跌期权交易，成交量为4000张，未平仓数为26783张，V/OI值为0.2，交易金额为1900000USD，合约行权价是265，到期日为2026/07/17
2026-06-09,US.IWM,,PUT,267.0,2026-07-17,3997,2078440.0,BUY,06-10 00:41,6.10 00:41，出现一笔买入看跌期权交易，成交量为3997张，未平仓数为2168张，V/OI值为12.1，交易金额为2078440USD，合约行权价是267，到期日为2026/07/17
2026-06-09,US.IWM,,PUT,276.0,2026-06-18,3596,1445592.0,BUY,06-10 00:38,6.10 00:38，出现一笔买入看跌期权交易，成交量为3596张，未平仓数为126630张，V/OI值为0.3，交易金额为1445592USD，合约行权价是276，到期日为2026/06/18
2026-06-09,US.IWM,,PUT,267.0,2026-07-17,3000,1386000.0,SELL,06-10 00:32,6.10 00:32，出现一笔卖出看跌期权交易，成交量为3000张，未平仓数为2168张，V/OI值为9.4，交易金额为1386000USD，合约行权价是267，到期日为2026/07/17
2026-06-09,US.IWM,,PUT,267.0,2026-07-17,3000,1388846.0,BUY,06-10 00:28,6.10 00:28，出现一笔买入看跌期权交易，成交量为3000张，未平仓数为2168张，V/OI值为5.7，交易金额为1388846USD，合约行权价是267，到期日为2026/07/17
2026-06-09,US.IWM,,PUT,267.0,2026-07-17,3000,1386000.0,BUY,06-10 00:28,6.10 00:28，出现一笔买入看跌期权交易，成交量为3000张，未平仓数为2168张，V/OI值为7.9，交易金额为1386000USD，合约行权价是267，到期日为2026/07/17
2026-06-09,US.IWM,,PUT,272.0,2026-06-18,3062,891042.0,SELL,06-10 00:27,6.10 00:27，出现一笔卖出看跌期权交易，成交量为3062张，未平仓数为45556张，V/OI值为0.4，交易金额为891042USD，合约行权价是272，到期日为2026/06/18
2026-06-09,US.IWM,,PUT,271.0,2026-07-17,3034,1735414.0,SELL,06-10 00:27,6.10 00:27，出现一笔卖出看跌期权交易，成交量为3034张，未平仓数为15143张，V/OI值为1.5，交易金额为1735414USD，合约行权价是271，到期日为2026/07/17
2026-06-09,US.IWM,,PUT,272.0,2026-07-17,3550,2146100.0,SELL,06-10 00:27,6.10 00:27，出现一笔卖出看跌期权交易，成交量为3550张，未平仓数为8723张，V/OI值为1.3，交易金额为2146100USD，合约行权价是272，到期日为2026/07/17
2026-06-09,US.IWM,,PUT,272.0,2026-07-17,3000,1812000.0,SELL,06-10 00:27,6.10 00:27，出现一笔卖出看跌期权交易，成交量为3000张，未平仓数为8723张，V/OI值为1.7，交易金额为1812000USD，合约行权价是272，到期日为2026/07/17
2026-06-09,US.IWM,,PUT,276.0,2026-06-18,3011,1213422.0,SELL,06-10 00:26,6.10 00:26，出现一笔卖出看跌期权交易，成交量为3011张，未平仓数为126630张，V/OI值为0.3，交易金额为1213422USD，合约行权价是276，到期日为2026/06/18
2026-06-09,US.IWM,,PUT,272.0,2026-06-18,5722,1596438.0,BUY,06-10 00:26,6.10 00:26，出现一笔买入看跌期权交易，成交量为5722张，未平仓数为45556张，V/OI值为0.2，交易金额为1596438USD，合约行权价是272，到期日为2026/06/18
2026-06-09,US.IWM,,PUT,277.0,2026-06-18,10923,4587660.0,BUY,06-10 00:25,6.10 00:25，出现一笔买入看跌期权交易，成交量为10923张，未平仓数为43617张，V/OI值为0.6，交易金额为4587660USD，合约行权价是277，到期日为2026/06/18
2026-06-09,US.IWM,,PUT,278.0,2026-06-18,3000,1413000.0,SELL,06-10 00:25,6.10 00:25，出现一笔卖出看跌期权交易，成交量为3000张，未平仓数为35908张，V/OI值为0.2，交易金额为1413000USD，合约行权价是278，到期日为2026/06/18
2026-06-09,US.IWM,,CALL,285.0,2026-06-18,5000,1450000.0,BUY,06-10 00:17,6.10 00:17，出现一笔买入看涨期权交易，成交量为5000张，未平仓数为18469张，V/OI值为0.3，交易金额为1450000USD，合约行权价是285，到期日为2026/06/18
2026-06-09,US.IWM,,PUT,273.0,2026-07-17,3211,1977976.0,SELL,06-10 00:16,6.10 00:16，出现一笔卖出看跌期权交易，成交量为3211张，未平仓数为10117张，V/OI值为0.8，交易金额为1977976USD，合约行权价是273，到期日为2026/07/17
2026-06-09,US.JD,,CALL,34.0,2026-07-17,4000,80000.0,SELL,06-10 00:17,6.10 00:17，出现一笔卖出看涨期权交易，成交量为4000张，未平仓数为18474张，V/OI值为0.2，交易金额为80000USD，合约行权价是34，到期日为2026/07/17
2026-06-09,US.LITE,,PUT,775.0,2026-06-12,200,413910.0,SELL,06-10 01:33,6.10 01:33，出现一笔卖出看跌期权交易，成交量为200张，未平仓数为93张，V/OI值为7.2，交易金额为413910USD，合约行权价是775，到期日为2026/06/12
2026-06-09,US.LITE,,PUT,500.0,2026-07-17,263,255109.0,BUY,06-10 00:59,6.10 00:59，出现一笔买入看跌期权交易，成交量为263张，未平仓数为311张，V/OI值为0.9，交易金额为255109USD，合约行权价是500，到期日为2026/07/17
2026-06-09,US.MARA,,CALL,25.0,2026-09-18,3264,130560.0,SELL,06-10 01:29,6.10 01:29，出现一笔卖出看涨期权交易，成交量为3264张，未平仓数为9733张，V/OI值为0.3，交易金额为130560USD，合约行权价是25，到期日为2026/09/18
2026-06-09,US.MARA,,PUT,13.0,2026-07-17,1027,167401.0,BUY,06-10 00:54,6.10 00:54，出现一笔买入看跌期权交易，成交量为1027张，未平仓数为5928张，V/OI值为0.2，交易金额为167401USD，合约行权价是13，到期日为2026/07/17
2026-06-09,US.MARA,,PUT,12.5,2026-06-18,1400,88537.0,SELL,06-10 00:48,6.10 00:48，出现一笔卖出看跌期权交易，成交量为1400张，未平仓数为2763张，V/OI值为1，交易金额为88537USD，合约行权价是12.5，到期日为2026/06/18
2026-06-09,US.META,,CALL,1100.0,2028-12-15,1000,5852000.0,SELL,06-10 03:26,6.10 03:26，出现一笔卖出看涨期权交易，成交量为1000张，未平仓数为945张，V/OI值为1.1，交易金额为5852000USD，合约行权价是1100，到期日为2028/12/15
2026-06-09,US.META,,CALL,700.0,2028-12-15,1000,13502000.0,BUY,06-10 03:26,6.10 03:26，出现一笔买入看涨期权交易，成交量为1000张，未平仓数为3325张，V/OI值为0.3，交易金额为13502000USD，合约行权价是700，到期日为2028/12/15
2026-06-09,US.META,,CALL,585.0,2026-07-17,1000,2955000.0,SELL,06-10 01:58,6.10 01:58，出现一笔卖出看涨期权交易，成交量为1000张，未平仓数为356张，V/OI值为3.2，交易金额为2955000USD，合约行权价是585，到期日为2026/07/17
2026-06-09,US.META,,CALL,700.0,2026-07-17,3756,1014128.0,SELL,06-10 01:03,6.10 01:03，出现一笔卖出看涨期权交易，成交量为3756张，未平仓数为21239张，V/OI值为0.5，交易金额为1014128USD，合约行权价是700，到期日为2026/07/17
2026-06-09,US.META,,PUT,520.0,2026-07-17,1500,900000.0,SELL,06-10 00:39,6.10 00:39，出现一笔卖出看跌期权交易，成交量为1500张，未平仓数为4538张，V/OI值为0.4，交易金额为900000USD，合约行权价是520，到期日为2026/07/17
2026-06-09,US.META,,PUT,575.0,2026-06-10,1000,180000.0,SELL,06-10 00:09,6.10 00:09，出现一笔卖出看跌期权交易，成交量为1000张，未平仓数为320张，V/OI值为8.7，交易金额为180000USD，合约行权价是575，到期日为2026/06/10
2026-06-09,US.MRNA,,CALL,49.0,2026-06-18,1309,201586.0,SELL,06-10 02:04,6.10 02:04，出现一笔卖出看涨期权交易，成交量为1309张，未平仓数为782张，V/OI值为3，交易金额为201586USD，合约行权价是49，到期日为2026/06/18
2026-06-09,US.MRVL,,PUT,210.0,2026-06-12,1225,109031.0,SELL,06-10 02:20,6.10 02:20，出现一笔卖出看跌期权交易，成交量为1225张，未平仓数为1519张，V/OI值为10.2，交易金额为109031USD，合约行权价是210，到期日为2026/06/12
2026-06-09,US.MRVL,,PUT,210.0,2026-06-12,1185,104286.0,SELL,06-10 02:20,6.10 02:20，出现一笔卖出看跌期权交易，成交量为1185张，未平仓数为1519张，V/OI值为9.4，交易金额为104286USD，合约行权价是210，到期日为2026/06/12
2026-06-09,US.MRVL,,PUT,210.0,2026-06-12,2010,181008.0,SELL,06-10 02:20,6.10 02:20，出现一笔卖出看跌期权交易，成交量为2010张，未平仓数为1519张，V/OI值为8.6，交易金额为181008USD，合约行权价是210，到期日为2026/06/12
2026-06-09,US.MRVL,,PUT,280.0,2026-06-12,2000,5254000.0,BUY,06-10 02:14,6.10 02:14，出现一笔买入看跌期权交易，成交量为2000张，未平仓数为5162张，V/OI值为0.7，交易金额为5254000USD，合约行权价是280，到期日为2026/06/12
2026-06-09,US.MRVL,,PUT,250.0,2027-01-15,2000,13252000.0,SELL,06-10 02:14,6.10 02:14，出现一笔卖出看跌期权交易，成交量为2000张，未平仓数为504张，V/OI值为4，交易金额为13252000USD，合约行权价是250，到期日为2027/01/15
2026-06-09,US.MRVL,,PUT,210.0,2026-06-12,1000,191000.0,SELL,06-10 01:13,6.10 01:13，出现一笔卖出看跌期权交易，成交量为1000张，未平仓数为1519张，V/OI值为4，交易金额为191000USD，合约行权价是210，到期日为2026/06/12
2026-06-09,US.MRVL,,PUT,210.0,2026-06-12,1000,218000.0,SELL,06-10 01:03,6.10 01:03，出现一笔卖出看跌期权交易，成交量为1000张，未平仓数为1519张，V/OI值为3.3，交易金额为218000USD，合约行权价是210，到期日为2026/06/12
2026-06-09,US.MSFT,,CALL,440.0,2026-06-26,4998,799680.0,BUY,06-10 03:40,6.10 03:40，出现一笔买入看涨期权交易，成交量为4998张，未平仓数为21863张，V/OI值为0.3，交易金额为799680USD，合约行权价是440，到期日为2026/06/26
2026-06-09,US.MSFT,,CALL,450.0,2026-07-17,1461,489435.0,SELL,06-10 03:27,6.10 03:27，出现一笔卖出看涨期权交易，成交量为1461张，未平仓数为22289张，V/OI值为0.6，交易金额为489435USD，合约行权价是450，到期日为2026/07/17
2026-06-09,US.MSFT,,PUT,400.0,2027-03-19,1000,4115000.0,SELL,06-10 02:03,6.10 02:03，出现一笔卖出看跌期权交易，成交量为1000张，未平仓数为3652张，V/OI值为0.3，交易金额为4115000USD，合约行权价是400，到期日为2027/03/19
2026-06-09,US.MSFT,,CALL,407.5,2026-06-15,2857,1228572.0,SELL,06-10 00:26,6.10 00:26，出现一笔卖出看涨期权交易，成交量为2857张，未平仓数为7张，V/OI值为426，交易金额为1228572USD，合约行权价是407.5，到期日为2026/06/15
2026-06-09,US.MSTR,,PUT,101.0,2026-06-18,5904,1163088.0,SELL,06-10 00:38,6.10 00:38，出现一笔卖出看跌期权交易，成交量为5904张，未平仓数为3129张，V/OI值为1.9，交易金额为1163088USD，合约行权价是101，到期日为2026/06/18
2026-06-09,US.NBIS,,PUT,210.0,2026-06-12,1214,768225.0,SELL,06-10 03:44,6.10 03:44，出现一笔卖出看跌期权交易，成交量为1214张，未平仓数为1488张，V/OI值为1.6，交易金额为768225USD，合约行权价是210，到期日为2026/06/12
2026-06-09,US.NBIS,,PUT,180.0,2026-06-18,5000,2010000.0,SELL,06-10 03:38,6.10 03:38，出现一笔卖出看跌期权交易，成交量为5000张，未平仓数为2266张，V/OI值为2.6，交易金额为2010000USD，合约行权价是180，到期日为2026/06/18
2026-06-09,US.NBIS,,PUT,200.0,2026-06-12,5000,2010000.0,BUY,06-10 03:38,6.10 03:38，出现一笔买入看跌期权交易，成交量为5000张，未平仓数为5090张，V/OI值为1.6，交易金额为2010000USD，合约行权价是200，到期日为2026/06/12
2026-06-09,US.NBIS,,PUT,200.0,2026-07-17,1322,2855520.0,SELL,06-10 03:30,6.10 03:30，出现一笔卖出看跌期权交易，成交量为1322张，未平仓数为1941张，V/OI值为2，交易金额为2855520USD，合约行权价是200，到期日为2026/07/17
2026-06-09,US.NBIS,,CALL,390.0,2028-01-21,1525,11696750.0,SELL,06-10 02:39,6.10 02:39，出现一笔卖出看涨期权交易，成交量为1525张，未平仓数为7张，V/OI值为219.1，交易金额为11696750USD，合约行权价是390，到期日为2028/01/21
2026-06-09,US.NBIS,,CALL,240.0,2026-06-12,1197,359100.0,SELL,06-10 02:03,6.10 02:03，出现一笔卖出看涨期权交易，成交量为1197张，未平仓数为1338张，V/OI值为10.5，交易金额为359100USD，合约行权价是240，到期日为2026/06/12
2026-06-09,US.NBIS,,PUT,200.0,2027-03-19,1500,10288500.0,BUY,06-10 01:20,6.10 01:20，出现一笔买入看跌期权交易，成交量为1500张，未平仓数为1794张，V/OI值为0.8，交易金额为10288500USD，合约行权价是200，到期日为2027/03/19
2026-06-09,US.NBIS,,PUT,120.0,2026-07-17,1032,287928.0,BUY,06-10 01:05,6.10 01:05，出现一笔买入看跌期权交易，成交量为1032张，未平仓数为1500张，V/OI值为0.7，交易金额为287928USD，合约行权价是120，到期日为2026/07/17
2026-06-09,US.NBIS,,PUT,60.0,2027-01-15,1000,410000.0,BUY,06-10 00:46,6.10 00:46，出现一笔买入看跌期权交易，成交量为1000张，未平仓数为4613张，V/OI值为0.4，交易金额为410000USD，合约行权价是60，到期日为2027/01/15
2026-06-09,US.NBIS,,PUT,130.0,2026-07-17,1296,570219.0,BUY,06-10 00:46,6.10 00:46，出现一笔买入看跌期权交易，成交量为1296张，未平仓数为713张，V/OI值为4，交易金额为570219USD，合约行权价是130，到期日为2026/07/17
2026-06-09,US.NET,,PUT,235.0,2026-06-12,353,275515.0,BUY,06-10 03:38,6.10 03:38，出现一笔买入看跌期权交易，成交量为353张，未平仓数为51张，V/OI值为21.5，交易金额为275515USD，合约行权价是235，到期日为2026/06/12
2026-06-09,US.NET,,PUT,220.0,2026-06-12,485,167555.0,BUY,06-10 03:12,6.10 03:12，出现一笔买入看跌期权交易，成交量为485张，未平仓数为352张，V/OI值为1.7，交易金额为167555USD，合约行权价是220，到期日为2026/06/12
2026-06-09,US.NET,,PUT,222.5,2026-06-12,685,286595.0,BUY,06-10 03:12,6.10 03:12，出现一笔买入看跌期权交易，成交量为685张，未平仓数为13张，V/OI值为54.8，交易金额为286595USD，合约行权价是222.5，到期日为2026/06/12
2026-06-09,US.NET,,CALL,247.5,2026-06-26,237,187230.0,BUY,06-10 03:11,6.10 03:11，出现一笔买入看涨期权交易，成交量为237张，未平仓数为1张，V/OI值为269，交易金额为187230USD，合约行权价是247.5，到期日为2026/06/26
2026-06-09,US.NOK,,CALL,14.0,2027-01-15,2500,857500.0,BUY,06-10 03:12,6.10 03:12，出现一笔买入看涨期权交易，成交量为2500张，未平仓数为11535张，V/OI值为0.3，交易金额为857500USD，合约行权价是14，到期日为2027/01/15
2026-06-09,US.NOK,,PUT,13.0,2027-01-15,2500,687500.0,SELL,06-10 03:12,6.10 03:12，出现一笔卖出看跌期权交易，成交量为2500张，未平仓数为17407张，V/OI值为0.1，交易金额为687500USD，合约行权价是13，到期日为2027/01/15
2026-06-09,US.NOK,,PUT,11.0,2026-09-18,2000,182000.0,SELL,06-10 03:06,6.10 03:06，出现一笔卖出看跌期权交易，成交量为2000张，未平仓数为5034张，V/OI值为0.4，交易金额为182000USD，合约行权价是11，到期日为2026/09/18
2026-06-09,US.NOK,,PUT,14.0,2026-07-17,3000,444000.0,SELL,06-10 02:32,6.10 02:32，出现一笔卖出看跌期权交易，成交量为3000张，未平仓数为16142张，V/OI值为0.5，交易金额为444000USD，合约行权价是14，到期日为2026/07/17
2026-06-09,US.NOK,,PUT,14.0,2026-07-17,2000,294000.0,SELL,06-10 02:31,6.10 02:31，出现一笔卖出看跌期权交易，成交量为2000张，未平仓数为16142张，V/OI值为0.4，交易金额为294000USD，合约行权价是14，到期日为2026/07/17
2026-06-09,US.NOK,,PUT,10.0,2026-10-16,2000,160000.0,BUY,06-10 01:00,6.10 01:00，出现一笔买入看跌期权交易，成交量为2000张，未平仓数为805张，V/OI值为2.5，交易金额为160000USD，合约行权价是10，到期日为2026/10/16
2026-06-09,US.NOK,,CALL,14.0,2026-07-17,4284,458388.0,SELL,06-10 00:38,6.10 00:38，出现一笔卖出看涨期权交易，成交量为4284张，未平仓数为27280张，V/OI值为0.3，交易金额为458388USD，合约行权价是14，到期日为2026/07/17
2026-06-09,US.NOW,,CALL,120.0,2026-06-18,1999,219890.0,BUY,06-10 02:24,6.10 02:24，出现一笔买入看涨期权交易，成交量为1999张，未平仓数为14462张，V/OI值为0.5，交易金额为219890USD，合约行权价是120，到期日为2026/06/18
2026-06-09,US.NOW,,CALL,120.0,2026-06-18,2000,214000.0,BUY,06-10 02:24,6.10 02:24，出现一笔买入看涨期权交易，成交量为2000张，未平仓数为14462张，V/OI值为0.4，交易金额为214000USD，合约行权价是120，到期日为2026/06/18
2026-06-09,US.NOW,,PUT,100.0,2026-06-26,1033,463820.0,BUY,06-10 00:40,6.10 00:40，出现一笔买入看跌期权交易，成交量为1033张，未平仓数为897张，V/OI值为1.3，交易金额为463820USD，合约行权价是100，到期日为2026/06/26
2026-06-09,US.NOW,,PUT,135.0,2026-07-17,4550,14469000.0,BUY,06-10 00:16,6.10 00:16，出现一笔买入看跌期权交易，成交量为4550张，未平仓数为8227张，V/OI值为0.6，交易金额为14469000USD，合约行权价是135，到期日为2026/07/17
2026-06-09,US.NVDA,,CALL,210.0,2026-06-12,2846,614736.0,SELL,06-10 02:36,6.10 02:36，出现一笔卖出看涨期权交易，成交量为2846张，未平仓数为33646张，V/OI值为1.5，交易金额为614736USD，合约行权价是210，到期日为2026/06/12
2026-06-09,US.NVDA,,CALL,212.5,2026-06-12,2846,401286.0,BUY,06-10 02:36,6.10 02:36，出现一笔买入看涨期权交易，成交量为2846张，未平仓数为33309张，V/OI值为1.1，交易金额为401286USD，合约行权价是212.5，到期日为2026/06/12
2026-06-09,US.NVDA,,CALL,210.0,2026-06-18,5000,1675000.0,SELL,06-10 01:37,6.10 01:37，出现一笔卖出看涨期权交易，成交量为5000张，未平仓数为73743张，V/OI值为0.3，交易金额为1675000USD，合约行权价是210，到期日为2026/06/18
2026-06-09,US.NVDA,,CALL,217.5,2026-06-18,5000,730000.0,SELL,06-10 01:37,6.10 01:37，出现一笔卖出看涨期权交易，成交量为5000张，未平仓数为3603张，V/OI值为1.8，交易金额为730000USD，合约行权价是217.5，到期日为2026/06/18
2026-06-09,US.NVDA,,CALL,230.0,2026-10-16,39984,46901232.0,SELL,06-10 00:24,6.10 00:24，出现一笔卖出看涨期权交易，成交量为39984张，未平仓数为43039张，V/OI值为0.9，交易金额为46901232USD，合约行权价是230，到期日为2026/10/16
2026-06-09,US.NVDA,,CALL,220.0,2026-10-16,9996,14804076.0,BUY,06-10 00:24,6.10 00:24，出现一笔买入看涨期权交易，成交量为9996张，未平仓数为6979张，V/OI值为6.5，交易金额为14804076USD，合约行权价是220，到期日为2026/10/16
2026-06-09,US.NVDA,,CALL,220.0,2026-10-16,34986,51849252.0,BUY,06-10 00:24,6.10 00:24，出现一笔买入看涨期权交易，成交量为34986张，未平仓数为6979张，V/OI值为5，交易金额为51849252USD，合约行权价是220，到期日为2026/10/16
2026-06-09,US.NVDA,,CALL,207.5,2026-06-18,4962,1736700.0,SELL,06-10 00:12,6.10 00:12，出现一笔卖出看涨期权交易，成交量为4962张，未平仓数为2187张，V/OI值为3.7，交易金额为1736700USD，合约行权价是207.5，到期日为2026/06/18
2026-06-09,US.NVDA,,CALL,215.0,2026-06-18,4962,779034.0,BUY,06-10 00:12,6.10 00:12，出现一笔买入看涨期权交易，成交量为4962张，未平仓数为39245张，V/OI值为0.3，交易金额为779034USD，合约行权价是215，到期日为2026/06/18
2026-06-09,US.NVDA,,PUT,195.0,2026-06-10,3394,98426.0,BUY,06-10 00:00,6.10 00:00，出现一笔买入看跌期权交易，成交量为3394张，未平仓数为4382张，V/OI值为6.9，交易金额为98426USD，合约行权价是195，到期日为2026/06/10
2026-06-09,US.OKLO,,CALL,100.0,2026-11-20,800,488000.0,BUY,06-10 01:30,6.10 01:30，出现一笔买入看涨期权交易，成交量为800张，未平仓数为409张，V/OI值为2.1，交易金额为488000USD，合约行权价是100，到期日为2026/11/20
2026-06-09,US.OKLO,,PUT,50.0,2026-11-20,1000,1070000.0,BUY,06-10 01:25,6.10 01:25，出现一笔买入看跌期权交易，成交量为1000张，未平仓数为687张，V/OI值为1.5，交易金额为1070000USD，合约行权价是50，到期日为2026/11/20
2026-06-09,US.ORCL,,PUT,200.0,2026-06-18,1500,1741500.0,SELL,06-10 03:25,6.10 03:25，出现一笔卖出看跌期权交易，成交量为1500张，未平仓数为8112张，V/OI值为0.3，交易金额为1741500USD，合约行权价是200，到期日为2026/06/18
2026-06-09,US.ORCL,,PUT,120.0,2026-12-18,1600,736000.0,SELL,06-10 02:03,6.10 02:03，出现一笔卖出看跌期权交易，成交量为1600张，未平仓数为1343张，V/OI值为1.2，交易金额为736000USD，合约行权价是120，到期日为2026/12/18
2026-06-09,US.ORCL,,CALL,230.0,2026-06-12,1500,742500.0,BUY,06-10 01:42,6.10 01:42，出现一笔买入看涨期权交易，成交量为1500张，未平仓数为3457张，V/OI值为1.9，交易金额为742500USD，合约行权价是230，到期日为2026/06/12
2026-06-09,US.ORCL,,PUT,197.5,2026-06-18,3868,4796320.0,SELL,06-10 00:38,6.10 00:38，出现一笔卖出看跌期权交易，成交量为3868张，未平仓数为689张，V/OI值为5.7，交易金额为4796320USD，合约行权价是197.5，到期日为2026/06/18
2026-06-09,US.ORCL,,PUT,160.0,2026-06-18,4500,630000.0,BUY,06-10 00:09,6.10 00:09，出现一笔买入看跌期权交易，成交量为4500张，未平仓数为10596张，V/OI值为0.5，交易金额为630000USD，合约行权价是160，到期日为2026/06/18
2026-06-09,US.ORCL,,PUT,180.0,2026-06-18,1050,487194.0,BUY,06-10 00:03,6.10 00:03，出现一笔买入看跌期权交易，成交量为1050张，未平仓数为13109张，V/OI值为0.1，交易金额为487194USD，合约行权价是180，到期日为2026/06/18
2026-06-09,US.PANW,,CALL,255.0,2026-06-18,915,1043100.0,SELL,06-10 02:45,6.10 02:45，出现一笔卖出看涨期权交易，成交量为915张，未平仓数为1578张，V/OI值为0.7，交易金额为1043100USD，合约行权价是255，到期日为2026/06/18
2026-06-09,US.PANW,,PUT,230.0,2026-08-21,200,222000.0,SELL,06-10 02:34,6.10 02:34，出现一笔卖出看跌期权交易，成交量为200张，未平仓数为457张，V/OI值为1.9，交易金额为222000USD，合约行权价是230，到期日为2026/08/21
2026-06-09,US.PANW,,CALL,255.0,2026-06-18,240,264000.0,SELL,06-10 02:26,6.10 02:26，出现一笔卖出看涨期权交易，成交量为240张，未平仓数为1578张，V/OI值为0.2，交易金额为264000USD，合约行权价是255，到期日为2026/06/18
2026-06-09,US.PANW,,PUT,230.0,2026-07-17,639,434170.0,BUY,06-10 00:35,6.10 00:35，出现一笔买入看跌期权交易，成交量为639张，未平仓数为908张，V/OI值为1，交易金额为434170USD，合约行权价是230，到期日为2026/07/17
2026-06-09,US.PANW,,PUT,230.0,2026-08-21,204,246840.0,BUY,06-10 00:25,6.10 00:25，出现一笔买入看跌期权交易，成交量为204张，未平仓数为457张，V/OI值为0.6，交易金额为246840USD，合约行权价是230，到期日为2026/08/21
2026-06-09,US.PDD,,PUT,75.0,2027-03-19,389,282025.0,BUY,06-10 02:47,6.10 02:47，出现一笔买入看跌期权交易，成交量为389张，未平仓数为706张，V/OI值为0.8，交易金额为282025USD，合约行权价是75，到期日为2027/03/19
2026-06-09,US.PDD,,PUT,85.0,2026-07-17,552,298085.0,SELL,06-10 01:22,6.10 01:22，出现一笔卖出看跌期权交易，成交量为552张，未平仓数为3101张，V/OI值为0.5，交易金额为298085USD，合约行权价是85，到期日为2026/07/17
2026-06-09,US.PDD,,PUT,85.0,2026-07-17,866,458980.0,SELL,06-10 00:36,6.10 00:36，出现一笔卖出看跌期权交易，成交量为866张，未平仓数为3101张，V/OI值为0.3，交易金额为458980USD，合约行权价是85，到期日为2026/07/17
2026-06-09,US.PLTR,,PUT,120.0,2026-06-18,2500,282500.0,BUY,06-10 02:08,6.10 02:08，出现一笔买入看跌期权交易，成交量为2500张，未平仓数为26616张，V/OI值为0.1，交易金额为282500USD，合约行权价是120，到期日为2026/06/18
2026-06-09,US.PLTR,,PUT,128.0,2026-06-12,1471,419235.0,SELL,06-10 00:19,6.10 00:19，出现一笔卖出看跌期权交易，成交量为1471张，未平仓数为4288张，V/OI值为1.9，交易金额为419235USD，合约行权价是128，到期日为2026/06/12
2026-06-09,US.PLTR,,PUT,128.0,2026-06-12,1228,349980.0,SELL,06-10 00:19,6.10 00:19，出现一笔卖出看跌期权交易，成交量为1228张，未平仓数为4288张，V/OI值为1.6，交易金额为349980USD，合约行权价是128，到期日为2026/06/12
2026-06-09,US.PLTR,,CALL,132.0,2026-06-12,1471,254483.0,SELL,06-10 00:19,6.10 00:19，出现一笔卖出看涨期权交易，成交量为1471张，未平仓数为229张，V/OI值为15.5，交易金额为254483USD，合约行权价是132，到期日为2026/06/12
2026-06-09,US.PLTR,,CALL,132.0,2026-06-12,1228,213672.0,SELL,06-10 00:19,6.10 00:19，出现一笔卖出看涨期权交易，成交量为1228张，未平仓数为229张，V/OI值为9.1，交易金额为213672USD，合约行权价是132，到期日为2026/06/12
2026-06-09,US.PLTR,,PUT,120.0,2026-06-12,1471,104441.0,BUY,06-10 00:19,6.10 00:19，出现一笔买入看跌期权交易，成交量为1471张，未平仓数为2397张，V/OI值为2.1，交易金额为104441USD，合约行权价是120，到期日为2026/06/12
2026-06-09,US.PLTR,,PUT,120.0,2026-06-12,1228,85960.0,BUY,06-10 00:19,6.10 00:19，出现一笔买入看跌期权交易，成交量为1228张，未平仓数为2397张，V/OI值为1.5，交易金额为85960USD，合约行权价是120，到期日为2026/06/12
2026-06-09,US.QCOM,,PUT,195.0,2026-06-18,1000,740000.0,BUY,06-10 03:38,6.10 03:38，出现一笔买入看跌期权交易，成交量为1000张，未平仓数为1452张，V/OI值为1，交易金额为740000USD，合约行权价是195，到期日为2026/06/18
2026-06-09,US.QCOM,,PUT,155.0,2026-07-17,5000,2730000.0,BUY,06-10 00:55,6.10 00:55，出现一笔买入看跌期权交易，成交量为5000张，未平仓数为1854张，V/OI值为2.8，交易金额为2730000USD，合约行权价是155，到期日为2026/07/17
2026-06-09,US.QQQ,,PUT,530.0,2026-08-21,6000,1584000.0,SELL,06-10 02:27,6.10 02:27，出现一笔卖出看跌期权交易，成交量为6000张，未平仓数为19648张，V/OI值为0.3，交易金额为1584000USD，合约行权价是530，到期日为2026/08/21
2026-06-09,US.QQQ,,CALL,830.0,2026-08-21,6000,1056000.0,SELL,06-10 02:27,6.10 02:27，出现一笔卖出看涨期权交易，成交量为6000张，未平仓数为3812张，V/OI值为1.6，交易金额为1056000USD，合约行权价是830，到期日为2026/08/21
2026-06-09,US.QQQ,,PUT,700.0,2026-06-09,3920,470380.0,SELL,06-10 02:21,6.10 02:21，出现一笔卖出看跌期权交易，成交量为3920张，未平仓数为8310张，V/OI值为34.2，交易金额为470380USD，合约行权价是700，到期日为2026/06/09
2026-06-09,US.QQQ,,CALL,719.0,2026-06-10,4050,295650.0,SELL,06-10 02:15,6.10 02:15，出现一笔卖出看涨期权交易，成交量为4050张，未平仓数为1301张，V/OI值为8.1，交易金额为295650USD，合约行权价是719，到期日为2026/06/10
2026-06-09,US.QQQ,,CALL,718.0,2026-06-10,4050,336150.0,SELL,06-10 02:15,6.10 02:15，出现一笔卖出看涨期权交易，成交量为4050张，未平仓数为767张，V/OI值为24.5，交易金额为336150USD，合约行权价是718，到期日为2026/06/10
2026-06-09,US.QQQ,,CALL,702.0,2026-06-10,4050,2421900.0,BUY,06-10 02:15,6.10 02:15，出现一笔买入看涨期权交易，成交量为4050张，未平仓数为89张，V/OI值为214，交易金额为2421900USD，合约行权价是702，到期日为2026/06/10
2026-06-09,US.QQQ,,PUT,700.0,2026-06-09,3170,738606.0,SELL,06-10 02:03,6.10 02:03，出现一笔卖出看跌期权交易，成交量为3170张，未平仓数为8310张，V/OI值为29.7，交易金额为738606USD，合约行权价是700，到期日为2026/06/09
2026-06-09,US.QQQ,,CALL,700.0,2026-06-09,4627,985551.0,SELL,06-10 01:49,6.10 01:49，出现一笔卖出看涨期权交易，成交量为4627张，未平仓数为102张，V/OI值为2329.2，交易金额为985551USD，合约行权价是700，到期日为2026/06/09
2026-06-09,US.QQQ,,PUT,700.0,2026-06-09,4339,741954.0,SELL,06-10 01:43,6.10 01:43，出现一笔卖出看跌期权交易，成交量为4339张，未平仓数为8310张，V/OI值为24.6，交易金额为741954USD，合约行权价是700，到期日为2026/06/09
2026-06-09,US.QQQ,,CALL,720.0,2026-06-12,6491,2004300.0,BUY,06-10 01:43,6.10 01:43，出现一笔买入看涨期权交易，成交量为6491张，未平仓数为12379张，V/OI值为3.4，交易金额为2004300USD，合约行权价是720，到期日为2026/06/12
2026-06-09,US.QQQ,,PUT,687.0,2026-06-10,3299,989700.0,SELL,06-10 01:19,6.10 01:19，出现一笔卖出看跌期权交易，成交量为3299张，未平仓数为775张，V/OI值为14.6，交易金额为989700USD，合约行权价是687，到期日为2026/06/10
2026-06-09,US.QQQ,,CALL,700.0,2026-06-09,4456,757429.0,BUY,06-10 01:05,6.10 01:05，出现一笔买入看涨期权交易，成交量为4456张，未平仓数为102张，V/OI值为1325，交易金额为757429USD，合约行权价是700，到期日为2026/06/09
2026-06-09,US.QQQ,,PUT,680.0,2026-06-09,4558,355524.0,BUY,06-10 01:02,6.10 01:02，出现一笔买入看跌期权交易，成交量为4558张，未平仓数为6299张，V/OI值为20.7，交易金额为355524USD，合约行权价是680，到期日为2026/06/09
2026-06-09,US.QQQ,,PUT,670.0,2026-06-09,4558,127624.0,SELL,06-10 01:02,6.10 01:02，出现一笔卖出看跌期权交易，成交量为4558张，未平仓数为2113张，V/OI值为30.9，交易金额为127624USD，合约行权价是670，到期日为2026/06/09
2026-06-09,US.QQQ,,PUT,665.0,2026-06-09,7965,358425.0,SELL,06-10 00:50,6.10 00:50，出现一笔卖出看跌期权交易，成交量为7965张，未平仓数为1329张，V/OI值为27.8，交易金额为358425USD，合约行权价是665，到期日为2026/06/09
2026-06-09,US.QQQ,,PUT,675.0,2026-06-09,7965,756675.0,BUY,06-10 00:50,6.10 00:50，出现一笔买入看跌期权交易，成交量为7965张，未平仓数为13118张，V/OI值为6.5，交易金额为756675USD，合约行权价是675，到期日为2026/06/09
2026-06-09,US.QQQ,,PUT,665.0,2026-06-09,4893,220185.0,SELL,06-10 00:50,6.10 00:50，出现一笔卖出看跌期权交易，成交量为4893张，未平仓数为1329张，V/OI值为21.8，交易金额为220185USD，合约行权价是665，到期日为2026/06/09
2026-06-09,US.QQQ,,PUT,675.0,2026-06-09,4893,464835.0,BUY,06-10 00:50,6.10 00:50，出现一笔买入看跌期权交易，成交量为4893张，未平仓数为13118张，V/OI值为5.9，交易金额为464835USD，合约行权价是675，到期日为2026/06/09
2026-06-09,US.QQQ,,PUT,710.0,2026-07-02,3300,8560200.0,BUY,06-10 00:03,6.10 00:03，出现一笔买入看跌期权交易，成交量为3300张，未平仓数为963张，V/OI值为6.2，交易金额为8560200USD，合约行权价是710，到期日为2026/07/02
2026-06-09,US.QQQ,,PUT,630.0,2026-06-18,5229,1040571.0,BUY,06-10 00:03,6.10 00:03，出现一笔买入看跌期权交易，成交量为5229张，未平仓数为35378张，V/OI值为0.3，交易金额为1040571USD，合约行权价是630，到期日为2026/06/18
2026-06-09,US.RDDT,,CALL,170.0,2026-08-21,270,791100.0,BUY,06-10 03:46,6.10 03:46，出现一笔买入看涨期权交易，成交量为270张，未平仓数为1360张，V/OI值为0.4，交易金额为791100USD，合约行权价是170，到期日为2026/08/21
2026-06-09,US.RDDT,,CALL,170.0,2026-08-21,270,657450.0,SELL,06-10 00:36,6.10 00:36，出现一笔卖出看涨期权交易，成交量为270张，未平仓数为1360张，V/OI值为0.2，交易金额为657450USD，合约行权价是170，到期日为2026/08/21
2026-06-09,US.SAP,,CALL,200.0,2026-07-17,309,101978.0,SELL,06-10 00:18,6.10 00:18，出现一笔卖出看涨期权交易，成交量为309张，未平仓数为486张，V/OI值为0.7，交易金额为101978USD，合约行权价是200，到期日为2026/07/17
2026-06-09,US.SCO,,CALL,28.0,2026-07-17,1000,200968.0,BUY,06-10 00:18,6.10 00:18，出现一笔买入看涨期权交易，成交量为1000张，未平仓数为245张，V/OI值为4.1，交易金额为200968USD，合约行权价是28，到期日为2026/07/17
2026-06-09,US.SMCI,,CALL,44.5,2026-06-18,4032,318528.0,SELL,06-10 03:21,6.10 03:21，出现一笔卖出看涨期权交易，成交量为4032张，未平仓数为54张，V/OI值为170.1，交易金额为318528USD，合约行权价是44.5，到期日为2026/06/18
2026-06-09,US.SMCI,,CALL,41.5,2026-06-18,4032,653184.0,SELL,06-10 03:21,6.10 03:21，出现一笔卖出看涨期权交易，成交量为4032张，未平仓数为14张，V/OI值为656.3，交易金额为653184USD，合约行权价是41.5，到期日为2026/06/18
2026-06-09,US.SMCI,,CALL,44.5,2026-06-18,1011,82902.0,SELL,06-10 01:37,6.10 01:37，出现一笔卖出看涨期权交易，成交量为1011张，未平仓数为54张，V/OI值为86，交易金额为82902USD，合约行权价是44.5，到期日为2026/06/18
2026-06-09,US.SMCI,,CALL,44.5,2026-06-18,1000,82000.0,SELL,06-10 01:37,6.10 01:37，出现一笔卖出看涨期权交易，成交量为1000张，未平仓数为54张，V/OI值为67.3，交易金额为82000USD，合约行权价是44.5，到期日为2026/06/18
2026-06-09,US.SMCI,,CALL,41.5,2026-06-18,1011,167826.0,SELL,06-10 01:37,6.10 01:37，出现一笔卖出看涨期权交易，成交量为1011张，未平仓数为14张，V/OI值为331，交易金额为167826USD，合约行权价是41.5，到期日为2026/06/18
2026-06-09,US.SMCI,,CALL,41.5,2026-06-18,1000,166000.0,SELL,06-10 01:37,6.10 01:37，出现一笔卖出看涨期权交易，成交量为1000张，未平仓数为14张，V/OI值为258.8，交易金额为166000USD，合约行权价是41.5，到期日为2026/06/18
2026-06-09,US.SMCI,,CALL,60.0,2026-07-17,2357,108422.0,SELL,06-10 01:23,6.10 01:23，出现一笔卖出看涨期权交易，成交量为2357张，未平仓数为16400张，V/OI值为0.3，交易金额为108422USD，合约行权价是60，到期日为2026/07/17
2026-06-09,US.SMCI,,PUT,26.0,2027-01-15,1500,502500.0,SELL,06-10 00:06,6.10 00:06，出现一笔卖出看跌期权交易，成交量为1500张，未平仓数为6680张，V/OI值为0.2，交易金额为502500USD，合约行权价是26，到期日为2027/01/15
2026-06-09,US.SMCI,,CALL,41.5,2026-06-12,1000,86000.0,BUY,06-10 00:04,6.10 00:04，出现一笔买入看涨期权交易，成交量为1000张，未平仓数为289张，V/OI值为5，交易金额为86000USD，合约行权价是41.5，到期日为2026/06/12
2026-06-09,US.SNOW,,CALL,280.0,2026-07-17,1200,648000.0,BUY,06-10 03:25,6.10 03:25，出现一笔买入看涨期权交易，成交量为1200张，未平仓数为4927张，V/OI值为0.3，交易金额为648000USD，合约行权价是280，到期日为2026/07/17
2026-06-09,US.SNOW,,PUT,250.0,2026-09-18,313,1291697.0,SELL,06-10 00:42,6.10 00:42，出现一笔卖出看跌期权交易，成交量为313张，未平仓数为227张，V/OI值为1.4，交易金额为1291697USD，合约行权价是250，到期日为2026/09/18
2026-06-09,US.SOFI,,CALL,25.0,2026-09-18,2627,102453.0,SELL,06-10 00:19,6.10 00:19，出现一笔卖出看涨期权交易，成交量为2627张，未平仓数为31914张，V/OI值为0.3，交易金额为102453USD，合约行权价是25，到期日为2026/09/18
2026-06-09,US.SOXL,,PUT,135.0,2026-06-12,1000,392299.0,SELL,06-10 01:05,6.10 01:05，出现一笔卖出看跌期权交易，成交量为1000张，未平仓数为1468张，V/OI值为1.9，交易金额为392299USD，合约行权价是135，到期日为2026/06/12
2026-06-09,US.SOXS,,CALL,6.0,2026-06-18,1000,88000.0,BUY,06-10 03:54,6.10 03:54，出现一笔买入看涨期权交易，成交量为1000张，未平仓数为13889张，V/OI值为1.4，交易金额为88000USD，合约行权价是6，到期日为2026/06/18
2026-06-09,US.SOXS,,CALL,7.0,2026-07-17,1323,152145.0,BUY,06-10 03:10,6.10 03:10，出现一笔买入看涨期权交易，成交量为1323张，未平仓数为9830张，V/OI值为0.6，交易金额为152145USD，合约行权价是7，到期日为2026/07/17
2026-06-09,US.SOXS,,CALL,8.0,2026-07-17,1162,112714.0,SELL,06-10 02:25,6.10 02:25，出现一笔卖出看涨期权交易，成交量为1162张，未平仓数为4309张，V/OI值为0.7，交易金额为112714USD，合约行权价是8，到期日为2026/07/17
2026-06-09,US.SOXS,,CALL,6.0,2026-06-12,1000,86000.0,SELL,06-10 01:15,6.10 01:15，出现一笔卖出看涨期权交易，成交量为1000张，未平仓数为19620张，V/OI值为2.3，交易金额为86000USD，合约行权价是6，到期日为2026/06/12
2026-06-09,US.SOXS,,CALL,7.5,2026-07-24,1000,141000.0,SELL,06-10 01:05,6.10 01:05，出现一笔卖出看涨期权交易，成交量为1000张，未平仓数为54张，V/OI值为83.7，交易金额为141000USD，合约行权价是7.5，到期日为2026/07/24
2026-06-09,US.SOXS,,CALL,10.0,2026-08-21,1072,161872.0,SELL,06-10 01:00,6.10 01:00，出现一笔卖出看涨期权交易，成交量为1072张，未平仓数为11414张，V/OI值为0.4，交易金额为161872USD，合约行权价是10，到期日为2026/08/21
2026-06-09,US.SOXS,,CALL,9.0,2026-07-02,1240,97960.0,SELL,06-10 01:00,6.10 01:00，出现一笔卖出看涨期权交易，成交量为1240张，未平仓数为522张，V/OI值为2.6，交易金额为97960USD，合约行权价是9，到期日为2026/07/02
2026-06-09,US.SOXS,,CALL,7.5,2026-06-18,1837,139612.0,SELL,06-10 00:59,6.10 00:59，出现一笔卖出看涨期权交易，成交量为1837张，未平仓数为3716张，V/OI值为1.2，交易金额为139612USD，合约行权价是7.5，到期日为2026/06/18
2026-06-09,US.SOXS,,CALL,7.0,2026-06-12,1361,84382.0,SELL,06-10 00:58,6.10 00:58，出现一笔卖出看涨期权交易，成交量为1361张，未平仓数为21477张，V/OI值为1.4，交易金额为84382USD，合约行权价是7，到期日为2026/06/12
2026-06-09,US.SOXS,,CALL,6.5,2026-06-12,1055,105500.0,BUY,06-10 00:39,6.10 00:39，出现一笔买入看涨期权交易，成交量为1055张，未平仓数为18768张，V/OI值为1.6，交易金额为105500USD，合约行权价是6.5，到期日为2026/06/12
2026-06-09,US.SOXS,,CALL,6.0,2026-08-21,1000,252000.0,BUY,06-10 00:27,6.10 00:27，出现一笔买入看涨期权交易，成交量为1000张，未平仓数为3957张，V/OI值为2.8，交易金额为252000USD，合约行权价是6，到期日为2026/08/21
2026-06-09,US.SOXS,,CALL,6.5,2026-06-12,2000,168000.0,BUY,06-10 00:17,6.10 00:17，出现一笔买入看涨期权交易，成交量为2000张，未平仓数为18768张，V/OI值为1.4，交易金额为168000USD，合约行权价是6.5，到期日为2026/06/12
2026-06-09,US.SPY,,PUT,708.0,2026-06-18,4500,1019554.0,SELL,06-10 04:06,6.10 04:06，出现一笔卖出看跌期权交易，成交量为4500张，未平仓数为5651张，V/OI值为4.8，交易金额为1019554USD，合约行权价是708，到期日为2026/06/18
2026-06-09,US.SPY,,PUT,695.0,2026-07-17,4189,2048006.0,SELL,06-10 04:05,6.10 04:05，出现一笔卖出看跌期权交易，成交量为4189张，未平仓数为11528张，V/OI值为2，交易金额为2048006USD，合约行权价是695，到期日为2026/07/17
2026-06-09,US.SPY,,CALL,751.0,2026-06-18,3222,576738.0,BUY,06-10 03:48,6.10 03:48，出现一笔买入看涨期权交易，成交量为3222张，未平仓数为5010张，V/OI值为0.9，交易金额为576738USD，合约行权价是751，到期日为2026/06/18
2026-06-09,US.SPY,,CALL,736.0,2026-06-09,3011,191152.0,SELL,06-10 03:16,6.10 03:16，出现一笔卖出看涨期权交易，成交量为3011张，未平仓数为1397张，V/OI值为264.9，交易金额为191152USD，合约行权价是736，到期日为2026/06/09
2026-06-09,US.SPY,,PUT,714.0,2026-06-17,5000,1226770.0,BUY,06-10 03:12,6.10 03:12，出现一笔买入看跌期权交易，成交量为5000张，未平仓数为113张，V/OI值为92.5，交易金额为1226770USD，合约行权价是714，到期日为2026/06/17
2026-06-09,US.SPY,,CALL,850.0,2026-09-30,3000,231000.0,BUY,06-10 02:36,6.10 02:36，出现一笔买入看涨期权交易，成交量为3000张，未平仓数为3570张，V/OI值为1，交易金额为231000USD，合约行权价是850，到期日为2026/09/30
2026-06-09,US.SPY,,PUT,735.0,2026-06-09,3000,435000.0,SELL,06-10 02:33,6.10 02:33，出现一笔卖出看跌期权交易，成交量为3000张，未平仓数为6935张，V/OI值为35.7，交易金额为435000USD，合约行权价是735，到期日为2026/06/09
2026-06-09,US.SPY,,CALL,736.0,2026-06-09,3044,329595.0,SELL,06-10 02:25,6.10 02:25，出现一笔卖出看涨期权交易，成交量为3044张，未平仓数为1397张，V/OI值为160.4，交易金额为329595USD，合约行权价是736，到期日为2026/06/09
2026-06-09,US.SPY,,CALL,745.0,2026-06-18,3161,1203870.0,BUY,06-10 02:21,6.10 02:21，出现一笔买入看涨期权交易，成交量为3161张，未平仓数为21274张，V/OI值为0.6，交易金额为1203870USD，合约行权价是745，到期日为2026/06/18
2026-06-09,US.SPY,,CALL,739.0,2026-06-09,3027,117747.0,BUY,06-10 02:20,6.10 02:20，出现一笔买入看涨期权交易，成交量为3027张，未平仓数为3233张，V/OI值为42.5，交易金额为117747USD，合约行权价是739，到期日为2026/06/09
2026-06-09,US.SPY,,PUT,724.0,2026-06-09,9652,164084.0,BUY,06-10 01:55,6.10 01:55，出现一笔买入看跌期权交易，成交量为9652张，未平仓数为4383张，V/OI值为58.3，交易金额为164084USD，合约行权价是724，到期日为2026/06/09
2026-06-09,US.SPY,,PUT,729.0,2026-06-09,3018,302282.0,SELL,06-10 01:50,6.10 01:50，出现一笔卖出看跌期权交易，成交量为3018张，未平仓数为2893张，V/OI值为78.9，交易金额为302282USD，合约行权价是729，到期日为2026/06/09
2026-06-09,US.SPY,,PUT,708.0,2026-06-18,3344,926288.0,BUY,06-10 01:45,6.10 01:45，出现一笔买入看跌期权交易，成交量为3344张，未平仓数为5651张，V/OI值为3.2，交易金额为926288USD，合约行权价是708，到期日为2026/06/18
2026-06-09,US.SPY,,PUT,735.0,2026-07-17,9999,15778422.0,SELL,06-10 01:43,6.10 01:43，出现一笔卖出看跌期权交易，成交量为9999张，未平仓数为55641张，V/OI值为0.4，交易金额为15778422USD，合约行权价是735，到期日为2026/07/17
2026-06-09,US.SPY,,PUT,715.0,2026-07-17,9999,9419058.0,BUY,06-10 01:43,6.10 01:43，出现一笔买入看跌期权交易，成交量为9999张，未平仓数为16210张，V/OI值为0.7，交易金额为9419058USD，合约行权价是715，到期日为2026/07/17
2026-06-09,US.SPY,,PUT,725.0,2026-06-30,3750,3525000.0,BUY,06-10 01:40,6.10 01:40，出现一笔买入看跌期权交易，成交量为3750张，未平仓数为26129张，V/OI值为1.5，交易金额为3525000USD，合约行权价是725，到期日为2026/06/30
2026-06-09,US.SPY,,PUT,725.0,2026-06-30,3750,3525000.0,BUY,06-10 01:40,6.10 01:40，出现一笔买入看跌期权交易，成交量为3750张，未平仓数为26129张，V/OI值为1.4，交易金额为3525000USD，合约行权价是725，到期日为2026/06/30
2026-06-09,US.SPY,,PUT,695.0,2026-06-30,3750,1271250.0,SELL,06-10 01:40,6.10 01:40，出现一笔卖出看跌期权交易，成交量为3750张，未平仓数为11190张，V/OI值为0.7，交易金额为1271250USD，合约行权价是695，到期日为2026/06/30
2026-06-09,US.SPY,,PUT,695.0,2026-06-30,3750,1271250.0,SELL,06-10 01:40,6.10 01:40，出现一笔卖出看跌期权交易，成交量为3750张，未平仓数为11190张，V/OI值为0.4，交易金额为1271250USD，合约行权价是695，到期日为2026/06/30
2026-06-09,US.SPY,,CALL,735.0,2026-06-09,3195,268128.0,SELL,06-10 01:39,6.10 01:39，出现一笔卖出看涨期权交易，成交量为3195张，未平仓数为946张，V/OI值为226.4，交易金额为268128USD，合约行权价是735，到期日为2026/06/09
2026-06-09,US.SPY,,PUT,725.0,2026-06-09,5640,152280.0,BUY,06-10 01:39,6.10 01:39，出现一笔买入看跌期权交易，成交量为5640张，未平仓数为3964张，V/OI值为65.2，交易金额为152280USD，合约行权价是725，到期日为2026/06/09
2026-06-09,US.SPY,,CALL,733.0,2026-06-09,3180,419681.0,SELL,06-10 01:34,6.10 01:34，出现一笔卖出看涨期权交易，成交量为3180张，未平仓数为178张，V/OI值为1006.9，交易金额为419681USD，合约行权价是733，到期日为2026/06/09
2026-06-09,US.SPY,,PUT,723.0,2026-06-09,3005,87145.0,BUY,06-10 01:31,6.10 01:31，出现一笔买入看跌期权交易，成交量为3005张，未平仓数为4642张，V/OI值为37.6，交易金额为87145USD，合约行权价是723，到期日为2026/06/09
2026-06-09,US.SPY,,PUT,724.0,2026-06-09,4500,286229.0,SELL,06-10 01:14,6.10 01:14，出现一笔卖出看跌期权交易，成交量为4500张，未平仓数为4383张，V/OI值为45.6，交易金额为286229USD，合约行权价是724，到期日为2026/06/09
2026-06-09,US.SPY,,CALL,733.0,2026-06-09,3021,143160.0,SELL,06-10 01:10,6.10 01:10，出现一笔卖出看涨期权交易，成交量为3021张，未平仓数为178张，V/OI值为722.2，交易金额为143160USD，合约行权价是733，到期日为2026/06/09
2026-06-09,US.SPY,,PUT,717.0,2026-06-12,5003,1737048.0,SELL,06-10 01:01,6.10 01:01，出现一笔卖出看跌期权交易，成交量为5003张，未平仓数为18301张，V/OI值为1.4，交易金额为1737048USD，合约行权价是717，到期日为2026/06/12
2026-06-09,US.SPY,,CALL,732.0,2026-06-09,3056,106985.0,SELL,06-10 00:53,6.10 00:53，出现一笔卖出看涨期权交易，成交量为3056张，未平仓数为697张，V/OI值为177.1，交易金额为106985USD，合约行权价是732，到期日为2026/06/09
2026-06-09,US.SPY,,PUT,720.0,2026-06-15,20000,12500000.0,BUY,06-10 00:52,6.10 00:52，出现一笔买入看跌期权交易，成交量为20000张，未平仓数为884张，V/OI值为26.5，交易金额为12500000USD，合约行权价是720，到期日为2026/06/15
2026-06-09,US.SPY,,PUT,740.0,2026-06-15,15000,24900000.0,SELL,06-10 00:52,6.10 00:52，出现一笔卖出看跌期权交易，成交量为15000张，未平仓数为6447张，V/OI值为4.6，交易金额为24900000USD，合约行权价是740，到期日为2026/06/15
2026-06-09,US.SPY,,PUT,695.0,2026-07-17,3273,2863875.0,BUY,06-10 00:40,6.10 00:40，出现一笔买入看跌期权交易，成交量为3273张，未平仓数为11528张，V/OI值为1，交易金额为2863875USD，合约行权价是695，到期日为2026/07/17
2026-06-09,US.SPY,,PUT,715.0,2026-06-18,4300,3031500.0,SELL,06-10 00:38,6.10 00:38，出现一笔卖出看跌期权交易，成交量为4300张，未平仓数为73667张，V/OI值为0.2，交易金额为3031500USD，合约行权价是715，到期日为2026/06/18
2026-06-09,US.SPY,,PUT,715.0,2026-06-18,3876,2325600.0,SELL,06-10 00:27,6.10 00:27，出现一笔卖出看跌期权交易，成交量为3876张，未平仓数为73667张，V/OI值为0.2，交易金额为2325600USD，合约行权价是715，到期日为2026/06/18
2026-06-09,US.SPY,,PUT,712.0,2026-06-18,3128,1617176.0,BUY,06-10 00:24,6.10 00:24，出现一笔买入看跌期权交易，成交量为3128张，未平仓数为7568张，V/OI值为1.1，交易金额为1617176USD，合约行权价是712，到期日为2026/06/18
2026-06-09,US.SPY,,PUT,705.0,2026-06-30,8939,6319873.0,BUY,06-10 00:22,6.10 00:22，出现一笔买入看跌期权交易，成交量为8939张，未平仓数为5685张，V/OI值为2.2，交易金额为6319873USD，合约行权价是705，到期日为2026/06/30
2026-06-09,US.SPY,,PUT,725.0,2026-06-30,8939,11593883.0,BUY,06-10 00:22,6.10 00:22，出现一笔买入看跌期权交易，成交量为8939张，未平仓数为26129张，V/OI值为1，交易金额为11593883USD，合约行权价是725，到期日为2026/06/30
2026-06-09,US.SPY,,PUT,700.0,2026-07-17,5230,4429810.0,SELL,06-10 00:22,6.10 00:22，出现一笔卖出看跌期权交易，成交量为5230张，未平仓数为39429张，V/OI值为0.6，交易金额为4429810USD，合约行权价是700，到期日为2026/07/17
2026-06-09,US.SPY,,PUT,708.0,2026-06-18,3277,1496972.0,BUY,06-10 00:19,6.10 00:19，出现一笔买入看跌期权交易，成交量为3277张，未平仓数为5651张，V/OI值为0.8，交易金额为1496972USD，合约行权价是708，到期日为2026/06/18
2026-06-09,US.SPY,,PUT,740.0,2026-06-15,9956,14973824.0,BUY,06-10 00:17,6.10 00:17，出现一笔买入看跌期权交易，成交量为9956张，未平仓数为6447张，V/OI值为2.2，交易金额为14973824USD，合约行权价是740，到期日为2026/06/15
2026-06-09,US.SPY,,PUT,745.0,2026-06-15,9956,18876576.0,SELL,06-10 00:17,6.10 00:17，出现一笔卖出看跌期权交易，成交量为9956张，未平仓数为14790张，V/OI值为0.8，交易金额为18876576USD，合约行权价是745，到期日为2026/06/15
2026-06-09,US.SPY,,PUT,724.0,2026-06-09,4020,349760.0,SELL,06-10 00:13,6.10 00:13，出现一笔卖出看跌期权交易，成交量为4020张，未平仓数为4383张，V/OI值为16.5，交易金额为349760USD，合约行权价是724，到期日为2026/06/09
2026-06-09,US.SPY,,PUT,720.0,2026-06-18,4515,2835672.0,BUY,06-10 00:12,6.10 00:12，出现一笔买入看跌期权交易，成交量为4515张，未平仓数为32091张，V/OI值为1.9，交易金额为2835672USD，合约行权价是720，到期日为2026/06/18
2026-06-09,US.SPY,,PUT,720.0,2026-06-18,4199,2527798.0,BUY,06-10 00:01,6.10 00:01，出现一笔买入看跌期权交易，成交量为4199张，未平仓数为32091张，V/OI值为1.7，交易金额为2527798USD，合约行权价是720，到期日为2026/06/18
2026-06-09,US.SPY,,PUT,720.0,2026-06-18,4200,2536800.0,BUY,06-10 00:01,6.10 00:01，出现一笔买入看跌期权交易，成交量为4200张，未平仓数为32091张，V/OI值为1.6，交易金额为2536800USD，合约行权价是720，到期日为2026/06/18
2026-06-09,US.SPY,,PUT,720.0,2026-06-18,4199,2536196.0,BUY,06-10 00:01,6.10 00:01，出现一笔买入看跌期权交易，成交量为4199张，未平仓数为32091张，V/OI值为1.4，交易金额为2536196USD，合约行权价是720，到期日为2026/06/18
2026-06-09,US.SPY,,PUT,720.0,2026-06-18,3975,2404875.0,BUY,06-10 00:01,6.10 00:01，出现一笔买入看跌期权交易，成交量为3975张，未平仓数为32091张，V/OI值为1.3，交易金额为2404875USD，合约行权价是720，到期日为2026/06/18
2026-06-09,US.SPY,,PUT,720.0,2026-06-18,3944,2386120.0,BUY,06-10 00:01,6.10 00:01，出现一笔买入看跌期权交易，成交量为3944张，未平仓数为32091张，V/OI值为1.2，交易金额为2386120USD，合约行权价是720，到期日为2026/06/18
2026-06-09,US.SPY,,PUT,730.0,2026-06-12,4199,2628574.0,SELL,06-10 00:01,6.10 00:01，出现一笔卖出看跌期权交易，成交量为4199张，未平仓数为29446张，V/OI值为1.3，交易金额为2628574USD，合约行权价是730，到期日为2026/06/12
2026-06-09,US.SPY,,PUT,730.0,2026-06-12,3975,2492325.0,SELL,06-10 00:01,6.10 00:01，出现一笔卖出看跌期权交易，成交量为3975张，未平仓数为29446张，V/OI值为0.9，交易金额为2492325USD，合约行权价是730，到期日为2026/06/12
2026-06-09,US.SPY,,PUT,730.0,2026-06-12,3944,2472888.0,SELL,06-10 00:01,6.10 00:01，出现一笔卖出看跌期权交易，成交量为3944张，未平仓数为29446张，V/OI值为0.8，交易金额为2472888USD，合约行权价是730，到期日为2026/06/12
2026-06-09,US.SQQQ,,CALL,45.0,2026-06-18,2789,669360.0,SELL,06-10 01:21,6.10 01:21，出现一笔卖出看涨期权交易，成交量为2789张，未平仓数为36105张，V/OI值为0.2，交易金额为669360USD，合约行权价是45，到期日为2026/06/18
2026-06-09,US.SQQQ,,CALL,41.0,2026-07-02,2000,1110000.0,SELL,06-10 01:05,6.10 01:05，出现一笔卖出看涨期权交易，成交量为2000张，未平仓数为8360张，V/OI值为1.5，交易金额为1110000USD，合约行权价是41，到期日为2026/07/02
2026-06-09,US.SQQQ,,CALL,40.0,2026-07-17,300,235500.0,BUY,06-10 00:40,6.10 00:40，出现一笔买入看涨期权交易，成交量为300张，未平仓数为7688张，V/OI值为0.2，交易金额为235500USD，合约行权价是40，到期日为2026/07/17
2026-06-09,US.SQQQ,,CALL,40.0,2026-07-17,500,390000.0,BUY,06-10 00:39,6.10 00:39，出现一笔买入看涨期权交易，成交量为500张，未平仓数为7688张，V/OI值为0.2，交易金额为390000USD，合约行权价是40，到期日为2026/07/17
2026-06-09,US.TEAM,,PUT,70.0,2026-12-18,200,165148.0,SELL,06-10 01:24,6.10 01:24，出现一笔卖出看跌期权交易，成交量为200张，未平仓数为643张，V/OI值为0.3，交易金额为165148USD，合约行权价是70，到期日为2026/12/18
2026-06-09,US.TEAM,,CALL,150.0,2026-09-18,1059,349474.0,SELL,06-10 00:04,6.10 00:04，出现一笔卖出看涨期权交易，成交量为1059张，未平仓数为1611张，V/OI值为0.7，交易金额为349474USD，合约行权价是150，到期日为2026/09/18
2026-06-09,US.TSLA,,PUT,370.0,2026-11-20,1600,6302400.0,BUY,06-10 01:12,6.10 01:12，出现一笔买入看跌期权交易，成交量为1600张，未平仓数为1891张，V/OI值为0.9，交易金额为6302400USD，合约行权价是370，到期日为2026/11/20
2026-06-09,US.TSLA,,CALL,470.0,2026-11-20,1600,4702400.0,SELL,06-10 01:12,6.10 01:12，出现一笔卖出看涨期权交易，成交量为1600张，未平仓数为386张，V/OI值为4.2，交易金额为4702400USD，合约行权价是470，到期日为2026/11/20
2026-06-09,US.TSM,,PUT,410.0,2026-07-17,1000,2245000.0,BUY,06-10 02:08,6.10 02:08，出现一笔买入看跌期权交易，成交量为1000张，未平仓数为5253张，V/OI值为0.2，交易金额为2245000USD，合约行权价是410，到期日为2026/07/17
2026-06-09,US.TSM,,CALL,400.0,2026-06-18,10000,22500000.0,SELL,06-10 01:24,6.10 01:24，出现一笔卖出看涨期权交易，成交量为10000张，未平仓数为20529张，V/OI值为0.5，交易金额为22500000USD，合约行权价是400，到期日为2026/06/18
2026-06-09,US.TSM,,CALL,400.0,2026-07-17,10000,37050000.0,SELL,06-10 01:24,6.10 01:24，出现一笔卖出看涨期权交易，成交量为10000张，未平仓数为5336张，V/OI值为1.9，交易金额为37050000USD，合约行权价是400，到期日为2026/07/17
2026-06-09,US.TWLO,,PUT,170.0,2026-07-17,169,100860.0,SELL,06-10 00:20,6.10 00:20，出现一笔卖出看跌期权交易，成交量为169张，未平仓数为96张，V/OI值为1.8，交易金额为100860USD，合约行权价是170，到期日为2026/07/17
2026-06-09,US.UPST,,PUT,32.5,2026-07-17,457,166805.0,SELL,06-10 02:36,6.10 02:36，出现一笔卖出看跌期权交易，成交量为457张，未平仓数为468张，V/OI值为1，交易金额为166805USD，合约行权价是32.5，到期日为2026/07/17
2026-06-09,US.VST,,CALL,175.0,2026-09-18,1600,1137600.0,BUY,06-10 03:21,6.10 03:21，出现一笔买入看涨期权交易，成交量为1600张，未平仓数为941张，V/OI值为10.6，交易金额为1137600USD，合约行权价是175，到期日为2026/09/18
2026-06-09,US.VST,,CALL,200.0,2026-09-18,1600,537600.0,SELL,06-10 03:21,6.10 03:21，出现一笔卖出看涨期权交易，成交量为1600张，未平仓数为1011张，V/OI值为9.1，交易金额为537600USD，合约行权价是200，到期日为2026/09/18
2026-06-09,US.VST,,CALL,175.0,2026-09-18,999,699300.0,SELL,06-10 03:19,6.10 03:19，出现一笔卖出看涨期权交易，成交量为999张，未平仓数为941张，V/OI值为6.4，交易金额为699300USD，合约行权价是175，到期日为2026/09/18
2026-06-09,US.VST,,CALL,200.0,2026-09-18,721,255234.0,BUY,06-10 02:37,6.10 02:37，出现一笔买入看涨期权交易，成交量为721张，未平仓数为1011张，V/OI值为5，交易金额为255234USD，合约行权价是200，到期日为2026/09/18
2026-06-09,US.VST,,CALL,200.0,2026-09-18,1279,452766.0,BUY,06-10 02:37,6.10 02:37，出现一笔买入看涨期权交易，成交量为1279张，未平仓数为1011张，V/OI值为4.3，交易金额为452766USD，合约行权价是200，到期日为2026/09/18
2026-06-09,US.VST,,CALL,175.0,2026-09-18,721,522004.0,SELL,06-10 02:37,6.10 02:37，出现一笔卖出看涨期权交易，成交量为721张，未平仓数为941张，V/OI值为5.3，交易金额为522004USD，合约行权价是175，到期日为2026/09/18
2026-06-09,US.VST,,CALL,175.0,2026-09-18,1279,925996.0,SELL,06-10 02:37,6.10 02:37，出现一笔卖出看涨期权交易，成交量为1279张，未平仓数为941张，V/OI值为4.6，交易金额为925996USD，合约行权价是175，到期日为2026/09/18
2026-06-09,US.VST,,CALL,157.5,2026-06-18,1024,107520.0,SELL,06-10 00:30,6.10 00:30，出现一笔卖出看涨期权交易，成交量为1024张，未平仓数为88张，V/OI值为12，交易金额为107520USD，合约行权价是157.5，到期日为2026/06/18
2026-06-09,US.WDAY,,PUT,140.0,2026-09-18,268,485080.0,SELL,06-10 02:12,6.10 02:12，出现一笔卖出看跌期权交易，成交量为268张，未平仓数为2258张，V/OI值为0.4，交易金额为485080USD，合约行权价是140，到期日为2026/09/18
2026-06-09,US.XOM,,CALL,152.5,2026-06-26,5700,1630200.0,BUY,06-10 00:38,6.10 00:38，出现一笔买入看涨期权交易，成交量为5700张，未平仓数为28张，V/OI值为204.3，交易金额为1630200USD，合约行权价是152.5，到期日为2026/06/26
2026-06-10,US.AAPL,,CALL,292.5,2026-06-10,1453,130770.0,BUY,06-11 03:04,6.11 03:04，出现一笔买入看涨期权交易，成交量为1453张，未平仓数为7237张，V/OI值为20.4，交易金额为130770USD，合约行权价是292.5，到期日为2026/06/10
2026-06-10,US.AAPL,,CALL,300.0,2026-06-18,1355,311018.0,SELL,06-11 02:50,6.11 02:50，出现一笔卖出看涨期权交易，成交量为1355张，未平仓数为32438张，V/OI值为0.5，交易金额为311018USD，合约行权价是300，到期日为2026/06/18
2026-06-10,US.AAPL,,CALL,350.0,2026-09-18,3489,802470.0,SELL,06-11 01:48,6.11 01:48，出现一笔卖出看涨期权交易，成交量为3489张，未平仓数为36194张，V/OI值为0.1，交易金额为802470USD，合约行权价是350，到期日为2026/09/18
2026-06-10,US.AAPL,,CALL,330.0,2026-12-18,2000,2150000.0,SELL,06-11 01:22,6.11 01:22，出现一笔卖出看涨期权交易，成交量为2000张，未平仓数为6801张，V/OI值为0.3，交易金额为2150000USD，合约行权价是330，到期日为2026/12/18
2026-06-10,US.AAPL,,PUT,280.0,2028-12-15,1218,4243512.0,SELL,06-11 00:53,6.11 00:53，出现一笔卖出看跌期权交易，成交量为1218张，未平仓数为1428张，V/OI值为0.9，交易金额为4243512USD，合约行权价是280，到期日为2028/12/15
2026-06-10,US.AAPL,,PUT,290.0,2026-08-21,1218,1472562.0,BUY,06-11 00:53,6.11 00:53，出现一笔买入看跌期权交易，成交量为1218张，未平仓数为7303张，V/OI值为0.2，交易金额为1472562USD，合约行权价是290，到期日为2026/08/21
2026-06-10,US.AAPL,,CALL,310.0,2026-07-17,2000,670000.0,BUY,06-11 00:45,6.11 00:45，出现一笔买入看涨期权交易，成交量为2000张，未平仓数为42352张，V/OI值为0.3，交易金额为670000USD，合约行权价是310，到期日为2026/07/17
2026-06-10,US.AAPL,,PUT,300.0,2026-08-21,1672,2792240.0,SELL,06-11 00:40,6.11 00:40，出现一笔卖出看跌期权交易，成交量为1672张，未平仓数为23104张，V/OI值为0.1，交易金额为2792240USD，合约行权价是300，到期日为2026/08/21
2026-06-10,US.AMD,,PUT,445.0,2026-06-12,1500,1597500.0,BUY,06-11 03:21,6.11 03:21，出现一笔买入看跌期权交易，成交量为1500张，未平仓数为1356张，V/OI值为3.3，交易金额为1597500USD，合约行权价是445，到期日为2026/06/12
2026-06-10,US.AMD,,PUT,300.0,2027-09-17,1000,4882000.0,BUY,06-11 01:53,6.11 01:53，出现一笔买入看跌期权交易，成交量为1000张，未平仓数为211张，V/OI值为4.7，交易金额为4882000USD，合约行权价是300，到期日为2027/09/17
2026-06-10,US.AMD,,PUT,420.0,2026-09-18,1000,4987000.0,SELL,06-11 01:53,6.11 01:53，出现一笔卖出看跌期权交易，成交量为1000张，未平仓数为417张，V/OI值为4.9，交易金额为4987000USD，合约行权价是420，到期日为2026/09/18
2026-06-10,US.AMD,,CALL,400.0,2026-06-18,7755,46917750.0,SELL,06-11 00:32,6.11 00:32，出现一笔卖出看涨期权交易，成交量为7755张，未平仓数为15441张，V/OI值为0.5，交易金额为46917750USD，合约行权价是400，到期日为2026/06/18
2026-06-10,US.AMD,,CALL,470.0,2026-07-17,7755,28809825.0,BUY,06-11 00:32,6.11 00:32，出现一笔买入看涨期权交易，成交量为7755张，未平仓数为893张，V/OI值为8.9，交易金额为28809825USD，合约行权价是470，到期日为2026/07/17
2026-06-10,US.AMZN,,CALL,270.0,2026-07-17,1136,178352.0,BUY,06-11 03:54,6.11 03:54，出现一笔买入看涨期权交易，成交量为1136张，未平仓数为36501张，V/OI值为0.5，交易金额为178352USD，合约行权价是270，到期日为2026/07/17
2026-06-10,US.AMZN,,CALL,270.0,2026-07-17,1500,235500.0,BUY,06-11 03:50,6.11 03:50，出现一笔买入看涨期权交易，成交量为1500张，未平仓数为36501张，V/OI值为0.5，交易金额为235500USD，合约行权价是270，到期日为2026/07/17
2026-06-10,US.AMZN,,CALL,245.0,2026-08-21,6600,9081600.0,BUY,06-11 03:37,6.11 03:37，出现一笔买入看涨期权交易，成交量为6600张，未平仓数为2875张，V/OI值为2.6，交易金额为9081600USD，合约行权价是245，到期日为2026/08/21
2026-06-10,US.AMZN,,PUT,245.0,2026-08-21,6600,12078000.0,SELL,06-11 03:37,6.11 03:37，出现一笔卖出看跌期权交易，成交量为6600张，未平仓数为5411张，V/OI值为1.3，交易金额为12078000USD，合约行权价是245，到期日为2026/08/21
2026-06-10,US.AMZN,,CALL,220.0,2026-06-18,6600,12738000.0,SELL,06-11 03:37,6.11 03:37，出现一笔卖出看涨期权交易，成交量为6600张，未平仓数为26573张，V/OI值为0.3，交易金额为12738000USD，合约行权价是220，到期日为2026/06/18
2026-06-10,US.AMZN,,PUT,220.0,2026-06-18,6600,508200.0,SELL,06-11 03:37,6.11 03:37，出现一笔卖出看跌期权交易，成交量为6600张，未平仓数为21259张，V/OI值为0.4，交易金额为508200USD，合约行权价是220，到期日为2026/06/18
2026-06-10,US.AMZN,,CALL,237.5,2026-06-12,1490,499122.0,BUY,06-11 03:37,6.11 03:37，出现一笔买入看涨期权交易，成交量为1490张，未平仓数为93张，V/OI值为36.2，交易金额为499122USD，合约行权价是237.5，到期日为2026/06/12
2026-06-10,US.AMZN,,CALL,315.0,2026-08-21,3000,333000.0,SELL,06-11 02:51,6.11 02:51，出现一笔卖出看涨期权交易，成交量为3000张，未平仓数为8220张，V/OI值为0.4，交易金额为333000USD，合约行权价是315，到期日为2026/08/21
2026-06-10,US.AMZN,,CALL,280.0,2026-09-18,1500,880500.0,BUY,06-11 02:51,6.11 02:51，出现一笔买入看涨期权交易，成交量为1500张，未平仓数为11219张，V/OI值为0.2，交易金额为880500USD，合约行权价是280，到期日为2026/09/18
2026-06-10,US.AMZN,,CALL,250.0,2026-06-18,1500,204000.0,BUY,06-11 02:21,6.11 02:21，出现一笔买入看涨期权交易，成交量为1500张，未平仓数为21242张，V/OI值为0.4，交易金额为204000USD，合约行权价是250，到期日为2026/06/18
2026-06-10,US.AMZN,,PUT,232.5,2026-06-12,1500,105000.0,BUY,06-11 02:21,6.11 02:21，出现一笔买入看跌期权交易，成交量为1500张，未平仓数为4264张，V/OI值为1，交易金额为105000USD，合约行权价是232.5，到期日为2026/06/12
2026-06-10,US.AMZN,,PUT,220.0,2026-06-18,1500,100500.0,SELL,06-11 02:21,6.11 02:21，出现一笔卖出看跌期权交易，成交量为1500张，未平仓数为21259张，V/OI值为0.1，交易金额为100500USD，合约行权价是220，到期日为2026/06/18
2026-06-10,US.AMZN,,CALL,270.0,2026-07-17,1316,210560.0,SELL,06-11 01:46,6.11 01:46，出现一笔卖出看涨期权交易，成交量为1316张，未平仓数为36501张，V/OI值为0.4，交易金额为210560USD，合约行权价是270，到期日为2026/07/17
2026-06-10,US.AMZN,,PUT,235.0,2027-01-15,1000,2197000.0,BUY,06-11 01:12,6.11 01:12，出现一笔买入看跌期权交易，成交量为1000张，未平仓数为8196张，V/OI值为0.1，交易金额为2197000USD，合约行权价是235，到期日为2027/01/15
2026-06-10,US.AMZN,,PUT,190.0,2027-01-15,1500,1032000.0,BUY,06-11 01:12,6.11 01:12，出现一笔买入看跌期权交易，成交量为1500张，未平仓数为11243张，V/OI值为0.2，交易金额为1032000USD，合约行权价是190，到期日为2027/01/15
2026-06-10,US.APLD,,CALL,36.0,2026-06-18,864,375840.0,BUY,06-11 03:32,6.11 03:32，出现一笔买入看涨期权交易，成交量为864张，未平仓数为2239张，V/OI值为0.4，交易金额为375840USD，合约行权价是36，到期日为2026/06/18
2026-06-10,US.APLD,,PUT,34.5,2026-06-18,1019,81277.0,BUY,06-11 03:32,6.11 03:32，出现一笔买入看跌期权交易，成交量为1019张，未平仓数为5张，V/OI值为206.2，交易金额为81277USD，合约行权价是34.5，到期日为2026/06/18
2026-06-10,US.APLD,,CALL,50.0,2028-01-21,238,418880.0,SELL,06-11 00:27,6.11 00:27，出现一笔卖出看涨期权交易，成交量为238张，未平仓数为6310张，V/OI值为0，交易金额为418880USD，合约行权价是50，到期日为2028/01/21
2026-06-10,US.ASML,,PUT,1600.0,2026-06-18,182,333060.0,BUY,06-11 00:11,6.11 00:11，出现一笔买入看跌期权交易，成交量为182张，未平仓数为601张，V/OI值为0.3，交易金额为333060USD，合约行权价是1600，到期日为2026/06/18
2026-06-10,US.AVGO,,PUT,240.0,2027-06-17,1350,2166750.0,SELL,06-11 03:33,6.11 03:33，出现一笔卖出看跌期权交易，成交量为1350张，未平仓数为1910张，V/OI值为0.7，交易金额为2166750USD，合约行权价是240，到期日为2027/06/17
2026-06-10,US.AVGO,,PUT,330.0,2026-10-16,1350,3192750.0,BUY,06-11 03:33,6.11 03:33，出现一笔买入看跌期权交易，成交量为1350张，未平仓数为1219张，V/OI值为1.8，交易金额为3192750USD，合约行权价是330，到期日为2026/10/16
2026-06-10,US.AVGO,,PUT,300.0,2026-09-18,1000,1138000.0,BUY,06-11 03:25,6.11 03:25，出现一笔买入看跌期权交易，成交量为1000张，未平仓数为7692张，V/OI值为0.2，交易金额为1138000USD，合约行权价是300，到期日为2026/09/18
2026-06-10,US.AVGO,,PUT,350.0,2026-06-12,1153,85323.0,SELL,06-11 02:01,6.11 02:01，出现一笔卖出看跌期权交易，成交量为1153张，未平仓数为3183张，V/OI值为0.7，交易金额为85323USD，合约行权价是350，到期日为2026/06/12
2026-06-10,US.AVGO,,CALL,390.0,2026-06-18,1000,627000.0,BUY,06-11 01:26,6.11 01:26，出现一笔买入看涨期权交易，成交量为1000张，未平仓数为6183张，V/OI值为0.3，交易金额为627000USD，合约行权价是390，到期日为2026/06/18
2026-06-10,US.BMNR,,CALL,40.0,2027-01-15,3000,243000.0,BUY,06-11 02:42,6.11 02:42，出现一笔买入看涨期权交易，成交量为3000张，未平仓数为22134张，V/OI值为0.6，交易金额为243000USD，合约行权价是40，到期日为2027/01/15
2026-06-10,US.BMNR,,CALL,40.0,2027-01-15,3000,243000.0,SELL,06-11 02:41,6.11 02:41，出现一笔卖出看涨期权交易，成交量为3000张，未平仓数为22134张，V/OI值为0.4，交易金额为243000USD，合约行权价是40，到期日为2027/01/15
2026-06-10,US.BMNR,,CALL,40.0,2027-01-15,3000,243000.0,SELL,06-11 02:41,6.11 02:41，出现一笔卖出看涨期权交易，成交量为3000张，未平仓数为22134张，V/OI值为0.2，交易金额为243000USD，合约行权价是40，到期日为2027/01/15
2026-06-10,US.BMNR,,CALL,16.5,2026-06-18,1839,84594.0,SELL,06-11 02:01,6.11 02:01，出现一笔卖出看涨期权交易，成交量为1839张，未平仓数为578张，V/OI值为4.5，交易金额为84594USD，合约行权价是16.5，到期日为2026/06/18
2026-06-10,US.BMNR,,PUT,16.0,2026-06-26,1315,144650.0,SELL,06-11 00:19,6.11 00:19，出现一笔卖出看跌期权交易，成交量为1315张，未平仓数为865张，V/OI值为1.5，交易金额为144650USD，合约行权价是16，到期日为2026/06/26
2026-06-10,US.BMNR,,PUT,15.0,2026-06-26,1315,86790.0,SELL,06-11 00:19,6.11 00:19，出现一笔卖出看跌期权交易，成交量为1315张，未平仓数为723张，V/OI值为1.8，交易金额为86790USD，合约行权价是15，到期日为2026/06/26
2026-06-10,US.CBRS,,CALL,300.0,2026-07-24,348,739500.0,SELL,06-11 00:46,6.11 00:46，出现一笔卖出看涨期权交易，成交量为348张，未平仓数为23张，V/OI值为225.1，交易金额为739500USD，合约行权价是300，到期日为2026/07/24
2026-06-10,US.CBRS,,CALL,300.0,2026-07-24,350,847000.0,BUY,06-11 00:38,6.11 00:38，出现一笔买入看涨期权交易，成交量为350张，未平仓数为23张，V/OI值为209.4，交易金额为847000USD，合约行权价是300，到期日为2026/07/24
2026-06-10,US.CBRS,,CALL,300.0,2026-07-24,497,1063580.0,SELL,06-11 00:12,6.11 00:12，出现一笔卖出看涨期权交易，成交量为497张，未平仓数为23张，V/OI值为193.9，交易金额为1063580USD，合约行权价是300，到期日为2026/07/24
2026-06-10,US.CBRS,,CALL,300.0,2026-07-24,500,1100000.0,SELL,06-11 00:12,6.11 00:12，出现一笔卖出看涨期权交易，成交量为500张，未平仓数为23张，V/OI值为172.1，交易金额为1100000USD，合约行权价是300，到期日为2026/07/24
2026-06-10,US.CBRS,,CALL,300.0,2026-07-24,496,1364000.0,BUY,06-11 00:01,6.11 00:01，出现一笔买入看涨期权交易，成交量为496张，未平仓数为23张，V/OI值为149.9，交易金额为1364000USD，合约行权价是300，到期日为2026/07/24
2026-06-10,US.COHR,,CALL,500.0,2026-07-17,374,321662.0,SELL,06-11 01:33,6.11 01:33，出现一笔卖出看涨期权交易，成交量为374张，未平仓数为614张，V/OI值为0.8，交易金额为321662USD，合约行权价是500，到期日为2026/07/17
2026-06-10,US.COHR,,CALL,650.0,2026-08-21,363,341226.0,SELL,06-11 00:50,6.11 00:50，出现一笔卖出看涨期权交易，成交量为363张，未平仓数为20张，V/OI值为18.6，交易金额为341226USD，合约行权价是650，到期日为2026/08/21
2026-06-10,US.COHR,,PUT,160.0,2026-10-16,650,454990.0,BUY,06-11 00:04,6.11 00:04，出现一笔买入看跌期权交易，成交量为650张，未平仓数为157张，V/OI值为4.2，交易金额为454990USD，合约行权价是160，到期日为2026/10/16
2026-06-10,US.COIN,,CALL,160.0,2026-06-18,1464,699792.0,SELL,06-11 03:46,6.11 03:46，出现一笔卖出看涨期权交易，成交量为1464张，未平仓数为1348张，V/OI值为3.4，交易金额为699792USD，合约行权价是160，到期日为2026/06/18
2026-06-10,US.COIN,,CALL,160.0,2026-06-18,1464,699792.0,SELL,06-11 03:46,6.11 03:46，出现一笔卖出看涨期权交易，成交量为1464张，未平仓数为1348张，V/OI值为2.4，交易金额为699792USD，合约行权价是160，到期日为2026/06/18
2026-06-10,US.COIN,,CALL,167.5,2026-06-18,1464,390888.0,BUY,06-11 03:46,6.11 03:46，出现一笔买入看涨期权交易，成交量为1464张，未平仓数为566张，V/OI值为7.8，交易金额为390888USD，合约行权价是167.5，到期日为2026/06/18
2026-06-10,US.COIN,,CALL,167.5,2026-06-18,1464,390888.0,BUY,06-11 03:46,6.11 03:46，出现一笔买入看涨期权交易，成交量为1464张，未平仓数为566张，V/OI值为5.2，交易金额为390888USD，合约行权价是167.5，到期日为2026/06/18
2026-06-10,US.CRCL,,CALL,105.0,2026-10-16,650,578513.0,SELL,06-11 03:26,6.11 03:26，出现一笔卖出看涨期权交易，成交量为650张，未平仓数为245张，V/OI值为2.7，交易金额为578513USD，合约行权价是105，到期日为2026/10/16
2026-06-10,US.CRCL,,CALL,78.0,2026-06-12,576,200690.0,BUY,06-11 01:45,6.11 01:45，出现一笔买入看涨期权交易，成交量为576张，未平仓数为185张，V/OI值为3.1，交易金额为200690USD，合约行权价是78，到期日为2026/06/12
2026-06-10,US.CRWV,,CALL,120.0,2026-07-17,1000,405000.0,SELL,06-11 02:42,6.11 02:42，出现一笔卖出看涨期权交易，成交量为1000张，未平仓数为11023张，V/OI值为0.5，交易金额为405000USD，合约行权价是120，到期日为2026/07/17
2026-06-10,US.CRWV,,CALL,100.0,2026-06-18,1000,450000.0,SELL,06-11 02:42,6.11 02:42，出现一笔卖出看涨期权交易，成交量为1000张，未平仓数为34291张，V/OI值为0.1，交易金额为450000USD，合约行权价是100，到期日为2026/06/18
2026-06-10,US.CRWV,,CALL,95.0,2026-10-16,1457,3227232.0,BUY,06-11 01:40,6.11 01:40，出现一笔买入看涨期权交易，成交量为1457张，未平仓数为261张，V/OI值为16.1，交易金额为3227232USD，合约行权价是95，到期日为2026/10/16
2026-06-10,US.CRWV,,CALL,95.0,2026-10-16,2581,5781369.0,BUY,06-11 01:04,6.11 01:04，出现一笔买入看涨期权交易，成交量为2581张，未平仓数为261张，V/OI值为10，交易金额为5781369USD，合约行权价是95，到期日为2026/10/16
2026-06-10,US.CRWV,,CALL,120.0,2026-07-17,1799,683620.0,BUY,06-11 00:45,6.11 00:45，出现一笔买入看涨期权交易，成交量为1799张，未平仓数为11023张，V/OI值为0.2，交易金额为683620USD，合约行权价是120，到期日为2026/07/17
2026-06-10,US.CRWV,,PUT,50.0,2026-10-16,1673,448364.0,BUY,06-11 00:30,6.11 00:30，出现一笔买入看跌期权交易，成交量为1673张，未平仓数为3337张，V/OI值为1.2，交易金额为448364USD，合约行权价是50，到期日为2026/10/16
2026-06-10,US.CRWV,,CALL,200.0,2028-01-21,1000,2210000.0,BUY,06-11 00:10,6.11 00:10，出现一笔买入看涨期权交易，成交量为1000张，未平仓数为4283张，V/OI值为0.2，交易金额为2210000USD，合约行权价是200，到期日为2028/01/21
2026-06-10,US.CRWV,,PUT,50.0,2026-10-16,2295,619632.0,BUY,06-11 00:01,6.11 00:01，出现一笔买入看跌期权交易，成交量为2295张，未平仓数为3337张，V/OI值为0.7，交易金额为619632USD，合约行权价是50，到期日为2026/10/16
2026-06-10,US.CVX,,PUT,190.0,2026-09-18,388,422928.0,SELL,06-11 02:08,6.11 02:08，出现一笔卖出看跌期权交易，成交量为388张，未平仓数为2656张，V/OI值为0.2，交易金额为422928USD，合约行权价是190，到期日为2026/09/18
2026-06-10,US.DJT,,PUT,4.0,2027-01-15,5000,155000.0,BUY,06-11 01:45,6.11 01:45，出现一笔买入看跌期权交易，成交量为5000张，未平仓数为1268张，V/OI值为3.9，交易金额为155000USD，合约行权价是4，到期日为2027/01/15
2026-06-10,US.DJT,,CALL,10.0,2027-01-15,2500,375000.0,SELL,06-11 01:45,6.11 01:45，出现一笔卖出看涨期权交易，成交量为2500张，未平仓数为6458张，V/OI值为0.4，交易金额为375000USD，合约行权价是10，到期日为2027/01/15
2026-06-10,US.DUOL,,PUT,120.0,2026-06-12,315,75600.0,SELL,06-11 03:59,6.11 03:59，出现一笔卖出看跌期权交易，成交量为315张，未平仓数为33张，V/OI值为26.7，交易金额为75600USD，合约行权价是120，到期日为2026/06/12
2026-06-10,US.DUOL,,CALL,160.0,2026-07-17,438,102930.0,SELL,06-11 02:31,6.11 02:31，出现一笔卖出看涨期权交易，成交量为438张，未平仓数为152张，V/OI值为3.1，交易金额为102930USD，合约行权价是160，到期日为2026/07/17
2026-06-10,US.FCX,,PUT,75.0,2027-06-17,649,1340185.0,SELL,06-11 01:32,6.11 01:32，出现一笔卖出看跌期权交易，成交量为649张，未平仓数为40张，V/OI值为19.9，交易金额为1340185USD，合约行权价是75，到期日为2027/06/17
2026-06-10,US.FCX,,PUT,65.0,2026-07-17,677,409590.0,SELL,06-11 00:24,6.11 00:24，出现一笔卖出看跌期权交易，成交量为677张，未平仓数为4421张，V/OI值为0.2，交易金额为409590USD，合约行权价是65，到期日为2026/07/17
2026-06-10,US.GEV,,CALL,1000.0,2026-06-18,1100,275000.0,BUY,06-11 03:56,6.11 03:56，出现一笔买入看涨期权交易，成交量为1100张，未平仓数为2584张，V/OI值为0.8，交易金额为275000USD，合约行权价是1000，到期日为2026/06/18
2026-06-10,US.GEV,,PUT,870.0,2026-07-17,202,1111325.0,SELL,06-11 01:58,6.11 01:58，出现一笔卖出看跌期权交易，成交量为202张，未平仓数为397张，V/OI值为1.6，交易金额为1111325USD，合约行权价是870，到期日为2026/07/17
2026-06-10,US.GEV,,PUT,800.0,2026-07-17,175,516950.0,BUY,06-11 00:10,6.11 00:10，出现一笔买入看跌期权交易，成交量为175张，未平仓数为978张，V/OI值为1.1，交易金额为516950USD，合约行权价是800，到期日为2026/07/17
2026-06-10,US.GEV,,PUT,750.0,2026-07-17,175,281575.0,BUY,06-11 00:10,6.11 00:10，出现一笔买入看跌期权交易，成交量为175张，未平仓数为1136张，V/OI值为0.9，交易金额为281575USD，合约行权价是750，到期日为2026/07/17
2026-06-10,US.GEV,,PUT,850.0,2026-07-17,175,831775.0,SELL,06-11 00:10,6.11 00:10，出现一笔卖出看跌期权交易，成交量为175张，未平仓数为1119张，V/OI值为0.9，交易金额为831775USD，合约行权价是850，到期日为2026/07/17
2026-06-10,US.GFS,,PUT,65.0,2026-10-16,316,255960.0,BUY,06-11 02:19,6.11 02:19，出现一笔买入看跌期权交易，成交量为316张，未平仓数为2085张，V/OI值为0.3，交易金额为255960USD，合约行权价是65，到期日为2026/10/16
2026-06-10,US.GFS,,PUT,65.0,2026-10-16,352,288639.0,BUY,06-11 01:17,6.11 01:17，出现一笔买入看跌期权交易，成交量为352张，未平仓数为2085张，V/OI值为0.2，交易金额为288639USD，合约行权价是65，到期日为2026/10/16
2026-06-10,US.HOOD,,CALL,100.0,2026-07-17,1856,658891.0,SELL,06-11 03:13,6.11 03:13，出现一笔卖出看涨期权交易，成交量为1856张，未平仓数为19926张，V/OI值为0.7，交易金额为658891USD，合约行权价是100，到期日为2026/07/17
2026-06-10,US.HOOD,,PUT,81.0,2026-06-18,1308,158270.0,SELL,06-11 02:06,6.11 02:06，出现一笔卖出看跌期权交易，成交量为1308张，未平仓数为294张，V/OI值为5.3，交易金额为158270USD，合约行权价是81，到期日为2026/06/18
2026-06-10,US.HOOD,,CALL,125.0,2026-07-17,1507,119354.0,SELL,06-11 01:41,6.11 01:41，出现一笔卖出看涨期权交易，成交量为1507张，未平仓数为6907张，V/OI值为0.5，交易金额为119354USD，合约行权价是125，到期日为2026/07/17
2026-06-10,US.HPE,,CALL,55.0,2026-09-18,1180,438492.0,SELL,06-11 01:46,6.11 01:46，出现一笔卖出看涨期权交易，成交量为1180张，未平仓数为12586张，V/OI值为0.7，交易金额为438492USD，合约行权价是55，到期日为2026/09/18
2026-06-10,US.HPE,,CALL,55.0,2026-09-18,1977,751260.0,SELL,06-11 01:24,6.11 01:24，出现一笔卖出看涨期权交易，成交量为1977张，未平仓数为12586张，V/OI值为0.5，交易金额为751260USD，合约行权价是55，到期日为2026/09/18
2026-06-10,US.IBIT,,CALL,37.0,2026-08-21,3500,731500.0,SELL,06-11 03:48,6.11 03:48，出现一笔卖出看涨期权交易，成交量为3500张，未平仓数为2995张，V/OI值为1.2，交易金额为731500USD，合约行权价是37，到期日为2026/08/21
2026-06-10,US.IBIT,,PUT,33.0,2026-06-17,2860,91520.0,SELL,06-11 03:27,6.11 03:27，出现一笔卖出看跌期权交易，成交量为2860张，未平仓数为320张，V/OI值为18.8，交易金额为91520USD，合约行权价是33，到期日为2026/06/17
2026-06-10,US.IBIT,,CALL,35.5,2026-06-18,2600,187200.0,BUY,06-11 03:05,6.11 03:05，出现一笔买入看涨期权交易，成交量为2600张，未平仓数为1833张，V/OI值为4，交易金额为187200USD，合约行权价是35.5，到期日为2026/06/18
2026-06-10,US.IGV,,CALL,94.0,2026-06-12,1786,125020.0,SELL,06-11 03:21,6.11 03:21，出现一笔卖出看涨期权交易，成交量为1786张，未平仓数为1623张，V/OI值为2.4，交易金额为125020USD，合约行权价是94，到期日为2026/06/12
2026-06-10,US.IGV,,PUT,80.0,2026-08-21,40000,8120000.0,BUY,06-11 02:50,6.11 02:50，出现一笔买入看跌期权交易，成交量为40000张，未平仓数为41473张，V/OI值为1，交易金额为8120000USD，合约行权价是80，到期日为2026/08/21
2026-06-10,US.IGV,,PUT,90.0,2026-08-21,20000,10260000.0,SELL,06-11 02:50,6.11 02:50，出现一笔卖出看跌期权交易，成交量为20000张，未平仓数为203911张，V/OI值为0.1，交易金额为10260000USD，合约行权价是90，到期日为2026/08/21
2026-06-10,US.IGV,,CALL,96.5,2026-06-12,2763,82914.0,SELL,06-11 02:31,6.11 02:31，出现一笔卖出看涨期权交易，成交量为2763张，未平仓数为340张，V/OI值为8.3，交易金额为82914USD，合约行权价是96.5，到期日为2026/06/12
2026-06-10,US.IGV,,CALL,102.0,2026-06-18,6941,173651.0,SELL,06-11 02:03,6.11 02:03，出现一笔卖出看涨期权交易，成交量为6941张，未平仓数为1931张，V/OI值为3.6，交易金额为173651USD，合约行权价是102，到期日为2026/06/18
2026-06-10,US.INTC,,PUT,72.5,2026-07-17,2200,239800.0,SELL,06-11 03:35,6.11 03:35，出现一笔卖出看跌期权交易，成交量为2200张，未平仓数为4038张，V/OI值为1.1，交易金额为239800USD，合约行权价是72.5，到期日为2026/07/17
2026-06-10,US.INTC,,PUT,77.5,2026-07-17,2200,354200.0,SELL,06-11 03:35,6.11 03:35，出现一笔卖出看跌期权交易，成交量为2200张，未平仓数为1415张，V/OI值为3.1，交易金额为354200USD，合约行权价是77.5，到期日为2026/07/17
2026-06-10,US.INTC,,PUT,77.5,2026-07-17,2200,358600.0,BUY,06-11 03:34,6.11 03:34，出现一笔买入看跌期权交易，成交量为2200张，未平仓数为1415张，V/OI值为1.6，交易金额为358600USD，合约行权价是77.5，到期日为2026/07/17
2026-06-10,US.INTC,,PUT,106.0,2026-06-12,1000,340000.0,SELL,06-11 02:40,6.11 02:40，出现一笔卖出看跌期权交易，成交量为1000张，未平仓数为1930张，V/OI值为6.4，交易金额为340000USD，合约行权价是106，到期日为2026/06/12
2026-06-10,US.INTC,,PUT,90.0,2026-06-18,2500,252500.0,SELL,06-11 02:29,6.11 02:29，出现一笔卖出看跌期权交易，成交量为2500张，未平仓数为17856张，V/OI值为0.2，交易金额为252500USD，合约行权价是90，到期日为2026/06/18
2026-06-10,US.INTC,,PUT,75.0,2026-08-21,1157,377321.0,SELL,06-11 02:12,6.11 02:12，出现一笔卖出看跌期权交易，成交量为1157张，未平仓数为5348张，V/OI值为0.3，交易金额为377321USD，合约行权价是75，到期日为2026/08/21
2026-06-10,US.INTC,,PUT,106.0,2026-06-12,1000,310000.0,BUY,06-11 02:08,6.11 02:08，出现一笔买入看跌期权交易，成交量为1000张，未平仓数为1930张，V/OI值为5.2，交易金额为310000USD，合约行权价是106，到期日为2026/06/12
2026-06-10,US.INTC,,PUT,106.0,2026-06-12,1000,329622.0,BUY,06-11 01:48,6.11 01:48，出现一笔买入看跌期权交易，成交量为1000张，未平仓数为1930张，V/OI值为4.3，交易金额为329622USD，合约行权价是106，到期日为2026/06/12
2026-06-10,US.INTC,,PUT,80.0,2027-12-17,1000,1965000.0,SELL,06-11 01:28,6.11 01:28，出现一笔卖出看跌期权交易，成交量为1000张，未平仓数为1878张，V/OI值为0.5，交易金额为1965000USD，合约行权价是80，到期日为2027/12/17
2026-06-10,US.INTC,,PUT,42.0,2027-12-17,1000,452000.0,BUY,06-11 01:28,6.11 01:28，出现一笔买入看跌期权交易，成交量为1000张，未平仓数为3387张，V/OI值为0.6，交易金额为452000USD，合约行权价是42，到期日为2027/12/17
2026-06-10,US.INTC,,PUT,42.0,2027-12-17,1000,453000.0,BUY,06-11 01:28,6.11 01:28，出现一笔买入看跌期权交易，成交量为1000张，未平仓数为3387张，V/OI值为0.3，交易金额为453000USD，合约行权价是42，到期日为2027/12/17
2026-06-10,US.INTC,,CALL,120.0,2026-06-12,2670,93450.0,SELL,06-11 00:57,6.11 00:57，出现一笔卖出看涨期权交易，成交量为2670张，未平仓数为13435张，V/OI值为0.6，交易金额为93450USD，合约行权价是120，到期日为2026/06/12
2026-06-10,US.IREN,,PUT,45.0,2026-06-26,2722,598810.0,BUY,06-11 03:38,6.11 03:38，出现一笔买入看跌期权交易，成交量为2722张，未平仓数为1561张，V/OI值为3.6，交易金额为598810USD，合约行权价是45，到期日为2026/06/26
2026-06-10,US.IREN,,PUT,45.0,2026-06-26,2437,526392.0,BUY,06-11 03:37,6.11 03:37，出现一笔买入看跌期权交易，成交量为2437张，未平仓数为1561张，V/OI值为1.9，交易金额为526392USD，合约行权价是45，到期日为2026/06/26
2026-06-10,US.IREN,,PUT,33.0,2026-12-18,2095,1236030.0,BUY,06-11 03:34,6.11 03:34，出现一笔买入看跌期权交易，成交量为2095张，未平仓数为41张，V/OI值为52.9，交易金额为1236030USD，合约行权价是33，到期日为2026/12/18
2026-06-10,US.IREN,,PUT,40.0,2026-06-18,1712,108811.0,SELL,06-11 03:29,6.11 03:29，出现一笔卖出看跌期权交易，成交量为1712张，未平仓数为11797张，V/OI值为3.6，交易金额为108811USD，合约行权价是40，到期日为2026/06/18
2026-06-10,US.IREN,,PUT,40.0,2026-06-18,1539,90801.0,SELL,06-11 03:13,6.11 03:13，出现一笔卖出看跌期权交易，成交量为1539张，未平仓数为11797张，V/OI值为3.2，交易金额为90801USD，合约行权价是40，到期日为2026/06/18
2026-06-10,US.IREN,,PUT,40.0,2026-06-18,1787,101859.0,SELL,06-11 02:34,6.11 02:34，出现一笔卖出看跌期权交易，成交量为1787张，未平仓数为11797张，V/OI值为2.6，交易金额为101859USD，合约行权价是40，到期日为2026/06/18
2026-06-10,US.IREN,,PUT,42.0,2026-06-18,2100,149100.0,SELL,06-11 02:07,6.11 02:07，出现一笔卖出看跌期权交易，成交量为2100张，未平仓数为6334张，V/OI值为0.4，交易金额为149100USD，合约行权价是42，到期日为2026/06/18
2026-06-10,US.IWM,,PUT,269.0,2026-07-17,16384,7782400.0,SELL,06-11 04:04,6.11 04:04，出现一笔卖出看跌期权交易，成交量为16384张，未平仓数为10703张，V/OI值为3.4，交易金额为7782400USD，合约行权价是269，到期日为2026/07/17
2026-06-10,US.IWM,,PUT,268.0,2026-07-17,3902,1794920.0,SELL,06-11 04:03,6.11 04:03，出现一笔卖出看跌期权交易，成交量为3902张，未平仓数为10100张，V/OI值为1.2，交易金额为1794920USD，合约行权价是268，到期日为2026/07/17
2026-06-10,US.IWM,,PUT,275.0,2026-06-18,3197,987873.0,SELL,06-11 04:03,6.11 04:03，出现一笔卖出看跌期权交易，成交量为3197张，未平仓数为99585张，V/OI值为0.4，交易金额为987873USD，合约行权价是275，到期日为2026/06/18
2026-06-10,US.IWM,,PUT,274.0,2026-06-18,3197,904751.0,BUY,06-11 04:03,6.11 04:03，出现一笔买入看跌期权交易，成交量为3197张，未平仓数为69253张，V/OI值为0.1，交易金额为904751USD，合约行权价是274，到期日为2026/06/18
2026-06-10,US.IWM,,PUT,270.0,2026-07-17,3000,1524000.0,SELL,06-11 04:03,6.11 04:03，出现一笔卖出看跌期权交易，成交量为3000张，未平仓数为42372张，V/OI值为0.6，交易金额为1524000USD，合约行权价是270，到期日为2026/07/17
2026-06-10,US.IWM,,PUT,269.0,2026-07-17,3199,1548012.0,BUY,06-11 04:02,6.11 04:02，出现一笔买入看跌期权交易，成交量为3199张，未平仓数为10703张，V/OI值为1.7，交易金额为1548012USD，合约行权价是269，到期日为2026/07/17
2026-06-10,US.IWM,,PUT,277.0,2026-06-18,6000,2082000.0,BUY,06-11 03:47,6.11 03:47，出现一笔买入看跌期权交易，成交量为6000张，未平仓数为44061张，V/OI值为0.3，交易金额为2082000USD，合约行权价是277，到期日为2026/06/18
2026-06-10,US.IWM,,PUT,285.0,2026-06-18,6000,4086000.0,SELL,06-11 03:47,6.11 03:47，出现一笔卖出看跌期权交易，成交量为6000张，未平仓数为20691张，V/OI值为0.9，交易金额为4086000USD，合约行权价是285，到期日为2026/06/18
2026-06-10,US.IWM,,PUT,275.0,2026-06-12,3177,230994.0,BUY,06-11 03:11,6.11 03:11，出现一笔买入看跌期权交易，成交量为3177张，未平仓数为6460张，V/OI值为0.9，交易金额为230994USD，合约行权价是275，到期日为2026/06/12
2026-06-10,US.IWM,,PUT,269.0,2026-07-17,3000,1311000.0,BUY,06-11 02:59,6.11 02:59，出现一笔买入看跌期权交易，成交量为3000张，未平仓数为10703张，V/OI值为0.9，交易金额为1311000USD，合约行权价是269，到期日为2026/07/17
2026-06-10,US.IWM,,PUT,275.0,2026-06-18,5000,1300000.0,BUY,06-11 02:54,6.11 02:54，出现一笔买入看跌期权交易，成交量为5000张，未平仓数为99585张，V/OI值为0.2，交易金额为1300000USD，合约行权价是275，到期日为2026/06/18
2026-06-10,US.IWM,,PUT,276.0,2026-06-18,4145,1177863.0,SELL,06-11 02:53,6.11 02:53，出现一笔卖出看跌期权交易，成交量为4145张，未平仓数为128572张，V/OI值为0.7，交易金额为1177863USD，合约行权价是276，到期日为2026/06/18
2026-06-10,US.IWM,,PUT,276.0,2026-06-18,5429,1563552.0,SELL,06-11 02:53,6.11 02:53，出现一笔卖出看跌期权交易，成交量为5429张，未平仓数为128572张，V/OI值为0.7，交易金额为1563552USD，合约行权价是276，到期日为2026/06/18
2026-06-10,US.IWM,,PUT,285.0,2026-06-10,3127,594129.0,BUY,06-11 02:37,6.11 02:37，出现一笔买入看跌期权交易，成交量为3127张，未平仓数为4547张，V/OI值为15.8，交易金额为594129USD，合约行权价是285，到期日为2026/06/10
2026-06-10,US.IWM,,PUT,276.0,2026-06-18,6274,1762994.0,SELL,06-11 02:35,6.11 02:35，出现一笔卖出看跌期权交易，成交量为6274张，未平仓数为128572张，V/OI值为0.6，交易金额为1762994USD，合约行权价是276，到期日为2026/06/18
2026-06-10,US.IWM,,PUT,275.0,2026-06-18,8269,2158209.0,SELL,06-11 02:34,6.11 02:34，出现一笔卖出看跌期权交易，成交量为8269张，未平仓数为99585张，V/OI值为0.1，交易金额为2158209USD，合约行权价是275，到期日为2026/06/18
2026-06-10,US.IWM,,PUT,270.0,2026-07-17,5000,2319996.0,BUY,06-11 01:37,6.11 01:37，出现一笔买入看跌期权交易，成交量为5000张，未平仓数为42372张，V/OI值为0.3，交易金额为2319996USD，合约行权价是270，到期日为2026/07/17
2026-06-10,US.IWM,,PUT,271.0,2026-07-17,5000,2465000.0,SELL,06-11 01:37,6.11 01:37，出现一笔卖出看跌期权交易，成交量为5000张，未平仓数为20896张，V/OI值为1.3，交易金额为2465000USD，合约行权价是271，到期日为2026/07/17
2026-06-10,US.IWM,,PUT,264.0,2026-06-18,3000,267000.0,SELL,06-11 01:31,6.11 01:31，出现一笔卖出看跌期权交易，成交量为3000张，未平仓数为73167张，V/OI值为0.1，交易金额为267000USD，合约行权价是264，到期日为2026/06/18
2026-06-10,US.IWM,,PUT,255.0,2026-07-17,4000,816000.0,SELL,06-11 00:51,6.11 00:51，出现一笔卖出看跌期权交易，成交量为4000张，未平仓数为61598张，V/OI值为0.1，交易金额为816000USD，合约行权价是255，到期日为2026/07/17
2026-06-10,US.IWM,,CALL,298.0,2026-06-30,4086,702792.0,SELL,06-11 00:14,6.11 00:14，出现一笔卖出看涨期权交易，成交量为4086张，未平仓数为4489张，V/OI值为1.8，交易金额为702792USD，合约行权价是298，到期日为2026/06/30
2026-06-10,US.JD,,CALL,32.0,2026-10-16,1781,281398.0,BUY,06-11 01:32,6.11 01:32，出现一笔买入看涨期权交易，成交量为1781张，未平仓数为345张，V/OI值为5.2，交易金额为281398USD，合约行权价是32，到期日为2026/10/16
2026-06-10,US.LITE,,CALL,925.0,2026-06-18,200,540227.0,BUY,06-11 01:24,6.11 01:24，出现一笔买入看涨期权交易，成交量为200张，未平仓数为35张，V/OI值为6.3，交易金额为540227USD，合约行权价是925，到期日为2026/06/18
2026-06-10,US.MARA,,CALL,20.0,2026-09-18,1843,130853.0,SELL,06-11 02:21,6.11 02:21，出现一笔卖出看涨期权交易，成交量为1843张，未平仓数为13810张，V/OI值为0.4，交易金额为130853USD，合约行权价是20，到期日为2026/09/18
2026-06-10,US.MRVL,,PUT,220.0,2026-08-21,3000,7185000.0,SELL,06-11 03:14,6.11 03:14，出现一笔卖出看跌期权交易，成交量为3000张，未平仓数为1003张，V/OI值为3.1，交易金额为7185000USD，合约行权价是220，到期日为2026/08/21
2026-06-10,US.MRVL,,PUT,220.0,2027-03-19,1300,7020000.0,SELL,06-11 03:13,6.11 03:13，出现一笔卖出看跌期权交易，成交量为1300张，未平仓数为53张，V/OI值为24.7，交易金额为7020000USD，合约行权价是220，到期日为2027/03/19
2026-06-10,US.MSFT,,CALL,350.0,2026-07-24,3350,18847100.0,SELL,06-11 00:11,6.11 00:11，出现一笔卖出看涨期权交易，成交量为3350张，未平仓数为30张，V/OI值为206.7，交易金额为18847100USD，合约行权价是350，到期日为2026/07/24
2026-06-10,US.MSFT,,PUT,350.0,2026-07-24,3350,857600.0,BUY,06-11 00:11,6.11 00:11，出现一笔买入看跌期权交易，成交量为3350张，未平仓数为398张，V/OI值为15.6，交易金额为857600USD，合约行权价是350，到期日为2026/07/24
2026-06-10,US.MSTR,,PUT,90.0,2026-10-16,2197,2131188.0,SELL,06-11 03:15,6.11 03:15，出现一笔卖出看跌期权交易，成交量为2197张，未平仓数为1608张，V/OI值为4.8，交易金额为2131188USD，合约行权价是90，到期日为2026/10/16
2026-06-10,US.MSTR,,PUT,130.0,2026-06-18,5200,7696000.0,SELL,06-11 02:58,6.11 02:58，出现一笔卖出看跌期权交易，成交量为5200张，未平仓数为9318张，V/OI值为0.6，交易金额为7696000USD，合约行权价是130，到期日为2026/06/18
2026-06-10,US.MSTR,,PUT,155.0,2026-06-18,5200,19656000.0,SELL,06-11 02:58,6.11 02:58，出现一笔卖出看跌期权交易，成交量为5200张，未平仓数为6624张，V/OI值为0.8，交易金额为19656000USD，合约行权价是155，到期日为2026/06/18
2026-06-10,US.MSTR,,CALL,122.0,2026-06-18,1500,525000.0,SELL,06-11 02:51,6.11 02:51，出现一笔卖出看涨期权交易，成交量为1500张，未平仓数为584张，V/OI值为5.7，交易金额为525000USD，合约行权价是122，到期日为2026/06/18
2026-06-10,US.MSTR,,CALL,122.0,2026-06-18,1500,525000.0,SELL,06-11 02:51,6.11 02:51，出现一笔卖出看涨期权交易，成交量为1500张，未平仓数为584张，V/OI值为3.2，交易金额为525000USD，合约行权价是122，到期日为2026/06/18
2026-06-10,US.MSTR,,CALL,130.0,2026-06-18,1500,232500.0,SELL,06-11 02:51,6.11 02:51，出现一笔卖出看涨期权交易，成交量为1500张，未平仓数为16584张，V/OI值为0.3，交易金额为232500USD，合约行权价是130，到期日为2026/06/18
2026-06-10,US.MSTR,,CALL,130.0,2026-06-18,1500,232500.0,SELL,06-11 02:51,6.11 02:51，出现一笔卖出看涨期权交易，成交量为1500张，未平仓数为16584张，V/OI值为0.3，交易金额为232500USD，合约行权价是130，到期日为2026/06/18
2026-06-10,US.MSTR,,PUT,90.0,2026-10-16,5198,5068123.0,SELL,06-11 02:48,6.11 02:48，出现一笔卖出看跌期权交易，成交量为5198张，未平仓数为1608张，V/OI值为3.2，交易金额为5068123USD，合约行权价是90，到期日为2026/10/16
2026-06-10,US.MSTR,,CALL,124.0,2026-06-18,1500,534000.0,BUY,06-11 01:02,6.11 01:02，出现一笔买入看涨期权交易，成交量为1500张，未平仓数为315张，V/OI值为5.4，交易金额为534000USD，合约行权价是124，到期日为2026/06/18
2026-06-10,US.NBIS,,PUT,180.0,2026-06-18,1337,716959.0,BUY,06-11 03:49,6.11 03:49，出现一笔买入看跌期权交易，成交量为1337张，未平仓数为5603张，V/OI值为0.9，交易金额为716959USD，合约行权价是180，到期日为2026/06/18
2026-06-10,US.NBIS,,CALL,400.0,2028-01-21,1500,11797500.0,BUY,06-11 01:28,6.11 01:28，出现一笔买入看涨期权交易，成交量为1500张，未平仓数为139张，V/OI值为10.9，交易金额为11797500USD，合约行权价是400，到期日为2028/01/21
2026-06-10,US.NOK,,CALL,17.0,2027-06-17,2470,815100.0,SELL,06-11 02:45,6.11 02:45，出现一笔卖出看涨期权交易，成交量为2470张，未平仓数为8738张，V/OI值为0.3，交易金额为815100USD，合约行权价是17，到期日为2027/06/17
2026-06-10,US.NOK,,PUT,10.0,2026-12-18,5000,575000.0,BUY,06-11 02:22,6.11 02:22，出现一笔买入看跌期权交易，成交量为5000张，未平仓数为5271张，V/OI值为1，交易金额为575000USD，合约行权价是10，到期日为2026/12/18
2026-06-10,US.NOK,,PUT,10.0,2026-09-18,5000,305000.0,BUY,06-11 02:22,6.11 02:22，出现一笔买入看跌期权交易，成交量为5000张，未平仓数为1481张，V/OI值为4.1，交易金额为305000USD，合约行权价是10，到期日为2026/09/18
2026-06-10,US.NOK,,PUT,11.0,2026-07-17,3000,102000.0,BUY,06-11 01:44,6.11 01:44，出现一笔买入看跌期权交易，成交量为3000张，未平仓数为23567张，V/OI值为0.1，交易金额为102000USD，合约行权价是11，到期日为2026/07/17
2026-06-10,US.NOK,,PUT,11.0,2026-11-20,2000,288000.0,SELL,06-11 01:31,6.11 01:31，出现一笔卖出看跌期权交易，成交量为2000张，未平仓数为25张，V/OI值为80，交易金额为288000USD，合约行权价是11，到期日为2026/11/20
2026-06-10,US.NOW,,CALL,120.0,2026-07-17,1500,600000.0,BUY,06-11 03:31,6.11 03:31，出现一笔买入看涨期权交易，成交量为1500张，未平仓数为8321张，V/OI值为0.3，交易金额为600000USD，合约行权价是120，到期日为2026/07/17
2026-06-10,US.NOW,,CALL,135.0,2026-10-16,1031,845420.0,SELL,06-11 03:07,6.11 03:07，出现一笔卖出看涨期权交易，成交量为1031张，未平仓数为518张，V/OI值为2.1，交易金额为845420USD，合约行权价是135，到期日为2026/10/16
2026-06-10,US.NVDA,,CALL,207.5,2026-06-18,5000,1450000.0,SELL,06-11 03:54,6.11 03:54，出现一笔卖出看涨期权交易，成交量为5000张，未平仓数为7125张，V/OI值为1.4，交易金额为1450000USD，合约行权价是207.5，到期日为2026/06/18
2026-06-10,US.NVDA,,CALL,215.0,2026-06-12,5000,85000.0,BUY,06-11 03:54,6.11 03:54，出现一笔买入看涨期权交易，成交量为5000张，未平仓数为55230张，V/OI值为0.9，交易金额为85000USD，合约行权价是215，到期日为2026/06/12
2026-06-10,US.NVDA,,CALL,215.0,2026-06-18,5000,580000.0,SELL,06-11 03:54,6.11 03:54，出现一笔卖出看涨期权交易，成交量为5000张，未平仓数为45712张，V/OI值为0.3，交易金额为580000USD，合约行权价是215，到期日为2026/06/18
2026-06-10,US.NVDA,,CALL,215.0,2026-06-12,8000,128000.0,BUY,06-11 03:28,6.11 03:28，出现一笔买入看涨期权交易，成交量为8000张，未平仓数为55230张，V/OI值为0.8，交易金额为128000USD，合约行权价是215，到期日为2026/06/12
2026-06-10,US.NVDA,,CALL,205.0,2026-06-18,3999,1407648.0,SELL,06-11 03:22,6.11 03:22，出现一笔卖出看涨期权交易，成交量为3999张，未平仓数为23501张，V/OI值为0.7，交易金额为1407648USD，合约行权价是205，到期日为2026/06/18
2026-06-10,US.NVDA,,PUT,180.0,2026-09-18,3000,2709000.0,SELL,06-11 03:09,6.11 03:09，出现一笔卖出看跌期权交易，成交量为3000张，未平仓数为32223张，V/OI值为0.2，交易金额为2709000USD，合约行权价是180，到期日为2026/09/18
2026-06-10,US.NVDA,,PUT,165.0,2026-06-15,9000,81000.0,BUY,06-11 02:42,6.11 02:42，出现一笔买入看跌期权交易，成交量为9000张，未平仓数为197张，V/OI值为46.1，交易金额为81000USD，合约行权价是165，到期日为2026/06/15
2026-06-10,US.NVDA,,PUT,185.0,2026-06-15,3503,129611.0,SELL,06-11 02:35,6.11 02:35，出现一笔卖出看跌期权交易，成交量为3503张，未平仓数为344张，V/OI值为20，交易金额为129611USD，合约行权价是185，到期日为2026/06/15
2026-06-10,US.NVDA,,CALL,300.0,2026-09-18,3000,456000.0,BUY,06-11 00:28,6.11 00:28，出现一笔买入看涨期权交易，成交量为3000张，未平仓数为24182张，V/OI值为0.1，交易金额为456000USD，合约行权价是300，到期日为2026/09/18
2026-06-10,US.NVDA,,CALL,205.0,2026-06-10,3114,190203.0,BUY,06-11 00:00,6.11 00:00，出现一笔买入看涨期权交易，成交量为3114张，未平仓数为20618张，V/OI值为5.6，交易金额为190203USD，合约行权价是205，到期日为2026/06/10
2026-06-10,US.OKLO,,PUT,60.0,2027-01-15,361,676776.0,BUY,06-11 03:59,6.11 03:59，出现一笔买入看跌期权交易，成交量为361张，未平仓数为3417张，V/OI值为0.1，交易金额为676776USD，合约行权价是60，到期日为2027/01/15
2026-06-10,US.OKLO,,PUT,65.0,2026-07-17,225,308250.0,SELL,06-11 03:34,6.11 03:34，出现一笔卖出看跌期权交易，成交量为225张，未平仓数为1455张，V/OI值为0.2，交易金额为308250USD，合约行权价是65，到期日为2026/07/17
2026-06-10,US.OKLO,,CALL,100.0,2026-09-18,966,270480.0,SELL,06-11 03:17,6.11 03:17，出现一笔卖出看涨期权交易，成交量为966张，未平仓数为3096张，V/OI值为0.4，交易金额为270480USD，合约行权价是100，到期日为2026/09/18
2026-06-10,US.OKLO,,PUT,55.0,2026-12-18,236,332760.0,SELL,06-11 00:41,6.11 00:41，出现一笔卖出看跌期权交易，成交量为236张，未平仓数为476张，V/OI值为1.3，交易金额为332760USD，合约行权价是55，到期日为2026/12/18
2026-06-10,US.OKLO,,PUT,55.0,2026-12-18,236,332760.0,SELL,06-11 00:41,6.11 00:41，出现一笔卖出看跌期权交易，成交量为236张，未平仓数为476张，V/OI值为0.8，交易金额为332760USD，合约行权价是55，到期日为2026/12/18
2026-06-10,US.OKLO,,CALL,60.0,2026-12-18,236,329692.0,SELL,06-11 00:41,6.11 00:41，出现一笔卖出看涨期权交易，成交量为236张，未平仓数为168张，V/OI值为3.9，交易金额为329692USD，合约行权价是60，到期日为2026/12/18
2026-06-10,US.OKLO,,CALL,60.0,2026-12-18,236,329692.0,SELL,06-11 00:41,6.11 00:41，出现一笔卖出看涨期权交易，成交量为236张，未平仓数为168张，V/OI值为2.5，交易金额为329692USD，合约行权价是60，到期日为2026/12/18
2026-06-10,US.OKLO,,PUT,50.0,2026-12-18,236,259600.0,SELL,06-11 00:41,6.11 00:41，出现一笔卖出看跌期权交易，成交量为236张，未平仓数为828张，V/OI值为0.7，交易金额为259600USD，合约行权价是50，到期日为2026/12/18
2026-06-10,US.OKLO,,PUT,50.0,2026-12-18,236,259600.0,SELL,06-11 00:41,6.11 00:41，出现一笔卖出看跌期权交易，成交量为236张，未平仓数为828张，V/OI值为0.4，交易金额为259600USD，合约行权价是50，到期日为2026/12/18
2026-06-10,US.ORCL,,CALL,202.5,2026-06-18,1050,1470000.0,BUY,06-11 03:48,6.11 03:48，出现一笔买入看涨期权交易，成交量为1050张，未平仓数为276张，V/OI值为5.2，交易金额为1470000USD，合约行权价是202.5，到期日为2026/06/18
2026-06-10,US.ORCL,,CALL,240.0,2026-06-12,1500,453000.0,BUY,06-11 03:33,6.11 03:33，出现一笔买入看涨期权交易，成交量为1500张，未平仓数为6232张，V/OI值为1.5，交易金额为453000USD，合约行权价是240，到期日为2026/06/12
2026-06-10,US.ORCL,,CALL,255.0,2026-06-12,1500,241500.0,SELL,06-11 03:33,6.11 03:33，出现一笔卖出看涨期权交易，成交量为1500张，未平仓数为1239张，V/OI值为3.2，交易金额为241500USD，合约行权价是255，到期日为2026/06/12
2026-06-10,US.ORCL,,CALL,230.0,2026-06-18,1000,601000.0,BUY,06-11 03:30,6.11 03:30，出现一笔买入看涨期权交易，成交量为1000张，未平仓数为28798张，V/OI值为0.2，交易金额为601000USD，合约行权价是230，到期日为2026/06/18
2026-06-10,US.ORCL,,PUT,185.0,2026-06-18,1000,631000.0,SELL,06-11 03:30,6.11 03:30，出现一笔卖出看跌期权交易，成交量为1000张，未平仓数为7215张，V/OI值为0.2，交易金额为631000USD，合约行权价是185，到期日为2026/06/18
2026-06-10,US.ORCL,,CALL,230.0,2026-06-12,1363,640654.0,SELL,06-11 03:26,6.11 03:26，出现一笔卖出看涨期权交易，成交量为1363张，未平仓数为7789张，V/OI值为1.2，交易金额为640654USD，合约行权价是230，到期日为2026/06/12
2026-06-10,US.ORCL,,CALL,250.0,2026-08-21,1066,1092650.0,BUY,06-11 02:57,6.11 02:57，出现一笔买入看涨期权交易，成交量为1066张，未平仓数为8404张，V/OI值为0.3，交易金额为1092650USD，合约行权价是250，到期日为2026/08/21
2026-06-10,US.ORCL,,PUT,180.0,2026-06-12,1210,363030.0,SELL,06-11 02:31,6.11 02:31，出现一笔卖出看跌期权交易，成交量为1210张，未平仓数为12535张，V/OI值为0.6，交易金额为363030USD，合约行权价是180，到期日为2026/06/12
2026-06-10,US.ORCL,,PUT,150.0,2026-09-18,1000,595000.0,BUY,06-11 00:34,6.11 00:34，出现一笔买入看跌期权交易，成交量为1000张，未平仓数为10940张，V/OI值为0.1，交易金额为595000USD，合约行权价是150，到期日为2026/09/18
2026-06-10,US.PDD,,CALL,85.0,2027-01-15,800,791200.0,SELL,06-11 03:10,6.11 03:10，出现一笔卖出看涨期权交易，成交量为800张，未平仓数为2410张，V/OI值为0.3，交易金额为791200USD，合约行权价是85，到期日为2027/01/15
2026-06-10,US.PDD,,PUT,80.0,2026-10-16,350,222250.0,BUY,06-11 00:43,6.11 00:43，出现一笔买入看跌期权交易，成交量为350张，未平仓数为2115张，V/OI值为0.2，交易金额为222250USD，合约行权价是80，到期日为2026/10/16
2026-06-10,US.PLTR,,CALL,140.0,2026-06-18,3000,348000.0,SELL,06-11 03:54,6.11 03:54，出现一笔卖出看涨期权交易，成交量为3000张，未平仓数为11178张，V/OI值为0.7，交易金额为348000USD，合约行权价是140，到期日为2026/06/18
2026-06-10,US.PLTR,,PUT,110.0,2027-03-19,3150,4394250.0,BUY,06-11 03:42,6.11 03:42，出现一笔买入看跌期权交易，成交量为3150张，未平仓数为5918张，V/OI值为0.5，交易金额为4394250USD，合约行权价是110，到期日为2027/03/19
2026-06-10,US.PLTR,,CALL,150.0,2026-09-18,1000,945000.0,BUY,06-11 01:00,6.11 01:00，出现一笔买入看涨期权交易，成交量为1000张，未平仓数为7851张，V/OI值为0.1，交易金额为945000USD，合约行权价是150，到期日为2026/09/18
2026-06-10,US.PLTR,,PUT,110.0,2026-09-18,1000,580000.0,BUY,06-11 01:00,6.11 01:00，出现一笔买入看跌期权交易，成交量为1000张，未平仓数为18535张，V/OI值为0.1，交易金额为580000USD，合约行权价是110，到期日为2026/09/18
2026-06-10,US.PLTR,,PUT,130.0,2026-06-18,1000,340000.0,BUY,06-11 00:22,6.11 00:22，出现一笔买入看跌期权交易，成交量为1000张，未平仓数为20615张，V/OI值为0.1，交易金额为340000USD，合约行权价是130，到期日为2026/06/18
2026-06-10,US.PLTR,,PUT,130.0,2027-01-15,1000,1995000.0,SELL,06-11 00:22,6.11 00:22，出现一笔卖出看跌期权交易，成交量为1000张，未平仓数为8257张，V/OI值为0.4，交易金额为1995000USD，合约行权价是130，到期日为2027/01/15
2026-06-10,US.PLTR,,PUT,140.0,2027-01-15,1400,3596600.0,BUY,06-11 00:03,6.11 00:03，出现一笔买入看跌期权交易，成交量为1400张，未平仓数为6617张，V/OI值为0.2，交易金额为3596600USD，合约行权价是140，到期日为2027/01/15
2026-06-10,US.QQQ,,PUT,655.0,2026-06-18,10000,4060000.0,SELL,06-11 03:23,6.11 03:23，出现一笔卖出看跌期权交易，成交量为10000张，未平仓数为13289张，V/OI值为1.2，交易金额为4060000USD，合约行权价是655，到期日为2026/06/18
2026-06-10,US.QQQ,,PUT,683.0,2026-06-18,20000,20740000.0,SELL,06-11 03:23,6.11 03:23，出现一笔卖出看跌期权交易，成交量为20000张，未平仓数为9301张，V/OI值为2.4，交易金额为20740000USD，合约行权价是683，到期日为2026/06/18
2026-06-10,US.QQQ,,PUT,700.0,2026-06-18,10000,17480000.0,SELL,06-11 03:23,6.11 03:23，出现一笔卖出看跌期权交易，成交量为10000张，未平仓数为54807张，V/OI值为0.5，交易金额为17480000USD，合约行权价是700，到期日为2026/06/18
2026-06-10,US.QQQ,,PUT,690.0,2026-06-10,3635,135794.0,BUY,06-11 03:20,6.11 03:20，出现一笔买入看跌期权交易，成交量为3635张，未平仓数为5894张，V/OI值为30.4，交易金额为135794USD，合约行权价是690，到期日为2026/06/10
2026-06-10,US.QQQ,,PUT,675.0,2026-07-17,4000,6316000.0,BUY,06-11 02:46,6.11 02:46，出现一笔买入看跌期权交易，成交量为4000张，未平仓数为26996张，V/OI值为0.2，交易金额为6316000USD，合约行权价是675，到期日为2026/07/17
2026-06-10,US.QQQ,,PUT,665.0,2027-01-15,4000,15516000.0,SELL,06-11 02:46,6.11 02:46，出现一笔卖出看跌期权交易，成交量为4000张，未平仓数为1110张，V/OI值为3.7，交易金额为15516000USD，合约行权价是665，到期日为2027/01/15
2026-06-10,US.QQQ,,CALL,714.0,2026-06-12,4500,1003500.0,SELL,06-11 02:36,6.11 02:36，出现一笔卖出看涨期权交易，成交量为4500张，未平仓数为1377张，V/OI值为4.5，交易金额为1003500USD，合约行权价是714，到期日为2026/06/12
2026-06-10,US.QQQ,,CALL,790.0,2026-09-18,5000,4520000.0,SELL,06-11 00:26,6.11 00:26，出现一笔卖出看涨期权交易，成交量为5000张，未平仓数为38131张，V/OI值为0.1，交易金额为4520000USD，合约行权价是790，到期日为2026/09/18
2026-06-10,US.QQQ,,CALL,705.0,2026-06-18,5000,5835000.0,BUY,06-11 00:26,6.11 00:26，出现一笔买入看涨期权交易，成交量为5000张，未平仓数为19763张，V/OI值为0.4，交易金额为5835000USD，合约行权价是705，到期日为2026/06/18
2026-06-10,US.RXRX,,CALL,3.0,2028-01-21,1000,170000.0,BUY,06-11 00:04,6.11 00:04，出现一笔买入看涨期权交易，成交量为1000张，未平仓数为3928张，V/OI值为0.3，交易金额为170000USD，合约行权价是3，到期日为2028/01/21
2026-06-10,US.SMCI,,PUT,30.0,2026-06-18,1000,200139.0,SELL,06-11 03:48,6.11 03:48，出现一笔卖出看跌期权交易，成交量为1000张，未平仓数为8737张，V/OI值为0.9，交易金额为200139USD，合约行权价是30，到期日为2026/06/18
2026-06-10,US.SMCI,,PUT,30.0,2026-06-12,1000,144000.0,SELL,06-11 03:47,6.11 03:47，出现一笔卖出看跌期权交易，成交量为1000张，未平仓数为459张，V/OI值为31.6，交易金额为144000USD，合约行权价是30，到期日为2026/06/12
2026-06-10,US.SMCI,,PUT,30.0,2026-06-18,1000,205000.0,SELL,06-11 03:47,6.11 03:47，出现一笔卖出看跌期权交易，成交量为1000张，未平仓数为8737张，V/OI值为0.8，交易金额为205000USD，合约行权价是30，到期日为2026/06/18
2026-06-10,US.SMCI,,PUT,27.0,2026-07-17,1000,202000.0,SELL,06-11 03:40,6.11 03:40，出现一笔卖出看跌期权交易，成交量为1000张，未平仓数为2289张，V/OI值为0.6，交易金额为202000USD，合约行权价是27，到期日为2026/07/17
2026-06-10,US.SMCI,,CALL,31.5,2026-06-18,1200,174000.0,BUY,06-11 03:36,6.11 03:36，出现一笔买入看涨期权交易，成交量为1200张，未平仓数为45张，V/OI值为94.2，交易金额为174000USD，合约行权价是31.5，到期日为2026/06/18
2026-06-10,US.SMCI,,CALL,31.5,2026-06-18,2800,406000.0,BUY,06-11 03:36,6.11 03:36，出现一笔买入看涨期权交易，成交量为2800张，未平仓数为45张，V/OI值为67.5，交易金额为406000USD，合约行权价是31.5，到期日为2026/06/18
2026-06-10,US.SMCI,,CALL,30.0,2026-07-17,1500,652500.0,BUY,06-11 03:06,6.11 03:06，出现一笔买入看涨期权交易，成交量为1500张，未平仓数为7115张，V/OI值为0.5，交易金额为652500USD，合约行权价是30，到期日为2026/07/17
2026-06-10,US.SMCI,,CALL,50.0,2026-09-18,1676,279892.0,SELL,06-11 02:47,6.11 02:47，出现一笔卖出看涨期权交易，成交量为1676张，未平仓数为9221张，V/OI值为0.4，交易金额为279892USD，合约行权价是50，到期日为2026/09/18
2026-06-10,US.SMCI,,PUT,15.0,2027-03-19,1000,165000.0,SELL,06-11 02:06,6.11 02:06，出现一笔卖出看跌期权交易，成交量为1000张，未平仓数为7370张，V/OI值为0.3，交易金额为165000USD，合约行权价是15，到期日为2027/03/19
2026-06-10,US.SMCI,,CALL,55.0,2026-09-18,1010,129908.0,SELL,06-11 01:38,6.11 01:38，出现一笔卖出看涨期权交易，成交量为1010张，未平仓数为9766张，V/OI值为0.1，交易金额为129908USD，合约行权价是55，到期日为2026/09/18
2026-06-10,US.SMCI,,PUT,30.0,2026-06-18,1232,92400.0,BUY,06-11 00:44,6.11 00:44，出现一笔买入看跌期权交易，成交量为1232张，未平仓数为8737张，V/OI值为0.4，交易金额为92400USD，合约行权价是30，到期日为2026/06/18
2026-06-10,US.SMCI,,CALL,35.0,2026-06-18,1201,159733.0,SELL,06-11 00:17,6.11 00:17，出现一笔卖出看涨期权交易，成交量为1201张，未平仓数为21962张，V/OI值为0.3，交易金额为159733USD，合约行权价是35，到期日为2026/06/18
2026-06-10,US.SMCI,,CALL,35.0,2026-06-18,1200,159600.0,SELL,06-11 00:17,6.11 00:17，出现一笔卖出看涨期权交易，成交量为1200张，未平仓数为21962张，V/OI值为0.2，交易金额为159600USD，合约行权价是35，到期日为2026/06/18
2026-06-10,US.SMCI,,PUT,15.0,2026-12-18,1500,144000.0,BUY,06-11 00:03,6.11 00:03，出现一笔买入看跌期权交易，成交量为1500张，未平仓数为5959张，V/OI值为0.8，交易金额为144000USD，合约行权价是15，到期日为2026/12/18
2026-06-10,US.SNOW,,CALL,270.0,2028-12-15,200,1830000.0,SELL,06-11 03:03,6.11 03:03，出现一笔卖出看涨期权交易，成交量为200张，未平仓数为24张，V/OI值为8.3，交易金额为1830000USD，合约行权价是270，到期日为2028/12/15
2026-06-10,US.SNOW,,CALL,320.0,2028-12-15,200,1550000.0,BUY,06-11 03:03,6.11 03:03，出现一笔买入看涨期权交易，成交量为200张，未平仓数为8张，V/OI值为25，交易金额为1550000USD，合约行权价是320，到期日为2028/12/15
2026-06-10,US.SOFI,,PUT,17.0,2026-06-18,1000,133000.0,BUY,06-11 03:51,6.11 03:51，出现一笔买入看跌期权交易，成交量为1000张，未平仓数为27242张，V/OI值为0.1，交易金额为133000USD，合约行权价是17，到期日为2026/06/18
2026-06-10,US.SOFI,,PUT,13.0,2026-08-21,2061,129843.0,BUY,06-11 00:11,6.11 00:11，出现一笔买入看跌期权交易，成交量为2061张，未平仓数为6354张，V/OI值为0.4，交易金额为129843USD，合约行权价是13，到期日为2026/08/21
2026-06-10,US.SOUN,,PUT,10.0,2026-07-17,2000,666000.0,SELL,06-11 03:56,6.11 03:56，出现一笔卖出看跌期权交易，成交量为2000张，未平仓数为6714张，V/OI值为4，交易金额为666000USD，合约行权价是10，到期日为2026/07/17
2026-06-10,US.SOUN,,PUT,10.0,2026-06-18,2000,644000.0,BUY,06-11 03:56,6.11 03:56，出现一笔买入看跌期权交易，成交量为2000张，未平仓数为62097张，V/OI值为0.4，交易金额为644000USD，合约行权价是10，到期日为2026/06/18
2026-06-10,US.SOUN,,CALL,10.0,2026-07-17,12175,146100.0,SELL,06-11 03:39,6.11 03:39，出现一笔卖出看涨期权交易，成交量为12175张，未平仓数为24875张，V/OI值为0.5，交易金额为146100USD，合约行权价是10，到期日为2026/07/17
2026-06-10,US.SOUN,,PUT,10.0,2026-07-17,24351,7914075.0,SELL,06-11 03:39,6.11 03:39，出现一笔卖出看跌期权交易，成交量为24351张，未平仓数为6714张，V/OI值为3.7，交易金额为7914075USD，合约行权价是10，到期日为2026/07/17
2026-06-10,US.SOUN,,PUT,10.0,2026-06-18,24351,7548810.0,SELL,06-11 03:39,6.11 03:39，出现一笔卖出看跌期权交易，成交量为24351张，未平仓数为62097张，V/OI值为0.4，交易金额为7548810USD，合约行权价是10，到期日为2026/06/18
2026-06-10,US.SOUN,,CALL,14.0,2026-10-16,2267,72544.0,SELL,06-11 01:34,6.11 01:34，出现一笔卖出看涨期权交易，成交量为2267张，未平仓数为2175张，V/OI值为1.1，交易金额为72544USD，合约行权价是14，到期日为2026/10/16
2026-06-10,US.SOXS,,CALL,6.0,2026-08-21,1000,231000.0,BUY,06-11 03:25,6.11 03:25，出现一笔买入看涨期权交易，成交量为1000张，未平仓数为10550张，V/OI值为0.3，交易金额为231000USD，合约行权价是6，到期日为2026/08/21
2026-06-10,US.SPY,,PUT,690.0,2026-07-17,4001,2764375.0,BUY,06-11 04:06,6.11 04:06，出现一笔买入看跌期权交易，成交量为4001张，未平仓数为26845张，V/OI值为0.2，交易金额为2764375USD，合约行权价是690，到期日为2026/07/17
2026-06-10,US.SPY,,PUT,708.0,2026-06-18,14500,6844000.0,SELL,06-11 04:06,6.11 04:06，出现一笔卖出看跌期权交易，成交量为14500张，未平仓数为6805张，V/OI值为4.6，交易金额为6844000USD，合约行权价是708，到期日为2026/06/18
2026-06-10,US.SPY,,CALL,727.0,2026-06-10,5106,86966.0,BUY,06-11 04:00,6.11 04:00，出现一笔买入看涨期权交易，成交量为5106张，未平仓数为1246张，V/OI值为98.4，交易金额为86966USD，合约行权价是727，到期日为2026/06/10
2026-06-10,US.SPY,,PUT,710.0,2026-06-30,6184,4545240.0,SELL,06-11 03:58,6.11 03:58，出现一笔卖出看跌期权交易，成交量为6184张，未平仓数为26349张，V/OI值为0.5，交易金额为4545240USD，合约行权价是710，到期日为2026/06/30
2026-06-10,US.SPY,,PUT,722.0,2026-06-11,3149,724270.0,BUY,06-11 03:46,6.11 03:46，出现一笔买入看跌期权交易，成交量为3149张，未平仓数为1112张，V/OI值为22.5，交易金额为724270USD，合约行权价是722，到期日为2026/06/11
2026-06-10,US.SPY,,PUT,711.0,2026-06-15,3745,856749.0,BUY,06-11 03:31,6.11 03:31，出现一笔买入看跌期权交易，成交量为3745张，未平仓数为224张，V/OI值为85.1，交易金额为856749USD，合约行权价是711，到期日为2026/06/15
2026-06-10,US.SPY,,PUT,714.0,2026-06-17,4000,1778832.0,SELL,06-11 03:31,6.11 03:31，出现一笔卖出看跌期权交易，成交量为4000张，未平仓数为10654张，V/OI值为2.8，交易金额为1778832USD，合约行权价是714，到期日为2026/06/17
2026-06-10,US.SPY,,PUT,695.0,2026-06-17,4381,793010.0,SELL,06-11 03:30,6.11 03:30，出现一笔卖出看跌期权交易，成交量为4381张，未平仓数为441张，V/OI值为54，交易金额为793010USD，合约行权价是695，到期日为2026/06/17
2026-06-10,US.SPY,,PUT,711.0,2026-06-15,5089,1311948.0,BUY,06-11 03:29,6.11 03:29，出现一笔买入看跌期权交易，成交量为5089张，未平仓数为224张，V/OI值为59.9，交易金额为1311948USD，合约行权价是711，到期日为2026/06/15
2026-06-10,US.SPY,,PUT,711.0,2026-06-15,8037,2050989.0,BUY,06-11 03:29,6.11 03:29，出现一笔买入看跌期权交易，成交量为8037张，未平仓数为224张，V/OI值为37.1，交易金额为2050989USD，合约行权价是711，到期日为2026/06/15
2026-06-10,US.SPY,,PUT,722.0,2026-06-10,3861,81081.0,BUY,06-11 03:26,6.11 03:26，出现一笔买入看跌期权交易，成交量为3861张，未平仓数为6776张，V/OI值为24.7，交易金额为81081USD，合约行权价是722，到期日为2026/06/10
2026-06-10,US.SPY,,PUT,723.0,2026-06-10,3234,103388.0,BUY,06-11 03:22,6.11 03:22，出现一笔买入看跌期权交易，成交量为3234张，未平仓数为8412张，V/OI值为21.8，交易金额为103388USD，合约行权价是723，到期日为2026/06/10
2026-06-10,US.SPY,,PUT,721.0,2026-06-11,3424,753280.0,BUY,06-11 03:21,6.11 03:21，出现一笔买入看跌期权交易，成交量为3424张，未平仓数为2655张，V/OI值为6.2，交易金额为753280USD，合约行权价是721，到期日为2026/06/11
2026-06-10,US.SPY,,PUT,725.0,2026-06-10,3600,237020.0,SELL,06-11 03:20,6.11 03:20，出现一笔卖出看跌期权交易，成交量为3600张，未平仓数为16663张，V/OI值为26.7，交易金额为237020USD，合约行权价是725，到期日为2026/06/10
2026-06-10,US.SPY,,PUT,694.0,2026-07-17,4998,3478608.0,SELL,06-11 03:01,6.11 03:01，出现一笔卖出看跌期权交易，成交量为4998张，未平仓数为0张，V/OI值为0，交易金额为3478608USD，合约行权价是694，到期日为2026/07/17
2026-06-10,US.SPY,,PUT,692.0,2026-07-17,5235,3487221.0,BUY,06-11 03:01,6.11 03:01，出现一笔买入看跌期权交易，成交量为5235张，未平仓数为0张，V/OI值为0，交易金额为3487221USD，合约行权价是692，到期日为2026/07/17
2026-06-10,US.SPY,,PUT,708.0,2026-06-18,3324,1258591.0,BUY,06-11 02:54,6.11 02:54，出现一笔买入看跌期权交易，成交量为3324张，未平仓数为6805张，V/OI值为1.8，交易金额为1258591USD，合约行权价是708，到期日为2026/06/18
2026-06-10,US.SPY,,PUT,708.0,2026-06-18,3255,1218417.0,BUY,06-11 02:54,6.11 02:54，出现一笔买入看跌期权交易，成交量为3255张，未平仓数为6805张，V/OI值为1.2，交易金额为1218417USD，合约行权价是708，到期日为2026/06/18
2026-06-10,US.SPY,,PUT,710.0,2026-06-18,3465,1443466.0,SELL,06-11 02:52,6.11 02:52，出现一笔卖出看跌期权交易，成交量为3465张，未平仓数为38588张，V/OI值为0.7，交易金额为1443466USD，合约行权价是710，到期日为2026/06/18
2026-06-10,US.SPY,,CALL,750.0,2026-06-30,15000,4620000.0,SELL,06-11 02:51,6.11 02:51，出现一笔卖出看涨期权交易，成交量为15000张，未平仓数为6650张，V/OI值为2.6，交易金额为4620000USD，合约行权价是750，到期日为2026/06/30
2026-06-10,US.SPY,,PUT,700.0,2026-06-30,15000,7545000.0,SELL,06-11 02:51,6.11 02:51，出现一笔卖出看跌期权交易，成交量为15000张，未平仓数为51690张，V/OI值为0.4，交易金额为7545000USD，合约行权价是700，到期日为2026/06/30
2026-06-10,US.SPY,,PUT,690.0,2026-06-18,3178,457632.0,SELL,06-11 01:49,6.11 01:49，出现一笔卖出看跌期权交易，成交量为3178张，未平仓数为40865张，V/OI值为0.4，交易金额为457632USD，合约行权价是690，到期日为2026/06/18
2026-06-10,US.SPY,,PUT,726.0,2026-06-10,3772,377201.0,BUY,06-11 01:43,6.11 01:43，出现一笔买入看跌期权交易，成交量为3772张，未平仓数为3950张，V/OI值为53，交易金额为377201USD，合约行权价是726，到期日为2026/06/10
2026-06-10,US.SPY,,CALL,734.0,2026-06-10,4007,84147.0,BUY,06-11 01:42,6.11 01:42，出现一笔买入看涨期权交易，成交量为4007张，未平仓数为2831张，V/OI值为68.2，交易金额为84147USD，合约行权价是734，到期日为2026/06/10
2026-06-10,US.SPY,,PUT,580.0,2026-06-18,4000,92000.0,BUY,06-11 01:37,6.11 01:37，出现一笔买入看跌期权交易，成交量为4000张，未平仓数为120718张，V/OI值为0，交易金额为92000USD，合约行权价是580，到期日为2026/06/18
2026-06-10,US.SPY,,PUT,712.0,2026-06-18,9455,4084560.0,SELL,06-11 01:23,6.11 01:23，出现一笔卖出看跌期权交易，成交量为9455张，未平仓数为17095张，V/OI值为1.1，交易金额为4084560USD，合约行权价是712，到期日为2026/06/18
2026-06-10,US.SPY,,PUT,710.0,2026-06-18,3002,1188796.0,SELL,06-11 01:23,6.11 01:23，出现一笔卖出看跌期权交易，成交量为3002张，未平仓数为38588张，V/OI值为0.5，交易金额为1188796USD，合约行权价是710，到期日为2026/06/18
2026-06-10,US.SPY,,PUT,710.0,2026-06-18,4998,1989204.0,BUY,06-11 01:23,6.11 01:23，出现一笔买入看跌期权交易，成交量为4998张，未平仓数为38588张，V/OI值为0.4，交易金额为1989204USD，合约行权价是710，到期日为2026/06/18
2026-06-10,US.SPY,,PUT,694.0,2026-07-17,3638,2470526.0,BUY,06-11 01:18,6.11 01:18，出现一笔买入看跌期权交易，成交量为3638张，未平仓数为0张，V/OI值为0，交易金额为2470526USD，合约行权价是694，到期日为2026/07/17
2026-06-10,US.SPY,,PUT,720.0,2026-06-10,13917,194838.0,BUY,06-11 01:00,6.11 01:00，出现一笔买入看跌期权交易，成交量为13917张，未平仓数为98672张，V/OI值为2.7，交易金额为194838USD，合约行权价是720，到期日为2026/06/10
2026-06-10,US.SPY,,PUT,720.0,2026-06-10,5533,82995.0,BUY,06-11 01:00,6.11 01:00，出现一笔买入看跌期权交易，成交量为5533张，未平仓数为98672张，V/OI值为2.5，交易金额为82995USD，合约行权价是720，到期日为2026/06/10
2026-06-10,US.SPY,,CALL,736.0,2026-06-10,3000,126973.0,SELL,06-11 00:21,6.11 00:21，出现一笔卖出看涨期权交易，成交量为3000张，未平仓数为3620张，V/OI值为57.4，交易金额为126973USD，合约行权价是736，到期日为2026/06/10
2026-06-10,US.SPY,,CALL,760.0,2026-06-18,3591,154413.0,BUY,06-11 00:09,6.11 00:09，出现一笔买入看涨期权交易，成交量为3591张，未平仓数为16753张，V/OI值为0.5，交易金额为154413USD，合约行权价是760，到期日为2026/06/18
2026-06-10,US.SQQQ,,PUT,20.0,2028-01-21,999,399600.0,SELL,06-11 03:37,6.11 03:37，出现一笔卖出看跌期权交易，成交量为999张，未平仓数为1002张，V/OI值为1，交易金额为399600USD，合约行权价是20，到期日为2028/01/21
2026-06-10,US.SQQQ,,PUT,50.0,2026-09-18,227,266725.0,SELL,06-11 02:08,6.11 02:08，出现一笔卖出看跌期权交易，成交量为227张，未平仓数为582张，V/OI值为0.4，交易金额为266725USD，合约行权价是50，到期日为2026/09/18
2026-06-10,US.SQQQ,,PUT,40.0,2026-06-18,3403,245016.0,BUY,06-11 01:26,6.11 01:26，出现一笔买入看跌期权交易，成交量为3403张，未平仓数为1893张，V/OI值为2，交易金额为245016USD，合约行权价是40，到期日为2026/06/18
2026-06-10,US.TSLA,,CALL,392.5,2026-06-12,1315,493125.0,SELL,06-11 03:50,6.11 03:50，出现一笔卖出看涨期权交易，成交量为1315张，未平仓数为711张，V/OI值为13.2，交易金额为493125USD，合约行权价是392.5，到期日为2026/06/12
2026-06-10,US.TSLA,,CALL,550.0,2026-08-21,1435,566825.0,SELL,06-11 03:39,6.11 03:39，出现一笔卖出看涨期权交易，成交量为1435张，未平仓数为3648张，V/OI值为0.5，交易金额为566825USD，合约行权价是550，到期日为2026/08/21
2026-06-10,US.TSLA,,CALL,412.5,2026-06-18,1500,603000.0,SELL,06-11 01:49,6.11 01:49，出现一笔卖出看涨期权交易，成交量为1500张，未平仓数为1217张，V/OI值为3.7，交易金额为603000USD，合约行权价是412.5，到期日为2026/06/18
2026-06-10,US.TSLA,,CALL,395.0,2026-06-18,1500,1293000.0,SELL,06-11 01:49,6.11 01:49，出现一笔卖出看涨期权交易，成交量为1500张，未平仓数为3248张，V/OI值为1.9，交易金额为1293000USD，合约行权价是395，到期日为2026/06/18
2026-06-10,US.TSLA,,PUT,360.0,2026-07-24,1350,2052000.0,SELL,06-11 01:03,6.11 01:03，出现一笔卖出看跌期权交易，成交量为1350张，未平仓数为155张，V/OI值为8.9，交易金额为2052000USD，合约行权价是360，到期日为2026/07/24
2026-06-10,US.TSLA,,PUT,382.5,2026-06-12,1205,825455.0,SELL,06-11 01:03,6.11 01:03，出现一笔卖出看跌期权交易，成交量为1205张，未平仓数为1510张，V/OI值为6.8，交易金额为825455USD，合约行权价是382.5，到期日为2026/06/12
2026-06-10,US.TSLA,,CALL,500.0,2026-08-21,2000,1460000.0,SELL,06-11 00:55,6.11 00:55，出现一笔卖出看涨期权交易，成交量为2000张，未平仓数为11394张，V/OI值为0.3，交易金额为1460000USD，合约行权价是500，到期日为2026/08/21
2026-06-10,US.TSLA,,CALL,430.0,2026-06-18,3060,538560.0,SELL,06-11 00:53,6.11 00:53，出现一笔卖出看涨期权交易，成交量为3060张，未平仓数为16415张，V/OI值为0.3，交易金额为538560USD，合约行权价是430，到期日为2026/06/18
2026-06-10,US.TSLA,,CALL,385.0,2026-06-18,1530,1848240.0,SELL,06-11 00:53,6.11 00:53，出现一笔卖出看涨期权交易，成交量为1530张，未平仓数为3328张，V/OI值为1，交易金额为1848240USD，合约行权价是385，到期日为2026/06/18
2026-06-10,US.TSLA,,CALL,432.5,2026-06-18,5100,867000.0,SELL,06-11 00:12,6.11 00:12，出现一笔卖出看涨期权交易，成交量为5100张，未平仓数为2664张，V/OI值为2.3，交易金额为867000USD，合约行权价是432.5，到期日为2026/06/18
2026-06-10,US.TSLA,,CALL,650.0,2026-09-18,1875,555000.0,SELL,06-11 00:07,6.11 00:07，出现一笔卖出看涨期权交易，成交量为1875张，未平仓数为2759张，V/OI值为0.7，交易金额为555000USD，合约行权价是650，到期日为2026/09/18
2026-06-10,US.TSM,,PUT,360.0,2026-12-18,1000,3225000.0,SELL,06-11 03:58,6.11 03:58，出现一笔卖出看跌期权交易，成交量为1000张，未平仓数为16981张，V/OI值为0.1，交易金额为3225000USD，合约行权价是360，到期日为2026/12/18
2026-06-10,US.TSM,,PUT,370.0,2026-07-17,1400,1436400.0,SELL,06-11 03:58,6.11 03:58，出现一笔卖出看跌期权交易，成交量为1400张，未平仓数为4324张，V/OI值为0.5，交易金额为1436400USD，合约行权价是370，到期日为2026/07/17
2026-06-10,US.TSM,,PUT,380.0,2026-06-18,3000,1191000.0,BUY,06-11 03:26,6.11 03:26，出现一笔买入看跌期权交易，成交量为3000张，未平仓数为6714张，V/OI值为0.6，交易金额为1191000USD，合约行权价是380，到期日为2026/06/18
2026-06-10,US.TSM,,PUT,380.0,2026-07-17,3000,4020000.0,SELL,06-11 03:26,6.11 03:26，出现一笔卖出看跌期权交易，成交量为3000张，未平仓数为11850张，V/OI值为0.5，交易金额为4020000USD，合约行权价是380，到期日为2026/07/17
2026-06-10,US.TSM,,CALL,250.0,2026-06-18,1120,17948000.0,BUY,06-11 03:06,6.11 03:06，出现一笔买入看涨期权交易，成交量为1120张，未平仓数为4107张，V/OI值为0.3，交易金额为17948000USD，合约行权价是250，到期日为2026/06/18
2026-06-10,US.TSM,,PUT,330.0,2026-06-18,3426,246672.0,BUY,06-11 01:51,6.11 01:51，出现一笔买入看跌期权交易，成交量为3426张，未平仓数为7128张，V/OI值为0.7，交易金额为246672USD，合约行权价是330，到期日为2026/06/18
2026-06-10,US.TSM,,PUT,360.0,2026-06-12,7000,273000.0,SELL,06-11 00:55,6.11 00:55，出现一笔卖出看跌期权交易，成交量为7000张，未平仓数为7959张，V/OI值为0.9，交易金额为273000USD，合约行权价是360，到期日为2026/06/12
2026-06-10,US.TSM,,PUT,350.0,2026-06-18,7000,840000.0,BUY,06-11 00:55,6.11 00:55，出现一笔买入看跌期权交易，成交量为7000张，未平仓数为7643张，V/OI值为1，交易金额为840000USD，合约行权价是350，到期日为2026/06/18
2026-06-10,US.VST,,PUT,120.0,2026-11-20,3500,3608500.0,SELL,06-11 03:58,6.11 03:58，出现一笔卖出看跌期权交易，成交量为3500张，未平仓数为421张，V/OI值为8.3，交易金额为3608500USD，合约行权价是120，到期日为2026/11/20
2026-06-10,US.VST,,CALL,200.0,2026-09-18,6000,1560000.0,SELL,06-11 02:17,6.11 02:17，出现一笔卖出看涨期权交易，成交量为6000张，未平仓数为10488张，V/OI值为1.1，交易金额为1560000USD，合约行权价是200，到期日为2026/09/18
2026-06-10,US.VST,,CALL,210.0,2026-09-18,10000,2000000.0,SELL,06-11 02:17,6.11 02:17，出现一笔卖出看涨期权交易，成交量为10000张，未平仓数为15876张，V/OI值为0.6，交易金额为2000000USD，合约行权价是210，到期日为2026/09/18
2026-06-10,US.VST,,CALL,190.0,2026-09-18,10000,3470000.0,BUY,06-11 02:17,6.11 02:17，出现一笔买入看涨期权交易，成交量为10000张，未平仓数为11070张，V/OI值为0.9，交易金额为3470000USD，合约行权价是190，到期日为2026/09/18
2026-06-10,US.VST,,CALL,175.0,2026-09-18,6000,3330000.0,BUY,06-11 02:17,6.11 02:17，出现一笔买入看涨期权交易，成交量为6000张，未平仓数为10906张，V/OI值为1，交易金额为3330000USD，合约行权价是175，到期日为2026/09/18
2026-06-10,US.VST,,CALL,170.0,2026-07-17,1500,247500.0,SELL,06-11 00:28,6.11 00:28，出现一笔卖出看涨期权交易，成交量为1500张，未平仓数为1158张，V/OI值为4.4，交易金额为247500USD，合约行权价是170，到期日为2026/07/17
2026-06-10,US.VST,,CALL,155.0,2026-07-17,1500,630000.0,BUY,06-11 00:28,6.11 00:28，出现一笔买入看涨期权交易，成交量为1500张，未平仓数为1194张，V/OI值为4.4，交易金额为630000USD，合约行权价是155，到期日为2026/07/17
2026-06-10,US.XOM,,CALL,155.0,2026-10-16,1668,1701470.0,SELL,06-11 03:12,6.11 03:12，出现一笔卖出看涨期权交易，成交量为1668张，未平仓数为566张，V/OI值为5.2，交易金额为1701470USD，合约行权价是155，到期日为2026/10/16
2026-06-10,US.XOM,,CALL,170.0,2026-11-20,390,260130.0,BUY,06-11 02:53,6.11 02:53，出现一笔买入看涨期权交易，成交量为390张，未平仓数为1036张，V/OI值为0.5，交易金额为260130USD，合约行权价是170，到期日为2026/11/20
2026-06-10,US.XOM,,CALL,155.0,2026-10-16,1279,1381330.0,SELL,06-11 01:37,6.11 01:37，出现一笔卖出看涨期权交易，成交量为1279张，未平仓数为566张，V/OI值为2.3，交易金额为1381330USD，合约行权价是155，到期日为2026/10/16
2026-06-10,US.XOM,,PUT,135.0,2026-12-18,1250,831250.0,SELL,06-11 01:11,6.11 01:11，出现一笔卖出看跌期权交易，成交量为1250张，未平仓数为1785张，V/OI值为0.7，交易金额为831250USD，合约行权价是135，到期日为2026/12/18
2026-06-11,US.AAPL,,PUT,307.5,2026-06-12,1350,1607850.0,SELL,06-12 03:02,6.12 03:02，出现一笔卖出看跌期权交易，成交量为1350张，未平仓数为2179张，V/OI值为1.6，交易金额为1607850USD，合约行权价是307.5，到期日为2026/06/12
2026-06-11,US.AAPL,,PUT,307.5,2026-06-12,1620,1927800.0,SELL,06-12 03:02,6.12 03:02，出现一笔卖出看跌期权交易，成交量为1620张，未平仓数为2179张，V/OI值为0.9，交易金额为1927800USD，合约行权价是307.5，到期日为2026/06/12
2026-06-11,US.AAPL,,PUT,315.0,2026-06-12,2970,5827140.0,SELL,06-12 03:02,6.12 03:02，出现一笔卖出看跌期权交易，成交量为2970张，未平仓数为1980张，V/OI值为1.5，交易金额为5827140USD，合约行权价是315，到期日为2026/06/12
2026-06-11,US.AAPL,,CALL,350.0,2026-09-18,2007,485659.0,BUY,06-12 02:22,6.12 02:22，出现一笔买入看涨期权交易，成交量为2007张，未平仓数为41773张，V/OI值为0.1，交易金额为485659USD，合约行权价是350，到期日为2026/09/18
2026-06-11,US.AAPL,,CALL,310.0,2026-07-17,1500,577500.0,SELL,06-12 02:22,6.12 02:22，出现一笔卖出看涨期权交易，成交量为1500张，未平仓数为49777张，V/OI值为0.1，交易金额为577500USD，合约行权价是310，到期日为2026/07/17
2026-06-11,US.AAPL,,CALL,300.0,2026-06-18,1700,409141.0,SELL,06-12 02:04,6.12 02:04，出现一笔卖出看涨期权交易，成交量为1700张，未平仓数为32959张，V/OI值为0.4，交易金额为409141USD，合约行权价是300，到期日为2026/06/18
2026-06-11,US.AAPL,,PUT,295.0,2026-06-12,1642,492634.0,SELL,06-12 01:20,6.12 01:20，出现一笔卖出看跌期权交易，成交量为1642张，未平仓数为3266张，V/OI值为3.5，交易金额为492634USD，合约行权价是295，到期日为2026/06/12
2026-06-11,US.AAPL,,PUT,245.0,2026-09-18,1481,447262.0,BUY,06-12 00:27,6.12 00:27，出现一笔买入看跌期权交易，成交量为1481张，未平仓数为4193张，V/OI值为1.3，交易金额为447262USD，合约行权价是245，到期日为2026/09/18
2026-06-11,US.AAPL,,CALL,320.0,2026-09-18,2962,2105982.0,SELL,06-12 00:27,6.12 00:27，出现一笔卖出看涨期权交易，成交量为2962张，未平仓数为12061张，V/OI值为0.9，交易金额为2105982USD，合约行权价是320，到期日为2026/09/18
2026-06-11,US.ADSK,,PUT,280.0,2026-06-18,360,2509200.0,SELL,06-12 03:30,6.12 03:30，出现一笔卖出看跌期权交易，成交量为360张，未平仓数为444张，V/OI值为0.8，交易金额为2509200USD，合约行权价是280，到期日为2026/06/18
2026-06-11,US.AMD,,CALL,1090.0,2026-08-21,1000,125000.0,BUY,06-12 02:13,6.12 02:13，出现一笔买入看涨期权交易，成交量为1000张，未平仓数为268张，V/OI值为3.8，交易金额为125000USD，合约行权价是1090，到期日为2026/08/21
2026-06-11,US.AMD,,CALL,505.0,2026-06-12,1703,137943.0,SELL,06-12 01:29,6.12 01:29，出现一笔卖出看涨期权交易，成交量为1703张，未平仓数为3956张，V/OI值为0.9，交易金额为137943USD，合约行权价是505，到期日为2026/06/12
2026-06-11,US.AMZN,,CALL,265.0,2026-07-24,1132,395771.0,BUY,06-12 03:41,6.12 03:41，出现一笔买入看涨期权交易，成交量为1132张，未平仓数为276张，V/OI值为5.4，交易金额为395771USD，合约行权价是265，到期日为2026/07/24
2026-06-11,US.AMZN,,CALL,265.0,2026-07-17,1966,530820.0,SELL,06-12 03:35,6.12 03:35，出现一笔卖出看涨期权交易，成交量为1966张，未平仓数为13543张，V/OI值为0.2，交易金额为530820USD，合约行权价是265，到期日为2026/07/17
2026-06-11,US.AMZN,,CALL,255.0,2026-08-21,1809,2035057.0,BUY,06-12 03:34,6.12 03:34，出现一笔买入看涨期权交易，成交量为1809张，未平仓数为5506张，V/OI值为0.4，交易金额为2035057USD，合约行权价是255，到期日为2026/08/21
2026-06-11,US.AMZN,,CALL,275.0,2026-11-20,1000,1330000.0,BUY,06-12 03:30,6.12 03:30，出现一笔买入看涨期权交易，成交量为1000张，未平仓数为12126张，V/OI值为0.2，交易金额为1330000USD，合约行权价是275，到期日为2026/11/20
2026-06-11,US.AMZN,,PUT,275.0,2026-06-18,1744,6046448.0,SELL,06-12 03:02,6.12 03:02，出现一笔卖出看跌期权交易，成交量为1744张，未平仓数为1163张，V/OI值为3.6，交易金额为6046448USD，合约行权价是275，到期日为2026/06/18
2026-06-11,US.AMZN,,PUT,260.0,2026-06-15,1104,2152800.0,SELL,06-12 03:02,6.12 03:02，出现一笔卖出看跌期权交易，成交量为1104张，未平仓数为736张，V/OI值为3.2，交易金额为2152800USD，合约行权价是260，到期日为2026/06/15
2026-06-11,US.AMZN,,PUT,255.0,2026-06-12,2000,2910000.0,SELL,06-12 03:02,6.12 03:02，出现一笔卖出看跌期权交易，成交量为2000张，未平仓数为4501张，V/OI值为1.3，交易金额为2910000USD，合约行权价是255，到期日为2026/06/12
2026-06-11,US.AMZN,,PUT,255.0,2026-06-12,2450,3596600.0,SELL,06-12 03:02,6.12 03:02，出现一笔卖出看跌期权交易，成交量为2450张，未平仓数为4501张，V/OI值为0.8，交易金额为3596600USD，合约行权价是255，到期日为2026/06/12
2026-06-11,US.AMZN,,PUT,252.5,2026-06-12,2410,2940200.0,SELL,06-12 03:02,6.12 03:02，出现一笔卖出看跌期权交易，成交量为2410张，未平仓数为1607张，V/OI值为2.1，交易金额为2940200USD，合约行权价是252.5，到期日为2026/06/12
2026-06-11,US.AMZN,,PUT,275.0,2026-06-18,2300,8107500.0,SELL,06-12 02:51,6.12 02:51，出现一笔卖出看跌期权交易，成交量为2300张，未平仓数为1163张，V/OI值为2，交易金额为8107500USD，合约行权价是275，到期日为2026/06/18
2026-06-11,US.AMZN,,PUT,270.0,2026-06-18,2000,6050000.0,SELL,06-12 02:51,6.12 02:51，出现一笔卖出看跌期权交易，成交量为2000张，未平仓数为1063张，V/OI值为2，交易金额为6050000USD，合约行权价是270，到期日为2026/06/18
2026-06-11,US.AMZN,,CALL,275.0,2026-11-20,1000,1210000.0,SELL,06-12 02:02,6.12 02:02，出现一笔卖出看涨期权交易，成交量为1000张，未平仓数为12126张，V/OI值为0.1，交易金额为1210000USD，合约行权价是275，到期日为2026/11/20
2026-06-11,US.AMZN,,CALL,260.0,2026-08-21,1000,820000.0,SELL,06-12 01:55,6.12 01:55，出现一笔卖出看涨期权交易，成交量为1000张，未平仓数为34497张，V/OI值为0.1，交易金额为820000USD，合约行权价是260，到期日为2026/08/21
2026-06-11,US.AMZN,,CALL,280.0,2026-07-17,1993,135524.0,BUY,06-12 01:22,6.12 01:22，出现一笔买入看涨期权交易，成交量为1993张，未平仓数为22378张，V/OI值为0.2，交易金额为135524USD，合约行权价是280，到期日为2026/07/17
2026-06-11,US.ASML,,CALL,2020.0,2026-06-26,150,760500.0,BUY,06-12 03:55,6.12 03:55，出现一笔买入看涨期权交易，成交量为150张，未平仓数为27张，V/OI值为15.1，交易金额为760500USD，合约行权价是2020，到期日为2026/06/26
2026-06-11,US.ASML,,CALL,1930.0,2026-06-18,237,927855.0,SELL,06-12 02:54,6.12 02:54，出现一笔卖出看涨期权交易，成交量为237张，未平仓数为10张，V/OI值为24.9，交易金额为927855USD，合约行权价是1930，到期日为2026/06/18
2026-06-11,US.AVGO,,PUT,420.0,2026-06-12,1563,5500197.0,SELL,06-12 03:02,6.12 03:02，出现一笔卖出看跌期权交易，成交量为1563张，未平仓数为1042张，V/OI值为1.6，交易金额为5500197USD，合约行权价是420，到期日为2026/06/12
2026-06-11,US.AVGO,,PUT,415.0,2026-06-12,1056,3067680.0,SELL,06-12 03:02,6.12 03:02，出现一笔卖出看跌期权交易，成交量为1056张，未平仓数为1143张，V/OI值为1.2，交易金额为3067680USD，合约行权价是415，到期日为2026/06/12
2026-06-11,US.AVGO,,CALL,500.0,2026-07-17,7700,1085700.0,SELL,06-12 02:21,6.12 02:21，出现一笔卖出看涨期权交易，成交量为7700张，未平仓数为7333张，V/OI值为2.6，交易金额为1085700USD，合约行权价是500，到期日为2026/07/17
2026-06-11,US.AVGO,,CALL,500.0,2026-07-17,1002,145465.0,SELL,06-12 02:21,6.12 02:21，出现一笔卖出看涨期权交易，成交量为1002张，未平仓数为7333张，V/OI值为1.6，交易金额为145465USD，合约行权价是500，到期日为2026/07/17
2026-06-11,US.AVGO,,CALL,395.0,2026-06-15,2564,476904.0,SELL,06-12 01:28,6.12 01:28，出现一笔卖出看涨期权交易，成交量为2564张，未平仓数为225张，V/OI值为11.7，交易金额为476904USD，合约行权价是395，到期日为2026/06/15
2026-06-11,US.AVGO,,CALL,500.0,2026-07-17,1000,135000.0,SELL,06-12 00:14,6.12 00:14，出现一笔卖出看涨期权交易，成交量为1000张，未平仓数为7333张，V/OI值为1.4，交易金额为135000USD，合约行权价是500，到期日为2026/07/17
2026-06-11,US.AVGO,,CALL,500.0,2026-07-17,1000,135000.0,SELL,06-12 00:13,6.12 00:13，出现一笔卖出看涨期权交易，成交量为1000张，未平仓数为7333张，V/OI值为1.2，交易金额为135000USD，合约行权价是500，到期日为2026/07/17
2026-06-11,US.BABA,,PUT,165.0,2026-06-18,8000,42200000.0,SELL,06-12 03:03,6.12 03:03，出现一笔卖出看跌期权交易，成交量为8000张，未平仓数为6409张，V/OI值为3.2，交易金额为42200000USD，合约行权价是165，到期日为2026/06/18
2026-06-11,US.BABA,,PUT,160.0,2026-06-18,3250,15457000.0,SELL,06-12 03:03,6.12 03:03，出现一笔卖出看跌期权交易，成交量为3250张，未平仓数为6610张，V/OI值为3.2，交易金额为15457000USD，合约行权价是160，到期日为2026/06/18
2026-06-11,US.BABA,,PUT,160.0,2026-06-18,4750,22586250.0,SELL,06-12 03:03,6.12 03:03，出现一笔卖出看跌期权交易，成交量为4750张，未平仓数为6610张，V/OI值为2.7，交易金额为22586250USD，合约行权价是160，到期日为2026/06/18
2026-06-11,US.BABA,,PUT,155.0,2026-07-17,2625,11823000.0,BUY,06-12 03:03,6.12 03:03，出现一笔买入看跌期权交易，成交量为2625张，未平仓数为3389张，V/OI值为1，交易金额为11823000USD，合约行权价是155，到期日为2026/07/17
2026-06-11,US.BABA,,PUT,170.0,2026-06-18,2895,17074710.0,BUY,06-12 03:03,6.12 03:03，出现一笔买入看跌期权交易，成交量为2895张，未平仓数为1930张，V/OI值为2.9，交易金额为17074710USD，合约行权价是170，到期日为2026/06/18
2026-06-11,US.BABA,,PUT,165.0,2026-06-18,12780,67631760.0,SELL,06-12 03:00,6.12 03:00，出现一笔卖出看跌期权交易，成交量为12780张，未平仓数为6409张，V/OI值为2，交易金额为67631760USD，合约行权价是165，到期日为2026/06/18
2026-06-11,US.BABA,,PUT,160.0,2026-06-18,7760,36867760.0,SELL,06-12 03:00,6.12 03:00，出现一笔卖出看跌期权交易，成交量为7760张，未平仓数为6610张，V/OI值为1.9，交易金额为36867760USD，合约行权价是160，到期日为2026/06/18
2026-06-11,US.BABA,,PUT,160.0,2026-06-18,5020,23845000.0,SELL,06-12 03:00,6.12 03:00，出现一笔卖出看跌期权交易，成交量为5020张，未平仓数为6610张，V/OI值为0.8，交易金额为23845000USD，合约行权价是160，到期日为2026/06/18
2026-06-11,US.BABA,,CALL,115.0,2026-09-18,2400,1999200.0,BUY,06-12 01:23,6.12 01:23，出现一笔买入看涨期权交易，成交量为2400张，未平仓数为1493张，V/OI值为1.6，交易金额为1999200USD，合约行权价是115，到期日为2026/09/18
2026-06-11,US.BABA,,PUT,115.0,2026-09-18,2400,2959200.0,SELL,06-12 01:23,6.12 01:23，出现一笔卖出看跌期权交易，成交量为2400张，未平仓数为8639张，V/OI值为0.3，交易金额为2959200USD，合约行权价是115，到期日为2026/09/18
2026-06-11,US.BABA,,PUT,100.0,2027-03-19,3000,2940000.0,SELL,06-12 00:04,6.12 00:04，出现一笔卖出看跌期权交易，成交量为3000张，未平仓数为816张，V/OI值为3.7，交易金额为2940000USD，合约行权价是100，到期日为2027/03/19
2026-06-11,US.BMNR,,PUT,21.0,2026-06-12,1018,580260.0,BUY,06-12 03:03,6.12 03:03，出现一笔买入看跌期权交易，成交量为1018张，未平仓数为795张，V/OI值为1.5，交易金额为580260USD，合约行权价是21，到期日为2026/06/12
2026-06-11,US.BMNR,,PUT,20.0,2026-06-12,1404,533520.0,SELL,06-12 03:03,6.12 03:03，出现一笔卖出看跌期权交易，成交量为1404张，未平仓数为936张，V/OI值为1.6，交易金额为533520USD，合约行权价是20，到期日为2026/06/12
2026-06-11,US.BMNR,,PUT,24.0,2026-06-18,1912,1525776.0,SELL,06-12 03:03,6.12 03:03，出现一笔卖出看跌期权交易，成交量为1912张，未平仓数为1469张，V/OI值为1.3，交易金额为1525776USD，合约行权价是24，到期日为2026/06/18
2026-06-11,US.BMNR,,PUT,22.0,2026-06-12,1226,753990.0,BUY,06-12 03:03,6.12 03:03，出现一笔买入看跌期权交易，成交量为1226张，未平仓数为817张，V/OI值为1.5，交易金额为753990USD，合约行权价是22，到期日为2026/06/12
2026-06-11,US.BMNR,,PUT,19.0,2026-06-12,1912,516240.0,SELL,06-12 03:03,6.12 03:03，出现一笔卖出看跌期权交易，成交量为1912张，未平仓数为1275张，V/OI值为1.6，交易金额为516240USD，合约行权价是19，到期日为2026/06/12
2026-06-11,US.BMNR,,PUT,15.0,2026-07-17,2075,234457.0,SELL,06-12 01:46,6.12 01:46，出现一笔卖出看跌期权交易，成交量为2075张，未平仓数为3257张，V/OI值为1.5，交易金额为234457USD，合约行权价是15，到期日为2026/07/17
2026-06-11,US.BMNR,,CALL,20.0,2026-08-21,1300,130000.0,BUY,06-12 01:29,6.12 01:29，出现一笔买入看涨期权交易，成交量为1300张，未平仓数为8805张，V/OI值为0.4，交易金额为130000USD，合约行权价是20，到期日为2026/08/21
2026-06-11,US.CBRS,,CALL,450.0,2026-06-18,1600,79657.0,BUY,06-12 03:09,6.12 03:09，出现一笔买入看涨期权交易，成交量为1600张，未平仓数为762张，V/OI值为2.2，交易金额为79657USD，合约行权价是450，到期日为2026/06/18
2026-06-11,US.COHR,,CALL,620.0,2026-10-16,206,484100.0,SELL,06-12 02:41,6.12 02:41，出现一笔卖出看涨期权交易，成交量为206张，未平仓数为1张，V/OI值为209，交易金额为484100USD，合约行权价是620，到期日为2026/10/16
2026-06-11,US.COHR,,CALL,350.0,2026-07-17,200,902000.0,BUY,06-12 01:29,6.12 01:29，出现一笔买入看涨期权交易，成交量为200张，未平仓数为1850张，V/OI值为0.1，交易金额为902000USD，合约行权价是350，到期日为2026/07/17
2026-06-11,US.COHR,,PUT,420.0,2026-06-18,296,2099090.0,BUY,06-12 00:35,6.12 00:35，出现一笔买入看跌期权交易，成交量为296张，未平仓数为1022张，V/OI值为0.8，交易金额为2099090USD，合约行权价是420，到期日为2026/06/18
2026-06-11,US.COHR,,PUT,450.0,2026-06-18,213,2042670.0,BUY,06-12 00:14,6.12 00:14，出现一笔买入看跌期权交易，成交量为213张，未平仓数为502张，V/OI值为0.7，交易金额为2042670USD，合约行权价是450，到期日为2026/06/18
2026-06-11,US.CRCL,,CALL,85.0,2026-06-12,1000,74000.0,SELL,06-12 02:56,6.12 02:56，出现一笔卖出看涨期权交易，成交量为1000张，未平仓数为2021张，V/OI值为1.4，交易金额为74000USD，合约行权价是85，到期日为2026/06/12
2026-06-11,US.CRCL,,PUT,85.0,2026-07-17,1000,1011000.0,BUY,06-12 02:42,6.12 02:42，出现一笔买入看跌期权交易，成交量为1000张，未平仓数为2305张，V/OI值为0.4，交易金额为1011000USD，合约行权价是85，到期日为2026/07/17
2026-06-11,US.CRCL,,PUT,85.0,2027-01-15,1000,2161000.0,SELL,06-12 02:42,6.12 02:42，出现一笔卖出看跌期权交易，成交量为1000张，未平仓数为2397张，V/OI值为0.4，交易金额为2161000USD，合约行权价是85，到期日为2027/01/15
2026-06-11,US.CRM,,PUT,220.0,2026-06-18,3500,18585000.0,SELL,06-12 03:46,6.12 03:46，出现一笔卖出看跌期权交易，成交量为3500张，未平仓数为3430张，V/OI值为4.1，交易金额为18585000USD，合约行权价是220，到期日为2026/06/18
2026-06-11,US.CRM,,PUT,230.0,2026-06-18,4515,27794340.0,SELL,06-12 03:03,6.12 03:03，出现一笔卖出看跌期权交易，成交量为4515张，未平仓数为6889张，V/OI值为3.1，交易金额为27794340USD，合约行权价是230，到期日为2026/06/18
2026-06-11,US.CRM,,PUT,220.0,2026-06-18,5145,26543055.0,SELL,06-12 03:03,6.12 03:03，出现一笔卖出看跌期权交易，成交量为5145张，未平仓数为3430张，V/OI值为3.1，交易金额为26543055USD，合约行权价是220，到期日为2026/06/18
2026-06-11,US.CRM,,PUT,230.0,2026-06-18,2499,15381345.0,SELL,06-12 03:02,6.12 03:02，出现一笔卖出看跌期权交易，成交量为2499张，未平仓数为6889张，V/OI值为2.3，交易金额为15381345USD，合约行权价是230，到期日为2026/06/18
2026-06-11,US.CRM,,PUT,182.5,2026-06-12,1208,1914680.0,SELL,06-12 03:01,6.12 03:01，出现一笔卖出看跌期权交易，成交量为1208张，未平仓数为805张，V/OI值为1.6，交易金额为1914680USD，合约行权价是182.5，到期日为2026/06/12
2026-06-11,US.CRM,,PUT,280.0,2026-06-18,2080,23202400.0,SELL,06-12 02:59,6.12 02:59，出现一笔卖出看跌期权交易，成交量为2080张，未平仓数为1057张，V/OI值为2，交易金额为23202400USD，合约行权价是280，到期日为2026/06/18
2026-06-11,US.CRM,,PUT,260.0,2026-06-18,1070,9795850.0,SELL,06-12 02:59,6.12 02:59，出现一笔卖出看跌期权交易，成交量为1070张，未平仓数为527张，V/OI值为2，交易金额为9795850USD，合约行权价是260，到期日为2026/06/18
2026-06-11,US.CRM,,PUT,220.0,2026-06-18,5530,28507150.0,SELL,06-12 02:59,6.12 02:59，出现一笔卖出看跌期权交易，成交量为5530张，未平仓数为3430张，V/OI值为1.6，交易金额为28507150USD，合约行权价是220，到期日为2026/06/18
2026-06-11,US.CRM,,PUT,240.0,2026-06-18,1020,7318500.0,SELL,06-12 02:59,6.12 02:59，出现一笔卖出看跌期权交易，成交量为1020张，未平仓数为496张，V/OI值为2.1，交易金额为7318500USD，合约行权价是240，到期日为2026/06/18
2026-06-11,US.CRM,,PUT,230.0,2026-06-18,3520,21679680.0,SELL,06-12 02:59,6.12 02:59，出现一笔卖出看跌期权交易，成交量为3520张，未平仓数为6889张，V/OI值为1.9，交易金额为21679680USD，合约行权价是230，到期日为2026/06/18
2026-06-11,US.CRM,,PUT,230.0,2026-06-18,6440,39657520.0,SELL,06-12 02:59,6.12 02:59，出现一笔卖出看跌期权交易，成交量为6440张，未平仓数为6889张，V/OI值为1.4，交易金额为39657520USD，合约行权价是230，到期日为2026/06/18
2026-06-11,US.CRM,,PUT,230.0,2026-06-18,1650,10266300.0,SELL,06-12 02:59,6.12 02:59，出现一笔卖出看跌期权交易，成交量为1650张，未平仓数为6889张，V/OI值为0.5，交易金额为10266300USD，合约行权价是230，到期日为2026/06/18
2026-06-11,US.CRM,,PUT,230.0,2026-06-18,1700,10575700.0,SELL,06-12 02:59,6.12 02:59，出现一笔卖出看跌期权交易，成交量为1700张，未平仓数为6889张，V/OI值为0.3，交易金额为10575700USD，合约行权价是230，到期日为2026/06/18
2026-06-11,US.CRWD,,CALL,700.0,2026-06-18,200,370000.0,SELL,06-12 01:38,6.12 01:38，出现一笔卖出看涨期权交易，成交量为200张，未平仓数为1080张，V/OI值为0.8，交易金额为370000USD，合约行权价是700，到期日为2026/06/18
2026-06-11,US.CRWV,,CALL,105.0,2026-06-18,1000,199000.0,SELL,06-12 03:58,6.12 03:58，出现一笔卖出看涨期权交易，成交量为1000张，未平仓数为16381张，V/OI值为0.2，交易金额为199000USD，合约行权价是105，到期日为2026/06/18
2026-06-11,US.CRWV,,CALL,100.0,2026-06-18,1002,370740.0,BUY,06-12 03:32,6.12 03:32，出现一笔买入看涨期权交易，成交量为1002张，未平仓数为36170张，V/OI值为0.2，交易金额为370740USD，合约行权价是100，到期日为2026/06/18
2026-06-11,US.CRWV,,CALL,100.0,2026-06-18,1500,465000.0,BUY,06-12 03:23,6.12 03:23，出现一笔买入看涨期权交易，成交量为1500张，未平仓数为36170张，V/OI值为0.1，交易金额为465000USD，合约行权价是100，到期日为2026/06/18
2026-06-11,US.CRWV,,CALL,92.0,2026-06-18,1694,1150403.0,BUY,06-12 03:16,6.12 03:16，出现一笔买入看涨期权交易，成交量为1694张，未平仓数为22张，V/OI值为85.1，交易金额为1150403USD，合约行权价是92，到期日为2026/06/18
2026-06-11,US.CRWV,,PUT,115.0,2026-06-12,1090,2234500.0,SELL,06-12 03:01,6.12 03:01，出现一笔卖出看跌期权交易，成交量为1090张，未平仓数为1095张，V/OI值为1.6，交易金额为2234500USD，合约行权价是115，到期日为2026/06/12
2026-06-11,US.CRWV,,PUT,135.0,2028-01-21,1500,9877500.0,BUY,06-12 02:30,6.12 02:30，出现一笔买入看跌期权交易，成交量为1500张，未平仓数为472张，V/OI值为3.2，交易金额为9877500USD，合约行权价是135，到期日为2028/01/21
2026-06-11,US.CRWV,,PUT,65.0,2026-07-17,1266,206358.0,BUY,06-12 01:24,6.12 01:24，出现一笔买入看跌期权交易，成交量为1266张，未平仓数为5029张，V/OI值为0.3，交易金额为206358USD，合约行权价是65，到期日为2026/07/17
2026-06-11,US.CRWV,,PUT,87.5,2026-06-18,1000,320000.0,BUY,06-12 00:48,6.12 00:48，出现一笔买入看跌期权交易，成交量为1000张，未平仓数为5226张，V/OI值为0.2，交易金额为320000USD，合约行权价是87.5，到期日为2026/06/18
2026-06-11,US.CRWV,,PUT,77.5,2026-06-18,1758,163494.0,BUY,06-12 00:40,6.12 00:40，出现一笔买入看跌期权交易，成交量为1758张，未平仓数为1900张，V/OI值为1，交易金额为163494USD，合约行权价是77.5，到期日为2026/06/18
2026-06-11,US.CVX,,PUT,185.0,2026-09-18,260,256111.0,SELL,06-12 03:23,6.12 03:23，出现一笔卖出看跌期权交易，成交量为260张，未平仓数为1661张，V/OI值为0.2，交易金额为256111USD，合约行权价是185，到期日为2026/09/18
2026-06-11,US.CVX,,CALL,195.0,2026-08-21,300,213000.0,BUY,06-12 02:57,6.12 02:57，出现一笔买入看涨期权交易，成交量为300张，未平仓数为662张，V/OI值为0.5，交易金额为213000USD，合约行权价是195，到期日为2026/08/21
2026-06-11,US.CVX,,CALL,200.0,2026-09-18,500,320000.0,SELL,06-12 01:45,6.12 01:45，出现一笔卖出看涨期权交易，成交量为500张，未平仓数为6645张，V/OI值为0.1，交易金额为320000USD，合约行权价是200，到期日为2026/09/18
2026-06-11,US.DDOG,,PUT,180.0,2026-10-16,994,1262387.0,SELL,06-12 02:41,6.12 02:41，出现一笔卖出看跌期权交易，成交量为994张，未平仓数为13张，V/OI值为76.5，交易金额为1262387USD，合约行权价是180，到期日为2026/10/16
2026-06-11,US.DUOL,,CALL,125.0,2026-06-26,500,242553.0,SELL,06-12 01:05,6.12 01:05，出现一笔卖出看涨期权交易，成交量为500张，未平仓数为578张，V/OI值为0.9，交易金额为242553USD，合约行权价是125，到期日为2026/06/26
2026-06-11,US.DUOL,,CALL,125.0,2026-07-02,400,248378.0,SELL,06-12 01:02,6.12 01:02，出现一笔卖出看涨期权交易，成交量为400张，未平仓数为427张，V/OI值为1，交易金额为248378USD，合约行权价是125，到期日为2026/07/02
2026-06-11,US.DUOL,,CALL,130.0,2026-07-02,400,188196.0,SELL,06-12 00:48,6.12 00:48，出现一笔卖出看涨期权交易，成交量为400张，未平仓数为456张，V/OI值为1，交易金额为188196USD，合约行权价是130，到期日为2026/07/02
2026-06-11,US.DUOL,,CALL,125.0,2026-07-17,1376,1183360.0,SELL,06-12 00:28,6.12 00:28，出现一笔卖出看涨期权交易，成交量为1376张，未平仓数为1051张，V/OI值为1.3，交易金额为1183360USD，合约行权价是125，到期日为2026/07/17
2026-06-11,US.FCX,,CALL,70.0,2026-08-21,1000,480000.0,SELL,06-12 02:10,6.12 02:10，出现一笔卖出看涨期权交易，成交量为1000张，未平仓数为8100张，V/OI值为0.2，交易金额为480000USD，合约行权价是70，到期日为2026/08/21
2026-06-11,US.GOOGL,,CALL,365.0,2026-06-12,1839,183899.0,SELL,06-12 03:33,6.12 03:33，出现一笔卖出看涨期权交易，成交量为1839张，未平仓数为3083张，V/OI值为2.8，交易金额为183899USD，合约行权价是365，到期日为2026/06/12
2026-06-11,US.GOOGL,,CALL,475.0,2026-09-18,1440,384480.0,BUY,06-12 02:58,6.12 02:58，出现一笔买入看涨期权交易，成交量为1440张，未平仓数为2127张，V/OI值为0.7，交易金额为384480USD，合约行权价是475，到期日为2026/09/18
2026-06-11,US.GOOGL,,CALL,410.0,2026-09-18,1440,1418400.0,SELL,06-12 02:58,6.12 02:58，出现一笔卖出看涨期权交易，成交量为1440张，未平仓数为1133张，V/OI值为1.3，交易金额为1418400USD，合约行权价是410，到期日为2026/09/18
2026-06-11,US.GOOGL,,PUT,335.0,2026-06-18,2000,272000.0,SELL,06-12 02:48,6.12 02:48，出现一笔卖出看跌期权交易，成交量为2000张，未平仓数为4644张，V/OI值为0.9，交易金额为272000USD，合约行权价是335，到期日为2026/06/18
2026-06-11,US.GOOGL,,CALL,350.0,2027-01-15,2500,11250000.0,SELL,06-12 02:16,6.12 02:16，出现一笔卖出看涨期权交易，成交量为2500张，未平仓数为15636张，V/OI值为0.2，交易金额为11250000USD，合约行权价是350，到期日为2027/01/15
2026-06-11,US.GOOGL,,PUT,350.0,2026-06-15,2539,952125.0,BUY,06-12 01:57,6.12 01:57，出现一笔买入看跌期权交易，成交量为2539张，未平仓数为350张，V/OI值为9.6，交易金额为952125USD，合约行权价是350，到期日为2026/06/15
2026-06-11,US.GOOGL,,PUT,360.0,2026-06-18,1155,1270500.0,SELL,06-12 01:33,6.12 01:33，出现一笔卖出看跌期权交易，成交量为1155张，未平仓数为13792张，V/OI值为0.7，交易金额为1270500USD，合约行权价是360，到期日为2026/06/18
2026-06-11,US.GOOGL,,PUT,360.0,2026-06-18,1425,1710000.0,SELL,06-12 01:30,6.12 01:30，出现一笔卖出看跌期权交易，成交量为1425张，未平仓数为13792张，V/OI值为0.6，交易金额为1710000USD，合约行权价是360，到期日为2026/06/18
2026-06-11,US.GOOGL,,PUT,360.0,2026-06-18,1266,1645800.0,SELL,06-12 01:29,6.12 01:29，出现一笔卖出看跌期权交易，成交量为1266张，未平仓数为13792张，V/OI值为0.5，交易金额为1645800USD，合约行权价是360，到期日为2026/06/18
2026-06-11,US.GOOGL,,CALL,355.0,2026-06-15,3002,663442.0,SELL,06-12 01:28,6.12 01:28，出现一笔卖出看涨期权交易，成交量为3002张，未平仓数为173张，V/OI值为20.5，交易金额为663442USD，合约行权价是355，到期日为2026/06/15
2026-06-11,US.GOOGL,,PUT,360.0,2026-06-18,1468,2055200.0,SELL,06-12 01:28,6.12 01:28，出现一笔卖出看跌期权交易，成交量为1468张，未平仓数为13792张，V/OI值为0.4，交易金额为2055200USD，合约行权价是360，到期日为2026/06/18
2026-06-11,US.HOOD,,PUT,91.0,2026-06-12,1000,95000.0,BUY,06-12 03:35,6.12 03:35，出现一笔买入看跌期权交易，成交量为1000张，未平仓数为304张，V/OI值为9.5，交易金额为95000USD，合约行权价是91，到期日为2026/06/12
2026-06-11,US.HOOD,,CALL,99.0,2026-06-18,2200,325600.0,SELL,06-12 02:31,6.12 02:31，出现一笔卖出看涨期权交易，成交量为2200张，未平仓数为149张，V/OI值为25.7，交易金额为325600USD，合约行权价是99，到期日为2026/06/18
2026-06-11,US.HOOD,,CALL,90.0,2026-06-12,2200,624800.0,SELL,06-12 02:31,6.12 02:31，出现一笔卖出看涨期权交易，成交量为2200张，未平仓数为14733张，V/OI值为2.1，交易金额为624800USD，合约行权价是90，到期日为2026/06/12
2026-06-11,US.HOOD,,CALL,86.0,2026-06-12,2200,1350800.0,BUY,06-12 02:31,6.12 02:31，出现一笔买入看涨期权交易，成交量为2200张，未平仓数为5567张，V/OI值为0.7，交易金额为1350800USD，合约行权价是86，到期日为2026/06/12
2026-06-11,US.HOOD,,CALL,94.0,2026-06-18,2200,655600.0,SELL,06-12 02:31,6.12 02:31，出现一笔卖出看涨期权交易，成交量为2200张，未平仓数为401张，V/OI值为11.1，交易金额为655600USD，合约行权价是94，到期日为2026/06/18
2026-06-11,US.HOOD,,CALL,93.0,2026-06-18,1000,315000.0,SELL,06-12 02:09,6.12 02:09，出现一笔卖出看涨期权交易，成交量为1000张，未平仓数为1211张，V/OI值为2.9，交易金额为315000USD，合约行权价是93，到期日为2026/06/18
2026-06-11,US.HOOD,,CALL,98.0,2026-06-18,1000,160000.0,SELL,06-12 02:09,6.12 02:09，出现一笔卖出看涨期权交易，成交量为1000张，未平仓数为568张，V/OI值为5.2，交易金额为160000USD，合约行权价是98，到期日为2026/06/18
2026-06-11,US.HOOD,,CALL,90.0,2026-06-12,1000,250000.0,SELL,06-12 02:09,6.12 02:09，出现一笔卖出看涨期权交易，成交量为1000张，未平仓数为14733张，V/OI值为1.9，交易金额为250000USD，合约行权价是90，到期日为2026/06/12
2026-06-11,US.HOOD,,CALL,85.0,2026-06-12,1000,655000.0,BUY,06-12 02:09,6.12 02:09，出现一笔买入看涨期权交易，成交量为1000张，未平仓数为6325张，V/OI值为0.4，交易金额为655000USD，合约行权价是85，到期日为2026/06/12
2026-06-11,US.HOOD,,CALL,94.0,2026-06-18,1330,361760.0,SELL,06-12 02:06,6.12 02:06，出现一笔卖出看涨期权交易，成交量为1330张，未平仓数为401张，V/OI值为5.5，交易金额为361760USD，合约行权价是94，到期日为2026/06/18
2026-06-11,US.HOOD,,CALL,88.0,2026-06-12,1330,492100.0,SELL,06-12 02:06,6.12 02:06，出现一笔卖出看涨期权交易，成交量为1330张，未平仓数为6551张，V/OI值为1.3，交易金额为492100USD，合约行权价是88，到期日为2026/06/12
2026-06-11,US.HOOD,,CALL,99.0,2026-06-18,1330,184870.0,SELL,06-12 02:06,6.12 02:06，出现一笔卖出看涨期权交易，成交量为1330张，未平仓数为149张，V/OI值为10.8，交易金额为184870USD，合约行权价是99，到期日为2026/06/18
2026-06-11,US.HOOD,,CALL,84.0,2026-06-12,1330,954940.0,SELL,06-12 02:06,6.12 02:06，出现一笔卖出看涨期权交易，成交量为1330张，未平仓数为4608张，V/OI值为0.7，交易金额为954940USD，合约行权价是84，到期日为2026/06/12
2026-06-11,US.HOOD,,CALL,88.0,2026-06-12,1400,589400.0,SELL,06-12 02:03,6.12 02:03，出现一笔卖出看涨期权交易，成交量为1400张，未平仓数为6551张，V/OI值为1.1，交易金额为589400USD，合约行权价是88，到期日为2026/06/12
2026-06-11,US.HOOD,,CALL,93.0,2026-06-18,1400,477400.0,SELL,06-12 02:03,6.12 02:03，出现一笔卖出看涨期权交易，成交量为1400张，未平仓数为1211张，V/OI值为2.1，交易金额为477400USD，合约行权价是93，到期日为2026/06/18
2026-06-11,US.HOOD,,CALL,84.0,2026-06-12,1400,1085000.0,BUY,06-12 02:03,6.12 02:03，出现一笔买入看涨期权交易，成交量为1400张，未平仓数为4608张，V/OI值为0.4，交易金额为1085000USD，合约行权价是84，到期日为2026/06/12
2026-06-11,US.HOOD,,CALL,98.0,2026-06-18,1400,252000.0,BUY,06-12 02:03,6.12 02:03，出现一笔买入看涨期权交易，成交量为1400张，未平仓数为568张，V/OI值为3.4，交易金额为252000USD，合约行权价是98，到期日为2026/06/18
2026-06-11,US.HOOD,,CALL,100.0,2026-07-17,4000,1616000.0,BUY,06-12 01:10,6.12 01:10，出现一笔买入看涨期权交易，成交量为4000张，未平仓数为18190张，V/OI值为0.5，交易金额为1616000USD，合约行权价是100，到期日为2026/07/17
2026-06-11,US.HOOD,,CALL,87.0,2026-06-12,2645,714148.0,SELL,06-12 01:04,6.12 01:04，出现一笔卖出看涨期权交易，成交量为2645张，未平仓数为10476张，V/OI值为0.5，交易金额为714148USD，合约行权价是87，到期日为2026/06/12
2026-06-11,US.HOOD,,CALL,140.0,2027-12-17,1000,2010000.0,BUY,06-12 01:03,6.12 01:03，出现一笔买入看涨期权交易，成交量为1000张，未平仓数为2795张，V/OI值为0.4，交易金额为2010000USD，合约行权价是140，到期日为2027/12/17
2026-06-11,US.HOOD,,CALL,100.0,2027-12-17,1000,2975000.0,BUY,06-12 01:03,6.12 01:03，出现一笔买入看涨期权交易，成交量为1000张，未平仓数为10380张，V/OI值为0.1，交易金额为2975000USD，合约行权价是100，到期日为2027/12/17
2026-06-11,US.HOOD,,CALL,100.0,2026-06-18,1200,112800.0,SELL,06-12 00:21,6.12 00:21，出现一笔卖出看涨期权交易，成交量为1200张，未平仓数为21636张，V/OI值为0.3，交易金额为112800USD，合约行权价是100，到期日为2026/06/18
2026-06-11,US.IBIT,,PUT,34.5,2026-06-18,2464,83776.0,BUY,06-12 04:06,6.12 04:06，出现一笔买入看跌期权交易，成交量为2464张，未平仓数为1481张，V/OI值为1.9，交易金额为83776USD，合约行权价是34.5，到期日为2026/06/18
2026-06-11,US.IBIT,,PUT,70.0,2027-01-15,4987,16980735.0,BUY,06-12 03:56,6.12 03:56，出现一笔买入看跌期权交易，成交量为4987张，未平仓数为10289张，V/OI值为0.5，交易金额为16980735USD，合约行权价是70，到期日为2027/01/15
2026-06-11,US.IBIT,,PUT,52.0,2026-06-18,10000,16000000.0,BUY,06-12 03:56,6.12 03:56，出现一笔买入看跌期权交易，成交量为10000张，未平仓数为26725张，V/OI值为1.5，交易金额为16000000USD，合约行权价是52，到期日为2026/06/18
2026-06-11,US.IBIT,,PUT,28.0,2026-08-21,2000,104000.0,SELL,06-12 03:19,6.12 03:19，出现一笔卖出看跌期权交易，成交量为2000张，未平仓数为2178张，V/OI值为0.9，交易金额为104000USD，合约行权价是28，到期日为2026/08/21
2026-06-11,US.IBIT,,PUT,50.0,2026-06-18,7430,10364850.0,SELL,06-12 03:03,6.12 03:03，出现一笔卖出看跌期权交易，成交量为7430张，未平仓数为6155张，V/OI值为3.3，交易金额为10364850USD，合约行权价是50，到期日为2026/06/18
2026-06-11,US.IBIT,,PUT,39.0,2026-06-12,8000,2432000.0,SELL,06-12 03:03,6.12 03:03，出现一笔卖出看跌期权交易，成交量为8000张，未平仓数为11627张，V/OI值为0.7，交易金额为2432000USD，合约行权价是39，到期日为2026/06/12
2026-06-11,US.IBIT,,PUT,50.0,2026-06-18,12380,17505320.0,BUY,06-12 03:00,6.12 03:00，出现一笔买入看跌期权交易，成交量为12380张，未平仓数为6155张，V/OI值为2，交易金额为17505320USD，合约行权价是50，到期日为2026/06/18
2026-06-11,US.IBIT,,PUT,52.0,2026-06-18,11900,19218500.0,BUY,06-12 03:00,6.12 03:00，出现一笔买入看跌期权交易，成交量为11900张，未平仓数为26725张，V/OI值为1，交易金额为19218500USD，合约行权价是52，到期日为2026/06/18
2026-06-11,US.IBIT,,PUT,52.0,2026-06-18,6780,10942920.0,BUY,06-12 03:00,6.12 03:00，出现一笔买入看跌期权交易，成交量为6780张，未平仓数为26725张，V/OI值为0.6，交易金额为10942920USD，合约行权价是52，到期日为2026/06/18
2026-06-11,US.IBIT,,PUT,59.0,2026-06-18,6300,14584500.0,BUY,06-12 03:00,6.12 03:00，出现一笔买入看跌期权交易，成交量为6300张，未平仓数为3074张，V/OI值为2.2，交易金额为14584500USD，合约行权价是59，到期日为2026/06/18
2026-06-11,US.IBIT,,PUT,42.0,2026-06-12,2680,1648200.0,BUY,06-12 02:59,6.12 02:59，出现一笔买入看跌期权交易，成交量为2680张，未平仓数为1357张，V/OI值为2，交易金额为1648200USD，合约行权价是42，到期日为2026/06/12
2026-06-11,US.IBIT,,PUT,52.0,2026-06-18,7020,11337300.0,BUY,06-12 02:59,6.12 02:59，出现一笔买入看跌期权交易，成交量为7020张，未平仓数为26725张，V/OI值为0.3，交易金额为11337300USD，合约行权价是52，到期日为2026/06/18
2026-06-11,US.IBIT,,PUT,54.0,2026-06-18,3590,6494310.0,BUY,06-12 02:59,6.12 02:59，出现一笔买入看跌期权交易，成交量为3590张，未平仓数为1874张，V/OI值为2，交易金额为6494310USD，合约行权价是54，到期日为2026/06/18
2026-06-11,US.IBIT,,CALL,36.0,2026-06-18,2977,250068.0,BUY,06-12 02:14,6.12 02:14，出现一笔买入看涨期权交易，成交量为2977张，未平仓数为20603张，V/OI值为0.4，交易金额为250068USD，合约行权价是36，到期日为2026/06/18
2026-06-11,US.IBIT,,PUT,35.5,2026-06-22,3200,281600.0,SELL,06-12 01:33,6.12 01:33，出现一笔卖出看跌期权交易，成交量为3200张，未平仓数为138张，V/OI值为97.4，交易金额为281600USD，合约行权价是35.5，到期日为2026/06/22
2026-06-11,US.IBIT,,PUT,28.0,2026-07-17,7000,203000.0,SELL,06-12 00:10,6.12 00:10，出现一笔卖出看跌期权交易，成交量为7000张，未平仓数为7411张，V/OI值为0.9，交易金额为203000USD，合约行权价是28，到期日为2026/07/17
2026-06-11,US.IGV,,PUT,85.0,2026-06-18,2000,106000.0,BUY,06-12 03:58,6.12 03:58，出现一笔买入看跌期权交易，成交量为2000张，未平仓数为10061张，V/OI值为0.2，交易金额为106000USD，合约行权价是85，到期日为2026/06/18
2026-06-11,US.IGV,,PUT,104.0,2026-06-12,1300,1768000.0,BUY,06-12 03:37,6.12 03:37，出现一笔买入看跌期权交易，成交量为1300张，未平仓数为2577张，V/OI值为0.5，交易金额为1768000USD，合约行权价是104，到期日为2026/06/12
2026-06-11,US.IGV,,PUT,105.0,2026-06-18,1000,1470000.0,SELL,06-12 03:37,6.12 03:37，出现一笔卖出看跌期权交易，成交量为1000张，未平仓数为1045张，V/OI值为1，交易金额为1470000USD，合约行权价是105，到期日为2026/06/18
2026-06-11,US.IGV,,PUT,90.0,2027-01-15,1000,912000.0,SELL,06-12 02:53,6.12 02:53，出现一笔卖出看跌期权交易，成交量为1000张，未平仓数为2417张，V/OI值为0.4，交易金额为912000USD，合约行权价是90，到期日为2027/01/15
2026-06-11,US.IGV,,CALL,110.0,2027-01-15,1000,443000.0,SELL,06-12 02:53,6.12 02:53，出现一笔卖出看涨期权交易，成交量为1000张，未平仓数为3597张，V/OI值为0.3，交易金额为443000USD，合约行权价是110，到期日为2027/01/15
2026-06-11,US.IGV,,CALL,105.0,2026-12-18,1000,535000.0,BUY,06-12 02:43,6.12 02:43，出现一笔买入看涨期权交易，成交量为1000张，未平仓数为4666张，V/OI值为0.2，交易金额为535000USD，合约行权价是105，到期日为2026/12/18
2026-06-11,US.IGV,,PUT,80.0,2026-07-02,1897,94851.0,SELL,06-12 02:17,6.12 02:17，出现一笔卖出看跌期权交易，成交量为1897张，未平仓数为65张，V/OI值为29.3，交易金额为94851USD，合约行权价是80，到期日为2026/07/02
2026-06-11,US.IGV,,PUT,90.0,2027-03-19,1500,1582500.0,SELL,06-12 01:10,6.12 01:10，出现一笔卖出看跌期权交易，成交量为1500张，未平仓数为944张，V/OI值为1.6，交易金额为1582500USD，合约行权价是90，到期日为2027/03/19
2026-06-11,US.IGV,,PUT,88.5,2026-06-12,4145,207353.0,SELL,06-12 00:00,6.12 00:00，出现一笔卖出看跌期权交易，成交量为4145张，未平仓数为18张，V/OI值为232.6，交易金额为207353USD，合约行权价是88.5，到期日为2026/06/12
2026-06-11,US.INTC,,PUT,113.0,2026-06-12,1659,200739.0,SELL,06-12 03:14,6.12 03:14，出现一笔卖出看跌期权交易，成交量为1659张，未平仓数为746张，V/OI值为19.4，交易金额为200739USD，合约行权价是113，到期日为2026/06/12
2026-06-11,US.INTC,,CALL,122.0,2026-06-18,4721,1916726.0,BUY,06-12 03:14,6.12 03:14，出现一笔买入看涨期权交易，成交量为4721张，未平仓数为1361张，V/OI值为4.3，交易金额为1916726USD，合约行权价是122，到期日为2026/06/18
2026-06-11,US.INTC,,CALL,113.0,2026-06-12,4721,2521014.0,SELL,06-12 03:14,6.12 03:14，出现一笔卖出看涨期权交易，成交量为4721张，未平仓数为8845张，V/OI值为1.4，交易金额为2521014USD，合约行权价是113，到期日为2026/06/12
2026-06-11,US.INTC,,CALL,116.0,2026-06-12,4721,1619303.0,SELL,06-12 03:14,6.12 03:14，出现一笔卖出看涨期权交易，成交量为4721张，未平仓数为6879张，V/OI值为2.6，交易金额为1619303USD，合约行权价是116，到期日为2026/06/12
2026-06-11,US.INTC,,CALL,126.0,2026-06-18,4721,1373811.0,SELL,06-12 03:14,6.12 03:14，出现一笔卖出看涨期权交易，成交量为4721张，未平仓数为369张，V/OI值为14，交易金额为1373811USD，合约行权价是126，到期日为2026/06/18
2026-06-11,US.INTC,,PUT,113.0,2026-06-12,1106,188020.0,SELL,06-12 02:45,6.12 02:45，出现一笔卖出看跌期权交易，成交量为1106张，未平仓数为746张，V/OI值为15.6，交易金额为188020USD，合约行权价是113，到期日为2026/06/12
2026-06-11,US.INTC,,CALL,115.0,2026-06-12,1313,321685.0,BUY,06-12 02:43,6.12 02:43，出现一笔买入看涨期权交易，成交量为1313张，未平仓数为8250张，V/OI值为3.9，交易金额为321685USD，合约行权价是115，到期日为2026/06/12
2026-06-11,US.INTC,,PUT,113.0,2026-06-12,1095,257325.0,SELL,06-12 02:11,6.12 02:11，出现一笔卖出看跌期权交易，成交量为1095张，未平仓数为746张，V/OI值为13.9，交易金额为257325USD，合约行权价是113，到期日为2026/06/12
2026-06-11,US.INTC,,PUT,114.0,2026-06-12,1000,215000.0,SELL,06-12 02:00,6.12 02:00，出现一笔卖出看跌期权交易，成交量为1000张，未平仓数为414张，V/OI值为39.5，交易金额为215000USD，合约行权价是114，到期日为2026/06/12
2026-06-11,US.INTC,,CALL,135.0,2026-06-18,1717,183502.0,SELL,06-12 02:00,6.12 02:00，出现一笔卖出看涨期权交易，成交量为1717张，未平仓数为9763张，V/OI值为0.9，交易金额为183502USD，合约行权价是135，到期日为2026/06/18
2026-06-11,US.INTC,,PUT,114.0,2026-06-12,1000,300000.0,SELL,06-12 01:32,6.12 01:32，出现一笔卖出看跌期权交易，成交量为1000张，未平仓数为414张，V/OI值为33.2，交易金额为300000USD，合约行权价是114，到期日为2026/06/12
2026-06-11,US.INTC,,PUT,114.0,2026-06-12,1000,306000.0,SELL,06-12 01:31,6.12 01:31，出现一笔卖出看跌期权交易，成交量为1000张，未平仓数为414张，V/OI值为30.7，交易金额为306000USD，合约行权价是114，到期日为2026/06/12
2026-06-11,US.INTC,,PUT,113.0,2026-06-12,1609,643600.0,BUY,06-12 01:18,6.12 01:18，出现一笔买入看跌期权交易，成交量为1609张，未平仓数为746张，V/OI值为11.6，交易金额为643600USD，合约行权价是113，到期日为2026/06/12
2026-06-11,US.INTC,,PUT,87.5,2026-06-18,2146,87986.0,SELL,06-12 00:28,6.12 00:28，出现一笔卖出看跌期权交易，成交量为2146张，未平仓数为1788张，V/OI值为1.3，交易金额为87986USD，合约行权价是87.5，到期日为2026/06/18
2026-06-11,US.INTC,,PUT,114.0,2026-06-12,1000,360000.0,BUY,06-12 00:22,6.12 00:22，出现一笔买入看跌期权交易，成交量为1000张，未平仓数为414张，V/OI值为28，交易金额为360000USD，合约行权价是114，到期日为2026/06/12
2026-06-11,US.INTC,,PUT,114.0,2026-06-12,1000,360000.0,BUY,06-12 00:03,6.12 00:03，出现一笔买入看跌期权交易，成交量为1000张，未平仓数为414张，V/OI值为23.1，交易金额为360000USD，合约行权价是114，到期日为2026/06/12
2026-06-11,US.INTU,,PUT,440.0,2026-06-18,1250,20237500.0,SELL,06-12 02:53,6.12 02:53，出现一笔卖出看跌期权交易，成交量为1250张，未平仓数为804张，V/OI值为1.6，交易金额为20237500USD，合约行权价是440，到期日为2026/06/18
2026-06-11,US.INTU,,CALL,320.0,2026-07-17,1000,584000.0,SELL,06-12 00:20,6.12 00:20，出现一笔卖出看涨期权交易，成交量为1000张，未平仓数为827张，V/OI值为1.2，交易金额为584000USD，合约行权价是320，到期日为2026/07/17
2026-06-11,US.IREN,,PUT,42.0,2026-06-26,2004,176347.0,BUY,06-12 03:32,6.12 03:32，出现一笔买入看跌期权交易，成交量为2004张，未平仓数为240张，V/OI值为77.6，交易金额为176347USD，合约行权价是42，到期日为2026/06/26
2026-06-11,US.IREN,,PUT,45.0,2026-06-26,2414,301750.0,BUY,06-12 03:31,6.12 03:31，出现一笔买入看跌期权交易，成交量为2414张，未平仓数为6001张，V/OI值为0.5，交易金额为301750USD，合约行权价是45，到期日为2026/06/26
2026-06-11,US.IREN,,CALL,70.0,2026-09-18,1250,1120000.0,BUY,06-12 02:41,6.12 02:41，出现一笔买入看涨期权交易，成交量为1250张，未平仓数为5756张，V/OI值为0.2，交易金额为1120000USD，合约行权价是70，到期日为2026/09/18
2026-06-11,US.IREN,,CALL,110.0,2028-09-15,3000,6885000.0,SELL,06-12 02:41,6.12 02:41，出现一笔卖出看涨期权交易，成交量为3000张，未平仓数为16451张，V/OI值为0.2，交易金额为6885000USD，合约行权价是110，到期日为2028/09/15
2026-06-11,US.IREN,,CALL,56.0,2026-06-12,1009,82284.0,SELL,06-12 00:40,6.12 00:40，出现一笔卖出看涨期权交易，成交量为1009张，未平仓数为9211张，V/OI值为0.4，交易金额为82284USD，合约行权价是56，到期日为2026/06/12
2026-06-11,US.IWM,,PUT,280.0,2026-06-18,3000,438000.0,BUY,06-12 04:11,6.12 04:11，出现一笔买入看跌期权交易，成交量为3000张，未平仓数为51457张，V/OI值为0.7，交易金额为438000USD，合约行权价是280，到期日为2026/06/18
2026-06-11,US.IWM,,PUT,276.0,2026-07-17,3000,1161000.0,SELL,06-12 04:07,6.12 04:07，出现一笔卖出看跌期权交易，成交量为3000张，未平仓数为27988张，V/OI值为0.6，交易金额为1161000USD，合约行权价是276，到期日为2026/07/17
2026-06-11,US.IWM,,PUT,278.0,2026-06-18,12500,1462500.0,BUY,06-12 04:06,6.12 04:06，出现一笔买入看跌期权交易，成交量为12500张，未平仓数为35214张，V/OI值为0.9，交易金额为1462500USD，合约行权价是278，到期日为2026/06/18
2026-06-11,US.IWM,,PUT,280.0,2026-06-18,12500,1900000.0,BUY,06-12 04:06,6.12 04:06，出现一笔买入看跌期权交易，成交量为12500张，未平仓数为51457张，V/OI值为0.6，交易金额为1900000USD，合约行权价是280，到期日为2026/06/18
2026-06-11,US.IWM,,PUT,287.0,2026-06-12,3045,260718.0,BUY,06-12 03:48,6.12 03:48，出现一笔买入看跌期权交易，成交量为3045张，未平仓数为9138张，V/OI值为0.9，交易金额为260718USD，合约行权价是287，到期日为2026/06/12
2026-06-11,US.IWM,,PUT,290.0,2026-06-18,5000,2295000.0,BUY,06-12 03:40,6.12 03:40，出现一笔买入看跌期权交易，成交量为5000张，未平仓数为59996张，V/OI值为0.2，交易金额为2295000USD，合约行权价是290，到期日为2026/06/18
2026-06-11,US.IWM,,CALL,290.0,2026-06-18,5000,2345000.0,SELL,06-12 03:40,6.12 03:40，出现一笔卖出看涨期权交易，成交量为5000张，未平仓数为51151张，V/OI值为0.4，交易金额为2345000USD，合约行权价是290，到期日为2026/06/18
2026-06-11,US.IWM,,CALL,300.0,2026-07-17,4000,1924000.0,SELL,06-12 03:35,6.12 03:35，出现一笔卖出看涨期权交易，成交量为4000张，未平仓数为26886张，V/OI值为0.2，交易金额为1924000USD，合约行权价是300，到期日为2026/07/17
2026-06-11,US.IWM,,PUT,277.0,2026-07-17,3393,1346204.0,BUY,06-12 03:33,6.12 03:33，出现一笔买入看跌期权交易，成交量为3393张，未平仓数为45622张，V/OI值为0.1，交易金额为1346204USD，合约行权价是277，到期日为2026/07/17
2026-06-11,US.IWM,,PUT,274.0,2026-07-17,5335,1762550.0,SELL,06-12 03:33,6.12 03:33，出现一笔卖出看跌期权交易，成交量为5335张，未平仓数为19300张，V/OI值为0.9，交易金额为1762550USD，合约行权价是274，到期日为2026/07/17
2026-06-11,US.IWM,,PUT,280.0,2026-07-17,3840,1920002.0,SELL,06-12 03:21,6.12 03:21，出现一笔卖出看跌期权交易，成交量为3840张，未平仓数为23326张，V/OI值为0.3，交易金额为1920002USD，合约行权价是280，到期日为2026/07/17
2026-06-11,US.IWM,,PUT,264.0,2026-06-18,3538,84912.0,BUY,06-12 03:08,6.12 03:08，出现一笔买入看跌期权交易，成交量为3538张，未平仓数为76308张，V/OI值为0.1，交易金额为84912USD，合约行权价是264，到期日为2026/06/18
2026-06-11,US.IWM,,PUT,290.0,2026-06-18,5900,3221400.0,SELL,06-12 02:56,6.12 02:56，出现一笔卖出看跌期权交易，成交量为5900张，未平仓数为59996张，V/OI值为0.1，交易金额为3221400USD，合约行权价是290，到期日为2026/06/18
2026-06-11,US.IWM,,CALL,290.0,2026-06-18,5900,2277400.0,BUY,06-12 02:56,6.12 02:56，出现一笔买入看涨期权交易，成交量为5900张，未平仓数为51151张，V/OI值为0.3，交易金额为2277400USD，合约行权价是290，到期日为2026/06/18
2026-06-11,US.IWM,,CALL,290.0,2026-07-17,5000,4065000.0,BUY,06-12 02:10,6.12 02:10，出现一笔买入看涨期权交易，成交量为5000张，未平仓数为9635张，V/OI值为0.6，交易金额为4065000USD，合约行权价是290，到期日为2026/07/17
2026-06-11,US.IWM,,CALL,305.0,2026-07-17,5000,1285000.0,SELL,06-12 02:10,6.12 02:10，出现一笔卖出看涨期权交易，成交量为5000张，未平仓数为5318张，V/OI值为1，交易金额为1285000USD，合约行权价是305，到期日为2026/07/17
2026-06-11,US.IWM,,PUT,290.0,2026-06-30,3500,2551500.0,SELL,06-12 01:51,6.12 01:51，出现一笔卖出看跌期权交易，成交量为3500张，未平仓数为1222张，V/OI值为3，交易金额为2551500USD，合约行权价是290，到期日为2026/06/30
2026-06-11,US.IWM,,PUT,290.0,2026-07-17,3500,3241000.0,BUY,06-12 01:51,6.12 01:51，出现一笔买入看跌期权交易，成交量为3500张，未平仓数为115080张，V/OI值为0，交易金额为3241000USD，合约行权价是290，到期日为2026/07/17
2026-06-11,US.IWM,,PUT,280.0,2026-06-18,7023,1467807.0,BUY,06-12 01:36,6.12 01:36，出现一笔买入看跌期权交易，成交量为7023张，未平仓数为51457张，V/OI值为0.2，交易金额为1467807USD，合约行权价是280，到期日为2026/06/18
2026-06-11,US.IWM,,CALL,287.0,2026-06-11,3081,80106.0,BUY,06-12 01:28,6.12 01:28，出现一笔买入看涨期权交易，成交量为3081张，未平仓数为1578张，V/OI值为71.6，交易金额为80106USD，合约行权价是287，到期日为2026/06/11
2026-06-11,US.IWM,,PUT,255.0,2026-08-21,4500,1597500.0,SELL,06-12 01:07,6.12 01:07，出现一笔卖出看跌期权交易，成交量为4500张，未平仓数为18749张，V/OI值为0.2，交易金额为1597500USD，合约行权价是255，到期日为2026/08/21
2026-06-11,US.IWM,,PUT,270.0,2026-08-21,3000,1959000.0,BUY,06-12 01:07,6.12 01:07，出现一笔买入看跌期权交易，成交量为3000张，未平仓数为20153张，V/OI值为0.2，交易金额为1959000USD，合约行权价是270，到期日为2026/08/21
2026-06-11,US.JD,,CALL,40.0,2028-01-21,1000,280000.0,SELL,06-12 02:00,6.12 02:00，出现一笔卖出看涨期权交易，成交量为1000张，未平仓数为2978张，V/OI值为0.3，交易金额为280000USD，合约行权价是40，到期日为2028/01/21
2026-06-11,US.JD,,PUT,28.0,2028-01-21,1000,530000.0,SELL,06-12 02:00,6.12 02:00，出现一笔卖出看跌期权交易，成交量为1000张，未平仓数为1022张，V/OI值为1，交易金额为530000USD，合约行权价是28，到期日为2028/01/21
2026-06-11,US.LI,,PUT,15.5,2026-06-12,1092,250068.0,BUY,06-12 03:00,6.12 03:00，出现一笔买入看跌期权交易，成交量为1092张，未平仓数为728张，V/OI值为1.5，交易金额为250068USD，合约行权价是15.5，到期日为2026/06/12
2026-06-11,US.LI,,PUT,27.0,2026-06-18,768,1082112.0,BUY,06-12 03:00,6.12 03:00，出现一笔买入看跌期权交易，成交量为768张，未平仓数为524张，V/OI值为1.5，交易金额为1082112USD，合约行权价是27，到期日为2026/06/18
2026-06-11,US.LITE,,PUT,867.5,2026-06-26,434,2664760.0,BUY,06-12 03:12,6.12 03:12，出现一笔买入看跌期权交易，成交量为434张，未平仓数为0张，V/OI值为0，交易金额为2664760USD，合约行权价是867.5，到期日为2026/06/26
2026-06-11,US.MARA,,PUT,5.0,2027-12-17,5000,490000.0,SELL,06-12 02:15,6.12 02:15，出现一笔卖出看跌期权交易，成交量为5000张，未平仓数为25234张，V/OI值为0.2，交易金额为490000USD，合约行权价是5，到期日为2027/12/17
2026-06-11,US.MARA,,CALL,12.5,2026-06-12,7450,707750.0,BUY,06-12 01:58,6.12 01:58，出现一笔买入看涨期权交易，成交量为7450张，未平仓数为30304张，V/OI值为0.5，交易金额为707750USD，合约行权价是12.5，到期日为2026/06/12
2026-06-11,US.MARA,,CALL,13.5,2026-06-18,7450,439550.0,SELL,06-12 01:58,6.12 01:58，出现一笔卖出看涨期权交易，成交量为7450张，未平仓数为6809张，V/OI值为2.3，交易金额为439550USD，合约行权价是13.5，到期日为2026/06/18
2026-06-11,US.MARA,,CALL,14.5,2026-06-18,7450,201150.0,BUY,06-12 01:58,6.12 01:58，出现一笔买入看涨期权交易，成交量为7450张，未平仓数为3107张，V/OI值为5.1，交易金额为201150USD，合约行权价是14.5，到期日为2026/06/18
2026-06-11,US.META,,PUT,610.0,2026-06-12,1503,6109695.0,SELL,06-12 03:12,6.12 03:12，出现一笔卖出看跌期权交易，成交量为1503张，未平仓数为1101张，V/OI值为1.8，交易金额为6109695USD，合约行权价是610，到期日为2026/06/12
2026-06-11,US.META,,PUT,605.0,2026-06-12,1143,4063365.0,SELL,06-12 03:12,6.12 03:12，出现一笔卖出看跌期权交易，成交量为1143张，未平仓数为972张，V/OI值为1.3，交易金额为4063365USD，合约行权价是605，到期日为2026/06/12
2026-06-11,US.META,,PUT,607.5,2026-06-12,1338,5412210.0,BUY,06-12 03:12,6.12 03:12，出现一笔买入看跌期权交易，成交量为1338张，未平仓数为1002张，V/OI值为2，交易金额为5412210USD，合约行权价是607.5，到期日为2026/06/12
2026-06-11,US.META,,PUT,485.0,2026-06-26,1240,93000.0,SELL,06-12 02:53,6.12 02:53，出现一笔卖出看跌期权交易，成交量为1240张，未平仓数为175张，V/OI值为11.5，交易金额为93000USD，合约行权价是485，到期日为2026/06/26
2026-06-11,US.META,,PUT,700.0,2026-06-18,1074,14357233.0,BUY,06-12 02:49,6.12 02:49，出现一笔买入看跌期权交易，成交量为1074张，未平仓数为2875张，V/OI值为0.4，交易金额为14357233USD，合约行权价是700，到期日为2026/06/18
2026-06-11,US.META,,CALL,700.0,2026-07-17,1335,189570.0,BUY,06-12 00:58,6.12 00:58，出现一笔买入看涨期权交易，成交量为1335张，未平仓数为19392张，V/OI值为0.3，交易金额为189570USD，合约行权价是700，到期日为2026/07/17
2026-06-11,US.META,,CALL,720.0,2026-08-21,2742,1631490.0,SELL,06-12 00:23,6.12 00:23，出现一笔卖出看涨期权交易，成交量为2742张，未平仓数为11570张，V/OI值为0.5，交易金额为1631490USD，合约行权价是720，到期日为2026/08/21
2026-06-11,US.META,,CALL,720.0,2026-08-21,1250,743750.0,SELL,06-12 00:21,6.12 00:21，出现一笔卖出看涨期权交易，成交量为1250张，未平仓数为11570张，V/OI值为0.2，交易金额为743750USD，合约行权价是720，到期日为2026/08/21
2026-06-11,US.MP,,PUT,45.0,2027-03-19,1000,655000.0,SELL,06-12 02:11,6.12 02:11，出现一笔卖出看跌期权交易，成交量为1000张，未平仓数为100张，V/OI值为10，交易金额为655000USD，合约行权价是45，到期日为2027/03/19
2026-06-11,US.MRNA,,CALL,50.0,2026-06-18,1650,206250.0,SELL,06-12 00:45,6.12 00:45，出现一笔卖出看涨期权交易，成交量为1650张，未平仓数为7912张，V/OI值为0.2，交易金额为206250USD，合约行权价是50，到期日为2026/06/18
2026-06-11,US.MRVL,,CALL,280.0,2026-06-12,1000,862000.0,SELL,06-12 03:52,6.12 03:52，出现一笔卖出看涨期权交易，成交量为1000张，未平仓数为2514张，V/OI值为3.3，交易金额为862000USD，合约行权价是280，到期日为2026/06/12
2026-06-11,US.MRVL,,PUT,140.0,2026-07-17,2800,420000.0,BUY,06-12 02:03,6.12 02:03，出现一笔买入看跌期权交易，成交量为2800张，未平仓数为7929张，V/OI值为0.9，交易金额为420000USD，合约行权价是140，到期日为2026/07/17
2026-06-11,US.MRVL,,PUT,130.0,2026-07-17,4000,408000.0,BUY,06-12 02:03,6.12 02:03，出现一笔买入看跌期权交易，成交量为4000张，未平仓数为10715张，V/OI值为0.9，交易金额为408000USD，合约行权价是130，到期日为2026/07/17
2026-06-11,US.MRVL,,PUT,130.0,2026-07-17,1000,102000.0,BUY,06-12 02:03,6.12 02:03，出现一笔买入看跌期权交易，成交量为1000张，未平仓数为10715张，V/OI值为0.6，交易金额为102000USD，合约行权价是130，到期日为2026/07/17
2026-06-11,US.MRVL,,PUT,130.0,2026-07-17,1000,102000.0,BUY,06-12 02:03,6.12 02:03，出现一笔买入看跌期权交易，成交量为1000张，未平仓数为10715张，V/OI值为0.5，交易金额为102000USD，合约行权价是130，到期日为2026/07/17
2026-06-11,US.MRVL,,PUT,130.0,2026-07-17,1000,102000.0,BUY,06-12 02:03,6.12 02:03，出现一笔买入看跌期权交易，成交量为1000张，未平仓数为10715张，V/OI值为0.4，交易金额为102000USD，合约行权价是130，到期日为2026/07/17
2026-06-11,US.MRVL,,PUT,130.0,2026-07-17,1000,102000.0,BUY,06-12 02:03,6.12 02:03，出现一笔买入看跌期权交易，成交量为1000张，未平仓数为10715张，V/OI值为0.3，交易金额为102000USD，合约行权价是130，到期日为2026/07/17
2026-06-11,US.MRVL,,PUT,110.0,2026-07-17,2000,100000.0,SELL,06-12 02:03,6.12 02:03，出现一笔卖出看跌期权交易，成交量为2000张，未平仓数为5631张，V/OI值为0.5，交易金额为100000USD，合约行权价是110，到期日为2026/07/17
2026-06-11,US.MRVL,,PUT,130.0,2026-07-17,1000,102000.0,BUY,06-12 02:03,6.12 02:03，出现一笔买入看跌期权交易，成交量为1000张，未平仓数为10715张，V/OI值为0.2，交易金额为102000USD，合约行权价是130，到期日为2026/07/17
2026-06-11,US.MRVL,,PUT,130.0,2026-07-17,1000,102000.0,BUY,06-12 02:03,6.12 02:03，出现一笔买入看跌期权交易，成交量为1000张，未平仓数为10715张，V/OI值为0.1，交易金额为102000USD，合约行权价是130，到期日为2026/07/17
2026-06-11,US.MRVL,,PUT,207.5,2026-06-18,1100,210271.0,SELL,06-12 01:46,6.12 01:46，出现一笔卖出看跌期权交易，成交量为1100张，未平仓数为373张，V/OI值为3，交易金额为210271USD，合约行权价是207.5，到期日为2026/06/18
2026-06-11,US.MSFT,,CALL,550.0,2026-09-18,1000,230000.0,BUY,06-12 03:46,6.12 03:46，出现一笔买入看涨期权交易，成交量为1000张，未平仓数为5987张，V/OI值为0.2，交易金额为230000USD，合约行权价是550，到期日为2026/09/18
2026-06-11,US.MSFT,,PUT,415.0,2026-06-12,2160,5844960.0,SELL,06-12 03:11,6.12 03:11，出现一笔卖出看跌期权交易，成交量为2160张，未平仓数为2726张，V/OI值为1.6，交易金额为5844960USD，合约行权价是415，到期日为2026/06/12
2026-06-11,US.MSFT,,PUT,420.0,2026-06-12,3555,11610630.0,SELL,06-12 03:11,6.12 03:11，出现一笔卖出看跌期权交易，成交量为3555张，未平仓数为2370张，V/OI值为1.6，交易金额为11610630USD，合约行权价是420，到期日为2026/06/12
2026-06-11,US.MSFT,,PUT,485.0,2026-06-18,1120,11004000.0,BUY,06-12 02:59,6.12 02:59，出现一笔买入看跌期权交易，成交量为1120张，未平仓数为382张，V/OI值为5，交易金额为11004000USD，合约行权价是485，到期日为2026/06/18
2026-06-11,US.MSFT,,PUT,427.5,2026-06-12,2450,9481500.0,SELL,06-12 02:59,6.12 02:59，出现一笔卖出看跌期权交易，成交量为2450张，未平仓数为733张，V/OI值为3.5，交易金额为9481500USD，合约行权价是427.5，到期日为2026/06/12
2026-06-11,US.MSFT,,PUT,460.0,2026-06-18,3355,24642475.0,BUY,06-12 02:59,6.12 02:59，出现一笔买入看跌期权交易，成交量为3355张，未平仓数为1387张，V/OI值为4.7，交易金额为24642475USD，合约行权价是460，到期日为2026/06/18
2026-06-11,US.MSFT,,PUT,470.0,2026-06-18,1030,8466600.0,SELL,06-12 02:59,6.12 02:59，出现一笔卖出看跌期权交易，成交量为1030张，未平仓数为426张，V/OI值为4.5，交易金额为8466600USD，合约行权价是470，到期日为2026/06/18
2026-06-11,US.MSFT,,PUT,460.0,2026-06-18,2800,20090000.0,BUY,06-12 02:54,6.12 02:54，出现一笔买入看跌期权交易，成交量为2800张，未平仓数为1387张，V/OI值为2，交易金额为20090000USD，合约行权价是460，到期日为2026/06/18
2026-06-11,US.MSFT,,PUT,455.0,2026-06-18,2525,16829125.0,SELL,06-12 02:54,6.12 02:54，出现一笔卖出看跌期权交易，成交量为2525张，未平仓数为1242张，V/OI值为2，交易金额为16829125USD，合约行权价是455，到期日为2026/06/18
2026-06-11,US.MSFT,,CALL,470.0,2026-08-21,1163,616390.0,BUY,06-12 01:36,6.12 01:36，出现一笔买入看涨期权交易，成交量为1163张，未平仓数为8067张，V/OI值为1.2，交易金额为616390USD，合约行权价是470，到期日为2026/08/21
2026-06-11,US.MSFT,,CALL,435.0,2026-07-17,1000,325000.0,SELL,06-12 01:36,6.12 01:36，出现一笔卖出看涨期权交易，成交量为1000张，未平仓数为5386张，V/OI值为0.7，交易金额为325000USD，合约行权价是435，到期日为2026/07/17
2026-06-11,US.MSFT,,CALL,405.0,2026-07-17,6000,5580000.0,BUY,06-12 00:45,6.12 00:45，出现一笔买入看涨期权交易，成交量为6000张，未平仓数为3452张，V/OI值为2，交易金额为5580000USD，合约行权价是405，到期日为2026/07/17
2026-06-11,US.MSFT,,CALL,380.0,2026-07-17,2000,4094000.0,SELL,06-12 00:45,6.12 00:45，出现一笔卖出看涨期权交易，成交量为2000张，未平仓数为1234张，V/OI值为2.8，交易金额为4094000USD，合约行权价是380，到期日为2026/07/17
2026-06-11,US.MSFT,,CALL,380.0,2026-07-17,1000,2046000.0,SELL,06-12 00:45,6.12 00:45，出现一笔卖出看涨期权交易，成交量为1000张，未平仓数为1234张，V/OI值为1.2，交易金额为2046000USD，合约行权价是380，到期日为2026/07/17
2026-06-11,US.MSFT,,CALL,435.0,2026-07-17,2000,620000.0,SELL,06-12 00:45,6.12 00:45，出现一笔卖出看涨期权交易，成交量为2000张，未平仓数为5386张，V/OI值为0.5，交易金额为620000USD，合约行权价是435，到期日为2026/07/17
2026-06-11,US.MSFT,,CALL,500.0,2027-03-19,1250,2226250.0,SELL,06-12 00:11,6.12 00:11，出现一笔卖出看涨期权交易，成交量为1250张，未平仓数为2878张，V/OI值为0.5，交易金额为2226250USD，合约行权价是500，到期日为2027/03/19
2026-06-11,US.MSTR,,PUT,220.0,2026-06-18,3200,31984000.0,BUY,06-12 03:33,6.12 03:33，出现一笔买入看跌期权交易，成交量为3200张，未平仓数为1580张，V/OI值为5.8，交易金额为31984000USD，合约行权价是220，到期日为2026/06/18
2026-06-11,US.MSTR,,PUT,240.0,2026-06-18,1450,17392750.0,SELL,06-12 03:33,6.12 03:33，出现一笔卖出看跌期权交易，成交量为1450张，未平仓数为722张，V/OI值为5.6，交易金额为17392750USD，合约行权价是240，到期日为2026/06/18
2026-06-11,US.MSTR,,PUT,145.0,2026-06-12,1983,5191494.0,BUY,06-12 03:12,6.12 03:12，出现一笔买入看跌期权交易，成交量为1983张，未平仓数为1322张，V/OI值为1.6，交易金额为5191494USD，合约行权价是145，到期日为2026/06/12
2026-06-11,US.MSTR,,PUT,220.0,2026-06-18,1551,15803139.0,BUY,06-12 03:12,6.12 03:12，出现一笔买入看跌期权交易，成交量为1551张，未平仓数为1580张，V/OI值为3.3，交易金额为15803139USD，合约行权价是220，到期日为2026/06/18
2026-06-11,US.MSTR,,PUT,220.0,2026-06-18,3025,30900375.0,BUY,06-12 02:59,6.12 02:59，出现一笔买入看跌期权交易，成交量为3025张，未平仓数为1580张，V/OI值为2.3，交易金额为30900375USD，合约行权价是220，到期日为2026/06/18
2026-06-11,US.MSTR,,PUT,240.0,2026-06-18,1690,20626450.0,BUY,06-12 02:59,6.12 02:59，出现一笔买入看跌期权交易，成交量为1690张，未平仓数为722张，V/OI值为2.3，交易金额为20626450USD，合约行权价是240，到期日为2026/06/18
2026-06-11,US.MSTR,,CALL,123.0,2026-06-18,2360,830720.0,BUY,06-12 02:16,6.12 02:16，出现一笔买入看涨期权交易，成交量为2360张，未平仓数为335张，V/OI值为23，交易金额为830720USD，合约行权价是123，到期日为2026/06/18
2026-06-11,US.MSTR,,CALL,130.0,2026-06-18,2360,396480.0,SELL,06-12 02:16,6.12 02:16，出现一笔卖出看涨期权交易，成交量为2360张，未平仓数为19297张，V/OI值为0.6，交易金额为396480USD，合约行权价是130，到期日为2026/06/18
2026-06-11,US.MSTR,,CALL,130.0,2026-06-18,2500,407500.0,SELL,06-12 02:05,6.12 02:05，出现一笔卖出看涨期权交易，成交量为2500张，未平仓数为19297张，V/OI值为0.5，交易金额为407500USD，合约行权价是130，到期日为2026/06/18
2026-06-11,US.MSTR,,CALL,123.0,2026-06-18,2500,860000.0,SELL,06-12 02:05,6.12 02:05，出现一笔卖出看涨期权交易，成交量为2500张，未平仓数为335张，V/OI值为15.6，交易金额为860000USD，合约行权价是123，到期日为2026/06/18
2026-06-11,US.MSTR,,CALL,126.0,2026-06-12,2430,92340.0,SELL,06-12 01:50,6.12 01:50，出现一笔卖出看涨期权交易，成交量为2430张，未平仓数为13864张，V/OI值为0.4，交易金额为92340USD，合约行权价是126，到期日为2026/06/12
2026-06-11,US.NET,,PUT,210.0,2026-07-17,226,226003.0,SELL,06-12 03:19,6.12 03:19，出现一笔卖出看跌期权交易，成交量为226张，未平仓数为1067张，V/OI值为0.2，交易金额为226003USD，合约行权价是210，到期日为2026/07/17
2026-06-11,US.NOK,,PUT,16.5,2026-06-12,3657,928878.0,SELL,06-12 03:12,6.12 03:12，出现一笔卖出看跌期权交易，成交量为3657张，未平仓数为2494张，V/OI值为1.5，交易金额为928878USD，合约行权价是16.5，到期日为2026/06/12
2026-06-11,US.NOK,,PUT,16.0,2026-06-12,3657,746028.0,SELL,06-12 03:12,6.12 03:12，出现一笔卖出看跌期权交易，成交量为3657张，未平仓数为2438张，V/OI值为1.6，交易金额为746028USD，合约行权价是16，到期日为2026/06/12
2026-06-11,US.NOK,,CALL,13.0,2027-01-15,2000,690000.0,SELL,06-12 00:59,6.12 00:59，出现一笔卖出看涨期权交易，成交量为2000张，未平仓数为9969张，V/OI值为0.2，交易金额为690000USD，合约行权价是13，到期日为2027/01/15
2026-06-11,US.NOW,,CALL,108.0,2026-06-12,2145,96233.0,BUY,06-12 03:52,6.12 03:52，出现一笔买入看涨期权交易，成交量为2145张，未平仓数为673张，V/OI值为4.7，交易金额为96233USD，合约行权价是108，到期日为2026/06/12
2026-06-11,US.NOW,,PUT,122.0,2026-06-12,1584,2676960.0,SELL,06-12 03:12,6.12 03:12，出现一笔卖出看跌期权交易，成交量为1584张，未平仓数为1170张，V/OI值为1.4，交易金额为2676960USD，合约行权价是122，到期日为2026/06/12
2026-06-11,US.NOW,,PUT,120.0,2026-06-12,1755,2755350.0,SELL,06-12 03:12,6.12 03:12，出现一笔卖出看跌期权交易，成交量为1755张，未平仓数为1335张，V/OI值为1.6，交易金额为2755350USD，合约行权价是120，到期日为2026/06/12
2026-06-11,US.NOW,,PUT,95.0,2026-06-18,1000,87000.0,SELL,06-12 02:05,6.12 02:05，出现一笔卖出看跌期权交易，成交量为1000张，未平仓数为2706张，V/OI值为1.2，交易金额为87000USD，合约行权价是95，到期日为2026/06/18
2026-06-11,US.NOW,,PUT,125.0,2026-08-21,1000,2610000.0,SELL,06-12 00:27,6.12 00:27，出现一笔卖出看跌期权交易，成交量为1000张，未平仓数为2520张，V/OI值为0.9，交易金额为2610000USD，合约行权价是125，到期日为2026/08/21
2026-06-11,US.NVDA,,CALL,225.0,2026-06-26,4607,572754.0,BUY,06-12 03:42,6.12 03:42，出现一笔买入看涨期权交易，成交量为4607张，未平仓数为15813张，V/OI值为0.6，交易金额为572754USD，合约行权价是225，到期日为2026/06/26
2026-06-11,US.NVDA,,PUT,220.0,2026-06-12,5582,9656860.0,SELL,06-12 03:11,6.12 03:11，出现一笔卖出看跌期权交易，成交量为5582张，未平仓数为3721张，V/OI值为2.7，交易金额为9656860USD，合约行权价是220，到期日为2026/06/12
2026-06-11,US.NVDA,,PUT,217.5,2026-06-12,5582,8261360.0,SELL,06-12 03:11,6.12 03:11，出现一笔卖出看跌期权交易，成交量为5582张，未平仓数为4142张，V/OI值为4.3，交易金额为8261360USD，合约行权价是217.5，到期日为2026/06/12
2026-06-11,US.NVDA,,CALL,215.0,2026-06-18,5896,583704.0,BUY,06-12 02:17,6.12 02:17，出现一笔买入看涨期权交易，成交量为5896张，未平仓数为50781张，V/OI值为0.6，交易金额为583704USD，合约行权价是215，到期日为2026/06/18
2026-06-11,US.NVDA,,CALL,207.5,2026-06-18,5896,1621400.0,SELL,06-12 02:17,6.12 02:17，出现一笔卖出看涨期权交易，成交量为5896张，未平仓数为12900张，V/OI值为2.2，交易金额为1621400USD，合约行权价是207.5，到期日为2026/06/18
2026-06-11,US.OKLO,,PUT,30.0,2026-10-16,1656,283176.0,BUY,06-12 01:28,6.12 01:28，出现一笔买入看跌期权交易，成交量为1656张，未平仓数为69张，V/OI值为38.3，交易金额为283176USD，合约行权价是30，到期日为2026/10/16
2026-06-11,US.ORCL,,PUT,210.0,2026-06-12,2868,7743600.0,SELL,06-12 03:11,6.12 03:11，出现一笔卖出看跌期权交易，成交量为2868张，未平仓数为2074张，V/OI值为1.9，交易金额为7743600USD，合约行权价是210，到期日为2026/06/12
2026-06-11,US.ORCL,,PUT,240.0,2026-06-18,2730,16093350.0,BUY,06-12 03:11,6.12 03:11，出现一笔买入看跌期权交易，成交量为2730张，未平仓数为1912张，V/OI值为1.6，交易金额为16093350USD，合约行权价是240，到期日为2026/06/18
2026-06-11,US.ORCL,,PUT,230.0,2026-06-12,1250,5933750.0,SELL,06-12 02:58,6.12 02:58，出现一笔卖出看跌期权交易，成交量为1250张，未平仓数为538张，V/OI值为2.5，交易金额为5933750USD，合约行权价是230，到期日为2026/06/12
2026-06-11,US.ORCL,,PUT,170.0,2026-08-21,1000,1149000.0,BUY,06-12 02:51,6.12 02:51，出现一笔买入看跌期权交易，成交量为1000张，未平仓数为3587张，V/OI值为0.3，交易金额为1149000USD，合约行权价是170，到期日为2026/08/21
2026-06-11,US.ORCL,,PUT,120.0,2026-08-21,1000,117000.0,BUY,06-12 02:45,6.12 02:45，出现一笔买入看跌期权交易，成交量为1000张，未平仓数为2552张，V/OI值为0.5，交易金额为117000USD，合约行权价是120，到期日为2026/08/21
2026-06-11,US.ORCL,,CALL,350.0,2026-09-18,1000,136000.0,SELL,06-12 02:40,6.12 02:40，出现一笔卖出看涨期权交易，成交量为1000张，未平仓数为2637张，V/OI值为0.5，交易金额为136000USD，合约行权价是350，到期日为2026/09/18
2026-06-11,US.ORCL,,CALL,195.0,2026-07-24,1250,968750.0,SELL,06-12 01:47,6.12 01:47，出现一笔卖出看涨期权交易，成交量为1250张，未平仓数为26张，V/OI值为49.2，交易金额为968750USD，合约行权价是195，到期日为2026/07/24
2026-06-11,US.ORCL,,PUT,140.0,2026-07-17,1000,145000.0,SELL,06-12 00:08,6.12 00:08，出现一笔卖出看跌期权交易，成交量为1000张，未平仓数为3336张，V/OI值为0.5，交易金额为145000USD，合约行权价是140，到期日为2026/07/17
2026-06-11,US.ORCL,,PUT,140.0,2027-12-17,1000,2614000.0,SELL,06-12 00:08,6.12 00:08，出现一笔卖出看跌期权交易，成交量为1000张，未平仓数为802张，V/OI值为1.3，交易金额为2614000USD，合约行权价是140，到期日为2027/12/17
2026-06-11,US.PDD,,PUT,115.0,2026-06-18,3408,11508816.0,SELL,06-12 03:12,6.12 03:12，出现一笔卖出看跌期权交易，成交量为3408张，未平仓数为3914张，V/OI值为2.9，交易金额为11508816USD，合约行权价是115，到期日为2026/06/18
2026-06-11,US.PDD,,PUT,130.0,2026-06-18,1644,7983264.0,SELL,06-12 03:12,6.12 03:12，出现一笔卖出看跌期权交易，成交量为1644张，未平仓数为1533张，V/OI值为3.5，交易金额为7983264USD，合约行权价是130，到期日为2026/06/18
2026-06-11,US.PDD,,PUT,110.0,2026-06-18,1108,3235360.0,BUY,06-12 03:12,6.12 03:12，出现一笔买入看跌期权交易，成交量为1108张，未平仓数为739张，V/OI值为2.3，交易金额为3235360USD，合约行权价是110，到期日为2026/06/18
2026-06-11,US.PDD,,PUT,115.0,2026-06-18,1750,5979750.0,BUY,06-12 03:08,6.12 03:08，出现一笔买入看跌期权交易，成交量为1750张，未平仓数为3914张，V/OI值为2.1，交易金额为5979750USD，合约行权价是115，到期日为2026/06/18
2026-06-11,US.PDD,,PUT,105.0,2026-06-18,1100,2591600.0,SELL,06-12 03:08,6.12 03:08，出现一笔卖出看跌期权交易，成交量为1100张，未平仓数为916张，V/OI值为3.9，交易金额为2591600USD，合约行权价是105，到期日为2026/06/18
2026-06-11,US.PDD,,PUT,115.0,2026-06-18,6350,21812250.0,BUY,06-12 02:59,6.12 02:59，出现一笔买入看跌期权交易，成交量为6350张，未平仓数为3914张，V/OI值为1.6，交易金额为21812250USD，合约行权价是115，到期日为2026/06/18
2026-06-11,US.PDD,,PUT,105.0,2026-06-18,2240,5745600.0,BUY,06-12 02:59,6.12 02:59，出现一笔买入看跌期权交易，成交量为2240张，未平仓数为916张，V/OI值为2.4，交易金额为5745600USD，合约行权价是105，到期日为2026/06/18
2026-06-11,US.PDD,,PUT,130.0,2026-06-18,3130,15196150.0,SELL,06-12 02:59,6.12 02:59，出现一笔卖出看跌期权交易，成交量为3130张，未平仓数为1533张，V/OI值为2，交易金额为15196150USD，合约行权价是130，到期日为2026/06/18
2026-06-11,US.PDD,,PUT,80.0,2027-03-19,1000,1035000.0,SELL,06-12 01:16,6.12 01:16，出现一笔卖出看跌期权交易，成交量为1000张，未平仓数为7535张，V/OI值为0.2，交易金额为1035000USD，合约行权价是80，到期日为2027/03/19
2026-06-11,US.PDD,,CALL,45.0,2027-03-19,293,1110470.0,SELL,06-12 00:51,6.12 00:51，出现一笔卖出看涨期权交易，成交量为293张，未平仓数为0张，V/OI值为0，交易金额为1110470USD，合约行权价是45，到期日为2027/03/19
2026-06-11,US.PLTR,,PUT,143.0,2026-06-12,1516,1960188.0,BUY,06-12 03:13,6.12 03:13，出现一笔买入看跌期权交易，成交量为1516张，未平仓数为1011张，V/OI值为1.6，交易金额为1960188USD，合约行权价是143，到期日为2026/06/12
2026-06-11,US.PLTR,,PUT,145.0,2026-06-12,1622,2335680.0,SELL,06-12 03:13,6.12 03:13，出现一笔卖出看跌期权交易，成交量为1622张，未平仓数为2322张，V/OI值为1.5，交易金额为2335680USD，合约行权价是145，到期日为2026/06/12
2026-06-11,US.PLTR,,PUT,145.0,2026-06-12,1038,1499910.0,SELL,06-12 03:11,6.12 03:11，出现一笔卖出看跌期权交易，成交量为1038张，未平仓数为2322张，V/OI值为0.5，交易金额为1499910USD，合约行权价是145，到期日为2026/06/12
2026-06-11,US.PLTR,,PUT,150.0,2026-06-12,1056,2127840.0,BUY,06-12 03:11,6.12 03:11，出现一笔买入看跌期权交易，成交量为1056张，未平仓数为953张，V/OI值为1.1，交易金额为2127840USD，合约行权价是150，到期日为2026/06/12
2026-06-11,US.PLTR,,PUT,142.0,2026-06-12,1056,1209120.0,SELL,06-12 03:11,6.12 03:11，出现一笔卖出看跌期权交易，成交量为1056张，未平仓数为704张，V/OI值为1.7，交易金额为1209120USD，合约行权价是142，到期日为2026/06/12
2026-06-11,US.PLTR,,PUT,146.0,2026-06-12,1683,2726460.0,BUY,06-12 03:11,6.12 03:11，出现一笔买入看跌期权交易，成交量为1683张，未平仓数为1122张，V/OI值为2，交易金额为2726460USD，合约行权价是146，到期日为2026/06/12
2026-06-11,US.PLTR,,CALL,135.0,2026-06-18,1490,324889.0,BUY,06-12 01:32,6.12 01:32，出现一笔买入看涨期权交易，成交量为1490张，未平仓数为10197张，V/OI值为0.6，交易金额为324889USD，合约行权价是135，到期日为2026/06/18
2026-06-11,US.QCOM,,PUT,200.0,2026-12-18,1550,5869850.0,BUY,06-12 03:23,6.12 03:23，出现一笔买入看跌期权交易，成交量为1550张，未平仓数为652张，V/OI值为2.5，交易金额为5869850USD，合约行权价是200，到期日为2026/12/18
2026-06-11,US.QCOM,,CALL,370.0,2026-12-18,1550,1453900.0,BUY,06-12 03:23,6.12 03:23，出现一笔买入看涨期权交易，成交量为1550张，未平仓数为3432张，V/OI值为0.5，交易金额为1453900USD，合约行权价是370，到期日为2026/12/18
2026-06-11,US.QQQ,,CALL,920.0,2026-10-16,4000,764000.0,SELL,06-12 03:16,6.12 03:16，出现一笔卖出看涨期权交易，成交量为4000张，未平仓数为20张，V/OI值为200，交易金额为764000USD，合约行权价是920，到期日为2026/10/16
2026-06-11,US.QQQ,,CALL,730.0,2026-07-17,3000,5016000.0,SELL,06-12 03:11,6.12 03:11，出现一笔卖出看涨期权交易，成交量为3000张，未平仓数为9592张，V/OI值为0.5，交易金额为5016000USD，合约行权价是730，到期日为2026/07/17
2026-06-11,US.QQQ,,PUT,670.0,2026-07-17,3000,3027000.0,BUY,06-12 03:11,6.12 03:11，出现一笔买入看跌期权交易，成交量为3000张，未平仓数为23300张，V/OI值为0.2，交易金额为3027000USD，合约行权价是670，到期日为2026/07/17
2026-06-11,US.QQQ,,CALL,710.0,2026-06-18,4000,4892000.0,BUY,06-12 02:04,6.12 02:04，出现一笔买入看涨期权交易，成交量为4000张，未平仓数为14167张，V/OI值为0.9，交易金额为4892000USD，合约行权价是710，到期日为2026/06/18
2026-06-11,US.QQQ,,PUT,710.0,2026-06-18,4000,5312000.0,SELL,06-12 02:04,6.12 02:04，出现一笔卖出看跌期权交易，成交量为4000张，未平仓数为20630张，V/OI值为0.5，交易金额为5312000USD，合约行权价是710，到期日为2026/06/18
2026-06-11,US.QQQ,,PUT,705.0,2026-06-11,3015,336641.0,SELL,06-12 01:31,6.12 01:31，出现一笔卖出看跌期权交易，成交量为3015张，未平仓数为2275张，V/OI值为26，交易金额为336641USD，合约行权价是705，到期日为2026/06/11
2026-06-11,US.QQQ,,CALL,720.0,2026-06-15,4000,1012000.0,SELL,06-12 00:21,6.12 00:21，出现一笔卖出看涨期权交易，成交量为4000张，未平仓数为3426张，V/OI值为2.6，交易金额为1012000USD，合约行权价是720，到期日为2026/06/15
2026-06-11,US.RDDT,,CALL,160.0,2026-06-12,584,525600.0,BUY,06-12 00:34,6.12 00:34，出现一笔买入看涨期权交易，成交量为584张，未平仓数为250张，V/OI值为4.9，交易金额为525600USD，合约行权价是160，到期日为2026/06/12
2026-06-11,US.SAP,,CALL,165.0,2026-07-17,148,133200.0,SELL,06-12 01:41,6.12 01:41，出现一笔卖出看涨期权交易，成交量为148张，未平仓数为2张，V/OI值为99，交易金额为133200USD，合约行权价是165，到期日为2026/07/17
2026-06-11,US.SBET,,CALL,25.0,2027-01-15,8000,200000.0,BUY,06-12 03:49,6.12 03:49，出现一笔买入看涨期权交易，成交量为8000张，未平仓数为23854张，V/OI值为0.4，交易金额为200000USD，合约行权价是25，到期日为2027/01/15
2026-06-11,US.SMCI,,CALL,35.0,2026-07-17,1000,246000.0,BUY,06-12 03:48,6.12 03:48，出现一笔买入看涨期权交易，成交量为1000张，未平仓数为42412张，V/OI值为0.1，交易金额为246000USD，合约行权价是35，到期日为2026/07/17
2026-06-11,US.SMCI,,PUT,40.5,2026-06-12,2246,2246000.0,BUY,06-12 03:13,6.12 03:13，出现一笔买入看跌期权交易，成交量为2246张，未平仓数为1497张，V/OI值为1.5，交易金额为2246000USD，合约行权价是40.5，到期日为2026/06/12
2026-06-11,US.SMCI,,PUT,40.0,2026-06-12,2246,2133700.0,BUY,06-12 03:13,6.12 03:13，出现一笔买入看跌期权交易，成交量为2246张，未平仓数为1841张，V/OI值为1.6，交易金额为2133700USD，合约行权价是40，到期日为2026/06/12
2026-06-11,US.SMCI,,PUT,44.0,2026-06-12,1332,1904760.0,BUY,06-12 03:11,6.12 03:11，出现一笔买入看跌期权交易，成交量为1332张，未平仓数为1264张，V/OI值为1.5，交易金额为1904760USD，合约行权价是44，到期日为2026/06/12
2026-06-11,US.SMCI,,PUT,45.0,2026-06-12,1314,1834344.0,SELL,06-12 03:11,6.12 03:11，出现一笔卖出看跌期权交易，成交量为1314张，未平仓数为876张，V/OI值为1.5，交易金额为1834344USD，合约行权价是45，到期日为2026/06/12
2026-06-11,US.SMCI,,PUT,39.0,2026-06-12,1266,1088760.0,BUY,06-12 03:11,6.12 03:11，出现一笔买入看跌期权交易，成交量为1266张，未平仓数为844张，V/OI值为1.6，交易金额为1088760USD，合约行权价是39，到期日为2026/06/12
2026-06-11,US.SMCI,,PUT,42.0,2026-06-12,1258,1371220.0,SELL,06-12 03:11,6.12 03:11，出现一笔卖出看跌期权交易，成交量为1258张，未平仓数为839张，V/OI值为1.5，交易金额为1371220USD，合约行权价是42，到期日为2026/06/12
2026-06-11,US.SMCI,,PUT,43.5,2026-06-12,1786,2303940.0,BUY,06-12 03:11,6.12 03:11，出现一笔买入看跌期权交易，成交量为1786张，未平仓数为1191张，V/OI值为1.5，交易金额为2303940USD，合约行权价是43.5，到期日为2026/06/12
2026-06-11,US.SMCI,,CALL,31.0,2026-06-12,1340,111220.0,BUY,06-12 03:01,6.12 03:01，出现一笔买入看涨期权交易，成交量为1340张，未平仓数为2735张，V/OI值为3.9，交易金额为111220USD，合约行权价是31，到期日为2026/06/12
2026-06-11,US.SMCI,,CALL,30.0,2026-06-12,1000,108000.0,SELL,06-12 01:45,6.12 01:45，出现一笔卖出看涨期权交易，成交量为1000张，未平仓数为4977张，V/OI值为5.7，交易金额为108000USD，合约行权价是30，到期日为2026/06/12
2026-06-11,US.SMCI,,PUT,30.5,2026-06-12,1000,115000.0,BUY,06-12 01:13,6.12 01:13，出现一笔买入看跌期权交易，成交量为1000张，未平仓数为1038张，V/OI值为1.7，交易金额为115000USD，合约行权价是30.5，到期日为2026/06/12
2026-06-11,US.SMCI,,CALL,30.0,2026-06-18,2000,336000.0,SELL,06-12 01:01,6.12 01:01，出现一笔卖出看涨期权交易，成交量为2000张，未平仓数为15916张，V/OI值为0.4，交易金额为336000USD，合约行权价是30，到期日为2026/06/18
2026-06-11,US.SMCI,,PUT,15.0,2027-03-19,1794,340860.0,SELL,06-12 00:36,6.12 00:36，出现一笔卖出看跌期权交易，成交量为1794张，未平仓数为6983张，V/OI值为0.6，交易金额为340860USD，合约行权价是15，到期日为2027/03/19
2026-06-11,US.SNOW,,CALL,250.0,2026-08-21,200,489000.0,SELL,06-12 01:43,6.12 01:43，出现一笔卖出看涨期权交易，成交量为200张，未平仓数为3442张，V/OI值为0.1，交易金额为489000USD，合约行权价是250，到期日为2026/08/21
2026-06-11,US.SOFI,,CALL,15.0,2026-06-12,1000,128000.0,BUY,06-12 01:41,6.12 01:41，出现一笔买入看涨期权交易，成交量为1000张，未平仓数为1198张，V/OI值为1.9，交易金额为128000USD，合约行权价是15，到期日为2026/06/12
2026-06-11,US.SOFI,,CALL,16.0,2026-09-18,2376,558360.0,SELL,06-12 01:35,6.12 01:35，出现一笔卖出看涨期权交易，成交量为2376张，未平仓数为2401张，V/OI值为1.1，交易金额为558360USD，合约行权价是16，到期日为2026/09/18
2026-06-11,US.SOUN,,CALL,10.0,2026-07-17,7064,127152.0,BUY,06-12 01:16,6.12 01:16，出现一笔买入看涨期权交易，成交量为7064张，未平仓数为45639张，V/OI值为0.4，交易金额为127152USD，合约行权价是10，到期日为2026/07/17
2026-06-11,US.SOUN,,CALL,10.0,2026-07-17,7063,120071.0,BUY,06-12 01:16,6.12 01:16，出现一笔买入看涨期权交易，成交量为7063张，未平仓数为45639张，V/OI值为0.2，交易金额为120071USD，合约行权价是10，到期日为2026/07/17
2026-06-11,US.SOUN,,PUT,10.0,2026-06-18,14127,4520640.0,SELL,06-12 01:16,6.12 01:16，出现一笔卖出看跌期权交易，成交量为14127张，未平仓数为37241张，V/OI值为0.4，交易金额为4520640USD，合约行权价是10，到期日为2026/06/18
2026-06-11,US.SOUN,,PUT,10.0,2026-07-17,1500,505500.0,SELL,06-12 01:14,6.12 01:14，出现一笔卖出看跌期权交易，成交量为1500张，未平仓数为33027张，V/OI值为0，交易金额为505500USD，合约行权价是10，到期日为2026/07/17
2026-06-11,US.SOUN,,PUT,10.0,2026-06-18,1500,486000.0,SELL,06-12 01:14,6.12 01:14，出现一笔卖出看跌期权交易，成交量为1500张，未平仓数为37241张，V/OI值为0，交易金额为486000USD，合约行权价是10，到期日为2026/06/18
2026-06-11,US.SOXL,,CALL,260.0,2026-06-18,1003,1303885.0,BUY,06-12 03:32,6.12 03:32，出现一笔买入看涨期权交易，成交量为1003张，未平仓数为1486张，V/OI值为1，交易金额为1303885USD，合约行权价是260，到期日为2026/06/18
2026-06-11,US.SOXS,,CALL,5.5,2026-06-12,3500,94499.0,BUY,06-12 02:17,6.12 02:17，出现一笔买入看涨期权交易，成交量为3500张，未平仓数为14957张，V/OI值为1.3，交易金额为94499USD，合约行权价是5.5，到期日为2026/06/12
2026-06-11,US.SOXS,,CALL,6.0,2026-06-12,7999,135983.0,SELL,06-12 02:07,6.12 02:07，出现一笔卖出看涨期权交易，成交量为7999张，未平仓数为15152张，V/OI值为5.2，交易金额为135983USD，合约行权价是6，到期日为2026/06/12
2026-06-11,US.SOXS,,PUT,5.0,2026-06-18,3003,132132.0,BUY,06-12 01:48,6.12 01:48，出现一笔买入看跌期权交易，成交量为3003张，未平仓数为6743张，V/OI值为0.8，交易金额为132132USD，合约行权价是5，到期日为2026/06/18
2026-06-11,US.SPY,,PUT,740.0,2026-06-30,7203,8571570.0,BUY,06-12 04:12,6.12 04:12，出现一笔买入看跌期权交易，成交量为7203张，未平仓数为4750张，V/OI值为1.8，交易金额为8571570USD，合约行权价是740，到期日为2026/06/30
2026-06-11,US.SPY,,PUT,745.0,2026-06-18,7203,8218623.0,SELL,06-12 04:12,6.12 04:12，出现一笔卖出看跌期权交易，成交量为7203张，未平仓数为22206张，V/OI值为0.4，交易金额为8218623USD，合约行权价是745，到期日为2026/06/18
2026-06-11,US.SPY,,PUT,712.0,2026-06-18,3172,542910.0,BUY,06-12 04:09,6.12 04:09，出现一笔买入看跌期权交易，成交量为3172张，未平仓数为13648张，V/OI值为1.9，交易金额为542910USD，合约行权价是712，到期日为2026/06/18
2026-06-11,US.SPY,,PUT,728.0,2026-06-12,3531,278950.0,SELL,06-12 04:07,6.12 04:07，出现一笔卖出看跌期权交易，成交量为3531张，未平仓数为3034张，V/OI值为20.3，交易金额为278950USD，合约行权价是728，到期日为2026/06/12
2026-06-11,US.SPY,,PUT,702.0,2026-07-17,4000,2100000.0,SELL,06-12 04:03,6.12 04:03，出现一笔卖出看跌期权交易，成交量为4000张，未平仓数为5321张，V/OI值为2.1，交易金额为2100000USD，合约行权价是702，到期日为2026/07/17
2026-06-11,US.SPY,,PUT,704.0,2026-07-17,4000,2224000.0,BUY,06-12 04:03,6.12 04:03，出现一笔买入看跌期权交易，成交量为4000张，未平仓数为4647张，V/OI值为1.8，交易金额为2224000USD，合约行权价是704，到期日为2026/07/17
2026-06-11,US.SPY,,PUT,730.0,2026-06-18,26998,14119954.0,BUY,06-12 03:59,6.12 03:59，出现一笔买入看跌期权交易，成交量为26998张，未平仓数为50615张，V/OI值为1，交易金额为14119954USD，合约行权价是730，到期日为2026/06/18
2026-06-11,US.SPY,,PUT,720.0,2026-06-18,26998,7613436.0,SELL,06-12 03:59,6.12 03:59，出现一笔卖出看跌期权交易，成交量为26998张，未平仓数为56164张，V/OI值为1.4，交易金额为7613436USD，合约行权价是720，到期日为2026/06/18
2026-06-11,US.SPY,,PUT,660.0,2026-06-18,5117,143276.0,BUY,06-12 03:48,6.12 03:48，出现一笔买入看跌期权交易，成交量为5117张，未平仓数为53292张，V/OI值为0.2，交易金额为143276USD，合约行权价是660，到期日为2026/06/18
2026-06-11,US.SPY,,PUT,710.0,2026-06-18,5117,736848.0,SELL,06-12 03:48,6.12 03:48，出现一笔卖出看跌期权交易，成交量为5117张，未平仓数为44488张，V/OI值为1.1，交易金额为736848USD，合约行权价是710，到期日为2026/06/18
2026-06-11,US.SPY,,PUT,718.0,2026-06-16,5351,539974.0,BUY,06-12 03:46,6.12 03:46，出现一笔买入看跌期权交易，成交量为5351张，未平仓数为412张，V/OI值为57.9，交易金额为539974USD，合约行权价是718，到期日为2026/06/16
2026-06-11,US.SPY,,PUT,711.0,2026-06-15,3520,112666.0,SELL,06-12 03:45,6.12 03:45，出现一笔卖出看跌期权交易，成交量为3520张，未平仓数为22045张，V/OI值为1.6，交易金额为112666USD，合约行权价是711，到期日为2026/06/15
2026-06-11,US.SPY,,PUT,705.0,2026-06-30,6139,1701705.0,SELL,06-12 03:41,6.12 03:41，出现一笔卖出看跌期权交易，成交量为6139张，未平仓数为14414张，V/OI值为0.8，交易金额为1701705USD，合约行权价是705，到期日为2026/06/30
2026-06-11,US.SPY,,PUT,650.0,2026-06-18,4387,109675.0,BUY,06-12 03:36,6.12 03:36，出现一笔买入看跌期权交易，成交量为4387张，未平仓数为73555张，V/OI值为0.2，交易金额为109675USD，合约行权价是650，到期日为2026/06/18
2026-06-11,US.SPY,,PUT,685.0,2026-06-18,5519,237317.0,SELL,06-12 03:36,6.12 03:36，出现一笔卖出看跌期权交易，成交量为5519张，未平仓数为24197张，V/OI值为0.3，交易金额为237317USD，合约行权价是685，到期日为2026/06/18
2026-06-11,US.SPY,,PUT,704.0,2026-07-17,3131,1640644.0,BUY,06-12 03:35,6.12 03:35，出现一笔买入看跌期权交易，成交量为3131张，未平仓数为4647张，V/OI值为0.7，交易金额为1640644USD，合约行权价是704，到期日为2026/07/17
2026-06-11,US.SPY,,PUT,695.0,2026-06-18,6741,465129.0,BUY,06-12 03:25,6.12 03:25，出现一笔买入看跌期权交易，成交量为6741张，未平仓数为40523张，V/OI值为0.4，交易金额为465129USD，合约行权价是695，到期日为2026/06/18
2026-06-11,US.SPY,,PUT,735.0,2026-06-18,6741,4813074.0,SELL,06-12 03:25,6.12 03:25，出现一笔卖出看跌期权交易，成交量为6741张，未平仓数为28416张，V/OI值为0.6，交易金额为4813074USD，合约行权价是735，到期日为2026/06/18
2026-06-11,US.SPY,,CALL,739.0,2026-06-11,6518,260720.0,BUY,06-12 03:19,6.12 03:19，出现一笔买入看涨期权交易，成交量为6518张，未平仓数为3206张，V/OI值为60.6，交易金额为260720USD，合约行权价是739，到期日为2026/06/11
2026-06-11,US.SPY,,PUT,711.0,2026-06-15,3462,169638.0,SELL,06-12 03:07,6.12 03:07，出现一笔卖出看跌期权交易，成交量为3462张，未平仓数为22045张，V/OI值为1.3，交易金额为169638USD，合约行权价是711，到期日为2026/06/15
2026-06-11,US.SPY,,PUT,718.0,2026-06-16,3883,578567.0,BUY,06-12 03:06,6.12 03:06，出现一笔买入看跌期权交易，成交量为3883张，未平仓数为412张，V/OI值为39.1，交易金额为578567USD，合约行权价是718，到期日为2026/06/16
2026-06-11,US.SPY,,PUT,718.0,2026-06-16,7060,940143.0,BUY,06-12 03:02,6.12 03:02，出现一笔买入看跌期权交易，成交量为7060张，未平仓数为412张，V/OI值为18.1，交易金额为940143USD，合约行权价是718，到期日为2026/06/16
2026-06-11,US.SPY,,PUT,711.0,2026-06-15,6047,259245.0,SELL,06-12 03:02,6.12 03:02，出现一笔卖出看跌期权交易，成交量为6047张，未平仓数为22045张，V/OI值为1.1，交易金额为259245USD，合约行权价是711，到期日为2026/06/15
2026-06-11,US.SPY,,PUT,711.0,2026-06-15,5705,251546.0,SELL,06-12 03:02,6.12 03:02，出现一笔卖出看跌期权交易，成交量为5705张，未平仓数为22045张，V/OI值为0.8，交易金额为251546USD，合约行权价是711，到期日为2026/06/15
2026-06-11,US.SPY,,CALL,736.0,2026-06-11,3570,354205.0,SELL,06-12 02:55,6.12 02:55，出现一笔卖出看涨期权交易，成交量为3570张，未平仓数为3761张，V/OI值为86.5，交易金额为354205USD，合约行权价是736，到期日为2026/06/11
2026-06-11,US.SPY,,PUT,716.0,2026-06-12,3149,91321.0,BUY,06-12 02:53,6.12 02:53，出现一笔买入看跌期权交易，成交量为3149张，未平仓数为2330张，V/OI值为7.2，交易金额为91321USD，合约行权价是716，到期日为2026/06/12
2026-06-11,US.SPY,,CALL,737.0,2026-06-11,3011,255487.0,SELL,06-12 02:17,6.12 02:17，出现一笔卖出看涨期权交易，成交量为3011张，未平仓数为9565张，V/OI值为31.2，交易金额为255487USD，合约行权价是737，到期日为2026/06/11
2026-06-11,US.SPY,,PUT,729.0,2026-06-11,3174,88872.0,BUY,06-12 01:56,6.12 01:56，出现一笔买入看跌期权交易，成交量为3174张，未平仓数为4035张，V/OI值为57，交易金额为88872USD，合约行权价是729，到期日为2026/06/11
2026-06-11,US.SPY,,PUT,650.0,2026-09-18,5000,3530000.0,SELL,06-12 01:48,6.12 01:48，出现一笔卖出看跌期权交易，成交量为5000张，未平仓数为30871张，V/OI值为0.2，交易金额为3530000USD，合约行权价是650，到期日为2026/09/18
2026-06-11,US.SPY,,PUT,720.0,2026-06-17,3799,981980.0,SELL,06-12 01:40,6.12 01:40，出现一笔卖出看跌期权交易，成交量为3799张，未平仓数为4350张，V/OI值为3.1，交易金额为981980USD，合约行权价是720，到期日为2026/06/17
2026-06-11,US.SPY,,PUT,712.0,2026-06-18,4418,1014765.0,BUY,06-12 01:39,6.12 01:39，出现一笔买入看跌期权交易，成交量为4418张，未平仓数为13648张，V/OI值为1.3，交易金额为1014765USD，合约行权价是712，到期日为2026/06/18
2026-06-11,US.SPY,,PUT,708.0,2026-06-18,8694,1556226.0,BUY,06-12 01:39,6.12 01:39，出现一笔买入看跌期权交易，成交量为8694张，未平仓数为9552张，V/OI值为2.5，交易金额为1556226USD，合约行权价是708，到期日为2026/06/18
2026-06-11,US.SPY,,CALL,731.0,2026-06-11,4343,191229.0,SELL,06-12 01:08,6.12 01:08，出现一笔卖出看涨期权交易，成交量为4343张，未平仓数为3654张，V/OI值为66.3，交易金额为191229USD，合约行权价是731，到期日为2026/06/11
2026-06-11,US.SPY,,CALL,729.0,2026-06-11,3050,289750.0,SELL,06-12 01:00,6.12 01:00，出现一笔卖出看涨期权交易，成交量为3050张，未平仓数为2939张，V/OI值为85.8，交易金额为289750USD，合约行权价是729，到期日为2026/06/11
2026-06-11,US.SPY,,PUT,600.0,2026-06-18,5409,86544.0,SELL,06-12 00:43,6.12 00:43，出现一笔卖出看跌期权交易，成交量为5409张，未平仓数为75748张，V/OI值为0.1，交易金额为86544USD，合约行权价是600，到期日为2026/06/18
2026-06-11,US.SPY,,PUT,720.0,2026-06-11,3983,87626.0,SELL,06-12 00:41,6.12 00:41，出现一笔卖出看跌期权交易，成交量为3983张，未平仓数为8093张，V/OI值为30.1，交易金额为87626USD，合约行权价是720，到期日为2026/06/11
2026-06-11,US.SPY,,PUT,720.0,2026-06-11,4086,93978.0,SELL,06-12 00:40,6.12 00:40，出现一笔卖出看跌期权交易，成交量为4086张，未平仓数为8093张，V/OI值为29.6，交易金额为93978USD，合约行权价是720，到期日为2026/06/11
2026-06-11,US.SPY,,PUT,720.0,2026-06-18,4059,2212155.0,BUY,06-12 00:15,6.12 00:15，出现一笔买入看跌期权交易，成交量为4059张，未平仓数为56164张，V/OI值为0.8，交易金额为2212155USD，合约行权价是720，到期日为2026/06/18
2026-06-11,US.SPY,,PUT,720.0,2026-06-11,3401,95228.0,SELL,06-12 00:06,6.12 00:06，出现一笔卖出看跌期权交易，成交量为3401张，未平仓数为8093张，V/OI值为26.2，交易金额为95228USD，合约行权价是720，到期日为2026/06/11
2026-06-11,US.SPY,,PUT,717.0,2026-06-11,7627,152540.0,SELL,06-12 00:05,6.12 00:05，出现一笔卖出看跌期权交易，成交量为7627张，未平仓数为2539张，V/OI值为44.2，交易金额为152540USD，合约行权价是717，到期日为2026/06/11
2026-06-11,US.SQQQ,,CALL,43.0,2026-06-12,3191,146786.0,BUY,06-12 03:21,6.12 03:21，出现一笔买入看涨期权交易，成交量为3191张，未平仓数为3616张，V/OI值为1.5，交易金额为146786USD，合约行权价是43，到期日为2026/06/12
2026-06-11,US.SQQQ,,PUT,49.0,2026-09-18,200,247200.0,BUY,06-12 03:20,6.12 03:20，出现一笔买入看跌期权交易，成交量为200张，未平仓数为0张，V/OI值为0，交易金额为247200USD，合约行权价是49，到期日为2026/09/18
2026-06-11,US.SQQQ,,CALL,55.0,2026-09-18,700,252000.0,SELL,06-12 02:52,6.12 02:52，出现一笔卖出看涨期权交易，成交量为700张，未平仓数为1275张，V/OI值为0.9，交易金额为252000USD，合约行权价是55，到期日为2026/09/18
2026-06-11,US.SQQQ,,CALL,41.0,2026-06-12,1108,349774.0,SELL,06-12 01:28,6.12 01:28，出现一笔卖出看涨期权交易，成交量为1108张，未平仓数为1916张，V/OI值为0.7，交易金额为349774USD，合约行权价是41，到期日为2026/06/12
2026-06-11,US.TSLA,,CALL,415.0,2026-06-12,1846,239980.0,BUY,06-12 03:30,6.12 03:30，出现一笔买入看涨期权交易，成交量为1846张，未平仓数为6424张，V/OI值为3.2，交易金额为239980USD，合约行权价是415，到期日为2026/06/12
2026-06-11,US.TSLA,,CALL,400.0,2026-06-12,1231,467761.0,BUY,06-12 02:43,6.12 02:43，出现一笔买入看涨期权交易，成交量为1231张，未平仓数为8412张，V/OI值为8.7，交易金额为467761USD，合约行权价是400，到期日为2026/06/12
2026-06-11,US.TSLA,,PUT,380.0,2026-06-12,1638,360481.0,SELL,06-12 02:15,6.12 02:15，出现一笔卖出看跌期权交易，成交量为1638张，未平仓数为15849张，V/OI值为3.8，交易金额为360481USD，合约行权价是380，到期日为2026/06/12
2026-06-11,US.TSLA,,PUT,320.0,2027-01-15,1400,3473400.0,BUY,06-12 02:01,6.12 02:01，出现一笔买入看跌期权交易，成交量为1400张，未平仓数为3500张，V/OI值为0.4，交易金额为3473400USD，合约行权价是320，到期日为2027/01/15
2026-06-11,US.TSLA,,CALL,432.5,2026-06-18,3595,869990.0,BUY,06-12 01:43,6.12 01:43，出现一笔买入看涨期权交易，成交量为3595张，未平仓数为8053张，V/OI值为1.4，交易金额为869990USD，合约行权价是432.5，到期日为2026/06/18
2026-06-11,US.TSLA,,CALL,432.5,2026-06-18,3176,717776.0,BUY,06-12 01:30,6.12 01:30，出现一笔买入看涨期权交易，成交量为3176张，未平仓数为8053张，V/OI值为0.9，交易金额为717776USD，合约行权价是432.5，到期日为2026/06/18
2026-06-11,US.TSLA,,PUT,360.0,2026-06-18,1199,431640.0,BUY,06-12 00:24,6.12 00:24，出现一笔买入看跌期权交易，成交量为1199张，未平仓数为13098张，V/OI值为0.5，交易金额为431640USD，合约行权价是360，到期日为2026/06/18
2026-06-11,US.TSLA,,CALL,415.0,2026-06-18,1505,579419.0,BUY,06-12 00:20,6.12 00:20，出现一笔买入看涨期权交易，成交量为1505张，未平仓数为9531张，V/OI值为0.5，交易金额为579419USD，合约行权价是415，到期日为2026/06/18
2026-06-11,US.TSM,,CALL,460.0,2026-06-18,2787,459855.0,BUY,06-12 03:38,6.12 03:38，出现一笔买入看涨期权交易，成交量为2787张，未平仓数为7827张，V/OI值为0.4，交易金额为459855USD，合约行权价是460，到期日为2026/06/18
2026-06-11,US.TSM,,PUT,380.0,2026-06-26,1500,774000.0,SELL,06-12 00:47,6.12 00:47，出现一笔卖出看跌期权交易，成交量为1500张，未平仓数为940张，V/OI值为1.7，交易金额为774000USD，合约行权价是380，到期日为2026/06/26
2026-06-11,US.TWLO,,CALL,205.0,2026-06-18,142,123513.0,BUY,06-12 03:44,6.12 03:44，出现一笔买入看涨期权交易，成交量为142张，未平仓数为79张，V/OI值为32.2，交易金额为123513USD，合约行权价是205，到期日为2026/06/18
2026-06-11,US.TWLO,,CALL,205.0,2026-06-18,1366,1174760.0,SELL,06-12 03:44,6.12 03:44，出现一笔卖出看涨期权交易，成交量为1366张，未平仓数为79张，V/OI值为30.4，交易金额为1174760USD，合约行权价是205，到期日为2026/06/18
2026-06-11,US.TWLO,,CALL,205.0,2026-06-18,188,154160.0,SELL,06-12 03:44,6.12 03:44，出现一笔卖出看涨期权交易，成交量为188张，未平仓数为79张，V/OI值为13.1，交易金额为154160USD，合约行权价是205，到期日为2026/06/18
2026-06-11,US.TWLO,,CALL,162.5,2026-06-12,157,672870.0,BUY,06-12 03:30,6.12 03:30，出现一笔买入看涨期权交易，成交量为157张，未平仓数为2张，V/OI值为78.5，交易金额为672870USD，合约行权价是162.5，到期日为2026/06/12
2026-06-11,US.TWLO,,CALL,205.0,2026-06-18,780,592800.0,SELL,06-12 03:30,6.12 03:30，出现一笔卖出看涨期权交易，成交量为780张，未平仓数为79张，V/OI值为10.7，交易金额为592800USD，合约行权价是205，到期日为2026/06/18
2026-06-11,US.VST,,PUT,130.0,2026-07-17,1000,366000.0,SELL,06-12 00:44,6.12 00:44，出现一笔卖出看跌期权交易，成交量为1000张，未平仓数为2603张，V/OI值为0.4，交易金额为366000USD，合约行权价是130，到期日为2026/07/17
2026-06-11,US.VST,,PUT,150.0,2026-09-18,1000,1841000.0,BUY,06-12 00:44,6.12 00:44，出现一笔买入看跌期权交易，成交量为1000张，未平仓数为4037张，V/OI值为0.2，交易金额为1841000USD，合约行权价是150，到期日为2026/09/18
2026-06-12,US.AAPL,,CALL,320.0,2026-07-17,3400,306198.0,SELL,06-13 03:58,6.13 03:58，出现一笔卖出看涨期权交易，成交量为3400张，未平仓数为34026张，V/OI值为0.6，交易金额为306198USD，合约行权价是320，到期日为2026/07/17
2026-06-12,US.AAPL,,CALL,320.0,2026-07-17,1901,174892.0,SELL,06-13 03:57,6.13 03:57，出现一笔卖出看涨期权交易，成交量为1901张，未平仓数为34026张，V/OI值为0.5，交易金额为174892USD，合约行权价是320，到期日为2026/07/17
2026-06-12,US.AAPL,,CALL,320.0,2026-07-17,5000,455000.0,SELL,06-13 03:57,6.13 03:57，出现一笔卖出看涨期权交易，成交量为5000张，未平仓数为34026张，V/OI值为0.4，交易金额为455000USD，合约行权价是320，到期日为2026/07/17
2026-06-12,US.AAPL,,PUT,255.0,2026-09-18,1400,574000.0,SELL,06-13 03:17,6.13 03:17，出现一笔卖出看跌期权交易，成交量为1400张，未平仓数为8268张，V/OI值为0.2，交易金额为574000USD，合约行权价是255，到期日为2026/09/18
2026-06-12,US.AAPL,,CALL,310.0,2026-07-17,1437,304644.0,SELL,06-13 03:08,6.13 03:08，出现一笔卖出看涨期权交易，成交量为1437张，未平仓数为53823张，V/OI值为0.1，交易金额为304644USD，合约行权价是310，到期日为2026/07/17
2026-06-12,US.AAPL,,PUT,290.0,2026-06-12,5236,94248.0,BUY,06-13 03:07,6.13 03:07，出现一笔买入看跌期权交易，成交量为5236张，未平仓数为8252张，V/OI值为15，交易金额为94248USD，合约行权价是290，到期日为2026/06/12
2026-06-12,US.AAPL,,CALL,320.0,2026-07-17,1969,196900.0,SELL,06-13 01:44,6.13 01:44，出现一笔卖出看涨期权交易，成交量为1969张，未平仓数为34026张，V/OI值为0.2，交易金额为196900USD，合约行权价是320，到期日为2026/07/17
2026-06-12,US.AAPL,,CALL,320.0,2026-07-17,3000,300000.0,SELL,06-13 01:44,6.13 01:44，出现一笔卖出看涨期权交易，成交量为3000张，未平仓数为34026张，V/OI值为0.2，交易金额为300000USD，合约行权价是320，到期日为2026/07/17
2026-06-12,US.ADSK,,PUT,270.0,2026-06-18,604,4183908.0,SELL,06-13 03:28,6.13 03:28，出现一笔卖出看跌期权交易，成交量为604张，未平仓数为403张，V/OI值为2.8，交易金额为4183908USD，合约行权价是270，到期日为2026/06/18
2026-06-12,US.ADSK,,PUT,280.0,2026-06-18,378,2990358.0,SELL,06-13 03:28,6.13 03:28，出现一笔卖出看跌期权交易，成交量为378张，未平仓数为444张，V/OI值为2.7，交易金额为2990358USD，合约行权价是280，到期日为2026/06/18
2026-06-12,US.ADSK,,PUT,270.0,2026-06-18,520,3602040.0,SELL,06-13 03:23,6.13 03:23，出现一笔卖出看跌期权交易，成交量为520张，未平仓数为403张，V/OI值为1.3，交易金额为3602040USD，合约行权价是270，到期日为2026/06/18
2026-06-12,US.ADSK,,PUT,280.0,2026-06-18,430,3401730.0,SELL,06-13 03:23,6.13 03:23，出现一笔卖出看跌期权交易，成交量为430张，未平仓数为444张，V/OI值为1.2，交易金额为3401730USD，合约行权价是280，到期日为2026/06/18
2026-06-12,US.ADSK,,PUT,120.0,2027-01-15,1127,358140.0,BUY,06-12 21:42,6.12 21:42，出现一笔买入看跌期权交易，成交量为1127张，未平仓数为1415张，V/OI值为0.8，交易金额为358140USD，合约行权价是120，到期日为2027/01/15
2026-06-12,US.AMD,,CALL,517.5,2026-06-12,1040,111280.0,SELL,06-13 02:17,6.13 02:17，出现一笔卖出看涨期权交易，成交量为1040张，未平仓数为2339张，V/OI值为3.7，交易金额为111280USD，合约行权价是517.5，到期日为2026/06/12
2026-06-12,US.AMD,,CALL,505.0,2026-06-12,1040,914160.0,SELL,06-13 02:17,6.13 02:17，出现一笔卖出看涨期权交易，成交量为1040张，未平仓数为6080张，V/OI值为1.7，交易金额为914160USD，合约行权价是505，到期日为2026/06/12
2026-06-12,US.AMD,,CALL,547.5,2026-06-18,1040,820560.0,SELL,06-13 02:17,6.13 02:17，出现一笔卖出看涨期权交易，成交量为1040张，未平仓数为311张，V/OI值为3.8，交易金额为820560USD，合约行权价是547.5，到期日为2026/06/18
2026-06-12,US.AMD,,CALL,532.5,2026-06-18,1040,1272960.0,BUY,06-13 02:17,6.13 02:17，出现一笔买入看涨期权交易，成交量为1040张，未平仓数为470张，V/OI值为7.5，交易金额为1272960USD，合约行权价是532.5，到期日为2026/06/18
2026-06-12,US.AMD,,CALL,527.5,2026-06-12,2851,250888.0,BUY,06-13 01:49,6.13 01:49，出现一笔买入看涨期权交易，成交量为2851张，未平仓数为962张，V/OI值为7，交易金额为250888USD，合约行权价是527.5，到期日为2026/06/12
2026-06-12,US.AMD,,CALL,515.0,2026-06-12,1075,462250.0,BUY,06-13 01:20,6.13 01:20，出现一笔买入看涨期权交易，成交量为1075张，未平仓数为4384张，V/OI值为4.3，交易金额为462250USD，合约行权价是515，到期日为2026/06/12
2026-06-12,US.AMD,,PUT,510.0,2026-06-18,1044,1952244.0,BUY,06-13 00:20,6.13 00:20，出现一笔买入看跌期权交易，成交量为1044张，未平仓数为1276张，V/OI值为2.2，交易金额为1952244USD，合约行权价是510，到期日为2026/06/18
2026-06-12,US.AMD,,CALL,520.0,2026-06-12,1052,320897.0,SELL,06-12 23:19,6.12 23:19，出现一笔卖出看涨期权交易，成交量为1052张，未平仓数为2396张，V/OI值为6.2，交易金额为320897USD，合约行权价是520，到期日为2026/06/12
2026-06-12,US.AMD,,PUT,480.0,2026-06-18,1636,1475672.0,SELL,06-12 22:47,6.12 22:47，出现一笔卖出看跌期权交易，成交量为1636张，未平仓数为1050张，V/OI值为2，交易金额为1475672USD，合约行权价是480，到期日为2026/06/18
2026-06-12,US.AMD,,CALL,537.5,2026-06-12,2029,180581.0,BUY,06-12 22:01,6.12 22:01，出现一笔买入看涨期权交易，成交量为2029张，未平仓数为502张，V/OI值为7.5，交易金额为180581USD，合约行权价是537.5，到期日为2026/06/12
2026-06-12,US.AMD,,CALL,600.0,2026-06-18,2029,430148.0,BUY,06-12 22:01,6.12 22:01，出现一笔买入看涨期权交易，成交量为2029张，未平仓数为12238张，V/OI值为0.4，交易金额为430148USD，合约行权价是600，到期日为2026/06/18
2026-06-12,US.AMZN,,CALL,270.0,2026-09-18,2000,1492000.0,SELL,06-13 03:54,6.13 03:54，出现一笔卖出看涨期权交易，成交量为2000张，未平仓数为10689张，V/OI值为0.2，交易金额为1492000USD，合约行权价是270，到期日为2026/09/18
2026-06-12,US.AMZN,,PUT,232.5,2026-06-18,1239,235410.0,SELL,06-13 03:31,6.13 03:31，出现一笔卖出看跌期权交易，成交量为1239张，未平仓数为1157张，V/OI值为2.7，交易金额为235410USD，合约行权价是232.5，到期日为2026/06/18
2026-06-12,US.AMZN,,PUT,235.0,2026-06-15,1044,186836.0,BUY,06-13 00:12,6.13 00:12，出现一笔买入看跌期权交易，成交量为1044张，未平仓数为997张，V/OI值为4.8，交易金额为186836USD，合约行权价是235，到期日为2026/06/15
2026-06-12,US.AMZN,,CALL,260.0,2026-07-17,1280,330670.0,BUY,06-12 22:36,6.12 22:36，出现一笔买入看涨期权交易，成交量为1280张，未平仓数为14031张，V/OI值为0.3，交易金额为330670USD，合约行权价是260，到期日为2026/07/17
2026-06-12,US.AMZN,,PUT,200.0,2027-01-15,1024,988214.0,SELL,06-12 22:31,6.12 22:31，出现一笔卖出看跌期权交易，成交量为1024张，未平仓数为26179张，V/OI值为0.1，交易金额为988214USD，合约行权价是200，到期日为2027/01/15
2026-06-12,US.AMZN,,CALL,260.0,2026-08-21,3000,2385000.0,BUY,06-12 22:23,6.12 22:23，出现一笔买入看涨期权交易，成交量为3000张，未平仓数为35645张，V/OI值为0.1，交易金额为2385000USD，合约行权价是260，到期日为2026/08/21
2026-06-12,US.AMZN,,PUT,200.0,2027-01-15,2000,1935995.0,BUY,06-12 22:21,6.12 22:21，出现一笔买入看跌期权交易，成交量为2000张，未平仓数为26179张，V/OI值为0.1，交易金额为1935995USD，合约行权价是200，到期日为2027/01/15
2026-06-12,US.AMZN,,CALL,295.0,2026-08-21,10506,2174742.0,SELL,06-12 22:01,6.12 22:01，出现一笔卖出看涨期权交易，成交量为10506张，未平仓数为43743张，V/OI值为0.8，交易金额为2174742USD，合约行权价是295，到期日为2026/08/21
2026-06-12,US.AMZN,,CALL,295.0,2026-08-21,10494,2172258.0,SELL,06-12 22:01,6.12 22:01，出现一笔卖出看涨期权交易，成交量为10494张，未平仓数为43743张，V/OI值为0.6，交易金额为2172258USD，合约行权价是295，到期日为2026/08/21
2026-06-12,US.AMZN,,CALL,295.0,2026-08-21,14000,2898000.0,SELL,06-12 22:01,6.12 22:01，出现一笔卖出看涨期权交易，成交量为14000张，未平仓数为43743张，V/OI值为0.3，交易金额为2898000USD，合约行权价是295，到期日为2026/08/21
2026-06-12,US.AMZN,,CALL,270.0,2026-08-21,10506,5568180.0,BUY,06-12 22:01,6.12 22:01，出现一笔买入看涨期权交易，成交量为10506张，未平仓数为11735张，V/OI值为3，交易金额为5568180USD，合约行权价是270，到期日为2026/08/21
2026-06-12,US.AMZN,,CALL,270.0,2026-08-21,10494,5561820.0,BUY,06-12 22:01,6.12 22:01，出现一笔买入看涨期权交易，成交量为10494张，未平仓数为11735张，V/OI值为2.1，交易金额为5561820USD，合约行权价是270，到期日为2026/08/21
2026-06-12,US.AMZN,,CALL,270.0,2026-08-21,14000,7420000.0,BUY,06-12 22:01,6.12 22:01，出现一笔买入看涨期权交易，成交量为14000张，未平仓数为11735张，V/OI值为1.2，交易金额为7420000USD，合约行权价是270，到期日为2026/08/21
2026-06-12,US.AMZN,,CALL,240.0,2026-06-18,1000,235904.0,BUY,06-12 21:59,6.12 21:59，出现一笔买入看涨期权交易，成交量为1000张，未平仓数为15537张，V/OI值为0.3，交易金额为235904USD，合约行权价是240，到期日为2026/06/18
2026-06-12,US.AMZN,,CALL,242.5,2026-06-18,1000,161000.0,SELL,06-12 21:57,6.12 21:57，出现一笔卖出看涨期权交易，成交量为1000张，未平仓数为4449张，V/OI值为0.3，交易金额为161000USD，合约行权价是242.5，到期日为2026/06/18
2026-06-12,US.AMZN,,CALL,265.0,2026-07-17,1273,203680.0,BUY,06-12 21:55,6.12 21:55，出现一笔买入看涨期权交易，成交量为1273张，未平仓数为18631张，V/OI值为0.3，交易金额为203680USD，合约行权价是265，到期日为2026/07/17
2026-06-12,US.AMZN,,CALL,265.0,2026-07-17,4000,639817.0,BUY,06-12 21:54,6.12 21:54，出现一笔买入看涨期权交易，成交量为4000张，未平仓数为18631张，V/OI值为0.2，交易金额为639817USD，合约行权价是265，到期日为2026/07/17
2026-06-12,US.AMZN,,CALL,240.0,2026-06-12,1533,141837.0,BUY,06-12 21:34,6.12 21:34，出现一笔买入看涨期权交易，成交量为1533张，未平仓数为6864张，V/OI值为0.6，交易金额为141837USD，合约行权价是240，到期日为2026/06/12
2026-06-12,US.APLD,,PUT,40.0,2026-07-17,2000,670000.0,SELL,06-13 03:34,6.13 03:34，出现一笔卖出看跌期权交易，成交量为2000张，未平仓数为1657张，V/OI值为1.3，交易金额为670000USD，合约行权价是40，到期日为2026/07/17
2026-06-12,US.APLD,,CALL,45.0,2027-01-15,200,279000.0,SELL,06-12 23:39,6.12 23:39，出现一笔卖出看涨期权交易，成交量为200张，未平仓数为15107张，V/OI值为0.1，交易金额为279000USD，合约行权价是45，到期日为2027/01/15
2026-06-12,US.APLD,,CALL,36.0,2026-07-17,328,346368.0,BUY,06-12 23:10,6.12 23:10，出现一笔买入看涨期权交易，成交量为328张，未平仓数为3691张，V/OI值为0.1，交易金额为346368USD，合约行权价是36，到期日为2026/07/17
2026-06-12,US.APLD,,CALL,45.0,2027-01-15,212,307400.0,BUY,06-12 23:08,6.12 23:08，出现一笔买入看涨期权交易，成交量为212张，未平仓数为15107张，V/OI值为0，交易金额为307400USD，合约行权价是45，到期日为2027/01/15
2026-06-12,US.APLD,,CALL,45.0,2027-01-15,201,289440.0,BUY,06-12 22:59,6.12 22:59，出现一笔买入看涨期权交易，成交量为201张，未平仓数为15107张，V/OI值为0，交易金额为289440USD，合约行权价是45，到期日为2027/01/15
2026-06-12,US.APLD,,CALL,44.0,2026-06-18,915,228750.0,BUY,06-12 22:54,6.12 22:54，出现一笔买入看涨期权交易，成交量为915张，未平仓数为2113张，V/OI值为2.3，交易金额为228750USD，合约行权价是44，到期日为2026/06/18
2026-06-12,US.ASML,,CALL,1775.0,2026-06-12,237,2428539.0,SELL,06-13 02:21,6.13 02:21，出现一笔卖出看涨期权交易，成交量为237张，未平仓数为304张，V/OI值为0.8，交易金额为2428539USD，合约行权价是1775，到期日为2026/06/12
2026-06-12,US.ASML,,CALL,1730.0,2026-06-12,237,3495039.0,BUY,06-13 02:21,6.13 02:21，出现一笔买入看涨期权交易，成交量为237张，未平仓数为282张，V/OI值为0.9，交易金额为3495039USD，合约行权价是1730，到期日为2026/06/12
2026-06-12,US.ASML,,PUT,1700.0,2026-07-17,241,1829578.0,SELL,06-12 21:37,6.12 21:37，出现一笔卖出看跌期权交易，成交量为241张，未平仓数为1807张，V/OI值为0.1，交易金额为1829578USD，合约行权价是1700，到期日为2026/07/17
2026-06-12,US.AVGO,,PUT,280.0,2026-09-18,2000,1170000.0,SELL,06-13 03:17,6.13 03:17，出现一笔卖出看跌期权交易，成交量为2000张，未平仓数为6899张，V/OI值为0.3，交易金额为1170000USD，合约行权价是280，到期日为2026/09/18
2026-06-12,US.AVGO,,CALL,420.0,2026-07-17,1146,1023378.0,SELL,06-13 00:34,6.13 00:34，出现一笔卖出看涨期权交易，成交量为1146张，未平仓数为3918张，V/OI值为0.5，交易金额为1023378USD，合约行权价是420，到期日为2026/07/17
2026-06-12,US.AVGO,,CALL,580.0,2027-03-19,1000,2240000.0,BUY,06-12 22:50,6.12 22:50，出现一笔买入看涨期权交易，成交量为1000张，未平仓数为470张，V/OI值为2.1，交易金额为2240000USD，合约行权价是580，到期日为2027/03/19
2026-06-12,US.AVGO,,PUT,375.0,2026-06-12,1114,201519.0,SELL,06-12 21:43,6.12 21:43，出现一笔卖出看跌期权交易，成交量为1114张，未平仓数为1943张，V/OI值为2.9，交易金额为201519USD，合约行权价是375，到期日为2026/06/12
2026-06-12,US.AVGO,,PUT,375.0,2026-06-12,4319,652169.0,SELL,06-12 21:42,6.12 21:42，出现一笔卖出看跌期权交易，成交量为4319张，未平仓数为1943张，V/OI值为2.3，交易金额为652169USD，合约行权价是375，到期日为2026/06/12
2026-06-12,US.BABA,,PUT,140.0,2026-06-18,3900,10647000.0,SELL,06-13 03:37,6.13 03:37，出现一笔卖出看跌期权交易，成交量为3900张，未平仓数为7801张，V/OI值为0.5，交易金额为10647000USD，合约行权价是140，到期日为2026/06/18
2026-06-12,US.BABA,,PUT,165.0,2026-06-18,1850,9768000.0,SELL,06-13 03:37,6.13 03:37，出现一笔卖出看跌期权交易，成交量为1850张，未平仓数为2788张，V/OI值为0.7，交易金额为9768000USD，合约行权价是165，到期日为2026/06/18
2026-06-12,US.BABA,,PUT,160.0,2026-06-18,2980,14125200.0,BUY,06-13 03:37,6.13 03:37，出现一笔买入看跌期权交易，成交量为2980张，未平仓数为4630张，V/OI值为0.6，交易金额为14125200USD，合约行权价是160，到期日为2026/06/18
2026-06-12,US.BABA,,PUT,150.0,2026-06-18,3600,13500000.0,SELL,06-13 03:37,6.13 03:37，出现一笔卖出看跌期权交易，成交量为3600张，未平仓数为7156张，V/OI值为0.5，交易金额为13500000USD，合约行权价是150，到期日为2026/06/18
2026-06-12,US.BABA,,PUT,110.0,2026-07-17,1242,534070.0,SELL,06-13 01:52,6.13 01:52，出现一笔卖出看跌期权交易，成交量为1242张，未平仓数为2890张，V/OI值为0.5，交易金额为534070USD，合约行权价是110，到期日为2026/07/17
2026-06-12,US.BABA,,CALL,175.0,2028-01-21,1271,1476902.0,BUY,06-13 00:22,6.13 00:22，出现一笔买入看涨期权交易，成交量为1271张，未平仓数为2510张，V/OI值为1.2，交易金额为1476902USD，合约行权价是175，到期日为2028/01/21
2026-06-12,US.BABA,,CALL,180.0,2028-01-21,1271,1387932.0,SELL,06-13 00:22,6.13 00:22，出现一笔卖出看涨期权交易，成交量为1271张，未平仓数为14882张，V/OI值为0.2，交易金额为1387932USD，合约行权价是180，到期日为2028/01/21
2026-06-12,US.BABA,,CALL,130.0,2026-07-17,1736,208320.0,SELL,06-12 23:20,6.12 23:20，出现一笔卖出看涨期权交易，成交量为1736张，未平仓数为16396张，V/OI值为0.2，交易金额为208320USD，合约行权价是130，到期日为2026/07/17
2026-06-12,US.BMNR,,PUT,18.0,2026-06-12,1315,241960.0,SELL,06-13 02:27,6.13 02:27，出现一笔卖出看跌期权交易，成交量为1315张，未平仓数为6147张，V/OI值为0.4，交易金额为241960USD，合约行权价是18，到期日为2026/06/12
2026-06-12,US.BMNR,,PUT,15.0,2028-01-21,1000,530000.0,SELL,06-12 22:47,6.12 22:47，出现一笔卖出看跌期权交易，成交量为1000张，未平仓数为8565张，V/OI值为0.4，交易金额为530000USD，合约行权价是15，到期日为2028/01/21
2026-06-12,US.CBRS,,PUT,150.0,2026-10-16,350,594840.0,SELL,06-13 02:29,6.13 02:29，出现一笔卖出看跌期权交易，成交量为350张，未平仓数为882张，V/OI值为0.4，交易金额为594840USD，合约行权价是150，到期日为2026/10/16
2026-06-12,US.COHR,,CALL,407.5,2026-06-18,273,262080.0,SELL,06-13 03:10,6.13 03:10，出现一笔卖出看涨期权交易，成交量为273张，未平仓数为66张，V/OI值为16.5，交易金额为262080USD，合约行权价是407.5，到期日为2026/06/18
2026-06-12,US.COHR,,CALL,407.5,2026-06-18,272,261120.0,SELL,06-13 03:10,6.13 03:10，出现一笔卖出看涨期权交易，成交量为272张，未平仓数为66张，V/OI值为12.4，交易金额为261120USD，合约行权价是407.5，到期日为2026/06/18
2026-06-12,US.COHR,,PUT,390.0,2026-06-12,600,330000.0,SELL,06-13 03:02,6.13 03:02，出现一笔卖出看跌期权交易，成交量为600张，未平仓数为934张，V/OI值为0.9，交易金额为330000USD，合约行权价是390，到期日为2026/06/12
2026-06-12,US.COHR,,CALL,407.5,2026-06-18,273,319410.0,BUY,06-13 02:35,6.13 02:35，出现一笔买入看涨期权交易，成交量为273张，未平仓数为66张，V/OI值为8.3，交易金额为319410USD，合约行权价是407.5，到期日为2026/06/18
2026-06-12,US.COHR,,CALL,407.5,2026-06-18,272,318240.0,BUY,06-13 02:35,6.13 02:35，出现一笔买入看涨期权交易，成交量为272张，未平仓数为66张，V/OI值为4.2，交易金额为318240USD，合约行权价是407.5，到期日为2026/06/18
2026-06-12,US.COHR,,CALL,372.5,2026-06-12,273,453999.0,SELL,06-13 02:35,6.13 02:35，出现一笔卖出看涨期权交易，成交量为273张，未平仓数为554张，V/OI值为1，交易金额为453999USD，合约行权价是372.5，到期日为2026/06/12
2026-06-12,US.COHR,,CALL,372.5,2026-06-12,272,452336.0,SELL,06-13 02:35,6.13 02:35，出现一笔卖出看涨期权交易，成交量为272张，未平仓数为554张，V/OI值为0.5，交易金额为452336USD，合约行权价是372.5，到期日为2026/06/12
2026-06-12,US.COHR,,CALL,360.0,2026-06-18,200,389000.0,BUY,06-12 21:46,6.12 21:46，出现一笔买入看涨期权交易，成交量为200张，未平仓数为373张，V/OI值为0.5，交易金额为389000USD，合约行权价是360，到期日为2026/06/18
2026-06-12,US.COIN,,CALL,160.0,2026-06-12,1132,110936.0,BUY,06-13 01:20,6.13 01:20，出现一笔买入看涨期权交易，成交量为1132张，未平仓数为4031张，V/OI值为1.8，交易金额为110936USD，合约行权价是160，到期日为2026/06/12
2026-06-12,US.COIN,,CALL,175.0,2026-06-26,1132,405256.0,BUY,06-13 01:20,6.13 01:20，出现一笔买入看涨期权交易，成交量为1132张，未平仓数为1811张，V/OI值为0.7，交易金额为405256USD，合约行权价是175，到期日为2026/06/26
2026-06-12,US.COIN,,CALL,160.0,2026-06-12,1000,245000.0,BUY,06-12 23:43,6.12 23:43，出现一笔买入看涨期权交易，成交量为1000张，未平仓数为4031张，V/OI值为0.9，交易金额为245000USD，合约行权价是160，到期日为2026/06/12
2026-06-12,US.COIN,,CALL,155.0,2026-06-12,1000,692000.0,SELL,06-12 23:43,6.12 23:43，出现一笔卖出看涨期权交易，成交量为1000张，未平仓数为3003张，V/OI值为0.4，交易金额为692000USD，合约行权价是155，到期日为2026/06/12
2026-06-12,US.COIN,,CALL,172.5,2026-06-18,1000,235000.0,SELL,06-12 23:43,6.12 23:43，出现一笔卖出看涨期权交易，成交量为1000张，未平仓数为328张，V/OI值为4，交易金额为235000USD，合约行权价是172.5，到期日为2026/06/18
2026-06-12,US.COIN,,CALL,165.0,2026-06-18,1000,472000.0,BUY,06-12 23:43,6.12 23:43，出现一笔买入看涨期权交易，成交量为1000张，未平仓数为6310张，V/OI值为0.3，交易金额为472000USD，合约行权价是165，到期日为2026/06/18
2026-06-12,US.COIN,,CALL,167.5,2026-06-18,1000,505000.0,SELL,06-12 23:08,6.12 23:08，出现一笔卖出看涨期权交易，成交量为1000张，未平仓数为8419张，V/OI值为0.3，交易金额为505000USD，合约行权价是167.5，到期日为2026/06/18
2026-06-12,US.COIN,,CALL,175.0,2026-06-18,1000,265000.0,SELL,06-12 23:08,6.12 23:08，出现一笔卖出看涨期权交易，成交量为1000张，未平仓数为3208张，V/OI值为0.5，交易金额为265000USD，合约行权价是175，到期日为2026/06/18
2026-06-12,US.COIN,,PUT,152.5,2026-06-12,3136,210113.0,SELL,06-12 21:40,6.12 21:40，出现一笔卖出看跌期权交易，成交量为3136张，未平仓数为860张，V/OI值为3.7，交易金额为210113USD，合约行权价是152.5，到期日为2026/06/12
2026-06-12,US.CRCL,,CALL,100.0,2026-10-16,282,263670.0,SELL,06-13 03:22,6.13 03:22，出现一笔卖出看涨期权交易，成交量为282张，未平仓数为233张，V/OI值为1.4，交易金额为263670USD，合约行权价是100，到期日为2026/10/16
2026-06-12,US.CRCL,,PUT,94.0,2026-06-12,388,598296.0,BUY,06-13 02:28,6.13 02:28，出现一笔买入看跌期权交易，成交量为388张，未平仓数为530张，V/OI值为0.7，交易金额为598296USD，合约行权价是94，到期日为2026/06/12
2026-06-12,US.CRCL,,PUT,90.0,2026-06-12,388,443096.0,SELL,06-13 02:28,6.13 02:28，出现一笔卖出看跌期权交易，成交量为388张，未平仓数为1278张，V/OI值为0.4，交易金额为443096USD，合约行权价是90，到期日为2026/06/12
2026-06-12,US.CRCL,,PUT,85.0,2026-10-16,417,783960.0,SELL,06-13 02:12,6.13 02:12，出现一笔卖出看跌期权交易，成交量为417张，未平仓数为417张，V/OI值为1，交易金额为783960USD，合约行权价是85，到期日为2026/10/16
2026-06-12,US.CRCL,,PUT,82.0,2026-06-18,636,305289.0,SELL,06-13 00:52,6.13 00:52，出现一笔卖出看跌期权交易，成交量为636张，未平仓数为617张，V/OI值为1.1，交易金额为305289USD，合约行权价是82，到期日为2026/06/18
2026-06-12,US.CRCL,,CALL,90.0,2026-08-21,410,323308.0,SELL,06-13 00:03,6.13 00:03，出现一笔卖出看涨期权交易，成交量为410张，未平仓数为2073张，V/OI值为0.2，交易金额为323308USD，合约行权价是90，到期日为2026/08/21
2026-06-12,US.CRCL,,PUT,50.0,2026-10-16,699,237650.0,BUY,06-13 00:03,6.13 00:03，出现一笔买入看跌期权交易，成交量为699张，未平仓数为183张，V/OI值为3.8，交易金额为237650USD，合约行权价是50，到期日为2026/10/16
2026-06-12,US.CRM,,PUT,230.0,2026-06-18,3205,20608150.0,BUY,06-13 03:37,6.13 03:37，出现一笔买入看跌期权交易，成交量为3205张，未平仓数为5002张，V/OI值为2.7，交易金额为20608150USD，合约行权价是230，到期日为2026/06/18
2026-06-12,US.CRM,,PUT,220.0,2026-06-18,1887,10095450.0,SELL,06-13 03:29,6.13 03:29，出现一笔卖出看跌期权交易，成交量为1887张，未平仓数为1258张，V/OI值为3.4，交易金额为10095450USD，合约行权价是220，到期日为2026/06/18
2026-06-12,US.CRM,,PUT,230.0,2026-06-18,1440,9132480.0,SELL,06-13 03:29,6.13 03:29，出现一笔卖出看跌期权交易，成交量为1440张，未平仓数为5002张，V/OI值为2.1，交易金额为9132480USD，合约行权价是230，到期日为2026/06/18
2026-06-12,US.CRM,,PUT,230.0,2026-06-18,1245,7894545.0,SELL,06-13 03:29,6.13 03:29，出现一笔卖出看跌期权交易，成交量为1245张，未平仓数为5002张，V/OI值为1.8，交易金额为7894545USD，合约行权价是230，到期日为2026/06/18
2026-06-12,US.CRM,,PUT,280.0,2026-06-18,1586,17985240.0,SELL,06-13 03:29,6.13 03:29，出现一笔卖出看跌期权交易，成交量为1586张，未平仓数为1057张，V/OI值为3.3，交易金额为17985240USD，合约行权价是280，到期日为2026/06/18
2026-06-12,US.CRM,,PUT,230.0,2026-06-18,1602,10159884.0,SELL,06-13 03:29,6.13 03:29，出现一笔卖出看跌期权交易，成交量为1602张，未平仓数为5002张，V/OI值为1.5，交易金额为10159884USD，合约行权价是230，到期日为2026/06/18
2026-06-12,US.CRM,,PUT,220.0,2026-06-18,1090,5831500.0,SELL,06-13 03:22,6.13 03:22，出现一笔卖出看跌期权交易，成交量为1090张，未平仓数为1258张，V/OI值为1.9，交易金额为5831500USD，合约行权价是220，到期日为2026/06/18
2026-06-12,US.CRM,,PUT,230.0,2026-06-18,1580,10017200.0,SELL,06-13 03:22,6.13 03:22，出现一笔卖出看跌期权交易，成交量为1580张，未平仓数为5002张，V/OI值为1，交易金额为10017200USD，合约行权价是230，到期日为2026/06/18
2026-06-12,US.CRM,,PUT,280.0,2026-06-18,1075,12346375.0,BUY,06-13 03:04,6.13 03:04，出现一笔买入看跌期权交易，成交量为1075张，未平仓数为1057张，V/OI值为1，交易金额为12346375USD，合约行权价是280，到期日为2026/06/18
2026-06-12,US.CRM,,PUT,220.0,2026-06-18,1250,6862500.0,BUY,06-13 03:04,6.13 03:04，出现一笔买入看跌期权交易，成交量为1250张，未平仓数为1258张，V/OI值为1，交易金额为6862500USD，合约行权价是220，到期日为2026/06/18
2026-06-12,US.CRM,,PUT,230.0,2026-06-18,3200,20752000.0,BUY,06-13 03:04,6.13 03:04，出现一笔买入看跌期权交易，成交量为3200张，未平仓数为5002张，V/OI值为0.6，交易金额为20752000USD，合约行权价是230，到期日为2026/06/18
2026-06-12,US.CRWD,,PUT,630.0,2026-07-17,333,687662.0,SELL,06-13 00:49,6.13 00:49，出现一笔卖出看跌期权交易，成交量为333张，未平仓数为562张，V/OI值为0.6，交易金额为687662USD，合约行权价是630，到期日为2026/07/17
2026-06-12,US.CRWD,,CALL,980.0,2026-10-16,254,623572.0,SELL,06-12 22:23,6.12 22:23，出现一笔卖出看涨期权交易，成交量为254张，未平仓数为86张，V/OI值为3，交易金额为623572USD，合约行权价是980，到期日为2026/10/16
2026-06-12,US.CRWV,,CALL,60.0,2028-01-21,6700,41238500.0,SELL,06-13 03:36,6.13 03:36，出现一笔卖出看涨期权交易，成交量为6700张，未平仓数为232张，V/OI值为28.9，交易金额为41238500USD，合约行权价是60，到期日为2028/01/21
2026-06-12,US.CRWV,,CALL,50.0,2028-01-21,6700,44722500.0,BUY,06-13 03:36,6.13 03:36，出现一笔买入看涨期权交易，成交量为6700张，未平仓数为115张，V/OI值为58.3，交易金额为44722500USD，合约行权价是50，到期日为2028/01/21
2026-06-12,US.CRWV,,PUT,105.0,2027-09-17,1000,3725000.0,BUY,06-13 01:18,6.13 01:18，出现一笔买入看跌期权交易，成交量为1000张，未平仓数为43张，V/OI值为23.3，交易金额为3725000USD，合约行权价是105，到期日为2027/09/17
2026-06-12,US.CRWV,,PUT,80.0,2026-06-26,1714,145690.0,BUY,06-13 01:07,6.13 01:07，出现一笔买入看跌期权交易，成交量为1714张，未平仓数为1427张，V/OI值为1.4，交易金额为145690USD，合约行权价是80，到期日为2026/06/26
2026-06-12,US.CRWV,,PUT,86.0,2026-06-18,1436,81852.0,BUY,06-13 00:49,6.13 00:49，出现一笔买入看跌期权交易，成交量为1436张，未平仓数为228张，V/OI值为7.6，交易金额为81852USD，合约行权价是86，到期日为2026/06/18
2026-06-12,US.CRWV,,PUT,97.5,2026-06-18,1586,472623.0,BUY,06-13 00:05,6.13 00:05，出现一笔买入看跌期权交易，成交量为1586张，未平仓数为8428张，V/OI值为0.2，交易金额为472623USD，合约行权价是97.5，到期日为2026/06/18
2026-06-12,US.CRWV,,CALL,100.0,2026-06-18,1110,693750.0,SELL,06-12 23:49,6.12 23:49，出现一笔卖出看涨期权交易，成交量为1110张，未平仓数为39463张，V/OI值为0.3，交易金额为693750USD，合约行权价是100，到期日为2026/06/18
2026-06-12,US.CRWV,,CALL,100.0,2026-06-12,1172,357519.0,SELL,06-12 22:37,6.12 22:37，出现一笔卖出看涨期权交易，成交量为1172张，未平仓数为4146张，V/OI值为2.4，交易金额为357519USD，合约行权价是100，到期日为2026/06/12
2026-06-12,US.CRWV,,CALL,120.0,2026-07-17,1311,668610.0,SELL,06-12 22:33,6.12 22:33，出现一笔卖出看涨期权交易，成交量为1311张，未平仓数为13962张，V/OI值为0.2，交易金额为668610USD，合约行权价是120，到期日为2026/07/17
2026-06-12,US.CRWV,,CALL,110.0,2026-07-02,1000,495994.0,BUY,06-12 22:20,6.12 22:20，出现一笔买入看涨期权交易，成交量为1000张，未平仓数为205张，V/OI值为5，交易金额为495994USD，合约行权价是110，到期日为2026/07/02
2026-06-12,US.CRWV,,PUT,76.0,2026-06-26,1117,108349.0,BUY,06-12 21:54,6.12 21:54，出现一笔买入看跌期权交易，成交量为1117张，未平仓数为0张，V/OI值为0，交易金额为108349USD，合约行权价是76，到期日为2026/06/26
2026-06-12,US.CRWV,,CALL,100.0,2026-06-18,1003,421260.0,SELL,06-12 21:42,6.12 21:42，出现一笔卖出看涨期权交易，成交量为1003张，未平仓数为39463张，V/OI值为0.1，交易金额为421260USD，合约行权价是100，到期日为2026/06/18
2026-06-12,US.CRWV,,CALL,101.0,2026-06-12,1007,97714.0,BUY,06-12 21:39,6.12 21:39，出现一笔买入看涨期权交易，成交量为1007张，未平仓数为2350张，V/OI值为0.5，交易金额为97714USD，合约行权价是101，到期日为2026/06/12
2026-06-12,US.CVX,,CALL,190.0,2026-06-18,1916,296980.0,BUY,06-12 21:38,6.12 21:38，出现一笔买入看涨期权交易，成交量为1916张，未平仓数为10164张，V/OI值为0.2，交易金额为296980USD，合约行权价是190，到期日为2026/06/18
2026-06-12,US.CVX,,CALL,187.5,2026-06-18,1916,465588.0,BUY,06-12 21:38,6.12 21:38，出现一笔买入看涨期权交易，成交量为1916张，未平仓数为556张，V/OI值为3.6，交易金额为465588USD，合约行权价是187.5，到期日为2026/06/18
2026-06-12,US.DELL,,CALL,240.0,2028-01-21,1750,37969750.0,SELL,06-13 03:39,6.13 03:39，出现一笔卖出看涨期权交易，成交量为1750张，未平仓数为710张，V/OI值为2.5，交易金额为37969750USD，合约行权价是240，到期日为2028/01/21
2026-06-12,US.DELL,,CALL,200.0,2028-01-21,1750,41889750.0,BUY,06-13 03:39,6.13 03:39，出现一笔买入看涨期权交易，成交量为1750张，未平仓数为900张，V/OI值为1.9，交易金额为41889750USD，合约行权价是200，到期日为2028/01/21
2026-06-12,US.DRAM,,CALL,80.0,2026-06-26,2889,303345.0,SELL,06-13 02:15,6.13 02:15，出现一笔卖出看涨期权交易，成交量为2889张，未平仓数为2618张，V/OI值为1.2，交易金额为303345USD，合约行权价是80，到期日为2026/06/26
2026-06-12,US.DRAM,,CALL,64.0,2026-06-18,1160,475812.0,SELL,06-13 01:03,6.13 01:03，出现一笔卖出看涨期权交易，成交量为1160张，未平仓数为2976张，V/OI值为0.6，交易金额为475812USD，合约行权价是64，到期日为2026/06/18
2026-06-12,US.DRAM,,PUT,60.0,2026-06-18,1000,151000.0,BUY,06-12 22:12,6.12 22:12，出现一笔买入看跌期权交易，成交量为1000张，未平仓数为3667张，V/OI值为0.4，交易金额为151000USD，合约行权价是60，到期日为2026/06/18
2026-06-12,US.DRAM,,PUT,60.0,2026-10-16,1604,1636080.0,BUY,06-12 22:01,6.12 22:01，出现一笔买入看跌期权交易，成交量为1604张，未平仓数为418张，V/OI值为3.9，交易金额为1636080USD，合约行权价是60，到期日为2026/10/16
2026-06-12,US.DRAM,,CALL,70.0,2026-07-17,1000,515000.0,BUY,06-12 21:44,6.12 21:44，出现一笔买入看涨期权交易，成交量为1000张，未平仓数为10960张，V/OI值为0.1，交易金额为515000USD，合约行权价是70，到期日为2026/07/17
2026-06-12,US.DUOL,,PUT,93.0,2026-07-10,818,45003.0,SELL,06-13 01:30,6.13 01:30，出现一笔卖出看跌期权交易，成交量为818张，未平仓数为12张，V/OI值为69，交易金额为45003USD，合约行权价是93，到期日为2026/07/10
2026-06-12,US.FCX,,CALL,80.0,2028-01-21,509,788950.0,BUY,06-13 03:58,6.13 03:58，出现一笔买入看涨期权交易，成交量为509张，未平仓数为1558张，V/OI值为0.3，交易金额为788950USD，合约行权价是80，到期日为2028/01/21
2026-06-12,US.FCX,,PUT,70.0,2028-01-21,425,733125.0,SELL,06-13 03:57,6.13 03:57，出现一笔卖出看跌期权交易，成交量为425张，未平仓数为265张，V/OI值为3.3，交易金额为733125USD，合约行权价是70，到期日为2028/01/21
2026-06-12,US.FCX,,PUT,35.0,2027-06-17,1000,115000.0,SELL,06-13 02:57,6.13 02:57，出现一笔卖出看跌期权交易，成交量为1000张，未平仓数为1702张，V/OI值为0.6，交易金额为115000USD，合约行权价是35，到期日为2027/06/17
2026-06-12,US.FCX,,PUT,70.0,2028-01-21,423,719100.0,BUY,06-13 02:40,6.13 02:40，出现一笔买入看跌期权交易，成交量为423张，未平仓数为265张，V/OI值为1.7，交易金额为719100USD，合约行权价是70，到期日为2028/01/21
2026-06-12,US.FCX,,PUT,65.0,2027-06-17,400,466000.0,SELL,06-13 01:31,6.13 01:31，出现一笔卖出看跌期权交易，成交量为400张，未平仓数为2185张，V/OI值为0.4，交易金额为466000USD，合约行权价是65，到期日为2027/06/17
2026-06-12,US.FCX,,PUT,65.0,2027-06-17,332,385120.0,SELL,06-13 01:31,6.13 01:31，出现一笔卖出看跌期权交易，成交量为332张，未平仓数为2185张，V/OI值为0.2，交易金额为385120USD，合约行权价是65，到期日为2027/06/17
2026-06-12,US.FCX,,CALL,70.0,2026-07-17,1257,528005.0,SELL,06-13 01:00,6.13 01:00，出现一笔卖出看涨期权交易，成交量为1257张，未平仓数为27471张，V/OI值为0.1，交易金额为528005USD，合约行权价是70，到期日为2026/07/17
2026-06-12,US.FCX,,CALL,70.0,2027-01-15,560,616000.0,SELL,06-12 23:49,6.12 23:49，出现一笔卖出看涨期权交易，成交量为560张，未平仓数为14269张，V/OI值为0.1，交易金额为616000USD，合约行权价是70，到期日为2027/01/15
2026-06-12,US.FCX,,CALL,80.0,2027-01-15,1000,780000.0,SELL,06-12 23:37,6.12 23:37，出现一笔卖出看涨期权交易，成交量为1000张，未平仓数为19195张，V/OI值为0.1，交易金额为780000USD，合约行权价是80，到期日为2027/01/15
2026-06-12,US.FCX,,PUT,70.0,2026-06-26,477,204755.0,SELL,06-12 22:44,6.12 22:44，出现一笔卖出看跌期权交易，成交量为477张，未平仓数为1204张，V/OI值为0.4，交易金额为204755USD，合约行权价是70，到期日为2026/06/26
2026-06-12,US.FCX,,CALL,70.0,2027-01-15,200,228000.0,BUY,06-12 22:09,6.12 22:09，出现一笔买入看涨期权交易，成交量为200张，未平仓数为14269张，V/OI值为0，交易金额为228000USD，合约行权价是70，到期日为2027/01/15
2026-06-12,US.FCX,,CALL,70.0,2027-01-15,200,222000.0,SELL,06-12 21:37,6.12 21:37，出现一笔卖出看涨期权交易，成交量为200张，未平仓数为14269张，V/OI值为0，交易金额为222000USD，合约行权价是70，到期日为2027/01/15
2026-06-12,US.GEV,,PUT,900.0,2026-06-26,174,365400.0,BUY,06-13 03:08,6.13 03:08，出现一笔买入看跌期权交易，成交量为174张，未平仓数为242张，V/OI值为0.7，交易金额为365400USD，合约行权价是900，到期日为2026/06/26
2026-06-12,US.GOOGL,,PUT,352.5,2026-06-18,2141,642869.0,SELL,06-13 03:59,6.13 03:59，出现一笔卖出看跌期权交易，成交量为2141张，未平仓数为716张，V/OI值为5.2，交易金额为642869USD，合约行权价是352.5，到期日为2026/06/18
2026-06-12,US.GOOGL,,PUT,360.0,2026-06-12,1684,84200.0,SELL,06-13 03:58,6.13 03:58，出现一笔卖出看跌期权交易，成交量为1684张，未平仓数为2983张，V/OI值为7.9，交易金额为84200USD，合约行权价是360，到期日为2026/06/12
2026-06-12,US.GOOGL,,CALL,370.0,2026-06-18,1299,305265.0,BUY,06-13 03:24,6.13 03:24，出现一笔买入看涨期权交易，成交量为1299张，未平仓数为11899张，V/OI值为0.6，交易金额为305265USD，合约行权价是370，到期日为2026/06/18
2026-06-12,US.GOOGL,,CALL,367.5,2026-06-18,1000,310000.0,SELL,06-13 03:21,6.13 03:21，出现一笔卖出看涨期权交易，成交量为1000张，未平仓数为4065张，V/OI值为0.6，交易金额为310000USD，合约行权价是367.5，到期日为2026/06/18
2026-06-12,US.GOOGL,,CALL,375.0,2026-06-18,1500,267000.0,BUY,06-13 02:06,6.13 02:06，出现一笔买入看涨期权交易，成交量为1500张，未平仓数为5042张，V/OI值为1，交易金额为267000USD，合约行权价是375，到期日为2026/06/18
2026-06-12,US.GOOGL,,CALL,375.0,2026-06-18,1500,267000.0,SELL,06-13 02:03,6.13 02:03，出现一笔卖出看涨期权交易，成交量为1500张，未平仓数为5042张，V/OI值为0.7，交易金额为267000USD，合约行权价是375，到期日为2026/06/18
2026-06-12,US.GOOGL,,PUT,347.5,2026-06-22,4334,1386880.0,SELL,06-12 21:40,6.12 21:40，出现一笔卖出看跌期权交易，成交量为4334张，未平仓数为70张，V/OI值为62.1，交易金额为1386880USD，合约行权价是347.5，到期日为2026/06/22
2026-06-12,US.GOOGL,,PUT,360.0,2026-06-12,1000,150000.0,BUY,06-12 21:31,6.12 21:31，出现一笔买入看跌期权交易，成交量为1000张，未平仓数为2983张，V/OI值为0.4，交易金额为150000USD，合约行权价是360，到期日为2026/06/12
2026-06-12,US.HOOD,,CALL,94.0,2026-06-18,1062,350282.0,BUY,06-13 03:27,6.13 03:27，出现一笔买入看涨期权交易，成交量为1062张，未平仓数为4105张，V/OI值为1.4，交易金额为350282USD，合约行权价是94，到期日为2026/06/18
2026-06-12,US.HOOD,,CALL,96.0,2026-06-18,1000,235000.0,BUY,06-13 03:17,6.13 03:17，出现一笔买入看涨期权交易，成交量为1000张，未平仓数为1170张，V/OI值为3.3，交易金额为235000USD，合约行权价是96，到期日为2026/06/18
2026-06-12,US.HOOD,,CALL,101.0,2026-06-18,1000,107000.0,BUY,06-13 03:17,6.13 03:17，出现一笔买入看涨期权交易，成交量为1000张，未平仓数为741张，V/OI值为3.1，交易金额为107000USD，合约行权价是101，到期日为2026/06/18
2026-06-12,US.HOOD,,CALL,92.0,2026-06-12,1000,149000.0,BUY,06-13 03:17,6.13 03:17，出现一笔买入看涨期权交易，成交量为1000张，未平仓数为7136张，V/OI值为2.1，交易金额为149000USD，合约行权价是92，到期日为2026/06/12
2026-06-12,US.HOOD,,CALL,100.0,2026-06-18,1000,113000.0,SELL,06-13 02:29,6.13 02:29，出现一笔卖出看涨期权交易，成交量为1000张，未平仓数为23448张，V/OI值为1.1，交易金额为113000USD，合约行权价是100，到期日为2026/06/18
2026-06-12,US.HOOD,,CALL,95.0,2026-06-18,1000,252000.0,SELL,06-13 02:29,6.13 02:29，出现一笔卖出看涨期权交易，成交量为1000张，未平仓数为15166张，V/OI值为1.2，交易金额为252000USD，合约行权价是95，到期日为2026/06/18
2026-06-12,US.HOOD,,CALL,91.0,2026-06-12,1000,200000.0,SELL,06-13 00:12,6.13 00:12，出现一笔卖出看涨期权交易，成交量为1000张，未平仓数为6375张，V/OI值为0.5，交易金额为200000USD，合约行权价是91，到期日为2026/06/12
2026-06-12,US.HOOD,,CALL,87.0,2026-06-12,1000,574000.0,SELL,06-13 00:12,6.13 00:12，出现一笔卖出看涨期权交易，成交量为1000张，未平仓数为12906张，V/OI值为0.5，交易金额为574000USD，合约行权价是87，到期日为2026/06/12
2026-06-12,US.HOOD,,CALL,97.0,2026-06-18,1164,235128.0,SELL,06-13 00:02,6.13 00:02，出现一笔卖出看涨期权交易，成交量为1164张，未平仓数为567张，V/OI值为12.1，交易金额为235128USD，合约行权价是97，到期日为2026/06/18
2026-06-12,US.HOOD,,CALL,97.0,2026-06-18,1071,216342.0,SELL,06-13 00:02,6.13 00:02，出现一笔卖出看涨期权交易，成交量为1071张，未平仓数为567张，V/OI值为10，交易金额为216342USD，合约行权价是97，到期日为2026/06/18
2026-06-12,US.HOOD,,CALL,87.0,2026-06-12,1164,700728.0,SELL,06-13 00:02,6.13 00:02，出现一笔卖出看涨期权交易，成交量为1164张，未平仓数为12906张，V/OI值为0.3，交易金额为700728USD，合约行权价是87，到期日为2026/06/12
2026-06-12,US.HOOD,,CALL,87.0,2026-06-12,1071,644742.0,SELL,06-13 00:02,6.13 00:02，出现一笔卖出看涨期权交易，成交量为1071张，未平仓数为12906张，V/OI值为0.3，交易金额为644742USD，合约行权价是87，到期日为2026/06/12
2026-06-12,US.HOOD,,CALL,120.0,2026-07-17,1555,250355.0,SELL,06-12 23:56,6.12 23:56，出现一笔卖出看涨期权交易，成交量为1555张，未平仓数为6192张，V/OI值为0.5，交易金额为250355USD，合约行权价是120，到期日为2026/07/17
2026-06-12,US.HOOD,,CALL,97.0,2026-06-18,1000,276000.0,SELL,06-12 23:40,6.12 23:40，出现一笔卖出看涨期权交易，成交量为1000张，未平仓数为567张，V/OI值为4.8，交易金额为276000USD，合约行权价是97，到期日为2026/06/18
2026-06-12,US.HOOD,,CALL,96.0,2026-06-12,1997,163754.0,BUY,06-12 23:22,6.12 23:22，出现一笔买入看涨期权交易，成交量为1997张，未平仓数为3052张，V/OI值为2.8，交易金额为163754USD，合约行权价是96，到期日为2026/06/12
2026-06-12,US.HOOD,,CALL,102.0,2026-06-18,1000,144000.0,SELL,06-12 22:58,6.12 22:58，出现一笔卖出看涨期权交易，成交量为1000张，未平仓数为1476张，V/OI值为1.5，交易金额为144000USD，合约行权价是102，到期日为2026/06/18
2026-06-12,US.HOOD,,CALL,97.0,2026-06-18,1000,283000.0,BUY,06-12 22:58,6.12 22:58，出现一笔买入看涨期权交易，成交量为1000张，未平仓数为567张，V/OI值为2.5，交易金额为283000USD，合约行权价是97，到期日为2026/06/18
2026-06-12,US.HOOD,,CALL,94.0,2026-06-12,2012,301800.0,BUY,06-12 22:54,6.12 22:54，出现一笔买入看涨期权交易，成交量为2012张，未平仓数为3366张，V/OI值为4.2，交易金额为301800USD，合约行权价是94，到期日为2026/06/12
2026-06-12,US.HOOD,,CALL,93.0,2026-06-12,1400,218400.0,BUY,06-12 22:37,6.12 22:37，出现一笔买入看涨期权交易，成交量为1400张，未平仓数为5551张，V/OI值为1.6，交易金额为218400USD，合约行权价是93，到期日为2026/06/12
2026-06-12,US.HOOD,,CALL,100.0,2026-06-18,1400,221200.0,BUY,06-12 22:37,6.12 22:37，出现一笔买入看涨期权交易，成交量为1400张，未平仓数为23448张，V/OI值为0.3，交易金额为221200USD，合约行权价是100，到期日为2026/06/18
2026-06-12,US.HOOD,,CALL,95.0,2026-06-18,1400,441000.0,SELL,06-12 22:37,6.12 22:37，出现一笔卖出看涨期权交易，成交量为1400张，未平仓数为15166张，V/OI值为0.4，交易金额为441000USD，合约行权价是95，到期日为2026/06/18
2026-06-12,US.HOOD,,CALL,89.0,2026-06-12,1400,667800.0,BUY,06-12 22:37,6.12 22:37，出现一笔买入看涨期权交易，成交量为1400张，未平仓数为5724张，V/OI值为0.4，交易金额为667800USD，合约行权价是89，到期日为2026/06/12
2026-06-12,US.HOOD,,PUT,55.0,2026-06-26,16000,112000.0,BUY,06-12 22:18,6.12 22:18，出现一笔买入看跌期权交易，成交量为16000张，未平仓数为2344张，V/OI值为6.8，交易金额为112000USD，合约行权价是55，到期日为2026/06/26
2026-06-12,US.HOOD,,PUT,89.0,2026-06-12,5280,279840.0,SELL,06-12 21:40,6.12 21:40，出现一笔卖出看跌期权交易，成交量为5280张，未平仓数为1409张，V/OI值为4，交易金额为279840USD，合约行权价是89，到期日为2026/06/12
2026-06-12,US.HOOD,,CALL,100.0,2026-07-02,2394,878598.0,SELL,06-12 21:32,6.12 21:32，出现一笔卖出看涨期权交易，成交量为2394张，未平仓数为2081张，V/OI值为1.2，交易金额为878598USD，合约行权价是100，到期日为2026/07/02
2026-06-12,US.HOOD,,CALL,90.0,2026-06-12,2394,818748.0,SELL,06-12 21:32,6.12 21:32，出现一笔卖出看涨期权交易，成交量为2394张，未平仓数为14309张，V/OI值为0.2，交易金额为818748USD，合约行权价是90，到期日为2026/06/12
2026-06-12,US.HPE,,CALL,50.0,2026-09-18,1000,691000.0,BUY,06-13 03:02,6.13 03:02，出现一笔买入看涨期权交易，成交量为1000张，未平仓数为979张，V/OI值为1.1，交易金额为691000USD，合约行权价是50，到期日为2026/09/18
2026-06-12,US.HPE,,PUT,50.0,2026-09-18,1000,797000.0,BUY,06-13 03:02,6.13 03:02，出现一笔买入看跌期权交易，成交量为1000张，未平仓数为125张，V/OI值为8，交易金额为797000USD，合约行权价是50，到期日为2026/09/18
2026-06-12,US.HPE,,PUT,44.0,2026-07-17,1380,285660.0,BUY,06-13 02:28,6.13 02:28，出现一笔买入看跌期权交易，成交量为1380张，未平仓数为309张，V/OI值为4.6，交易金额为285660USD，合约行权价是44，到期日为2026/07/17
2026-06-12,US.HPE,,CALL,60.0,2027-01-15,2241,1646035.0,BUY,06-12 23:14,6.12 23:14，出现一笔买入看涨期权交易，成交量为2241张，未平仓数为548张，V/OI值为4.1，交易金额为1646035USD，合约行权价是60，到期日为2027/01/15
2026-06-12,US.IBIT,,PUT,52.0,2026-06-18,8860,14087400.0,SELL,06-13 03:57,6.13 03:57，出现一笔卖出看跌期权交易，成交量为8860张，未平仓数为26724张，V/OI值为0.7，交易金额为14087400USD，合约行权价是52，到期日为2026/06/18
2026-06-12,US.IBIT,,PUT,54.0,2026-06-18,2690,4828550.0,BUY,06-13 03:57,6.13 03:57，出现一笔买入看跌期权交易，成交量为2690张，未平仓数为1796张，V/OI值为1.5，交易金额为4828550USD，合约行权价是54，到期日为2026/06/18
2026-06-12,US.IBIT,,PUT,59.0,2026-06-18,4200,9618000.0,SELL,06-13 03:57,6.13 03:57，出现一笔卖出看跌期权交易，成交量为4200张，未平仓数为3074张，V/OI值为1.4，交易金额为9618000USD，合约行权价是59，到期日为2026/06/18
2026-06-12,US.IBIT,,PUT,70.0,2027-01-15,7970,26978450.0,SELL,06-13 03:57,6.13 03:57，出现一笔卖出看跌期权交易，成交量为7970张，未平仓数为10289张，V/OI值为1.6，交易金额为26978450USD，合约行权价是70，到期日为2027/01/15
2026-06-12,US.IBIT,,PUT,52.0,2026-06-18,8000,12640000.0,SELL,06-13 03:30,6.13 03:30，出现一笔卖出看跌期权交易，成交量为8000张，未平仓数为26724张，V/OI值为0.3，交易金额为12640000USD，合约行权价是52，到期日为2026/06/18
2026-06-12,US.IBIT,,PUT,70.0,2027-01-15,2200,7436000.0,SELL,06-13 03:30,6.13 03:30，出现一笔卖出看跌期权交易，成交量为2200张，未平仓数为10289张，V/OI值为0.8，交易金额为7436000USD，合约行权价是70，到期日为2027/01/15
2026-06-12,US.IBIT,,PUT,70.0,2027-01-15,5800,19598200.0,SELL,06-13 03:30,6.13 03:30，出现一笔卖出看跌期权交易，成交量为5800张，未平仓数为10289张，V/OI值为0.6，交易金额为19598200USD，合约行权价是70，到期日为2027/01/15
2026-06-12,US.IBIT,,CALL,41.0,2026-10-16,2752,525632.0,SELL,06-13 03:09,6.13 03:09，出现一笔卖出看涨期权交易，成交量为2752张，未平仓数为737张，V/OI值为4.4，交易金额为525632USD，合约行权价是41，到期日为2026/10/16
2026-06-12,US.IBIT,,CALL,50.0,2026-10-16,5362,289548.0,SELL,06-13 01:51,6.13 01:51，出现一笔卖出看涨期权交易，成交量为5362张，未平仓数为5475张，V/OI值为1，交易金额为289548USD，合约行权价是50，到期日为2026/10/16
2026-06-12,US.IBIT,,CALL,41.0,2026-07-17,6345,234765.0,SELL,06-13 01:36,6.13 01:36，出现一笔卖出看涨期权交易，成交量为6345张，未平仓数为7705张，V/OI值为0.9，交易金额为234765USD，合约行权价是41，到期日为2026/07/17
2026-06-12,US.IBIT,,CALL,45.0,2026-09-18,3739,272947.0,SELL,06-13 00:26,6.13 00:26，出现一笔卖出看涨期权交易，成交量为3739张，未平仓数为42006张，V/OI值为0.1，交易金额为272947USD，合约行权价是45，到期日为2026/09/18
2026-06-12,US.IBIT,,CALL,53.0,2026-10-16,4059,150183.0,SELL,06-13 00:01,6.13 00:01，出现一笔卖出看涨期权交易，成交量为4059张，未平仓数为297张，V/OI值为13.7，交易金额为150183USD，合约行权价是53，到期日为2026/10/16
2026-06-12,US.IBIT,,PUT,34.0,2026-07-17,5000,460000.0,SELL,06-12 23:51,6.12 23:51，出现一笔卖出看跌期权交易，成交量为5000张，未平仓数为22103张，V/OI值为0.3，交易金额为460000USD，合约行权价是34，到期日为2026/07/17
2026-06-12,US.IBIT,,PUT,30.0,2026-09-18,4300,421400.0,BUY,06-12 23:07,6.12 23:07，出现一笔买入看跌期权交易，成交量为4300张，未平仓数为42009张，V/OI值为0.1，交易金额为421400USD，合约行权价是30，到期日为2026/09/18
2026-06-12,US.IBIT,,PUT,28.0,2026-10-16,5430,504987.0,BUY,06-12 23:04,6.12 23:04，出现一笔买入看跌期权交易，成交量为5430张，未平仓数为1556张，V/OI值为3.6，交易金额为504987USD，合约行权价是28，到期日为2026/10/16
2026-06-12,US.IBIT,,PUT,30.0,2026-07-17,6395,166270.0,SELL,06-12 23:01,6.12 23:01，出现一笔卖出看跌期权交易，成交量为6395张，未平仓数为38209张，V/OI值为0.2，交易金额为166270USD，合约行权价是30，到期日为2026/07/17
2026-06-12,US.IBIT,,CALL,36.0,2026-06-12,6089,91335.0,BUY,06-12 22:16,6.12 22:16，出现一笔买入看涨期权交易，成交量为6089张，未平仓数为19798张，V/OI值为0.5，交易金额为91335USD，合约行权价是36，到期日为2026/06/12
2026-06-12,US.IBIT,,PUT,36.0,2026-06-12,20497,471431.0,SELL,06-12 22:10,6.12 22:10，出现一笔卖出看跌期权交易，成交量为20497张，未平仓数为25879张，V/OI值为0.9，交易金额为471431USD，合约行权价是36，到期日为2026/06/12
2026-06-12,US.IBIT,,PUT,32.5,2026-06-26,20497,450934.0,SELL,06-12 22:10,6.12 22:10，出现一笔卖出看跌期权交易，成交量为20497张，未平仓数为396张，V/OI值为52.1，交易金额为450934USD，合约行权价是32.5，到期日为2026/06/26
2026-06-12,US.IGV,,PUT,88.0,2026-06-18,1470,110255.0,SELL,06-13 02:42,6.13 02:42，出现一笔卖出看跌期权交易，成交量为1470张，未平仓数为1264张，V/OI值为3.2，交易金额为110255USD，合约行权价是88，到期日为2026/06/18
2026-06-12,US.IGV,,PUT,88.0,2026-06-18,1000,84000.0,BUY,06-13 02:11,6.13 02:11，出现一笔买入看跌期权交易，成交量为1000张，未平仓数为1264张，V/OI值为1.6，交易金额为84000USD，合约行权价是88，到期日为2026/06/18
2026-06-12,US.IGV,,PUT,88.0,2026-06-18,1000,84000.0,BUY,06-13 02:10,6.13 02:10，出现一笔买入看跌期权交易，成交量为1000张，未平仓数为1264张，V/OI值为0.8，交易金额为84000USD，合约行权价是88，到期日为2026/06/18
2026-06-12,US.IGV,,PUT,84.0,2026-06-18,4023,100575.0,SELL,06-12 23:10,6.12 23:10，出现一笔卖出看跌期权交易，成交量为4023张，未平仓数为2532张，V/OI值为1.6，交易金额为100575USD，合约行权价是84，到期日为2026/06/18
2026-06-12,US.IGV,,PUT,90.0,2026-06-12,5248,262401.0,SELL,06-12 22:39,6.12 22:39，出现一笔卖出看跌期权交易，成交量为5248张，未平仓数为4607张，V/OI值为1.2，交易金额为262401USD，合约行权价是90，到期日为2026/06/12
2026-06-12,US.IGV,,CALL,111.0,2026-08-21,1000,110000.0,BUY,06-12 22:20,6.12 22:20，出现一笔买入看涨期权交易，成交量为1000张，未平仓数为692张，V/OI值为1.4，交易金额为110000USD，合约行权价是111，到期日为2026/08/21
2026-06-12,US.IGV,,CALL,90.0,2026-06-18,1609,321800.0,SELL,06-12 21:54,6.12 21:54，出现一笔卖出看涨期权交易，成交量为1609张，未平仓数为18248张，V/OI值为0.1，交易金额为321800USD，合约行权价是90，到期日为2026/06/18
2026-06-12,US.INTC,,CALL,130.0,2026-06-18,1000,399911.0,BUY,06-13 03:54,6.13 03:54，出现一笔买入看涨期权交易，成交量为1000张，未平仓数为23347张，V/OI值为1，交易金额为399911USD，合约行权价是130，到期日为2026/06/18
2026-06-12,US.INTC,,CALL,90.0,2026-07-17,1000,3750000.0,BUY,06-13 03:42,6.13 03:42，出现一笔买入看涨期权交易，成交量为1000张，未平仓数为18584张，V/OI值为0.4，交易金额为3750000USD，合约行权价是90，到期日为2026/07/17
2026-06-12,US.INTC,,CALL,150.0,2026-08-21,5000,6150000.0,BUY,06-13 03:38,6.13 03:38，出现一笔买入看涨期权交易，成交量为5000张，未平仓数为13055张，V/OI值为0.6，交易金额为6150000USD，合约行权价是150，到期日为2026/08/21
2026-06-12,US.INTC,,PUT,82.5,2026-07-17,1075,115025.0,SELL,06-13 03:27,6.13 03:27，出现一笔卖出看跌期权交易，成交量为1075张，未平仓数为883张，V/OI值为1.3，交易金额为115025USD，合约行权价是82.5，到期日为2026/07/17
2026-06-12,US.INTC,,PUT,100.0,2027-01-15,5000,8575000.0,BUY,06-13 03:17,6.13 03:17，出现一笔买入看跌期权交易，成交量为5000张，未平仓数为6177张，V/OI值为0.9，交易金额为8575000USD，合约行权价是100，到期日为2027/01/15
2026-06-12,US.INTC,,CALL,97.5,2026-09-18,63500,241617500.0,BUY,06-13 02:29,6.13 02:29，出现一笔买入看涨期权交易，成交量为63500张，未平仓数为154张，V/OI值为412.4，交易金额为241617500USD，合约行权价是97.5，到期日为2026/09/18
2026-06-12,US.INTC,,CALL,135.0,2026-06-18,1250,380005.0,SELL,06-13 01:31,6.13 01:31，出现一笔卖出看涨期权交易，成交量为1250张，未平仓数为9953张，V/OI值为1，交易金额为380005USD，合约行权价是135，到期日为2026/06/18
2026-06-12,US.INTC,,CALL,140.0,2026-06-18,1500,310500.0,BUY,06-13 01:30,6.13 01:30，出现一笔买入看涨期权交易，成交量为1500张，未平仓数为10989张，V/OI值为0.9，交易金额为310500USD，合约行权价是140，到期日为2026/06/18
2026-06-12,US.INTC,,CALL,90.0,2026-07-17,1000,3795000.0,BUY,06-13 01:15,6.13 01:15，出现一笔买入看涨期权交易，成交量为1000张，未平仓数为18584张，V/OI值为0.2，交易金额为3795000USD，合约行权价是90，到期日为2026/07/17
2026-06-12,US.INTC,,CALL,120.0,2026-06-12,2192,1190671.0,SELL,06-13 01:15,6.13 01:15，出现一笔卖出看涨期权交易，成交量为2192张，未平仓数为17881张，V/OI值为1.9，交易金额为1190671USD，合约行权价是120，到期日为2026/06/12
2026-06-12,US.INTC,,PUT,124.0,2026-06-12,1068,85440.0,SELL,06-13 00:51,6.13 00:51，出现一笔卖出看跌期权交易，成交量为1068张，未平仓数为254张，V/OI值为34.6，交易金额为85440USD，合约行权价是124，到期日为2026/06/12
2026-06-12,US.INTC,,CALL,140.0,2026-06-26,1000,389818.0,BUY,06-13 00:48,6.13 00:48，出现一笔买入看涨期权交易，成交量为1000张，未平仓数为1625张，V/OI值为5.1，交易金额为389818USD，合约行权价是140，到期日为2026/06/26
2026-06-12,US.INTC,,CALL,140.0,2026-06-26,1066,415513.0,BUY,06-13 00:48,6.13 00:48，出现一笔买入看涨期权交易，成交量为1066张，未平仓数为1625张，V/OI值为4.4，交易金额为415513USD，合约行权价是140，到期日为2026/06/26
2026-06-12,US.INTC,,CALL,140.0,2026-06-26,1000,384956.0,BUY,06-13 00:48,6.13 00:48，出现一笔买入看涨期权交易，成交量为1000张，未平仓数为1625张，V/OI值为3.8，交易金额为384956USD，合约行权价是140，到期日为2026/06/26
2026-06-12,US.INTC,,CALL,140.0,2026-06-26,1000,382274.0,BUY,06-13 00:48,6.13 00:48，出现一笔买入看涨期权交易，成交量为1000张，未平仓数为1625张，V/OI值为3.2，交易金额为382274USD，合约行权价是140，到期日为2026/06/26
2026-06-12,US.INTC,,CALL,140.0,2026-06-26,1000,379123.0,BUY,06-13 00:48,6.13 00:48，出现一笔买入看涨期权交易，成交量为1000张，未平仓数为1625张，V/OI值为2.5，交易金额为379123USD，合约行权价是140，到期日为2026/06/26
2026-06-12,US.INTC,,CALL,125.0,2026-06-18,1000,585000.0,SELL,06-13 00:38,6.13 00:38，出现一笔卖出看涨期权交易，成交量为1000张，未平仓数为10425张，V/OI值为0.9，交易金额为585000USD，合约行权价是125，到期日为2026/06/18
2026-06-12,US.INTC,,CALL,135.0,2026-06-18,1000,249000.0,BUY,06-13 00:38,6.13 00:38，出现一笔买入看涨期权交易，成交量为1000张，未平仓数为9953张，V/OI值为0.6，交易金额为249000USD，合约行权价是135，到期日为2026/06/18
2026-06-12,US.INTC,,CALL,125.0,2026-06-26,2362,1913317.0,SELL,06-13 00:27,6.13 00:27，出现一笔卖出看涨期权交易，成交量为2362张，未平仓数为5744张，V/OI值为1.1，交易金额为1913317USD，合约行权价是125，到期日为2026/06/26
2026-06-12,US.INTC,,CALL,130.0,2026-06-18,1334,546893.0,BUY,06-13 00:18,6.13 00:18，出现一笔买入看涨期权交易，成交量为1334张，未平仓数为23347张，V/OI值为0.4，交易金额为546893USD，合约行权价是130，到期日为2026/06/18
2026-06-12,US.INTC,,PUT,120.0,2026-06-12,1000,90000.0,SELL,06-12 22:52,6.12 22:52，出现一笔卖出看跌期权交易，成交量为1000张，未平仓数为2391张，V/OI值为3.5，交易金额为90000USD，合约行权价是120，到期日为2026/06/12
2026-06-12,US.INTC,,PUT,70.0,2026-06-18,13000,104000.0,BUY,06-12 22:50,6.12 22:50，出现一笔买入看跌期权交易，成交量为13000张，未平仓数为20569张，V/OI值为1.3，交易金额为104000USD，合约行权价是70，到期日为2026/06/18
2026-06-12,US.INTC,,PUT,70.0,2026-06-18,12463,99704.0,BUY,06-12 22:50,6.12 22:50，出现一笔买入看跌期权交易，成交量为12463张，未平仓数为20569张，V/OI值为0.6，交易金额为99704USD，合约行权价是70，到期日为2026/06/18
2026-06-12,US.INTC,,CALL,65.0,2026-07-17,1000,5730000.0,BUY,06-12 22:30,6.12 22:30，出现一笔买入看涨期权交易，成交量为1000张，未平仓数为14398张，V/OI值为0.3，交易金额为5730000USD，合约行权价是65，到期日为2026/07/17
2026-06-12,US.INTC,,CALL,119.0,2026-06-12,1644,616660.0,SELL,06-12 22:09,6.12 22:09，出现一笔卖出看涨期权交易，成交量为1644张，未平仓数为2035张，V/OI值为3.4，交易金额为616660USD，合约行权价是119，到期日为2026/06/12
2026-06-12,US.INTC,,PUT,118.0,2026-06-12,1001,200200.0,BUY,06-12 21:45,6.12 21:45，出现一笔买入看跌期权交易，成交量为1001张，未平仓数为754张，V/OI值为2.5，交易金额为200200USD，合约行权价是118，到期日为2026/06/12
2026-06-12,US.INTC,,CALL,195.0,2026-07-17,1019,96805.0,SELL,06-12 21:39,6.12 21:39，出现一笔卖出看涨期权交易，成交量为1019张，未平仓数为11373张，V/OI值为0.1，交易金额为96805USD，合约行权价是195，到期日为2026/07/17
2026-06-12,US.INTC,,CALL,118.0,2026-06-12,1042,264668.0,SELL,06-12 21:38,6.12 21:38，出现一笔卖出看涨期权交易，成交量为1042张，未平仓数为3967张，V/OI值为1，交易金额为264668USD，合约行权价是118，到期日为2026/06/12
2026-06-12,US.INTC,,CALL,106.0,2026-06-12,1000,1070000.0,SELL,06-12 21:34,6.12 21:34，出现一笔卖出看涨期权交易，成交量为1000张，未平仓数为3958张，V/OI值为0.3，交易金额为1070000USD，合约行权价是106，到期日为2026/06/12
2026-06-12,US.INTC,,CALL,111.0,2026-06-12,1000,595000.0,SELL,06-12 21:34,6.12 21:34，出现一笔卖出看涨期权交易，成交量为1000张，未平仓数为2995张，V/OI值为0.3，交易金额为595000USD，合约行权价是111，到期日为2026/06/12
2026-06-12,US.INTU,,PUT,300.0,2028-01-21,252,2294460.0,BUY,06-12 21:38,6.12 21:38，出现一笔买入看跌期权交易，成交量为252张，未平仓数为605张，V/OI值为0.7，交易金额为2294460USD，合约行权价是300，到期日为2028/01/21
2026-06-12,US.INTU,,PUT,300.0,2027-03-19,400,2872000.0,SELL,06-12 21:37,6.12 21:37，出现一笔卖出看跌期权交易，成交量为400张，未平仓数为507张，V/OI值为0.8，交易金额为2872000USD，合约行权价是300，到期日为2027/03/19
2026-06-12,US.IREN,,CALL,73.0,2026-06-18,2750,91118.0,SELL,06-13 03:37,6.13 03:37，出现一笔卖出看涨期权交易，成交量为2750张，未平仓数为190张，V/OI值为16.2，交易金额为91118USD，合约行权价是73，到期日为2026/06/18
2026-06-12,US.IREN,,PUT,90.0,2028-01-21,1100,5498900.0,BUY,06-13 03:29,6.13 03:29，出现一笔买入看跌期权交易，成交量为1100张，未平仓数为1419张，V/OI值为0.8，交易金额为5498900USD，合约行权价是90，到期日为2028/01/21
2026-06-12,US.IREN,,CALL,90.0,2028-01-21,1100,2729100.0,BUY,06-13 03:29,6.13 03:29，出现一笔买入看涨期权交易，成交量为1100张，未平仓数为8708张，V/OI值为0.1，交易金额为2729100USD，合约行权价是90，到期日为2028/01/21
2026-06-12,US.IREN,,PUT,80.0,2026-12-18,1000,3176000.0,BUY,06-13 02:59,6.13 02:59，出现一笔买入看跌期权交易，成交量为1000张，未平仓数为3010张，V/OI值为0.4，交易金额为3176000USD，合约行权价是80，到期日为2026/12/18
2026-06-12,US.IREN,,CALL,80.0,2026-12-18,1000,1379000.0,BUY,06-13 02:59,6.13 02:59，出现一笔买入看涨期权交易，成交量为1000张，未平仓数为6431张，V/OI值为0.2，交易金额为1379000USD，合约行权价是80，到期日为2026/12/18
2026-06-12,US.IREN,,PUT,37.0,2026-09-18,1000,330000.0,SELL,06-13 01:47,6.13 01:47，出现一笔卖出看跌期权交易，成交量为1000张，未平仓数为447张，V/OI值为2.2，交易金额为330000USD，合约行权价是37，到期日为2026/09/18
2026-06-12,US.IREN,,PUT,61.0,2026-06-26,4147,2102529.0,SELL,06-13 01:21,6.13 01:21，出现一笔卖出看跌期权交易，成交量为4147张，未平仓数为259张，V/OI值为16.7，交易金额为2102529USD，合约行权价是61，到期日为2026/06/26
2026-06-12,US.IREN,,PUT,57.0,2026-06-26,4147,1347775.0,SELL,06-13 01:21,6.13 01:21，出现一笔卖出看跌期权交易，成交量为4147张，未平仓数为250张，V/OI值为16.7，交易金额为1347775USD，合约行权价是57，到期日为2026/06/26
2026-06-12,US.IREN,,CALL,62.0,2026-06-18,4898,1092254.0,BUY,06-13 00:06,6.13 00:06，出现一笔买入看涨期权交易，成交量为4898张，未平仓数为2086张，V/OI值为4.5，交易金额为1092254USD，合约行权价是62，到期日为2026/06/18
2026-06-12,US.IREN,,CALL,62.0,2026-06-18,2100,468300.0,BUY,06-13 00:06,6.13 00:06，出现一笔买入看涨期权交易，成交量为2100张，未平仓数为2086张，V/OI值为2.2，交易金额为468300USD，合约行权价是62，到期日为2026/06/18
2026-06-12,US.IREN,,CALL,56.0,2026-06-12,4898,1660422.0,BUY,06-13 00:06,6.13 00:06，出现一笔买入看涨期权交易，成交量为4898张，未平仓数为9802张，V/OI值为0.9，交易金额为1660422USD，合约行权价是56，到期日为2026/06/12
2026-06-12,US.IREN,,CALL,56.0,2026-06-12,2100,709800.0,BUY,06-13 00:06,6.13 00:06，出现一笔买入看涨期权交易，成交量为2100张，未平仓数为9802张，V/OI值为0.4，交易金额为709800USD，合约行权价是56，到期日为2026/06/12
2026-06-12,US.IREN,,PUT,35.0,2026-06-18,20000,180000.0,BUY,06-12 23:09,6.12 23:09，出现一笔买入看跌期权交易，成交量为20000张，未平仓数为12825张，V/OI值为2.2，交易金额为180000USD，合约行权价是35，到期日为2026/06/18
2026-06-12,US.IREN,,CALL,50.0,2026-08-21,1125,1669500.0,BUY,06-12 21:34,6.12 21:34，出现一笔买入看涨期权交易，成交量为1125张，未平仓数为2892张，V/OI值为0.4，交易金额为1669500USD，合约行权价是50，到期日为2026/08/21
2026-06-12,US.IWM,,PUT,285.0,2026-06-18,3002,396264.0,SELL,06-13 04:07,6.13 04:07，出现一笔卖出看跌期权交易，成交量为3002张，未平仓数为26731张，V/OI值为2.1，交易金额为396264USD，合约行权价是285，到期日为2026/06/18
2026-06-12,US.IWM,,PUT,279.0,2026-07-17,4600,1603400.0,BUY,06-13 04:02,6.13 04:02，出现一笔买入看跌期权交易，成交量为4600张，未平仓数为2800张，V/OI值为13.1，交易金额为1603400USD，合约行权价是279，到期日为2026/07/17
2026-06-12,US.IWM,,PUT,280.0,2026-07-17,3079,1141698.0,SELL,06-13 04:01,6.13 04:01，出现一笔卖出看跌期权交易，成交量为3079张，未平仓数为23088张，V/OI值为0.6，交易金额为1141698USD，合约行权价是280，到期日为2026/07/17
2026-06-12,US.IWM,,CALL,305.0,2026-06-24,3357,298773.0,SELL,06-13 03:26,6.13 03:26，出现一笔卖出看涨期权交易，成交量为3357张，未平仓数为202张，V/OI值为16.6，交易金额为298773USD，合约行权价是305，到期日为2026/06/24
2026-06-12,US.IWM,,CALL,260.0,2026-06-18,14080,47266560.0,SELL,06-13 01:47,6.13 01:47，出现一笔卖出看涨期权交易，成交量为14080张，未平仓数为87916张，V/OI值为1.7，交易金额为47266560USD，合约行权价是260，到期日为2026/06/18
2026-06-12,US.IWM,,CALL,260.0,2026-06-18,21120,71005440.0,SELL,06-13 01:46,6.13 01:46，出现一笔卖出看涨期权交易，成交量为21120张，未平仓数为87916张，V/OI值为1.4，交易金额为71005440USD，合约行权价是260，到期日为2026/06/18
2026-06-12,US.IWM,,CALL,260.0,2026-06-18,21120,71132160.0,BUY,06-13 01:39,6.13 01:39，出现一笔买入看涨期权交易，成交量为21120张，未平仓数为87916张，V/OI值为1.2，交易金额为71132160USD，合约行权价是260，到期日为2026/06/18
2026-06-12,US.IWM,,CALL,260.0,2026-06-18,21120,71132160.0,BUY,06-13 01:39,6.13 01:39，出现一笔买入看涨期权交易，成交量为21120张，未平仓数为87916张，V/OI值为1，交易金额为71132160USD，合约行权价是260，到期日为2026/06/18
2026-06-12,US.IWM,,CALL,270.0,2026-06-18,9600,22867200.0,SELL,06-13 01:39,6.13 01:39，出现一笔卖出看涨期权交易，成交量为9600张，未平仓数为40275张，V/OI值为0.7，交易金额为22867200USD，合约行权价是270，到期日为2026/06/18
2026-06-12,US.IWM,,CALL,260.0,2026-06-18,21120,71132160.0,BUY,06-13 01:39,6.13 01:39，出现一笔买入看涨期权交易，成交量为21120张，未平仓数为87916张，V/OI值为0.7，交易金额为71132160USD，合约行权价是260，到期日为2026/06/18
2026-06-12,US.IWM,,CALL,265.0,2026-06-18,8400,23940000.0,SELL,06-13 01:39,6.13 01:39，出现一笔卖出看涨期权交易，成交量为8400张，未平仓数为33526张，V/OI值为0.8，交易金额为23940000USD，合约行权价是265，到期日为2026/06/18
2026-06-12,US.IWM,,CALL,250.0,2026-06-18,6000,26304000.0,BUY,06-13 01:39,6.13 01:39，出现一笔买入看涨期权交易，成交量为6000张，未平仓数为24121张，V/OI值为0.7，交易金额为26304000USD，合约行权价是250，到期日为2026/06/18
2026-06-12,US.IWM,,CALL,240.0,2026-06-18,6000,31950000.0,SELL,06-13 01:39,6.13 01:39，出现一笔卖出看涨期权交易，成交量为6000张，未平仓数为24063张，V/OI值为0.7，交易金额为31950000USD，合约行权价是240，到期日为2026/06/18
2026-06-12,US.IWM,,CALL,270.0,2026-06-18,9600,22867200.0,SELL,06-13 01:39,6.13 01:39，出现一笔卖出看涨期权交易，成交量为9600张，未平仓数为40275张，V/OI值为0.5，交易金额为22867200USD，合约行权价是270，到期日为2026/06/18
2026-06-12,US.IWM,,CALL,260.0,2026-06-18,21120,71132160.0,BUY,06-13 01:39,6.13 01:39，出现一笔买入看涨期权交易，成交量为21120张，未平仓数为87916张，V/OI值为0.5，交易金额为71132160USD，合约行权价是260，到期日为2026/06/18
2026-06-12,US.IWM,,CALL,265.0,2026-06-18,8400,23940000.0,SELL,06-13 01:39,6.13 01:39，出现一笔卖出看涨期权交易，成交量为8400张，未平仓数为33526张，V/OI值为0.5，交易金额为23940000USD，合约行权价是265，到期日为2026/06/18
2026-06-12,US.IWM,,CALL,250.0,2026-06-18,6000,26304000.0,BUY,06-13 01:39,6.13 01:39，出现一笔买入看涨期权交易，成交量为6000张，未平仓数为24121张，V/OI值为0.5，交易金额为26304000USD，合约行权价是250，到期日为2026/06/18
2026-06-12,US.IWM,,CALL,240.0,2026-06-18,6000,31950000.0,SELL,06-13 01:39,6.13 01:39，出现一笔卖出看涨期权交易，成交量为6000张，未平仓数为24063张，V/OI值为0.5，交易金额为31950000USD，合约行权价是240，到期日为2026/06/18
2026-06-12,US.IWM,,CALL,255.0,2026-06-18,4320,16873920.0,BUY,06-13 01:39,6.13 01:39，出现一笔买入看涨期权交易，成交量为4320张，未平仓数为17004张，V/OI值为0.3，交易金额为16873920USD，合约行权价是255，到期日为2026/06/18
2026-06-12,US.IWM,,CALL,270.0,2026-06-18,9600,23011200.0,SELL,06-13 01:39,6.13 01:39，出现一笔卖出看涨期权交易，成交量为9600张，未平仓数为40275张，V/OI值为0.2，交易金额为23011200USD，合约行权价是270，到期日为2026/06/18
2026-06-12,US.IWM,,CALL,260.0,2026-06-18,21120,70836480.0,SELL,06-13 01:39,6.13 01:39，出现一笔卖出看涨期权交易，成交量为21120张，未平仓数为87916张，V/OI值为0.2，交易金额为70836480USD，合约行权价是260，到期日为2026/06/18
2026-06-12,US.IWM,,CALL,265.0,2026-06-18,8400,24402000.0,BUY,06-13 01:39,6.13 01:39，出现一笔买入看涨期权交易，成交量为8400张，未平仓数为33526张，V/OI值为0.3，交易金额为24402000USD，合约行权价是265，到期日为2026/06/18
2026-06-12,US.IWM,,CALL,245.0,2026-06-18,3300,16061100.0,SELL,06-13 01:39,6.13 01:39，出现一笔卖出看涨期权交易，成交量为3300张，未平仓数为13094张，V/OI值为0.3，交易金额为16061100USD，合约行权价是245，到期日为2026/06/18
2026-06-12,US.IWM,,CALL,250.0,2026-06-18,6000,26388000.0,BUY,06-13 01:39,6.13 01:39，出现一笔买入看涨期权交易，成交量为6000张，未平仓数为24121张，V/OI值为0.2，交易金额为26388000USD，合约行权价是250，到期日为2026/06/18
2026-06-12,US.IWM,,CALL,240.0,2026-06-18,6000,31704000.0,SELL,06-13 01:39,6.13 01:39，出现一笔卖出看涨期权交易，成交量为6000张，未平仓数为24063张，V/OI值为0.2，交易金额为31704000USD，合约行权价是240，到期日为2026/06/18
2026-06-12,US.IWM,,CALL,300.0,2026-06-30,5000,1655000.0,BUY,06-13 01:36,6.13 01:36，出现一笔买入看涨期权交易，成交量为5000张，未平仓数为29195张，V/OI值为0.2，交易金额为1655000USD，合约行权价是300，到期日为2026/06/30
2026-06-12,US.IWM,,PUT,250.0,2026-12-18,7000,4004000.0,SELL,06-13 01:28,6.13 01:28，出现一笔卖出看跌期权交易，成交量为7000张，未平仓数为55964张，V/OI值为0.1，交易金额为4004000USD，合约行权价是250，到期日为2026/12/18
2026-06-12,US.IWM,,CALL,325.0,2026-07-17,4000,252000.0,BUY,06-13 01:18,6.13 01:18，出现一笔买入看涨期权交易，成交量为4000张，未平仓数为1218张，V/OI值为3.5，交易金额为252000USD，合约行权价是325，到期日为2026/07/17
2026-06-12,US.IWM,,PUT,280.0,2026-08-21,7000,4284000.0,SELL,06-12 23:15,6.12 23:15，出现一笔卖出看跌期权交易，成交量为7000张，未平仓数为24416张，V/OI值为0.3，交易金额为4284000USD，合约行权价是280，到期日为2026/08/21
2026-06-12,US.IWM,,PUT,250.0,2026-07-17,8000,488000.0,BUY,06-12 23:15,6.12 23:15，出现一笔买入看跌期权交易，成交量为8000张，未平仓数为25126张，V/OI值为0.3，交易金额为488000USD，合约行权价是250，到期日为2026/07/17
2026-06-12,US.IWM,,PUT,270.0,2026-07-17,16000,3136000.0,SELL,06-12 23:15,6.12 23:15，出现一笔卖出看跌期权交易，成交量为16000张，未平仓数为47725张，V/OI值为0.4，交易金额为3136000USD，合约行权价是270，到期日为2026/07/17
2026-06-12,US.IWM,,PUT,260.0,2026-08-21,7000,1792000.0,SELL,06-12 23:15,6.12 23:15，出现一笔卖出看跌期权交易，成交量为7000张，未平仓数为39363张，V/OI值为0.2，交易金额为1792000USD，合约行权价是260，到期日为2026/08/21
2026-06-12,US.IWM,,PUT,285.0,2026-06-18,4231,634650.0,SELL,06-12 22:59,6.12 22:59，出现一笔卖出看跌期权交易，成交量为4231张，未平仓数为26731张，V/OI值为1.6，交易金额为634650USD，合约行权价是285，到期日为2026/06/18
2026-06-12,US.IWM,,PUT,180.0,2026-12-18,5000,490000.0,BUY,06-12 22:57,6.12 22:57，出现一笔买入看跌期权交易，成交量为5000张，未平仓数为47680张，V/OI值为0.1，交易金额为490000USD，合约行权价是180，到期日为2026/12/18
2026-06-12,US.IWM,,PUT,285.0,2026-06-18,3691,653307.0,BUY,06-12 22:09,6.12 22:09，出现一笔买入看跌期权交易，成交量为3691张，未平仓数为26731张，V/OI值为1.1，交易金额为653307USD，合约行权价是285，到期日为2026/06/18
2026-06-12,US.IWM,,PUT,285.0,2026-06-18,6182,1094214.0,BUY,06-12 22:09,6.12 22:09，出现一笔买入看跌期权交易，成交量为6182张，未平仓数为26731张，V/OI值为0.7，交易金额为1094214USD，合约行权价是285，到期日为2026/06/18
2026-06-12,US.IWM,,PUT,280.0,2026-06-18,6182,568744.0,SELL,06-12 22:09,6.12 22:09，出现一笔卖出看跌期权交易，成交量为6182张，未平仓数为72567张，V/OI值为0.2，交易金额为568744USD，合约行权价是280，到期日为2026/06/18
2026-06-12,US.IWM,,PUT,285.0,2026-06-18,6199,1078626.0,BUY,06-12 22:09,6.12 22:09，出现一笔买入看跌期权交易，成交量为6199张，未平仓数为26731张，V/OI值为0.4，交易金额为1078626USD，合约行权价是285，到期日为2026/06/18
2026-06-12,US.IWM,,PUT,280.0,2026-06-18,6199,564109.0,SELL,06-12 22:09,6.12 22:09，出现一笔卖出看跌期权交易，成交量为6199张，未平仓数为72567张，V/OI值为0.1，交易金额为564109USD，合约行权价是280，到期日为2026/06/18
2026-06-12,US.IWM,,PUT,272.0,2026-06-18,12240,403920.0,SELL,06-12 22:08,6.12 22:08，出现一笔卖出看跌期权交易，成交量为12240张，未平仓数为40352张，V/OI值为0.3，交易金额为403920USD，合约行权价是272，到期日为2026/06/18
2026-06-12,US.IWM,,PUT,276.0,2026-07-17,8094,2598174.0,SELL,06-12 22:07,6.12 22:07，出现一笔卖出看跌期权交易，成交量为8094张，未平仓数为45110张，V/OI值为0.4，交易金额为2598174USD，合约行权价是276，到期日为2026/07/17
2026-06-12,US.IWM,,PUT,276.0,2026-07-17,6400,2054400.0,SELL,06-12 22:07,6.12 22:07，出现一笔卖出看跌期权交易，成交量为6400张，未平仓数为45110张，V/OI值为0.2，交易金额为2054400USD，合约行权价是276，到期日为2026/07/17
2026-06-12,US.IWM,,PUT,279.0,2026-07-17,8094,3124284.0,BUY,06-12 22:07,6.12 22:07，出现一笔买入看跌期权交易，成交量为8094张，未平仓数为2800张，V/OI值为5.9，交易金额为3124284USD，合约行权价是279，到期日为2026/07/17
2026-06-12,US.IWM,,PUT,279.0,2026-07-17,6400,2470400.0,BUY,06-12 22:07,6.12 22:07，出现一笔买入看跌期权交易，成交量为6400张，未平仓数为2800张，V/OI值为3，交易金额为2470400USD，合约行权价是279，到期日为2026/07/17
2026-06-12,US.IWM,,PUT,275.0,2026-06-18,3600,216000.0,SELL,06-12 21:59,6.12 21:59，出现一笔卖出看跌期权交易，成交量为3600张，未平仓数为104813张，V/OI值为0.1，交易金额为216000USD，合约行权价是275，到期日为2026/06/18
2026-06-12,US.IWM,,CALL,298.0,2026-06-12,9986,149849.0,SELL,06-12 21:36,6.12 21:36，出现一笔卖出看涨期权交易，成交量为9986张，未平仓数为3379张，V/OI值为3.2，交易金额为149849USD，合约行权价是298，到期日为2026/06/12
2026-06-12,US.JD,,CALL,28.0,2026-07-17,1000,157936.0,BUY,06-13 00:22,6.13 00:22，出现一笔买入看涨期权交易，成交量为1000张，未平仓数为4157张，V/OI值为0.5，交易金额为157936USD，合约行权价是28，到期日为2026/07/17
2026-06-12,US.JD,,CALL,22.0,2026-09-18,400,284000.0,SELL,06-12 22:25,6.12 22:25，出现一笔卖出看涨期权交易，成交量为400张，未平仓数为1038张，V/OI值为0.4，交易金额为284000USD，合约行权价是22，到期日为2026/09/18
2026-06-12,US.LI,,PUT,20.0,2026-06-18,700,404600.0,BUY,06-13 03:06,6.13 03:06，出现一笔买入看跌期权交易，成交量为700张，未平仓数为1387张，V/OI值为0.5，交易金额为404600USD，合约行权价是20，到期日为2026/06/18
2026-06-12,US.LI,,CALL,19.0,2026-09-18,1000,46996.0,BUY,06-12 23:09,6.12 23:09，出现一笔买入看涨期权交易，成交量为1000张，未平仓数为5891张，V/OI值为0.2，交易金额为46996USD，合约行权价是19，到期日为2026/09/18
2026-06-12,US.LITE,,PUT,835.0,2026-06-18,210,362670.0,SELL,06-13 02:32,6.13 02:32，出现一笔卖出看跌期权交易，成交量为210张，未平仓数为16张，V/OI值为14.6，交易金额为362670USD，合约行权价是835，到期日为2026/06/18
2026-06-12,US.LITE,,CALL,955.0,2026-06-18,210,644910.0,BUY,06-13 02:32,6.13 02:32，出现一笔买入看涨期权交易，成交量为210张，未平仓数为10张，V/OI值为21.6，交易金额为644910USD，合约行权价是955，到期日为2026/06/18
2026-06-12,US.LITE,,CALL,885.0,2026-06-12,210,826560.0,SELL,06-13 02:32,6.13 02:32，出现一笔卖出看涨期权交易，成交量为210张，未平仓数为288张，V/OI值为0.9，交易金额为826560USD，合约行权价是885，到期日为2026/06/12
2026-06-12,US.LITE,,PUT,800.0,2026-07-17,329,1875300.0,BUY,06-12 23:59,6.12 23:59，出现一笔买入看跌期权交易，成交量为329张，未平仓数为1394张，V/OI值为0.5，交易金额为1875300USD，合约行权价是800，到期日为2026/07/17
2026-06-12,US.LITE,,CALL,940.0,2026-07-17,200,2000000.0,BUY,06-12 23:00,6.12 23:00，出现一笔买入看涨期权交易，成交量为200张，未平仓数为307张，V/OI值为0.7，交易金额为2000000USD，合约行权价是940，到期日为2026/07/17
2026-06-12,US.LITE,,PUT,800.0,2026-07-17,339,2034000.0,BUY,06-12 22:46,6.12 22:46，出现一笔买入看跌期权交易，成交量为339张，未平仓数为1394张，V/OI值为0.3，交易金额为2034000USD，合约行权价是800，到期日为2026/07/17
2026-06-12,US.MARA,,CALL,12.5,2026-06-12,3000,465000.0,BUY,06-13 02:13,6.13 02:13，出现一笔买入看涨期权交易，成交量为3000张，未平仓数为15249张，V/OI值为0.9，交易金额为465000USD，合约行权价是12.5，到期日为2026/06/12
2026-06-12,US.MARA,,CALL,12.5,2026-06-12,10654,1651370.0,BUY,06-13 02:13,6.13 02:13，出现一笔买入看涨期权交易，成交量为10654张，未平仓数为15249张，V/OI值为0.7，交易金额为1651370USD，合约行权价是12.5，到期日为2026/06/12
2026-06-12,US.MARA,,CALL,13.0,2026-06-12,7400,769600.0,BUY,06-13 02:11,6.13 02:11，出现一笔买入看涨期权交易，成交量为7400张，未平仓数为38352张，V/OI值为0.9，交易金额为769600USD，合约行权价是13，到期日为2026/06/12
2026-06-12,US.MARA,,PUT,14.5,2026-06-12,4062,239658.0,BUY,06-13 01:50,6.13 01:50，出现一笔买入看跌期权交易，成交量为4062张，未平仓数为4674张，V/OI值为1.6，交易金额为239658USD，合约行权价是14.5，到期日为2026/06/12
2026-06-12,US.MARA,,PUT,14.0,2026-06-26,4062,369642.0,SELL,06-13 01:50,6.13 01:50，出现一笔卖出看跌期权交易，成交量为4062张，未平仓数为300张，V/OI值为15.3，交易金额为369642USD，合约行权价是14，到期日为2026/06/26
2026-06-12,US.MARA,,CALL,13.0,2026-06-12,1050,105000.0,SELL,06-13 01:27,6.13 01:27，出现一笔卖出看涨期权交易，成交量为1050张，未平仓数为38352张，V/OI值为0.7，交易金额为105000USD，合约行权价是13，到期日为2026/06/12
2026-06-12,US.MARA,,CALL,15.0,2026-07-17,1960,215600.0,BUY,06-13 00:54,6.13 00:54，出现一笔买入看涨期权交易，成交量为1960张，未平仓数为4473张，V/OI值为0.6，交易金额为215600USD，合约行权价是15，到期日为2026/07/17
2026-06-12,US.MARA,,CALL,13.0,2026-06-12,1960,207760.0,BUY,06-13 00:54,6.13 00:54，出现一笔买入看涨期权交易，成交量为1960张，未平仓数为38352张，V/OI值为0.7，交易金额为207760USD，合约行权价是13，到期日为2026/06/12
2026-06-12,US.MARA,,CALL,13.0,2026-07-17,1960,392000.0,SELL,06-13 00:39,6.13 00:39，出现一笔卖出看涨期权交易，成交量为1960张，未平仓数为4634张，V/OI值为0.4，交易金额为392000USD，合约行权价是13，到期日为2026/07/17
2026-06-12,US.MARA,,CALL,13.0,2026-06-18,1960,245000.0,SELL,06-13 00:39,6.13 00:39，出现一笔卖出看涨期权交易，成交量为1960张，未平仓数为16195张，V/OI值为0.2，交易金额为245000USD，合约行权价是13，到期日为2026/06/18
2026-06-12,US.MARA,,CALL,13.0,2026-06-12,1309,132209.0,SELL,06-13 00:35,6.13 00:35，出现一笔卖出看涨期权交易，成交量为1309张，未平仓数为38352张，V/OI值为0.6，交易金额为132209USD，合约行权价是13，到期日为2026/06/12
2026-06-12,US.MARA,,CALL,13.0,2026-06-12,3490,352490.0,SELL,06-13 00:35,6.13 00:35，出现一笔卖出看涨期权交易，成交量为3490张，未平仓数为38352张，V/OI值为0.6，交易金额为352490USD，合约行权价是13，到期日为2026/06/12
2026-06-12,US.MARA,,CALL,13.0,2026-06-12,3199,323099.0,SELL,06-13 00:35,6.13 00:35，出现一笔卖出看涨期权交易，成交量为3199张，未平仓数为38352张，V/OI值为0.5，交易金额为323099USD，合约行权价是13，到期日为2026/06/12
2026-06-12,US.MARA,,CALL,13.0,2026-06-12,3000,288000.0,BUY,06-13 00:00,6.13 00:00，出现一笔买入看涨期权交易，成交量为3000张，未平仓数为38352张，V/OI值为0.4，交易金额为288000USD，合约行权价是13，到期日为2026/06/12
2026-06-12,US.MARA,,CALL,13.0,2026-06-12,9998,959808.0,BUY,06-13 00:00,6.13 00:00，出现一笔买入看涨期权交易，成交量为9998张，未平仓数为38352张，V/OI值为0.3，交易金额为959808USD，合约行权价是13，到期日为2026/06/12
2026-06-12,US.MARA,,CALL,16.0,2026-06-18,4850,106700.0,BUY,06-12 23:19,6.12 23:19，出现一笔买入看涨期权交易，成交量为4850张，未平仓数为16648张，V/OI值为2.7，交易金额为106700USD，合约行权价是16，到期日为2026/06/18
2026-06-12,US.MARA,,CALL,15.0,2026-06-18,4850,237650.0,SELL,06-12 23:19,6.12 23:19，出现一笔卖出看涨期权交易，成交量为4850张，未平仓数为30106张，V/OI值为1.6，交易金额为237650USD，合约行权价是15，到期日为2026/06/18
2026-06-12,US.MARA,,CALL,16.0,2026-06-18,4000,88000.0,BUY,06-12 23:07,6.12 23:07，出现一笔买入看涨期权交易，成交量为4000张，未平仓数为16648张，V/OI值为2，交易金额为88000USD，合约行权价是16，到期日为2026/06/18
2026-06-12,US.MARA,,CALL,15.0,2026-06-18,2608,130400.0,SELL,06-12 23:07,6.12 23:07，出现一笔卖出看涨期权交易，成交量为2608张，未平仓数为30106张，V/OI值为1.4，交易金额为130400USD，合约行权价是15，到期日为2026/06/18
2026-06-12,US.MARA,,CALL,15.0,2026-06-18,2608,130400.0,SELL,06-12 23:07,6.12 23:07，出现一笔卖出看涨期权交易，成交量为2608张，未平仓数为30106张，V/OI值为1.3，交易金额为130400USD，合约行权价是15，到期日为2026/06/18
2026-06-12,US.MARA,,CALL,15.0,2026-06-18,4000,200000.0,SELL,06-12 23:07,6.12 23:07，出现一笔卖出看涨期权交易，成交量为4000张，未平仓数为30106张，V/OI值为1.2，交易金额为200000USD，合约行权价是15，到期日为2026/06/18
2026-06-12,US.MARA,,CALL,15.0,2026-06-18,8997,431856.0,SELL,06-12 23:03,6.12 23:03，出现一笔卖出看涨期权交易，成交量为8997张，未平仓数为30106张，V/OI值为1，交易金额为431856USD，合约行权价是15，到期日为2026/06/18
2026-06-12,US.MARA,,CALL,15.0,2026-06-18,5998,287904.0,SELL,06-12 23:03,6.12 23:03，出现一笔卖出看涨期权交易，成交量为5998张，未平仓数为30106张，V/OI值为0.7，交易金额为287904USD，合约行权价是15，到期日为2026/06/18
2026-06-12,US.MARA,,CALL,13.5,2026-06-18,7500,900000.0,BUY,06-12 22:55,6.12 22:55，出现一笔买入看涨期权交易，成交量为7500张，未平仓数为22216张，V/OI值为0.7，交易金额为900000USD，合约行权价是13.5，到期日为2026/06/18
2026-06-12,US.MARA,,CALL,13.5,2026-06-18,7500,900000.0,BUY,06-12 22:55,6.12 22:55，出现一笔买入看涨期权交易，成交量为7500张，未平仓数为22216张，V/OI值为0.4，交易金额为900000USD，合约行权价是13.5，到期日为2026/06/18
2026-06-12,US.MARA,,CALL,14.5,2026-06-18,15000,885000.0,SELL,06-12 22:55,6.12 22:55，出现一笔卖出看涨期权交易，成交量为15000张，未平仓数为17766张，V/OI值为1.7，交易金额为885000USD，合约行权价是14.5，到期日为2026/06/18
2026-06-12,US.MARA,,CALL,14.5,2026-06-18,15000,885000.0,SELL,06-12 22:55,6.12 22:55，出现一笔卖出看涨期权交易，成交量为15000张，未平仓数为17766张，V/OI值为0.9，交易金额为885000USD，合约行权价是14.5，到期日为2026/06/18
2026-06-12,US.MARA,,CALL,16.0,2026-06-18,5359,91103.0,BUY,06-12 22:54,6.12 22:54，出现一笔买入看涨期权交易，成交量为5359张，未平仓数为16648张，V/OI值为0.4，交易金额为91103USD，合约行权价是16，到期日为2026/06/18
2026-06-12,US.MARA,,CALL,15.0,2026-06-18,2184,82992.0,SELL,06-12 22:54,6.12 22:54，出现一笔卖出看涨期权交易，成交量为2184张，未平仓数为30106张，V/OI值为0.5，交易金额为82992USD，合约行权价是15，到期日为2026/06/18
2026-06-12,US.MARA,,CALL,15.0,2026-06-18,2926,111188.0,SELL,06-12 22:54,6.12 22:54，出现一笔卖出看涨期权交易，成交量为2926张，未平仓数为30106张，V/OI值为0.5，交易金额为111188USD，合约行权价是15，到期日为2026/06/18
2026-06-12,US.MARA,,CALL,15.0,2026-06-18,2927,111226.0,SELL,06-12 22:54,6.12 22:54，出现一笔卖出看涨期权交易，成交量为2927张，未平仓数为30106张，V/OI值为0.4，交易金额为111226USD，合约行权价是15，到期日为2026/06/18
2026-06-12,US.MARA,,CALL,15.0,2026-06-18,5359,203642.0,SELL,06-12 22:54,6.12 22:54，出现一笔卖出看涨期权交易，成交量为5359张，未平仓数为30106张，V/OI值为0.3，交易金额为203642USD，合约行权价是15，到期日为2026/06/18
2026-06-12,US.MARA,,CALL,12.0,2026-08-21,2499,824670.0,BUY,06-12 21:50,6.12 21:50，出现一笔买入看涨期权交易，成交量为2499张，未平仓数为7848张，V/OI值为0.3，交易金额为824670USD，合约行权价是12，到期日为2026/08/21
2026-06-12,US.META,,CALL,607.5,2026-06-26,1969,708740.0,SELL,06-13 03:59,6.13 03:59，出现一笔卖出看涨期权交易，成交量为1969张，未平仓数为34张，V/OI值为91.7，交易金额为708740USD，合约行权价是607.5，到期日为2026/06/26
2026-06-12,US.META,,CALL,5.0,2026-11-20,2175,122082750.0,BUY,06-13 03:18,6.13 03:18，出现一笔买入看涨期权交易，成交量为2175张，未平仓数为1380张，V/OI值为1.6，交易金额为122082750USD，合约行权价是5，到期日为2026/11/20
2026-06-12,US.META,,CALL,5.0,2027-03-19,1400,78575000.0,SELL,06-13 03:18,6.13 03:18，出现一笔卖出看涨期权交易，成交量为1400张，未平仓数为1336张，V/OI值为1.1，交易金额为78575000USD，合约行权价是5，到期日为2027/03/19
2026-06-12,US.META,,CALL,5.0,2026-12-18,3700,207755000.0,BUY,06-13 03:18,6.13 03:18，出现一笔买入看涨期权交易，成交量为3700张，未平仓数为3706张，V/OI值为1.1，交易金额为207755000USD，合约行权价是5，到期日为2026/12/18
2026-06-12,US.META,,PUT,480.0,2027-01-15,1000,2560006.0,SELL,06-13 00:40,6.13 00:40，出现一笔卖出看跌期权交易，成交量为1000张，未平仓数为1334张，V/OI值为0.8，交易金额为2560006USD，合约行权价是480，到期日为2027/01/15
2026-06-12,US.META,,CALL,660.0,2026-07-17,1000,360000.0,SELL,06-13 00:01,6.13 00:01，出现一笔卖出看涨期权交易，成交量为1000张，未平仓数为5920张，V/OI值为0.2，交易金额为360000USD，合约行权价是660，到期日为2026/07/17
2026-06-12,US.META,,CALL,720.0,2026-08-21,3000,2040000.0,SELL,06-12 23:50,6.12 23:50，出现一笔卖出看涨期权交易，成交量为3000张，未平仓数为15572张，V/OI值为0.3，交易金额为2040000USD，合约行权价是720，到期日为2026/08/21
2026-06-12,US.META,,CALL,570.0,2026-07-17,1531,3429446.0,SELL,06-12 22:02,6.12 22:02，出现一笔卖出看涨期权交易，成交量为1531张，未平仓数为450张，V/OI值为3.6，交易金额为3429446USD，合约行权价是570，到期日为2026/07/17
2026-06-12,US.MRNA,,CALL,48.0,2026-06-12,1272,272208.0,SELL,06-13 00:05,6.13 00:05，出现一笔卖出看涨期权交易，成交量为1272张，未平仓数为7136张，V/OI值为0.9，交易金额为272208USD，合约行权价是48，到期日为2026/06/12
2026-06-12,US.MRNA,,CALL,48.0,2026-06-12,1271,271994.0,SELL,06-13 00:05,6.13 00:05，出现一笔卖出看涨期权交易，成交量为1271张，未平仓数为7136张，V/OI值为0.7，交易金额为271994USD，合约行权价是48，到期日为2026/06/12
2026-06-12,US.MRNA,,CALL,48.0,2026-06-12,3497,1042106.0,SELL,06-12 23:43,6.12 23:43，出现一笔卖出看涨期权交易，成交量为3497张，未平仓数为7136张，V/OI值为0.5，交易金额为1042106USD，合约行权价是48，到期日为2026/06/12
2026-06-12,US.MRNA,,CALL,51.0,2026-06-12,3497,146874.0,BUY,06-12 23:43,6.12 23:43，出现一笔买入看涨期权交易，成交量为3497张，未平仓数为6977张，V/OI值为0.6，交易金额为146874USD，合约行权价是51，到期日为2026/06/12
2026-06-12,US.MRNA,,CALL,53.0,2026-06-18,1044,115884.0,SELL,06-12 23:43,6.12 23:43，出现一笔卖出看涨期权交易，成交量为1044张，未平仓数为227张，V/OI值为28.2，交易金额为115884USD，合约行权价是53，到期日为2026/06/18
2026-06-12,US.MRNA,,CALL,55.0,2026-08-21,602,352183.0,SELL,06-12 23:30,6.12 23:30，出现一笔卖出看涨期权交易，成交量为602张，未平仓数为910张，V/OI值为0.7，交易金额为352183USD，合约行权价是55，到期日为2026/08/21
2026-06-12,US.MRNA,,PUT,50.0,2026-06-18,1350,176850.0,SELL,06-12 23:19,6.12 23:19，出现一笔卖出看跌期权交易，成交量为1350张，未平仓数为8759张，V/OI值为0.2，交易金额为176850USD，合约行权价是50，到期日为2026/06/18
2026-06-12,US.MRNA,,CALL,57.0,2026-06-18,2000,88000.0,SELL,06-12 23:15,6.12 23:15，出现一笔卖出看涨期权交易，成交量为2000张，未平仓数为161张，V/OI值为25.2，交易金额为88000USD，合约行权价是57，到期日为2026/06/18
2026-06-12,US.MRNA,,CALL,57.0,2026-06-18,2000,88000.0,SELL,06-12 23:15,6.12 23:15，出现一笔卖出看涨期权交易，成交量为2000张，未平仓数为161张，V/OI值为12.7，交易金额为88000USD，合约行权价是57，到期日为2026/06/18
2026-06-12,US.MRNA,,CALL,53.0,2026-06-18,2000,254000.0,SELL,06-12 23:15,6.12 23:15，出现一笔卖出看涨期权交易，成交量为2000张，未平仓数为227张，V/OI值为19.2，交易金额为254000USD，合约行权价是53，到期日为2026/06/18
2026-06-12,US.MRNA,,CALL,53.0,2026-06-18,2000,254000.0,SELL,06-12 23:15,6.12 23:15，出现一笔卖出看涨期权交易，成交量为2000张，未平仓数为227张，V/OI值为10.4，交易金额为254000USD，合约行权价是53，到期日为2026/06/18
2026-06-12,US.MRNA,,CALL,50.0,2026-12-18,252,314244.0,BUY,06-12 22:34,6.12 22:34，出现一笔买入看涨期权交易，成交量为252张，未平仓数为1969张，V/OI值为0.1，交易金额为314244USD，合约行权价是50，到期日为2026/12/18
2026-06-12,US.MRVL,,CALL,270.0,2026-06-12,1089,1568160.0,SELL,06-13 03:37,6.13 03:37，出现一笔卖出看涨期权交易，成交量为1089张，未平仓数为4303张，V/OI值为1.8，交易金额为1568160USD，合约行权价是270，到期日为2026/06/12
2026-06-12,US.MRVL,,CALL,140.0,2028-01-21,2450,44974650.0,BUY,06-13 03:32,6.13 03:32，出现一笔买入看涨期权交易，成交量为2450张，未平仓数为958张，V/OI值为2.6，交易金额为44974650USD，合约行权价是140，到期日为2028/01/21
2026-06-12,US.MRVL,,CALL,170.0,2028-01-21,2450,41373150.0,SELL,06-13 03:32,6.13 03:32，出现一笔卖出看涨期权交易，成交量为2450张，未平仓数为64张，V/OI值为38.3，交易金额为41373150USD，合约行权价是170，到期日为2028/01/21
2026-06-12,US.MRVL,,CALL,285.0,2026-06-12,1000,364000.0,BUY,06-13 01:30,6.13 01:30，出现一笔买入看涨期权交易，成交量为1000张，未平仓数为4580张，V/OI值为2.2，交易金额为364000USD，合约行权价是285，到期日为2026/06/12
2026-06-12,US.MRVL,,PUT,160.0,2026-06-18,25500,917997.0,BUY,06-12 23:25,6.12 23:25，出现一笔买入看跌期权交易，成交量为25500张，未平仓数为5620张，V/OI值为4.5，交易金额为917997USD，合约行权价是160，到期日为2026/06/18
2026-06-12,US.MRVL,,CALL,280.0,2026-06-18,1985,3176000.0,SELL,06-12 22:26,6.12 22:26，出现一笔卖出看涨期权交易，成交量为1985张，未平仓数为5034张，V/OI值为2，交易金额为3176000USD，合约行权价是280，到期日为2026/06/18
2026-06-12,US.MRVL,,CALL,280.0,2026-06-18,1189,1902280.0,BUY,06-12 22:24,6.12 22:24，出现一笔买入看涨期权交易，成交量为1189张，未平仓数为5034张，V/OI值为1.4，交易金额为1902280USD，合约行权价是280，到期日为2026/06/18
2026-06-12,US.MRVL,,CALL,280.0,2026-06-18,1952,3279360.0,SELL,06-12 22:22,6.12 22:22，出现一笔卖出看涨期权交易，成交量为1952张，未平仓数为5034张，V/OI值为1.2，交易金额为3279360USD，合约行权价是280，到期日为2026/06/18
2026-06-12,US.MRVL,,CALL,280.0,2026-06-18,2061,3421260.0,SELL,06-12 22:16,6.12 22:16，出现一笔卖出看涨期权交易，成交量为2061张，未平仓数为5034张，V/OI值为0.8，交易金额为3421260USD，合约行权价是280，到期日为2026/06/18
2026-06-12,US.MRVL,,CALL,270.0,2026-06-12,1629,1873345.0,SELL,06-12 22:15,6.12 22:15，出现一笔卖出看涨期权交易，成交量为1629张，未平仓数为4303张，V/OI值为0.8，交易金额为1873345USD，合约行权价是270，到期日为2026/06/12
2026-06-12,US.MSFT,,PUT,455.0,2026-06-18,1200,7968000.0,SELL,06-13 03:04,6.13 03:04，出现一笔卖出看跌期权交易，成交量为1200张，未平仓数为1199张，V/OI值为1，交易金额为7968000USD，合约行权价是455，到期日为2026/06/18
2026-06-12,US.MSFT,,PUT,460.0,2026-06-18,1150,8182250.0,SELL,06-13 03:04,6.13 03:04，出现一笔卖出看跌期权交易，成交量为1150张，未平仓数为1076张，V/OI值为1.1，交易金额为8182250USD，合约行权价是460，到期日为2026/06/18
2026-06-12,US.MSFT,,PUT,420.0,2026-08-21,5000,21850000.0,BUY,06-13 01:15,6.13 01:15，出现一笔买入看跌期权交易，成交量为5000张，未平仓数为4362张，V/OI值为1.2，交易金额为21850000USD，合约行权价是420，到期日为2026/08/21
2026-06-12,US.MSFT,,CALL,430.0,2026-07-17,1049,367150.0,BUY,06-13 00:58,6.13 00:58，出现一笔买入看涨期权交易，成交量为1049张，未平仓数为8192张，V/OI值为0.3，交易金额为367150USD，合约行权价是430，到期日为2026/07/17
2026-06-12,US.MSFT,,CALL,440.0,2026-09-18,1500,1860000.0,SELL,06-13 00:22,6.13 00:22，出现一笔卖出看涨期权交易，成交量为1500张，未平仓数为8500张，V/OI值为0.3，交易金额为1860000USD，合约行权价是440，到期日为2026/09/18
2026-06-12,US.MSFT,,CALL,480.0,2026-08-21,10000,4500000.0,BUY,06-13 00:00,6.13 00:00，出现一笔买入看涨期权交易，成交量为10000张，未平仓数为15769张，V/OI值为1.3，交易金额为4500000USD，合约行权价是480，到期日为2026/08/21
2026-06-12,US.MSFT,,CALL,480.0,2026-08-21,1609,724050.0,SELL,06-12 23:59,6.12 23:59，出现一笔卖出看涨期权交易，成交量为1609张，未平仓数为15769张，V/OI值为0.7，交易金额为724050USD，合约行权价是480，到期日为2026/08/21
2026-06-12,US.MSFT,,CALL,480.0,2026-08-21,1072,480136.0,BUY,06-12 23:59,6.12 23:59，出现一笔买入看涨期权交易，成交量为1072张，未平仓数为15769张，V/OI值为0.6，交易金额为480136USD，合约行权价是480，到期日为2026/08/21
2026-06-12,US.MSFT,,CALL,480.0,2026-08-21,1345,591800.0,SELL,06-12 23:57,6.12 23:57，出现一笔卖出看涨期权交易，成交量为1345张，未平仓数为15769张，V/OI值为0.1，交易金额为591800USD，合约行权价是480，到期日为2026/08/21
2026-06-12,US.MSFT,,PUT,385.0,2026-06-12,1163,124839.0,BUY,06-12 22:55,6.12 22:55，出现一笔买入看跌期权交易，成交量为1163张，未平仓数为5490张，V/OI值为1.6，交易金额为124839USD，合约行权价是385，到期日为2026/06/12
2026-06-12,US.MSFT,,PUT,320.0,2027-01-15,1000,1305000.0,SELL,06-12 21:59,6.12 21:59，出现一笔卖出看跌期权交易，成交量为1000张，未平仓数为6359张，V/OI值为0.2，交易金额为1305000USD，合约行权价是320，到期日为2027/01/15
2026-06-12,US.MSFT,,CALL,530.0,2026-09-18,1832,520288.0,SELL,06-12 21:42,6.12 21:42，出现一笔卖出看涨期权交易，成交量为1832张，未平仓数为5637张，V/OI值为2.9，交易金额为520288USD，合约行权价是530，到期日为2026/09/18
2026-06-12,US.MSFT,,CALL,530.0,2026-09-18,14542,4129928.0,SELL,06-12 21:42,6.12 21:42，出现一笔卖出看涨期权交易，成交量为14542张，未平仓数为5637张，V/OI值为2.6，交易金额为4129928USD，合约行权价是530，到期日为2026/09/18
2026-06-12,US.MSFT,,CALL,450.0,2026-09-18,1832,1868640.0,BUY,06-12 21:42,6.12 21:42，出现一笔买入看涨期权交易，成交量为1832张，未平仓数为11615张，V/OI值为1.4，交易金额为1868640USD，合约行权价是450，到期日为2026/09/18
2026-06-12,US.MSFT,,CALL,450.0,2026-09-18,14542,14832840.0,BUY,06-12 21:42,6.12 21:42，出现一笔买入看涨期权交易，成交量为14542张，未平仓数为11615张，V/OI值为1.3，交易金额为14832840USD，合约行权价是450，到期日为2026/09/18
2026-06-12,US.MSTR,,CALL,36.0,2026-06-18,4804,42251180.0,BUY,06-13 03:59,6.13 03:59，出现一笔买入看涨期权交易，成交量为4804张，未平仓数为0张，V/OI值为0，交易金额为42251180USD，合约行权价是36，到期日为2026/06/18
2026-06-12,US.MSTR,,CALL,35.0,2026-06-12,4754,42263060.0,BUY,06-13 03:59,6.13 03:59，出现一笔买入看涨期权交易，成交量为4754张，未平仓数为4781张，V/OI值为1，交易金额为42263060USD，合约行权价是35，到期日为2026/06/12
2026-06-12,US.MSTR,,PUT,114.0,2026-06-18,1569,211815.0,BUY,06-13 03:40,6.13 03:40，出现一笔买入看跌期权交易，成交量为1569张，未平仓数为1107张，V/OI值为6.7，交易金额为211815USD，合约行权价是114，到期日为2026/06/18
2026-06-12,US.MSTR,,CALL,129.0,2026-06-18,1569,423630.0,SELL,06-13 03:40,6.13 03:40，出现一笔卖出看涨期权交易，成交量为1569张，未平仓数为6669张，V/OI值为1.7，交易金额为423630USD，合约行权价是129，到期日为2026/06/18
2026-06-12,US.MSTR,,CALL,135.0,2026-06-18,7200,950400.0,SELL,06-13 03:30,6.13 03:30，出现一笔卖出看涨期权交易，成交量为7200张，未平仓数为3216张，V/OI值为11.7，交易金额为950400USD，合约行权价是135，到期日为2026/06/18
2026-06-12,US.MSTR,,CALL,134.0,2026-06-18,7200,1080000.0,BUY,06-13 03:30,6.13 03:30，出现一笔买入看涨期权交易，成交量为7200张，未平仓数为1204张，V/OI值为9.7，交易金额为1080000USD，合约行权价是134，到期日为2026/06/18
2026-06-12,US.MSTR,,PUT,220.0,2026-06-18,1476,14331960.0,BUY,06-13 03:29,6.13 03:29，出现一笔买入看跌期权交易，成交量为1476张，未平仓数为1580张，V/OI值为3.3，交易金额为14331960USD，合约行权价是220，到期日为2026/06/18
2026-06-12,US.MSTR,,CALL,134.0,2026-06-18,1389,206961.0,SELL,06-13 03:26,6.13 03:26，出现一笔卖出看涨期权交易，成交量为1389张，未平仓数为1204张，V/OI值为3.5，交易金额为206961USD，合约行权价是134，到期日为2026/06/18
2026-06-12,US.MSTR,,CALL,127.0,2026-06-18,1389,473649.0,BUY,06-13 03:26,6.13 03:26，出现一笔买入看涨期权交易，成交量为1389张，未平仓数为5870张，V/OI值为4.3，交易金额为473649USD，合约行权价是127，到期日为2026/06/18
2026-06-12,US.MSTR,,PUT,220.0,2026-06-18,1600,15456000.0,BUY,06-13 03:04,6.13 03:04，出现一笔买入看跌期权交易，成交量为1600张，未平仓数为1580张，V/OI值为1，交易金额为15456000USD，合约行权价是220，到期日为2026/06/18
2026-06-12,US.MSTR,,CALL,135.0,2026-06-18,4400,545600.0,SELL,06-13 02:26,6.13 02:26，出现一笔卖出看涨期权交易，成交量为4400张，未平仓数为3216张，V/OI值为8.9，交易金额为545600USD，合约行权价是135，到期日为2026/06/18
2026-06-12,US.MSTR,,CALL,127.0,2026-06-18,8800,2745600.0,BUY,06-13 02:26,6.13 02:26，出现一笔买入看涨期权交易，成交量为8800张，未平仓数为5870张，V/OI值为3.6，交易金额为2745600USD，合约行权价是127，到期日为2026/06/18
2026-06-12,US.MSTR,,CALL,120.0,2026-06-18,4400,2785200.0,SELL,06-13 02:26,6.13 02:26，出现一笔卖出看涨期权交易，成交量为4400张，未平仓数为6153张，V/OI值为1，交易金额为2785200USD，合约行权价是120，到期日为2026/06/18
2026-06-12,US.MSTR,,CALL,127.0,2026-06-18,1900,583300.0,SELL,06-13 02:24,6.13 02:24，出现一笔卖出看涨期权交易，成交量为1900张，未平仓数为5870张，V/OI值为1.9，交易金额为583300USD，合约行权价是127，到期日为2026/06/18
2026-06-12,US.MSTR,,CALL,127.0,2026-06-18,3000,939000.0,BUY,06-13 01:57,6.13 01:57，出现一笔买入看涨期权交易，成交量为3000张，未平仓数为5870张，V/OI值为0.7，交易金额为939000USD，合约行权价是127，到期日为2026/06/18
2026-06-12,US.MSTR,,CALL,128.0,2026-06-18,7500,2542500.0,BUY,06-13 01:19,6.13 01:19，出现一笔买入看涨期权交易，成交量为7500张，未平仓数为5528张，V/OI值为2，交易金额为2542500USD，合约行权价是128，到期日为2026/06/18
2026-06-12,US.MSTR,,CALL,135.0,2026-06-18,7500,1207500.0,SELL,06-13 01:19,6.13 01:19，出现一笔卖出看涨期权交易，成交量为7500张，未平仓数为3216张，V/OI值为4.2，交易金额为1207500USD，合约行权价是135，到期日为2026/06/18
2026-06-12,US.MSTR,,CALL,125.0,2026-06-12,7500,442500.0,SELL,06-13 01:18,6.13 01:18，出现一笔卖出看涨期权交易，成交量为7500张，未平仓数为19218张，V/OI值为1.6，交易金额为442500USD，合约行权价是125，到期日为2026/06/12
2026-06-12,US.MSTR,,CALL,124.0,2026-06-12,2500,477500.0,SELL,06-13 00:58,6.13 00:58，出现一笔卖出看涨期权交易，成交量为2500张，未平仓数为5731张，V/OI值为1.4，交易金额为477500USD，合约行权价是124，到期日为2026/06/12
2026-06-12,US.MSTR,,CALL,129.0,2026-06-18,2500,890000.0,BUY,06-13 00:58,6.13 00:58，出现一笔买入看涨期权交易，成交量为2500张，未平仓数为6669张，V/OI值为1.3，交易金额为890000USD，合约行权价是129，到期日为2026/06/18
2026-06-12,US.MSTR,,CALL,136.0,2026-06-18,2500,422500.0,SELL,06-13 00:58,6.13 00:58，出现一笔卖出看涨期权交易，成交量为2500张，未平仓数为659张，V/OI值为8.8，交易金额为422500USD，合约行权价是136，到期日为2026/06/18
2026-06-12,US.MSTR,,CALL,126.0,2026-06-12,2749,125612.0,SELL,06-13 00:20,6.13 00:20，出现一笔卖出看涨期权交易，成交量为2749张，未平仓数为9257张，V/OI值为2.3，交易金额为125612USD，合约行权价是126，到期日为2026/06/12
2026-06-12,US.MSTR,,CALL,139.0,2026-06-18,2498,494604.0,BUY,06-12 23:18,6.12 23:18，出现一笔买入看涨期权交易，成交量为2498张，未平仓数为1243张，V/OI值为8.5，交易金额为494604USD，合约行权价是139，到期日为2026/06/18
2026-06-12,US.MSTR,,CALL,132.0,2026-06-18,2498,934252.0,SELL,06-12 23:18,6.12 23:18，出现一笔卖出看涨期权交易，成交量为2498张，未平仓数为3355张，V/OI值为3.3，交易金额为934252USD，合约行权价是132，到期日为2026/06/18
2026-06-12,US.MSTR,,CALL,139.0,2026-06-18,3998,871564.0,BUY,06-12 23:14,6.12 23:14，出现一笔买入看涨期权交易，成交量为3998张，未平仓数为1243张，V/OI值为6.5，交易金额为871564USD，合约行权价是139，到期日为2026/06/18
2026-06-12,US.MSTR,,CALL,132.0,2026-06-18,3998,1627186.0,SELL,06-12 23:14,6.12 23:14，出现一笔卖出看涨期权交易，成交量为3998张，未平仓数为3355张，V/OI值为2.5，交易金额为1627186USD，合约行权价是132，到期日为2026/06/18
2026-06-12,US.MSTR,,CALL,121.0,2026-06-12,1999,1513243.0,BUY,06-12 23:13,6.12 23:13，出现一笔买入看涨期权交易，成交量为1999张，未平仓数为8651张，V/OI值为1.2，交易金额为1513243USD，合约行权价是121，到期日为2026/06/12
2026-06-12,US.MSTR,,CALL,121.0,2026-06-12,1999,1513243.0,BUY,06-12 23:13,6.12 23:13，出现一笔买入看涨期权交易，成交量为1999张，未平仓数为8651张，V/OI值为1，交易金额为1513243USD，合约行权价是121，到期日为2026/06/12
2026-06-12,US.MSTR,,CALL,128.0,2026-06-12,1999,389805.0,SELL,06-12 23:13,6.12 23:13，出现一笔卖出看涨期权交易，成交量为1999张，未平仓数为10726张，V/OI值为1.1，交易金额为389805USD，合约行权价是128，到期日为2026/06/12
2026-06-12,US.MSTR,,CALL,128.0,2026-06-12,1999,389805.0,SELL,06-12 23:13,6.12 23:13，出现一笔卖出看涨期权交易，成交量为1999张，未平仓数为10726张，V/OI值为1，交易金额为389805USD，合约行权价是128，到期日为2026/06/12
2026-06-12,US.MSTR,,CALL,139.0,2026-06-18,2025,384750.0,BUY,06-12 23:04,6.12 23:04，出现一笔买入看涨期权交易，成交量为2025张，未平仓数为1243张，V/OI值为3.3，交易金额为384750USD，合约行权价是139，到期日为2026/06/18
2026-06-12,US.MSTR,,CALL,139.0,2026-06-18,2025,384750.0,BUY,06-12 23:04,6.12 23:04，出现一笔买入看涨期权交易，成交量为2025张，未平仓数为1243张，V/OI值为1.7，交易金额为384750USD，合约行权价是139，到期日为2026/06/18
2026-06-12,US.MSTR,,CALL,121.0,2026-06-12,2025,1208925.0,BUY,06-12 23:04,6.12 23:04，出现一笔买入看涨期权交易，成交量为2025张，未平仓数为8651张，V/OI值为0.8，交易金额为1208925USD，合约行权价是121，到期日为2026/06/12
2026-06-12,US.MSTR,,CALL,121.0,2026-06-12,2025,1208925.0,BUY,06-12 23:04,6.12 23:04，出现一笔买入看涨期权交易，成交量为2025张，未平仓数为8651张，V/OI值为0.5，交易金额为1208925USD，合约行权价是121，到期日为2026/06/12
2026-06-12,US.MSTR,,CALL,128.0,2026-06-12,2025,245025.0,SELL,06-12 23:04,6.12 23:04，出现一笔卖出看涨期权交易，成交量为2025张，未平仓数为10726张，V/OI值为0.7，交易金额为245025USD，合约行权价是128，到期日为2026/06/12
2026-06-12,US.MSTR,,CALL,128.0,2026-06-12,2025,245025.0,SELL,06-12 23:04,6.12 23:04，出现一笔卖出看涨期权交易，成交量为2025张，未平仓数为10726张，V/OI值为0.5，交易金额为245025USD，合约行权价是128，到期日为2026/06/12
2026-06-12,US.MSTR,,CALL,160.0,2026-06-26,1345,138148.0,BUY,06-12 22:55,6.12 22:55，出现一笔买入看涨期权交易，成交量为1345张，未平仓数为1074张，V/OI值为6.5，交易金额为138148USD，合约行权价是160，到期日为2026/06/26
2026-06-12,US.MSTR,,CALL,129.0,2026-06-18,2500,842500.0,SELL,06-12 22:50,6.12 22:50，出现一笔卖出看涨期权交易，成交量为2500张，未平仓数为6669张，V/OI值为0.9，交易金额为842500USD，合约行权价是129，到期日为2026/06/18
2026-06-12,US.MSTR,,CALL,136.0,2026-06-18,2500,427500.0,BUY,06-12 22:50,6.12 22:50，出现一笔买入看涨期权交易，成交量为2500张，未平仓数为659张，V/OI值为4.2，交易金额为427500USD，合约行权价是136，到期日为2026/06/18
2026-06-12,US.MSTR,,CALL,122.0,2026-06-18,2860,915200.0,SELL,06-12 21:47,6.12 21:47，出现一笔卖出看涨期权交易，成交量为2860张，未平仓数为9768张，V/OI值为0.3，交易金额为915200USD，合约行权价是122，到期日为2026/06/18
2026-06-12,US.MSTR,,CALL,129.0,2026-06-18,2860,414700.0,SELL,06-12 21:47,6.12 21:47，出现一笔卖出看涨期权交易，成交量为2860张，未平仓数为6669张，V/OI值为0.5，交易金额为414700USD，合约行权价是129，到期日为2026/06/18
2026-06-12,US.MSTR,,PUT,114.0,2026-06-12,7524,338580.0,SELL,06-12 21:40,6.12 21:40，出现一笔卖出看跌期权交易，成交量为7524张，未平仓数为1069张，V/OI值为7.1，交易金额为338580USD，合约行权价是114，到期日为2026/06/12
2026-06-12,US.MSTR,,CALL,126.0,2026-06-12,4136,95128.0,SELL,06-12 21:36,6.12 21:36，出现一笔卖出看涨期权交易，成交量为4136张，未平仓数为9257张，V/OI值为0.5，交易金额为95128USD，合约行权价是126，到期日为2026/06/12
2026-06-12,US.NBIS,,CALL,220.0,2026-06-18,1000,2409000.0,BUY,06-12 23:36,6.12 23:36，出现一笔买入看涨期权交易，成交量为1000张，未平仓数为2721张，V/OI值为1.9，交易金额为2409000USD，合约行权价是220，到期日为2026/06/18
2026-06-12,US.NBIS,,CALL,240.0,2026-06-26,1000,1879000.0,SELL,06-12 23:36,6.12 23:36，出现一笔卖出看涨期权交易，成交量为1000张，未平仓数为590张，V/OI值为4.8，交易金额为1879000USD，合约行权价是240，到期日为2026/06/26
2026-06-12,US.NET,,CALL,230.0,2026-07-10,230,338100.0,SELL,06-13 02:15,6.13 02:15，出现一笔卖出看涨期权交易，成交量为230张，未平仓数为13张，V/OI值为17.9，交易金额为338100USD，合约行权价是230，到期日为2026/07/10
2026-06-12,US.NET,,PUT,230.0,2026-07-10,164,250920.0,SELL,06-13 02:08,6.13 02:08，出现一笔卖出看跌期权交易，成交量为164张，未平仓数为27张，V/OI值为6.1，交易金额为250920USD，合约行权价是230，到期日为2026/07/10
2026-06-12,US.NET,,CALL,260.0,2026-07-17,342,210341.0,SELL,06-13 01:50,6.13 01:50，出现一笔卖出看涨期权交易，成交量为342张，未平仓数为4433张，V/OI值为0.1，交易金额为210341USD，合约行权价是260，到期日为2026/07/17
2026-06-12,US.NET,,CALL,270.0,2026-09-18,253,474881.0,BUY,06-12 21:55,6.12 21:55，出现一笔买入看涨期权交易，成交量为253张，未平仓数为387张，V/OI值为0.8，交易金额为474881USD，合约行权价是270，到期日为2026/09/18
2026-06-12,US.NOK,,PUT,13.0,2026-07-17,3220,202860.0,BUY,06-13 02:55,6.13 02:55，出现一笔买入看跌期权交易，成交量为3220张，未平仓数为8527张，V/OI值为1.9，交易金额为202860USD，合约行权价是13，到期日为2026/07/17
2026-06-12,US.NOK,,PUT,14.0,2026-06-26,17528,875523.0,BUY,06-13 01:43,6.13 01:43，出现一笔买入看跌期权交易，成交量为17528张，未平仓数为1750张，V/OI值为10.3，交易金额为875523USD，合约行权价是14，到期日为2026/06/26
2026-06-12,US.NOK,,PUT,16.0,2027-01-15,2119,889871.0,BUY,06-12 23:39,6.12 23:39，出现一笔买入看跌期权交易，成交量为2119张，未平仓数为1215张，V/OI值为1.7，交易金额为889871USD，合约行权价是16，到期日为2027/01/15
2026-06-12,US.NOK,,PUT,11.0,2027-01-15,2500,340000.0,SELL,06-12 23:26,6.12 23:26，出现一笔卖出看跌期权交易，成交量为2500张，未平仓数为27865张，V/OI值为0.1，交易金额为340000USD，合约行权价是11，到期日为2027/01/15
2026-06-12,US.NOK,,CALL,15.5,2026-06-18,4999,199960.0,BUY,06-12 22:43,6.12 22:43，出现一笔买入看涨期权交易，成交量为4999张，未平仓数为12117张，V/OI值为0.8，交易金额为199960USD，合约行权价是15.5，到期日为2026/06/18
2026-06-12,US.NOK,,PUT,14.0,2026-07-17,2000,205998.0,BUY,06-12 22:24,6.12 22:24，出现一笔买入看跌期权交易，成交量为2000张，未平仓数为21883张，V/OI值为0.1，交易金额为205998USD，合约行权价是14，到期日为2026/07/17
2026-06-12,US.NOK,,PUT,12.0,2026-07-17,14507,493238.0,BUY,06-12 21:57,6.12 21:57，出现一笔买入看跌期权交易，成交量为14507张，未平仓数为26605张，V/OI值为0.6，交易金额为493238USD，合约行权价是12，到期日为2026/07/17
2026-06-12,US.NOK,,CALL,16.0,2026-06-18,7695,184746.0,SELL,06-12 21:57,6.12 21:57，出现一笔卖出看涨期权交易，成交量为7695张，未平仓数为49566张，V/OI值为0.2，交易金额为184746USD，合约行权价是16，到期日为2026/06/18
2026-06-12,US.NOK,,PUT,13.5,2026-06-18,15496,325416.0,BUY,06-12 21:38,6.12 21:38，出现一笔买入看跌期权交易，成交量为15496张，未平仓数为19302张，V/OI值为0.8，交易金额为325416USD，合约行权价是13.5，到期日为2026/06/18
2026-06-12,US.NOW,,CALL,160.0,2026-09-18,1151,254120.0,SELL,06-13 00:10,6.13 00:10，出现一笔卖出看涨期权交易，成交量为1151张，未平仓数为4048张，V/OI值为0.3，交易金额为254120USD，合约行权价是160，到期日为2026/09/18
2026-06-12,US.NOW,,PUT,100.0,2026-06-18,2000,543976.0,BUY,06-12 23:38,6.12 23:38，出现一笔买入看跌期权交易，成交量为2000张，未平仓数为6413张，V/OI值为0.4，交易金额为543976USD，合约行权价是100，到期日为2026/06/18
2026-06-12,US.NOW,,PUT,110.0,2027-03-19,2000,5160000.0,SELL,06-12 23:33,6.12 23:33，出现一笔卖出看跌期权交易，成交量为2000张，未平仓数为1209张，V/OI值为1.7，交易金额为5160000USD，合约行权价是110，到期日为2027/03/19
2026-06-12,US.NOW,,PUT,95.0,2026-06-18,3000,510000.0,BUY,06-12 21:38,6.12 21:38，出现一笔买入看跌期权交易，成交量为3000张，未平仓数为5681张，V/OI值为0.6，交易金额为510000USD，合约行权价是95，到期日为2026/06/18
2026-06-12,US.NVDA,,CALL,220.0,2026-06-18,2859,88629.0,BUY,06-13 03:36,6.13 03:36，出现一笔买入看涨期权交易，成交量为2859张，未平仓数为67437张，V/OI值为0.4，交易金额为88629USD，合约行权价是220，到期日为2026/06/18
2026-06-12,US.NVDA,,PUT,192.5,2026-06-18,3000,189000.0,SELL,06-13 02:48,6.13 02:48，出现一笔卖出看跌期权交易，成交量为3000张，未平仓数为2115张，V/OI值为2，交易金额为189000USD，合约行权价是192.5，到期日为2026/06/18
2026-06-12,US.NVDA,,CALL,220.0,2026-06-18,3000,108000.0,BUY,06-13 02:17,6.13 02:17，出现一笔买入看涨期权交易，成交量为3000张，未平仓数为67437张，V/OI值为0.2，交易金额为108000USD，合约行权价是220，到期日为2026/06/18
2026-06-12,US.NVDA,,PUT,190.0,2026-06-18,4762,223814.0,SELL,06-13 02:06,6.13 02:06，出现一笔卖出看跌期权交易，成交量为4762张，未平仓数为36470张，V/OI值为0.2，交易金额为223814USD，合约行权价是190，到期日为2026/06/18
2026-06-12,US.NVDA,,PUT,190.0,2026-06-17,3812,95300.0,SELL,06-12 23:33,6.12 23:33，出现一笔卖出看跌期权交易，成交量为3812张，未平仓数为3868张，V/OI值为1.2，交易金额为95300USD，合约行权价是190，到期日为2026/06/17
2026-06-12,US.NVDA,,CALL,217.5,2026-06-18,4102,393792.0,BUY,06-12 23:22,6.12 23:22，出现一笔买入看涨期权交易，成交量为4102张，未平仓数为7697张，V/OI值为2.3，交易金额为393792USD，合约行权价是217.5，到期日为2026/06/18
2026-06-12,US.NVDA,,CALL,210.0,2026-06-18,4102,1156764.0,SELL,06-12 23:22,6.12 23:22，出现一笔卖出看涨期权交易，成交量为4102张，未平仓数为81973张，V/OI值为0.3，交易金额为1156764USD，合约行权价是210，到期日为2026/06/18
2026-06-12,US.NVDA,,PUT,190.0,2026-06-22,2961,245763.0,BUY,06-12 22:44,6.12 22:44，出现一笔买入看跌期权交易，成交量为2961张，未平仓数为1150张，V/OI值为4.4，交易金额为245763USD，合约行权价是190，到期日为2026/06/22
2026-06-12,US.NVDA,,CALL,210.0,2026-06-18,5000,1315000.0,SELL,06-12 21:41,6.12 21:41，出现一笔卖出看涨期权交易，成交量为5000张，未平仓数为81973张，V/OI值为0.1，交易金额为1315000USD，合约行权价是210，到期日为2026/06/18
2026-06-12,US.NVDA,,CALL,217.5,2026-06-18,5000,475000.0,BUY,06-12 21:41,6.12 21:41，出现一笔买入看涨期权交易，成交量为5000张，未平仓数为7697张，V/OI值为0.7，交易金额为475000USD，合约行权价是217.5，到期日为2026/06/18
2026-06-12,US.OKLO,,PUT,35.0,2026-06-26,11000,110000.0,BUY,06-12 22:57,6.12 22:57，出现一笔买入看跌期权交易，成交量为11000张，未平仓数为21张，V/OI值为523.8，交易金额为110000USD，合约行权价是35，到期日为2026/06/26
2026-06-12,US.OKLO,,PUT,65.0,2026-06-12,281,232668.0,BUY,06-12 21:41,6.12 21:41，出现一笔买入看跌期权交易，成交量为281张，未平仓数为976张，V/OI值为0.3，交易金额为232668USD，合约行权价是65，到期日为2026/06/12
2026-06-12,US.OKLO,,PUT,65.0,2026-06-18,281,235478.0,SELL,06-12 21:41,6.12 21:41，出现一笔卖出看跌期权交易，成交量为281张，未平仓数为2566张，V/OI值为0.1，交易金额为235478USD，合约行权价是65，到期日为2026/06/18
2026-06-12,US.ORCL,,PUT,135.0,2026-07-24,1000,115000.0,BUY,06-13 01:28,6.13 01:28，出现一笔买入看跌期权交易，成交量为1000张，未平仓数为1020张，V/OI值为1，交易金额为115000USD，合约行权价是135，到期日为2026/07/24
2026-06-12,US.ORCL,,CALL,200.0,2026-12-18,1000,2632000.0,BUY,06-13 00:52,6.13 00:52，出现一笔买入看涨期权交易，成交量为1000张，未平仓数为3101张，V/OI值为0.3，交易金额为2632000USD，合约行权价是200，到期日为2026/12/18
2026-06-12,US.ORCL,,PUT,160.0,2026-12-18,2000,3740000.0,BUY,06-13 00:52,6.13 00:52，出现一笔买入看跌期权交易，成交量为2000张，未平仓数为2578张，V/OI值为0.8，交易金额为3740000USD，合约行权价是160，到期日为2026/12/18
2026-06-12,US.ORCL,,PUT,230.0,2027-06-17,1500,10732500.0,SELL,06-13 00:04,6.13 00:04，出现一笔卖出看跌期权交易，成交量为1500张，未平仓数为2086张，V/OI值为0.7，交易金额为10732500USD，合约行权价是230，到期日为2027/06/17
2026-06-12,US.ORCL,,CALL,300.0,2026-07-17,3982,131406.0,BUY,06-12 21:53,6.12 21:53，出现一笔买入看涨期权交易，成交量为3982张，未平仓数为16289张，V/OI值为0.3，交易金额为131406USD，合约行权价是300，到期日为2026/07/17
2026-06-12,US.ORCL,,PUT,190.0,2026-06-18,1000,1040844.0,SELL,06-12 21:38,6.12 21:38，出现一笔卖出看跌期权交易，成交量为1000张，未平仓数为17220张，V/OI值为0.1，交易金额为1040844USD，合约行权价是190，到期日为2026/06/18
2026-06-12,US.PANW,,PUT,230.0,2026-09-18,546,502334.0,SELL,06-12 22:38,6.12 22:38，出现一笔卖出看跌期权交易，成交量为546张，未平仓数为620张，V/OI值为0.9，交易金额为502334USD，合约行权价是230，到期日为2026/09/18
2026-06-12,US.PDD,,PUT,110.0,2026-06-18,1100,3146000.0,BUY,06-13 03:32,6.13 03:32，出现一笔买入看跌期权交易，成交量为1100张，未平仓数为739张，V/OI值为1.5，交易金额为3146000USD，合约行权价是110，到期日为2026/06/18
2026-06-12,US.PDD,,PUT,100.0,2026-06-18,3500,6580000.0,BUY,06-13 03:32,6.13 03:32，出现一笔买入看跌期权交易，成交量为3500张，未平仓数为3263张，V/OI值为1.1，交易金额为6580000USD，合约行权价是100，到期日为2026/06/18
2026-06-12,US.PDD,,PUT,115.0,2026-06-18,5180,17534300.0,SELL,06-13 03:32,6.13 03:32，出现一笔卖出看跌期权交易，成交量为5180张，未平仓数为3914张，V/OI值为1.3，交易金额为17534300USD，合约行权价是115，到期日为2026/06/18
2026-06-12,US.PDD,,PUT,105.0,2026-06-18,1000,2445000.0,BUY,06-13 03:32,6.13 03:32，出现一笔买入看跌期权交易，成交量为1000张，未平仓数为679张，V/OI值为1.5，交易金额为2445000USD，合约行权价是105，到期日为2026/06/18
2026-06-12,US.PDD,,PUT,130.0,2026-06-18,1710,8284950.0,SELL,06-13 03:32,6.13 03:32，出现一笔卖出看跌期权交易，成交量为1710张，未平仓数为1533张，V/OI值为1.1，交易金额为8284950USD，合约行权价是130，到期日为2026/06/18
2026-06-12,US.PDD,,CALL,95.0,2027-01-15,1007,630232.0,SELL,06-12 22:21,6.12 22:21，出现一笔卖出看涨期权交易，成交量为1007张，未平仓数为885张，V/OI值为1.1，交易金额为630232USD，合约行权价是95，到期日为2027/01/15
2026-06-12,US.PDD,,PUT,75.0,2026-08-21,1103,297810.0,BUY,06-12 21:53,6.12 21:53，出现一笔买入看跌期权交易，成交量为1103张，未平仓数为2828张，V/OI值为0.4，交易金额为297810USD，合约行权价是75，到期日为2026/08/21
2026-06-12,US.PDD,,PUT,80.0,2027-01-15,1000,850000.0,SELL,06-12 21:46,6.12 21:46，出现一笔卖出看跌期权交易，成交量为1000张，未平仓数为5178张，V/OI值为0.4，交易金额为850000USD，合约行权价是80，到期日为2027/01/15
2026-06-12,US.PDD,,PUT,80.0,2027-01-15,961,788020.0,SELL,06-12 21:45,6.12 21:45，出现一笔卖出看跌期权交易，成交量为961张，未平仓数为5178张，V/OI值为0.2，交易金额为788020USD，合约行权价是80，到期日为2027/01/15
2026-06-12,US.PDD,,PUT,125.0,2028-01-21,250,1143250.0,BUY,06-12 21:41,6.12 21:41，出现一笔买入看跌期权交易，成交量为250张，未平仓数为68张，V/OI值为3.7，交易金额为1143250USD，合约行权价是125，到期日为2028/01/21
2026-06-12,US.PLTR,,CALL,140.0,2026-06-18,4148,141036.0,SELL,06-13 03:58,6.13 03:58，出现一笔卖出看涨期权交易，成交量为4148张，未平仓数为16719张，V/OI值为0.8，交易金额为141036USD，合约行权价是140，到期日为2026/06/18
2026-06-12,US.PLTR,,CALL,165.0,2026-07-17,1127,81144.0,SELL,06-13 00:08,6.13 00:08，出现一笔卖出看涨期权交易，成交量为1127张，未平仓数为4748张，V/OI值为0.3，交易金额为81144USD，合约行权价是165，到期日为2026/07/17
2026-06-12,US.PLTR,,CALL,133.0,2026-06-18,1214,170878.0,BUY,06-12 23:56,6.12 23:56，出现一笔买入看涨期权交易，成交量为1214张，未平仓数为8372张，V/OI值为0.4，交易金额为170878USD，合约行权价是133，到期日为2026/06/18
2026-06-12,US.PLTR,,PUT,128.0,2026-06-12,5915,414539.0,SELL,06-12 23:48,6.12 23:48，出现一笔卖出看跌期权交易，成交量为5915张，未平仓数为5211张，V/OI值为3.4，交易金额为414539USD，合约行权价是128，到期日为2026/06/12
2026-06-12,US.PLTR,,PUT,110.0,2026-10-16,1600,1190400.0,BUY,06-12 22:40,6.12 22:40，出现一笔买入看跌期权交易，成交量为1600张，未平仓数为7158张，V/OI值为0.2，交易金额为1190400USD，合约行权价是110，到期日为2026/10/16
2026-06-12,US.PLTR,,PUT,124.0,2026-06-18,2096,406624.0,SELL,06-12 21:50,6.12 21:50，出现一笔卖出看跌期权交易，成交量为2096张，未平仓数为1119张，V/OI值为2，交易金额为406624USD，合约行权价是124，到期日为2026/06/18
2026-06-12,US.PLTR,,CALL,134.0,2026-06-18,2096,301824.0,BUY,06-12 21:50,6.12 21:50，出现一笔买入看涨期权交易，成交量为2096张，未平仓数为6282张，V/OI值为0.4，交易金额为301824USD，合约行权价是134，到期日为2026/06/18
2026-06-12,US.QCOM,,CALL,220.0,2026-07-17,1000,1800000.0,BUY,06-13 03:14,6.13 03:14，出现一笔买入看涨期权交易，成交量为1000张，未平仓数为3330张，V/OI值为0.5，交易金额为1800000USD，合约行权价是220，到期日为2026/07/17
2026-06-12,US.QCOM,,CALL,207.5,2026-06-12,1538,839748.0,SELL,06-12 23:05,6.12 23:05，出现一笔卖出看涨期权交易，成交量为1538张，未平仓数为2359张，V/OI值为1，交易金额为839748USD，合约行权价是207.5，到期日为2026/06/12
2026-06-12,US.QCOM,,CALL,205.0,2026-06-12,1538,1173494.0,BUY,06-12 23:05,6.12 23:05，出现一笔买入看涨期权交易，成交量为1538张，未平仓数为2448张，V/OI值为1，交易金额为1173494USD，合约行权价是205，到期日为2026/06/12
2026-06-12,US.QCOM,,CALL,220.0,2026-06-18,1538,941256.0,BUY,06-12 23:05,6.12 23:05，出现一笔买入看涨期权交易，成交量为1538张，未平仓数为10708张，V/OI值为0.2，交易金额为941256USD，合约行权价是220，到期日为2026/06/18
2026-06-12,US.QQQ,,CALL,740.0,2026-06-18,7500,2085000.0,BUY,06-13 02:29,6.13 02:29，出现一笔买入看涨期权交易，成交量为7500张，未平仓数为40294张，V/OI值为0.7，交易金额为2085000USD，合约行权价是740，到期日为2026/06/18
2026-06-12,US.QQQ,,CALL,865.0,2027-06-17,27500,85002500.0,SELL,06-13 00:24,6.13 00:24，出现一笔卖出看涨期权交易，成交量为27500张，未平仓数为1542张，V/OI值为18.6，交易金额为85002500USD，合约行权价是865，到期日为2027/06/17
2026-06-12,US.QQQ,,CALL,800.0,2026-12-18,27500,72077500.0,BUY,06-13 00:24,6.13 00:24，出现一笔买入看涨期权交易，成交量为27500张，未平仓数为14833张，V/OI值为1.9，交易金额为72077500USD，合约行权价是800，到期日为2026/12/18
2026-06-12,US.QQQ,,PUT,680.0,2026-07-17,6850,6993850.0,BUY,06-13 00:13,6.13 00:13，出现一笔买入看跌期权交易，成交量为6850张，未平仓数为13636张，V/OI值为0.6，交易金额为6993850USD，合约行权价是680，到期日为2026/07/17
2026-06-12,US.QQQ,,CALL,760.0,2026-07-17,6850,5480000.0,SELL,06-13 00:13,6.13 00:13，出现一笔卖出看涨期权交易，成交量为6850张，未平仓数为11852张，V/OI值为0.6，交易金额为5480000USD，合约行权价是760，到期日为2026/07/17
2026-06-12,US.QQQ,,PUT,705.0,2026-06-18,3000,2028000.0,BUY,06-12 23:56,6.12 23:56，出现一笔买入看跌期权交易，成交量为3000张，未平仓数为27110张，V/OI值为0.2，交易金额为2028000USD，合约行权价是705，到期日为2026/06/18
2026-06-12,US.QQQ,,PUT,702.0,2026-06-15,3692,804856.0,BUY,06-12 23:49,6.12 23:49，出现一笔买入看跌期权交易，成交量为3692张，未平仓数为996张，V/OI值为12.3，交易金额为804856USD，合约行权价是702，到期日为2026/06/15
2026-06-12,US.QQQ,,PUT,695.0,2026-06-18,5000,2020000.0,BUY,06-12 23:47,6.12 23:47，出现一笔买入看跌期权交易，成交量为5000张，未平仓数为45375张，V/OI值为0.2，交易金额为2020000USD，合约行权价是695，到期日为2026/06/18
2026-06-12,US.QQQ,,PUT,720.0,2026-06-15,3000,1578000.0,BUY,06-12 23:19,6.12 23:19，出现一笔买入看跌期权交易，成交量为3000张，未平仓数为708张，V/OI值为11.6，交易金额为1578000USD，合约行权价是720，到期日为2026/06/15
2026-06-12,US.QQQ,,CALL,741.0,2026-06-17,3000,852000.0,SELL,06-12 23:19,6.12 23:19，出现一笔卖出看涨期权交易，成交量为3000张，未平仓数为473张，V/OI值为6.5，交易金额为852000USD，合约行权价是741，到期日为2026/06/17
2026-06-12,US.QQQ,,PUT,440.0,2026-06-18,28000,84000.0,BUY,06-12 23:15,6.12 23:15，出现一笔买入看跌期权交易，成交量为28000张，未平仓数为11820张，V/OI值为2.4，交易金额为84000USD，合约行权价是440，到期日为2026/06/18
2026-06-12,US.QQQ,,CALL,1040.0,2026-12-18,5000,670000.0,SELL,06-12 22:15,6.12 22:15，出现一笔卖出看涨期权交易，成交量为5000张，未平仓数为61张，V/OI值为82，交易金额为670000USD，合约行权价是1040，到期日为2026/12/18
2026-06-12,US.QQQ,,CALL,970.0,2026-12-18,5000,1435000.0,BUY,06-12 22:15,6.12 22:15，出现一笔买入看涨期权交易，成交量为5000张，未平仓数为10957张，V/OI值为0.5，交易金额为1435000USD，合约行权价是970，到期日为2026/12/18
2026-06-12,US.QQQ,,CALL,740.0,2026-06-17,7000,1771000.0,BUY,06-12 22:09,6.12 22:09，出现一笔买入看涨期权交易，成交量为7000张，未平仓数为8226张，V/OI值为0.9，交易金额为1771000USD，合约行权价是740，到期日为2026/06/17
2026-06-12,US.QQQ,,CALL,740.0,2026-06-18,7000,2485000.0,SELL,06-12 22:09,6.12 22:09，出现一笔卖出看涨期权交易，成交量为7000张，未平仓数为40294张，V/OI值为0.2，交易金额为2485000USD，合约行权价是740，到期日为2026/06/18
2026-06-12,US.RBRK,,CALL,70.0,2026-09-18,200,210000.0,SELL,06-12 21:37,6.12 21:37，出现一笔卖出看涨期权交易，成交量为200张，未平仓数为1393张，V/OI值为0.1，交易金额为210000USD，合约行权价是70，到期日为2026/09/18
2026-06-12,US.RDDT,,CALL,175.0,2026-07-17,255,215456.0,BUY,06-13 03:11,6.13 03:11，出现一笔买入看涨期权交易，成交量为255张，未平仓数为2868张，V/OI值为0.1，交易金额为215456USD，合约行权价是175，到期日为2026/07/17
2026-06-12,US.RDDT,,PUT,160.0,2026-07-17,278,311370.0,SELL,06-13 02:16,6.13 02:16，出现一笔卖出看跌期权交易，成交量为278张，未平仓数为198张，V/OI值为1.9，交易金额为311370USD，合约行权价是160，到期日为2026/07/17
2026-06-12,US.RDDT,,CALL,200.0,2026-08-21,200,213000.0,BUY,06-13 00:56,6.13 00:56，出现一笔买入看涨期权交易，成交量为200张，未平仓数为516张，V/OI值为0.7，交易金额为213000USD，合约行权价是200，到期日为2026/08/21
2026-06-12,US.RDDT,,CALL,160.0,2026-06-26,364,334879.0,BUY,06-12 23:41,6.12 23:41，出现一笔买入看涨期权交易，成交量为364张，未平仓数为106张，V/OI值为3.6，交易金额为334879USD，合约行权价是160，到期日为2026/06/26
2026-06-12,US.RDDT,,PUT,157.5,2026-06-12,1448,105704.0,BUY,06-12 21:56,6.12 21:56，出现一笔买入看跌期权交易，成交量为1448张，未平仓数为2161张，V/OI值为1，交易金额为105704USD，合约行权价是157.5，到期日为2026/06/12
2026-06-12,US.RDDT,,PUT,150.0,2026-06-18,1448,306976.0,BUY,06-12 21:56,6.12 21:56，出现一笔买入看跌期权交易，成交量为1448张，未平仓数为792张，V/OI值为2.4，交易金额为306976USD，合约行权价是150，到期日为2026/06/18
2026-06-12,US.RDDT,,CALL,167.5,2026-06-18,1448,666080.0,SELL,06-12 21:56,6.12 21:56，出现一笔卖出看涨期权交易，成交量为1448张，未平仓数为126张，V/OI值为14.9，交易金额为666080USD，合约行权价是167.5，到期日为2026/06/18
2026-06-12,US.SAP,,CALL,162.5,2026-06-26,2076,1349400.0,SELL,06-13 03:23,6.13 03:23，出现一笔卖出看涨期权交易，成交量为2076张，未平仓数为2张，V/OI值为1039，交易金额为1349400USD，合约行权价是162.5，到期日为2026/06/26
2026-06-12,US.SAP,,PUT,160.0,2026-06-18,290,110200.0,SELL,06-12 21:49,6.12 21:49，出现一笔卖出看跌期权交易，成交量为290张，未平仓数为509张，V/OI值为0.6，交易金额为110200USD，合约行权价是160，到期日为2026/06/18
2026-06-12,US.SBET,,PUT,5.0,2026-10-16,1001,80080.0,SELL,06-12 23:41,6.12 23:41，出现一笔卖出看跌期权交易，成交量为1001张，未平仓数为3231张，V/OI值为0.8，交易金额为80080USD，合约行权价是5，到期日为2026/10/16
2026-06-12,US.SCO,,CALL,28.0,2026-06-26,960,152000.0,BUY,06-13 00:13,6.13 00:13，出现一笔买入看涨期权交易，成交量为960张，未平仓数为183张，V/OI值为11.1，交易金额为152000USD，合约行权价是28，到期日为2026/06/26
2026-06-12,US.SCO,,CALL,28.0,2026-06-26,1040,164320.0,BUY,06-12 23:53,6.12 23:53，出现一笔买入看涨期权交易，成交量为1040张，未平仓数为183张，V/OI值为5.8，交易金额为164320USD，合约行权价是28，到期日为2026/06/26
2026-06-12,US.SMCI,,CALL,47.0,2026-07-17,2633,97421.0,SELL,06-13 03:00,6.13 03:00，出现一笔卖出看涨期权交易，成交量为2633张，未平仓数为2343张，V/OI值为1.2，交易金额为97421USD，合约行权价是47，到期日为2026/07/17
2026-06-12,US.SMCI,,CALL,33.5,2026-06-18,7597,372253.0,SELL,06-13 01:57,6.13 01:57，出现一笔卖出看涨期权交易，成交量为7597张，未平仓数为3439张，V/OI值为3，交易金额为372253USD，合约行权价是33.5，到期日为2026/06/18
2026-06-12,US.SMCI,,PUT,30.0,2027-06-17,3000,2880000.0,BUY,06-13 01:21,6.13 01:21，出现一笔买入看跌期权交易，成交量为3000张，未平仓数为55张，V/OI值为55.2，交易金额为2880000USD，合约行权价是30，到期日为2027/06/17
2026-06-12,US.SMCI,,CALL,30.5,2026-06-12,5627,196945.0,SELL,06-13 01:02,6.13 01:02，出现一笔卖出看涨期权交易，成交量为5627张，未平仓数为3405张，V/OI值为3.8，交易金额为196945USD，合约行权价是30.5，到期日为2026/06/12
2026-06-12,US.SMCI,,PUT,32.0,2026-07-17,2000,850000.0,BUY,06-13 00:48,6.13 00:48，出现一笔买入看跌期权交易，成交量为2000张，未平仓数为4564张，V/OI值为0.5，交易金额为850000USD，合约行权价是32，到期日为2026/07/17
2026-06-12,US.SMCI,,CALL,31.5,2026-06-18,1487,141265.0,SELL,06-13 00:03,6.13 00:03，出现一笔卖出看涨期权交易，成交量为1487张，未平仓数为11302张，V/OI值为0.5，交易金额为141265USD，合约行权价是31.5，到期日为2026/06/18
2026-06-12,US.SMCI,,CALL,31.5,2026-06-18,2206,209570.0,SELL,06-13 00:03,6.13 00:03，出现一笔卖出看涨期权交易，成交量为2206张，未平仓数为11302张，V/OI值为0.4，交易金额为209570USD，合约行权价是31.5，到期日为2026/06/18
2026-06-12,US.SMCI,,CALL,34.0,2026-06-18,2206,92652.0,BUY,06-13 00:03,6.13 00:03，出现一笔买入看涨期权交易，成交量为2206张，未平仓数为12093张，V/OI值为0.3，交易金额为92652USD，合约行权价是34，到期日为2026/06/18
2026-06-12,US.SMCI,,CALL,45.0,2026-09-18,1800,423000.0,SELL,06-12 23:22,6.12 23:22，出现一笔卖出看涨期权交易，成交量为1800张，未平仓数为7846张，V/OI值为0.4，交易金额为423000USD，合约行权价是45，到期日为2026/09/18
2026-06-12,US.SMCI,,CALL,31.5,2026-06-12,1500,90000.0,BUY,06-12 22:57,6.12 22:57，出现一笔买入看涨期权交易，成交量为1500张，未平仓数为4561张，V/OI值为1，交易金额为90000USD，合约行权价是31.5，到期日为2026/06/12
2026-06-12,US.SMCI,,CALL,32.5,2026-06-18,2500,222500.0,SELL,06-12 22:20,6.12 22:20，出现一笔卖出看涨期权交易，成交量为2500张，未平仓数为1854张，V/OI值为1.7，交易金额为222500USD，合约行权价是32.5，到期日为2026/06/18
2026-06-12,US.SMCI,,PUT,30.0,2026-07-17,2000,690000.0,BUY,06-12 21:52,6.12 21:52，出现一笔买入看跌期权交易，成交量为2000张，未平仓数为4505张，V/OI值为0.5，交易金额为690000USD，合约行权价是30，到期日为2026/07/17
2026-06-12,US.SMCI,,CALL,30.0,2026-06-18,2838,437209.0,SELL,06-12 21:36,6.12 21:36，出现一笔卖出看涨期权交易，成交量为2838张，未平仓数为17157张，V/OI值为0.2，交易金额为437209USD，合约行权价是30，到期日为2026/06/18
2026-06-12,US.SMCI,,PUT,30.0,2026-06-18,2100,338100.0,SELL,06-12 21:36,6.12 21:36，出现一笔卖出看跌期权交易，成交量为2100张，未平仓数为13118张，V/OI值为0.2，交易金额为338100USD，合约行权价是30，到期日为2026/06/18
2026-06-12,US.SMCI,,CALL,30.5,2026-06-18,1385,181435.0,SELL,06-12 21:36,6.12 21:36，出现一笔卖出看涨期权交易，成交量为1385张，未平仓数为5764张，V/OI值为0.3，交易金额为181435USD，合约行权价是30.5，到期日为2026/06/18
2026-06-12,US.SMCI,,CALL,31.0,2026-06-18,3477,391418.0,SELL,06-12 21:36,6.12 21:36，出现一笔卖出看涨期权交易，成交量为3477张，未平仓数为8153张，V/OI值为0.4，交易金额为391418USD，合约行权价是31，到期日为2026/06/18
2026-06-12,US.SNOW,,CALL,300.0,2028-01-21,230,1325950.0,SELL,06-13 00:47,6.13 00:47，出现一笔卖出看涨期权交易，成交量为230张，未平仓数为484张，V/OI值为1.7，交易金额为1325950USD，合约行权价是300，到期日为2028/01/21
2026-06-12,US.SNOW,,CALL,300.0,2028-01-21,207,1258560.0,BUY,06-12 23:21,6.12 23:21，出现一笔买入看涨期权交易，成交量为207张，未平仓数为484张，V/OI值为0.9，交易金额为1258560USD，合约行权价是300，到期日为2028/01/21
2026-06-12,US.SNOW,,CALL,300.0,2028-01-21,208,1264640.0,BUY,06-12 23:21,6.12 23:21，出现一笔买入看涨期权交易，成交量为208张，未平仓数为484张，V/OI值为0.4，交易金额为1264640USD，合约行权价是300，到期日为2028/01/21
2026-06-12,US.SNOW,,PUT,230.0,2028-01-21,336,2068080.0,SELL,06-12 23:19,6.12 23:19，出现一笔卖出看跌期权交易，成交量为336张，未平仓数为279张，V/OI值为5，交易金额为2068080USD，合约行权价是230，到期日为2028/01/21
2026-06-12,US.SNOW,,PUT,230.0,2028-01-21,224,1387680.0,SELL,06-12 22:52,6.12 22:52，出现一笔卖出看跌期权交易，成交量为224张，未平仓数为279张，V/OI值为3.7，交易金额为1387680USD，合约行权价是230，到期日为2028/01/21
2026-06-12,US.SNOW,,PUT,230.0,2028-01-21,299,1850810.0,SELL,06-12 22:48,6.12 22:48，出现一笔卖出看跌期权交易，成交量为299张，未平仓数为279张，V/OI值为2.9，交易金额为1850810USD，合约行权价是230，到期日为2028/01/21
2026-06-12,US.SNOW,,CALL,310.0,2028-01-21,269,1585755.0,BUY,06-12 22:03,6.12 22:03，出现一笔买入看涨期权交易，成交量为269张，未平仓数为90张，V/OI值为6.2，交易金额为1585755USD，合约行权价是310，到期日为2028/01/21
2026-06-12,US.SNOW,,PUT,230.0,2028-01-21,511,3097416.0,SELL,06-12 22:03,6.12 22:03，出现一笔卖出看跌期权交易，成交量为511张，未平仓数为279张，V/OI值为1.8，交易金额为3097416USD，合约行权价是230，到期日为2028/01/21
2026-06-12,US.SNOW,,CALL,310.0,2028-01-21,292,1711120.0,BUY,06-12 22:03,6.12 22:03，出现一笔买入看涨期权交易，成交量为292张，未平仓数为90张，V/OI值为3.2，交易金额为1711120USD，合约行权价是310，到期日为2028/01/21
2026-06-12,US.SOFI,,PUT,17.0,2026-06-18,3000,234000.0,BUY,06-13 02:42,6.13 02:42，出现一笔买入看跌期权交易，成交量为3000张，未平仓数为26861张，V/OI值为0.2，交易金额为234000USD，合约行权价是17，到期日为2026/06/18
2026-06-12,US.SOFI,,CALL,17.0,2026-07-17,4040,371680.0,SELL,06-13 00:11,6.13 00:11，出现一笔卖出看涨期权交易，成交量为4040张，未平仓数为12267张，V/OI值为0.4，交易金额为371680USD，合约行权价是17，到期日为2026/07/17
2026-06-12,US.SOXS,,CALL,4.0,2026-06-26,1000,101000.0,SELL,06-13 02:21,6.13 02:21，出现一笔卖出看涨期权交易，成交量为1000张，未平仓数为305张，V/OI值为15.4，交易金额为101000USD，合约行权价是4，到期日为2026/06/26
2026-06-12,US.SOXS,,CALL,4.0,2026-06-26,1000,96000.0,SELL,06-13 02:12,6.13 02:12，出现一笔卖出看涨期权交易，成交量为1000张，未平仓数为305张，V/OI值为12.2，交易金额为96000USD，合约行权价是4，到期日为2026/06/26
2026-06-12,US.SOXS,,CALL,6.0,2026-08-21,4000,474001.0,SELL,06-13 00:09,6.13 00:09，出现一笔卖出看涨期权交易，成交量为4000张，未平仓数为10822张，V/OI值为0.6，交易金额为474001USD，合约行权价是6，到期日为2026/08/21
2026-06-12,US.SOXS,,CALL,6.0,2026-08-21,1646,227150.0,SELL,06-12 21:33,6.12 21:33，出现一笔卖出看涨期权交易，成交量为1646张，未平仓数为10822张，V/OI值为0.2，交易金额为227150USD，合约行权价是6，到期日为2026/08/21
2026-06-12,US.SPY,,PUT,706.0,2026-07-17,3872,1677940.0,BUY,06-13 04:04,6.13 04:04，出现一笔买入看跌期权交易，成交量为3872张，未平仓数为8169张，V/OI值为2.7，交易金额为1677940USD，合约行权价是706，到期日为2026/07/17
2026-06-12,US.SPY,,PUT,704.0,2026-07-17,6767,2747561.0,SELL,06-13 04:04,6.13 04:04，出现一笔卖出看跌期权交易，成交量为6767张，未平仓数为7842张，V/OI值为2.3，交易金额为2747561USD，合约行权价是704，到期日为2026/07/17
2026-06-12,US.SPY,,PUT,730.0,2026-07-31,3980,4847640.0,SELL,06-13 03:43,6.13 03:43，出现一笔卖出看跌期权交易，成交量为3980张，未平仓数为1506张，V/OI值为5.5，交易金额为4847640USD，合约行权价是730，到期日为2026/07/31
2026-06-12,US.SPY,,PUT,704.0,2026-06-26,5000,781938.0,BUY,06-13 03:34,6.13 03:34，出现一笔买入看跌期权交易，成交量为5000张，未平仓数为880张，V/OI值为5.8，交易金额为781938USD，合约行权价是704，到期日为2026/06/26
2026-06-12,US.SPY,,PUT,718.0,2026-06-16,3024,144665.0,BUY,06-13 03:33,6.13 03:33，出现一笔买入看跌期权交易，成交量为3024张，未平仓数为23507张，V/OI值为0.7，交易金额为144665USD，合约行权价是718，到期日为2026/06/16
2026-06-12,US.SPY,,CALL,850.0,2026-09-30,3000,261000.0,SELL,06-13 03:25,6.13 03:25，出现一笔卖出看涨期权交易，成交量为3000张，未平仓数为5180张，V/OI值为0.6，交易金额为261000USD，合约行权价是850，到期日为2026/09/30
2026-06-12,US.SPY,,PUT,725.0,2026-06-15,4672,172696.0,BUY,06-13 03:06,6.13 03:06，出现一笔买入看跌期权交易，成交量为4672张，未平仓数为4634张，V/OI值为5.2，交易金额为172696USD，合约行权价是725，到期日为2026/06/15
2026-06-12,US.SPY,,PUT,735.0,2026-06-18,9990,4365630.0,SELL,06-13 03:01,6.13 03:01，出现一笔卖出看跌期权交易，成交量为9990张，未平仓数为27887张，V/OI值为0.8，交易金额为4365630USD，合约行权价是735，到期日为2026/06/18
2026-06-12,US.SPY,,PUT,730.0,2026-06-18,9990,3056940.0,BUY,06-13 03:01,6.13 03:01，出现一笔买入看跌期权交易，成交量为9990张，未平仓数为83832张，V/OI值为0.3，交易金额为3056940USD，合约行权价是730，到期日为2026/06/18
2026-06-12,US.SPY,,PUT,715.0,2026-06-18,9990,989010.0,SELL,06-13 03:01,6.13 03:01，出现一笔卖出看跌期权交易，成交量为9990张，未平仓数为72879张，V/OI值为0.3，交易金额为989010USD，合约行权价是715，到期日为2026/06/18
2026-06-12,US.SPY,,PUT,710.0,2026-06-18,6273,439109.0,BUY,06-13 02:57,6.13 02:57，出现一笔买入看跌期权交易，成交量为6273张，未平仓数为56765张，V/OI值为0.3，交易金额为439109USD，合约行权价是710，到期日为2026/06/18
2026-06-12,US.SPY,,PUT,710.0,2026-06-18,3727,257163.0,BUY,06-13 02:57,6.13 02:57，出现一笔买入看跌期权交易，成交量为3727张，未平仓数为56765张，V/OI值为0.2，交易金额为257163USD，合约行权价是710，到期日为2026/06/18
2026-06-12,US.SPY,,CALL,743.0,2026-06-12,3255,138039.0,SELL,06-13 02:51,6.13 02:51，出现一笔卖出看涨期权交易，成交量为3255张，未平仓数为7426张，V/OI值为65.8，交易金额为138039USD，合约行权价是743，到期日为2026/06/12
2026-06-12,US.SPY,,CALL,744.0,2026-06-12,3251,87777.0,SELL,06-13 02:48,6.13 02:48，出现一笔卖出看涨期权交易，成交量为3251张，未平仓数为5922张，V/OI值为67，交易金额为87777USD，合约行权价是744，到期日为2026/06/12
2026-06-12,US.SPY,,CALL,742.0,2026-06-12,3532,356732.0,BUY,06-13 02:45,6.13 02:45，出现一笔买入看涨期权交易，成交量为3532张，未平仓数为7449张，V/OI值为68.8，交易金额为356732USD，合约行权价是742，到期日为2026/06/12
2026-06-12,US.SPY,,PUT,725.0,2026-06-15,5352,202699.0,BUY,06-13 02:41,6.13 02:41，出现一笔买入看跌期权交易，成交量为5352张，未平仓数为4634张，V/OI值为4，交易金额为202699USD，合约行权价是725，到期日为2026/06/15
2026-06-12,US.SPY,,PUT,515.0,2026-08-21,3975,306075.0,BUY,06-13 02:30,6.13 02:30，出现一笔买入看跌期权交易，成交量为3975张，未平仓数为673张，V/OI值为5.9，交易金额为306075USD，合约行权价是515，到期日为2026/08/21
2026-06-12,US.SPY,,CALL,756.0,2026-06-17,5651,395570.0,BUY,06-13 01:59,6.13 01:59，出现一笔买入看涨期权交易，成交量为5651张，未平仓数为1095张，V/OI值为6.6，交易金额为395570USD，合约行权价是756，到期日为2026/06/17
2026-06-12,US.SPY,,CALL,751.0,2026-06-17,5651,960670.0,SELL,06-13 01:59,6.13 01:59，出现一笔卖出看涨期权交易，成交量为5651张，未平仓数为541张，V/OI值为12，交易金额为960670USD，合约行权价是751，到期日为2026/06/17
2026-06-12,US.SPY,,PUT,724.0,2026-06-15,3825,144621.0,BUY,06-13 01:53,6.13 01:53，出现一笔买入看跌期权交易，成交量为3825张，未平仓数为944张，V/OI值为10.6，交易金额为144621USD，合约行权价是724，到期日为2026/06/15
2026-06-12,US.SPY,,PUT,718.0,2026-06-16,4150,203350.0,BUY,06-13 01:34,6.13 01:34，出现一笔买入看跌期权交易，成交量为4150张，未平仓数为23507张，V/OI值为0.5，交易金额为203350USD，合约行权价是718，到期日为2026/06/16
2026-06-12,US.SPY,,PUT,718.0,2026-06-18,3705,474240.0,BUY,06-13 01:29,6.13 01:29，出现一笔买入看跌期权交易，成交量为3705张，未平仓数为27588张，V/OI值为0.7，交易金额为474240USD，合约行权价是718，到期日为2026/06/18
2026-06-12,US.SPY,,PUT,712.0,2026-06-18,6698,559084.0,SELL,06-13 01:29,6.13 01:29，出现一笔卖出看跌期权交易，成交量为6698张，未平仓数为19353张，V/OI值为1，交易金额为559084USD，合约行权价是712，到期日为2026/06/18
2026-06-12,US.SPY,,CALL,745.0,2026-06-12,3003,120123.0,SELL,06-13 01:28,6.13 01:28，出现一笔卖出看涨期权交易，成交量为3003张，未平仓数为17013张，V/OI值为27.7，交易金额为120123USD，合约行权价是745，到期日为2026/06/12
2026-06-12,US.SPY,,PUT,723.0,2026-06-15,5046,176610.0,BUY,06-13 01:17,6.13 01:17，出现一笔买入看跌期权交易，成交量为5046张，未平仓数为1048张，V/OI值为8.2，交易金额为176610USD，合约行权价是723，到期日为2026/06/15
2026-06-12,US.SPY,,CALL,748.0,2026-06-12,9011,189231.0,SELL,06-13 00:50,6.13 00:50，出现一笔卖出看涨期权交易，成交量为9011张，未平仓数为5544张，V/OI值为30.9，交易金额为189231USD，合约行权价是748，到期日为2026/06/12
2026-06-12,US.SPY,,PUT,725.0,2026-06-30,3313,1871845.0,SELL,06-13 00:32,6.13 00:32，出现一笔卖出看跌期权交易，成交量为3313张，未平仓数为32792张，V/OI值为0.2，交易金额为1871845USD，合约行权价是725，到期日为2026/06/30
2026-06-12,US.SPY,,CALL,745.0,2026-06-12,3000,150029.0,SELL,06-13 00:32,6.13 00:32，出现一笔卖出看涨期权交易，成交量为3000张，未平仓数为17013张，V/OI值为22.8，交易金额为150029USD，合约行权价是745，到期日为2026/06/12
2026-06-12,US.SPY,,PUT,720.0,2026-06-15,5596,229436.0,BUY,06-13 00:27,6.13 00:27，出现一笔买入看跌期权交易，成交量为5596张，未平仓数为17071张，V/OI值为0.9，交易金额为229436USD，合约行权价是720，到期日为2026/06/15
2026-06-12,US.SPY,,CALL,745.0,2026-06-12,3162,282343.0,SELL,06-13 00:13,6.13 00:13，出现一笔卖出看涨期权交易，成交量为3162张，未平仓数为17013张，V/OI值为20.7，交易金额为282343USD，合约行权价是745，到期日为2026/06/12
2026-06-12,US.SPY,,CALL,745.0,2026-06-12,5439,562853.0,BUY,06-13 00:13,6.13 00:13，出现一笔买入看涨期权交易，成交量为5439张，未平仓数为17013张，V/OI值为20.3，交易金额为562853USD，合约行权价是745，到期日为2026/06/12
2026-06-12,US.SPY,,CALL,850.0,2026-08-21,3060,94860.0,SELL,06-12 23:26,6.12 23:26，出现一笔卖出看涨期权交易，成交量为3060张，未平仓数为17527张，V/OI值为0.2，交易金额为94860USD，合约行权价是850，到期日为2026/08/21
2026-06-12,US.SPY,,PUT,733.0,2026-06-12,3000,96000.0,BUY,06-12 23:10,6.12 23:10，出现一笔买入看跌期权交易，成交量为3000张，未平仓数为14768张，V/OI值为4.6，交易金额为96000USD，合约行权价是733，到期日为2026/06/12
2026-06-12,US.SPY,,PUT,702.0,2026-07-17,3638,1559426.0,SELL,06-12 23:01,6.12 23:01，出现一笔卖出看跌期权交易，成交量为3638张，未平仓数为15082张，V/OI值为0.8，交易金额为1559426USD，合约行权价是702，到期日为2026/07/17
2026-06-12,US.SPY,,CALL,742.0,2026-06-12,3249,338178.0,SELL,06-12 22:50,6.12 22:50，出现一笔卖出看涨期权交易，成交量为3249张，未平仓数为7449张，V/OI值为13.6，交易金额为338178USD，合约行权价是742，到期日为2026/06/12
2026-06-12,US.SPY,,CALL,747.0,2026-06-12,3289,85514.0,SELL,06-12 22:49,6.12 22:49，出现一笔卖出看涨期权交易，成交量为3289张，未平仓数为6018张，V/OI值为9.7，交易金额为85514USD，合约行权价是747，到期日为2026/06/12
2026-06-12,US.SPY,,PUT,600.0,2026-08-21,100000,19600000.0,SELL,06-12 22:19,6.12 22:19，出现一笔卖出看跌期权交易，成交量为100000张，未平仓数为13378张，V/OI值为7.5，交易金额为19600000USD，合约行权价是600，到期日为2026/08/21
2026-06-12,US.SPY,,PUT,440.0,2026-08-21,100000,3700000.0,SELL,06-12 22:19,6.12 22:19，出现一笔卖出看跌期权交易，成交量为100000张，未平仓数为619张，V/OI值为161.6，交易金额为3700000USD，合约行权价是440，到期日为2026/08/21
2026-06-12,US.SPY,,CALL,750.0,2026-06-15,4086,286031.0,SELL,06-12 21:57,6.12 21:57，出现一笔卖出看涨期权交易，成交量为4086张，未平仓数为7556张，V/OI值为1.5，交易金额为286031USD，合约行权价是750，到期日为2026/06/15
2026-06-12,US.SQQQ,,PUT,44.0,2026-06-12,1848,784812.0,BUY,06-13 01:06,6.13 01:06，出现一笔买入看跌期权交易，成交量为1848张，未平仓数为1079张，V/OI值为1.8，交易金额为784812USD，合约行权价是44，到期日为2026/06/12
2026-06-12,US.SQQQ,,PUT,40.0,2026-06-12,1481,72674.0,SELL,06-13 01:06,6.13 01:06，出现一笔卖出看跌期权交易，成交量为1481张，未平仓数为1974张，V/OI值为2.2，交易金额为72674USD，合约行权价是40，到期日为2026/06/12
2026-06-12,US.SQQQ,,PUT,50.0,2026-06-26,200,216600.0,SELL,06-13 00:18,6.13 00:18，出现一笔卖出看跌期权交易，成交量为200张，未平仓数为31张，V/OI值为29.1，交易金额为216600USD，合约行权价是50，到期日为2026/06/26
2026-06-12,US.SQQQ,,PUT,50.0,2026-06-26,200,216600.0,SELL,06-13 00:18,6.13 00:18，出现一笔卖出看跌期权交易，成交量为200张，未平仓数为31张，V/OI值为22.6，交易金额为216600USD，合约行权价是50，到期日为2026/06/26
2026-06-12,US.SQQQ,,PUT,50.0,2026-06-26,200,217800.0,SELL,06-13 00:18,6.13 00:18，出现一笔卖出看跌期权交易，成交量为200张，未平仓数为31张，V/OI值为16.2，交易金额为217800USD，合约行权价是50，到期日为2026/06/26
2026-06-12,US.SQQQ,,PUT,50.0,2026-06-26,200,217600.0,SELL,06-13 00:18,6.13 00:18，出现一笔卖出看跌期权交易，成交量为200张，未平仓数为31张，V/OI值为9.7，交易金额为217600USD，合约行权价是50，到期日为2026/06/26
2026-06-12,US.SQQQ,,CALL,48.0,2026-06-18,4798,182324.0,BUY,06-12 22:09,6.12 22:09，出现一笔买入看涨期权交易，成交量为4798张，未平仓数为838张，V/OI值为7.2，交易金额为182324USD，合约行权价是48，到期日为2026/06/18
2026-06-12,US.SQQQ,,CALL,42.0,2026-06-12,1000,71000.0,BUY,06-12 21:45,6.12 21:45，出现一笔买入看涨期权交易，成交量为1000张，未平仓数为4816张，V/OI值为0.8，交易金额为71000USD，合约行权价是42，到期日为2026/06/12
2026-06-12,US.SQQQ,,CALL,41.5,2026-06-12,1517,75850.0,BUY,06-12 21:40,6.12 21:40，出现一笔买入看涨期权交易，成交量为1517张，未平仓数为1925张，V/OI值为1.1，交易金额为75850USD，合约行权价是41.5，到期日为2026/06/12
2026-06-12,US.SVIX,,PUT,10.0,2027-06-17,356,55180.0,BUY,06-13 01:10,6.13 01:10，出现一笔买入看跌期权交易，成交量为356张，未平仓数为0张，V/OI值为0，交易金额为55180USD，合约行权价是10，到期日为2027/06/17
2026-06-12,US.SVIX,,PUT,10.0,2027-06-17,500,75000.0,BUY,06-13 01:10,6.13 01:10，出现一笔买入看跌期权交易，成交量为500张，未平仓数为0张，V/OI值为0，交易金额为75000USD，合约行权价是10，到期日为2027/06/17
2026-06-12,US.SVIX,,PUT,10.0,2027-06-17,300,43500.0,SELL,06-13 01:09,6.13 01:09，出现一笔卖出看跌期权交易，成交量为300张，未平仓数为0张，V/OI值为0，交易金额为43500USD，合约行权价是10，到期日为2027/06/17
2026-06-12,US.SVIX,,PUT,10.0,2027-06-17,500,75000.0,BUY,06-13 01:09,6.13 01:09，出现一笔买入看跌期权交易，成交量为500张，未平仓数为0张，V/OI值为0，交易金额为75000USD，合约行权价是10，到期日为2027/06/17
2026-06-12,US.TNA,,CALL,70.0,2027-01-15,150,226500.0,BUY,06-12 23:24,6.12 23:24，出现一笔买入看涨期权交易，成交量为150张，未平仓数为482张，V/OI值为0.3，交易金额为226500USD，合约行权价是70，到期日为2027/01/15
2026-06-12,US.TSLA,,CALL,405.0,2026-06-12,2707,102883.0,BUY,06-13 03:55,6.13 03:55，出现一笔买入看涨期权交易，成交量为2707张，未平仓数为6084张，V/OI值为30，交易金额为102883USD，合约行权价是405，到期日为2026/06/12
2026-06-12,US.TSLA,,CALL,405.0,2026-06-12,2505,89200.0,BUY,06-13 03:21,6.13 03:21，出现一笔买入看涨期权交易，成交量为2505张，未平仓数为6084张，V/OI值为25.8，交易金额为89200USD，合约行权价是405，到期日为2026/06/12
2026-06-12,US.TSLA,,CALL,410.0,2026-06-18,2358,1846314.0,SELL,06-13 02:34,6.13 02:34，出现一笔卖出看涨期权交易，成交量为2358张，未平仓数为7180张，V/OI值为1.3，交易金额为1846314USD，合约行权价是410，到期日为2026/06/18
2026-06-12,US.TSLA,,PUT,320.0,2026-06-17,5744,143566.0,BUY,06-13 02:25,6.13 02:25，出现一笔买入看跌期权交易，成交量为5744张，未平仓数为76张，V/OI值为79.2，交易金额为143566USD，合约行权价是320，到期日为2026/06/17
2026-06-12,US.TSLA,,CALL,405.0,2026-06-15,2600,1456000.0,BUY,06-13 01:02,6.13 01:02，出现一笔买入看涨期权交易，成交量为2600张，未平仓数为1163张，V/OI值为14，交易金额为1456000USD，合约行权价是405，到期日为2026/06/15
2026-06-12,US.TSLA,,CALL,400.0,2026-06-12,1627,390480.0,BUY,06-13 00:28,6.13 00:28，出现一笔买入看涨期权交易，成交量为1627张，未平仓数为13580张，V/OI值为6.8，交易金额为390480USD，合约行权价是400，到期日为2026/06/12
2026-06-12,US.TSLA,,PUT,380.0,2026-06-18,1314,1149705.0,BUY,06-13 00:10,6.13 00:10，出现一笔买入看跌期权交易，成交量为1314张，未平仓数为9987张，V/OI值为1，交易金额为1149705USD，合约行权价是380，到期日为2026/06/18
2026-06-12,US.TSLA,,CALL,450.0,2026-06-18,1289,106987.0,BUY,06-13 00:09,6.13 00:09，出现一笔买入看涨期权交易，成交量为1289张，未平仓数为38217张，V/OI值为0.3，交易金额为106987USD，合约行权价是450，到期日为2026/06/18
2026-06-12,US.TSLA,,CALL,415.0,2026-06-18,2000,730000.0,SELL,06-13 00:05,6.13 00:05，出现一笔卖出看涨期权交易，成交量为2000张，未平仓数为11923张，V/OI值为0.4，交易金额为730000USD，合约行权价是415，到期日为2026/06/18
2026-06-12,US.TSLA,,CALL,397.5,2026-06-18,2000,1640000.0,BUY,06-13 00:05,6.13 00:05，出现一笔买入看涨期权交易，成交量为2000张，未平仓数为4056张，V/OI值为1.1，交易金额为1640000USD，合约行权价是397.5，到期日为2026/06/18
2026-06-12,US.TSLA,,PUT,240.0,2026-06-18,20003,240036.0,BUY,06-12 23:48,6.12 23:48，出现一笔买入看跌期权交易，成交量为20003张，未平仓数为8404张，V/OI值为2.9，交易金额为240036USD，合约行权价是240，到期日为2026/06/18
2026-06-12,US.TSLA,,CALL,485.0,2026-06-26,1301,136418.0,SELL,06-12 23:47,6.12 23:47，出现一笔卖出看涨期权交易，成交量为1301张，未平仓数为4569张，V/OI值为0.6，交易金额为136418USD，合约行权价是485，到期日为2026/06/26
2026-06-12,US.TSLA,,CALL,485.0,2026-06-26,1300,140660.0,SELL,06-12 23:47,6.12 23:47，出现一笔卖出看涨期权交易，成交量为1300张，未平仓数为4569张，V/OI值为0.3，交易金额为140660USD，合约行权价是485，到期日为2026/06/26
2026-06-12,US.TSLA,,PUT,380.0,2026-06-12,2997,296229.0,SELL,06-12 23:46,6.12 23:46，出现一笔卖出看跌期权交易，成交量为2997张，未平仓数为18750张，V/OI值为2.2，交易金额为296229USD，合约行权价是380，到期日为2026/06/12
2026-06-12,US.TSLA,,CALL,470.0,2026-06-26,1500,232230.0,SELL,06-12 23:45,6.12 23:45，出现一笔卖出看涨期权交易，成交量为1500张，未平仓数为5552张，V/OI值为0.3，交易金额为232230USD，合约行权价是470，到期日为2026/06/26
2026-06-12,US.TSLA,,CALL,440.0,2026-06-18,1828,336352.0,SELL,06-12 23:44,6.12 23:44，出现一笔卖出看涨期权交易，成交量为1828张，未平仓数为15942张，V/OI值为0.4，交易金额为336352USD，合约行权价是440，到期日为2026/06/18
2026-06-12,US.TSLA,,CALL,400.0,2026-07-10,5004,10007960.0,SELL,06-12 22:43,6.12 22:43，出现一笔卖出看涨期权交易，成交量为5004张，未平仓数为792张，V/OI值为17.8，交易金额为10007960USD，合约行权价是400，到期日为2026/07/10
2026-06-12,US.TSLA,,PUT,397.5,2026-06-12,1616,1146149.0,BUY,06-12 22:22,6.12 22:22，出现一笔买入看跌期权交易，成交量为1616张，未平仓数为1828张，V/OI值为7.2，交易金额为1146149USD，合约行权价是397.5，到期日为2026/06/12
2026-06-12,US.TSLA,,CALL,435.0,2026-12-18,2001,9498773.0,BUY,06-12 22:12,6.12 22:12，出现一笔买入看涨期权交易，成交量为2001张，未平仓数为617张，V/OI值为8.1，交易金额为9498773USD，合约行权价是435，到期日为2026/12/18
2026-06-12,US.TSLA,,CALL,400.0,2026-07-10,2961,6218100.0,SELL,06-12 21:45,6.12 21:45，出现一笔卖出看涨期权交易，成交量为2961张，未平仓数为792张，V/OI值为10.7，交易金额为6218100USD，合约行权价是400，到期日为2026/07/10
2026-06-12,US.TSLA,,CALL,400.0,2026-07-10,2044,4517240.0,SELL,06-12 21:42,6.12 21:42，出现一笔卖出看涨期权交易，成交量为2044张，未平仓数为792张，V/OI值为6.8，交易金额为4517240USD，合约行权价是400，到期日为2026/07/10
2026-06-12,US.TSLA,,CALL,400.0,2026-07-10,2997,6623565.0,SELL,06-12 21:42,6.12 21:42，出现一笔卖出看涨期权交易，成交量为2997张，未平仓数为792张，V/OI值为4.2，交易金额为6623565USD，合约行权价是400，到期日为2026/07/10
2026-06-12,US.TSLA,,CALL,410.0,2026-07-10,4271,8221685.0,SELL,06-12 21:40,6.12 21:40，出现一笔卖出看涨期权交易，成交量为4271张，未平仓数为907张，V/OI值为11.7，交易金额为8221685USD，合约行权价是410，到期日为2026/07/10
2026-06-12,US.TSLA,,CALL,410.0,2026-07-10,3491,7069275.0,SELL,06-12 21:38,6.12 21:38，出现一笔卖出看涨期权交易，成交量为3491张，未平仓数为907张，V/OI值为5.9，交易金额为7069275USD，合约行权价是410，到期日为2026/07/10
2026-06-12,US.TSLA,,CALL,410.0,2026-07-10,1450,2877965.0,BUY,06-12 21:38,6.12 21:38，出现一笔买入看涨期权交易，成交量为1450张，未平仓数为907张，V/OI值为1.7，交易金额为2877965USD，合约行权价是410，到期日为2026/07/10
2026-06-12,US.TSM,,CALL,400.0,2026-06-18,2900,8172200.0,BUY,06-12 23:58,6.12 23:58，出现一笔买入看涨期权交易，成交量为2900张，未平仓数为16786张，V/OI值为0.3，交易金额为8172200USD，合约行权价是400，到期日为2026/06/18
2026-06-12,US.TSM,,CALL,420.0,2026-07-17,2900,8549200.0,BUY,06-12 23:58,6.12 23:58，出现一笔买入看涨期权交易，成交量为2900张，未平仓数为3930张，V/OI值为0.9，交易金额为8549200USD，合约行权价是420，到期日为2026/07/17
2026-06-12,US.TSM,,PUT,420.0,2026-07-17,1902,4927200.0,BUY,06-12 21:49,6.12 21:49，出现一笔买入看跌期权交易，成交量为1902张，未平仓数为8683张，V/OI值为0.2，交易金额为4927200USD，合约行权价是420，到期日为2026/07/17
2026-06-12,US.TSM,,PUT,417.5,2026-06-12,2247,635186.0,BUY,06-12 21:40,6.12 21:40，出现一笔买入看跌期权交易，成交量为2247张，未平仓数为324张，V/OI值为6.9，交易金额为635186USD，合约行权价是417.5，到期日为2026/06/12
2026-06-12,US.TWLO,,CALL,200.0,2026-07-17,104,194479.0,BUY,06-13 03:14,6.13 03:14，出现一笔买入看涨期权交易，成交量为104张，未平仓数为301张，V/OI值为0.4，交易金额为194479USD，合约行权价是200，到期日为2026/07/17
2026-06-12,US.TWLO,,CALL,210.0,2026-06-18,271,146331.0,BUY,06-13 01:36,6.13 01:36，出现一笔买入看涨期权交易，成交量为271张，未平仓数为633张，V/OI值为0.4，交易金额为146331USD，合约行权价是210，到期日为2026/06/18
2026-06-12,US.VST,,CALL,200.0,2026-09-18,1000,411000.0,BUY,06-13 02:52,6.13 02:52，出现一笔买入看涨期权交易，成交量为1000张，未平仓数为21548张，V/OI值为0.3，交易金额为411000USD，合约行权价是200，到期日为2026/09/18
2026-06-12,US.VST,,CALL,175.0,2026-09-18,1000,827000.0,SELL,06-13 02:52,6.13 02:52，出现一笔卖出看涨期权交易，成交量为1000张，未平仓数为21952张，V/OI值为0.3，交易金额为827000USD，合约行权价是175，到期日为2026/09/18
2026-06-12,US.VST,,CALL,200.0,2026-09-18,1500,606000.0,BUY,06-13 02:51,6.13 02:51，出现一笔买入看涨期权交易，成交量为1500张，未平仓数为21548张，V/OI值为0.2，交易金额为606000USD，合约行权价是200，到期日为2026/09/18
2026-06-12,US.VST,,CALL,175.0,2026-09-18,1500,1237500.0,SELL,06-13 02:51,6.13 02:51，出现一笔卖出看涨期权交易，成交量为1500张，未平仓数为21952张，V/OI值为0.2，交易金额为1237500USD，合约行权价是175，到期日为2026/09/18
2026-06-12,US.VST,,CALL,175.0,2026-09-18,3200,2569600.0,SELL,06-12 22:36,6.12 22:36，出现一笔卖出看涨期权交易，成交量为3200张，未平仓数为21952张，V/OI值为0.2，交易金额为2569600USD，合约行权价是175，到期日为2026/09/18
2026-06-12,US.WDAY,,CALL,120.0,2027-01-15,350,1036000.0,SELL,06-13 00:58,6.13 00:58，出现一笔卖出看涨期权交易，成交量为350张，未平仓数为147张，V/OI值为2.4，交易金额为1036000USD，合约行权价是120，到期日为2027/01/15
2026-06-12,US.WDAY,,PUT,135.0,2026-06-12,249,174300.0,BUY,06-12 22:29,6.12 22:29，出现一笔买入看跌期权交易，成交量为249张，未平仓数为791张，V/OI值为0.3，交易金额为174300USD，合约行权价是135，到期日为2026/06/12
2026-06-12,US.XOM,,PUT,149.0,2026-06-12,1270,112144.0,SELL,06-12 22:24,6.12 22:24，出现一笔卖出看跌期权交易，成交量为1270张，未平仓数为692张，V/OI值为1.9，交易金额为112144USD，合约行权价是149，到期日为2026/06/12
2026-06-12,US.YINN,,PUT,39.0,2026-07-02,200,193000.0,SELL,06-13 00:37,6.13 00:37，出现一笔卖出看跌期权交易，成交量为200张，未平仓数为2张，V/OI值为251.5，交易金额为193000USD，合约行权价是39，到期日为2026/07/02
2026-06-12,US.YINN,,PUT,39.0,2026-07-02,200,191800.0,SELL,06-13 00:37,6.13 00:37，出现一笔卖出看跌期权交易，成交量为200张，未平仓数为2张，V/OI值为151.5，交易金额为191800USD，合约行权价是39，到期日为2026/07/02
2026-06-12,US.YINN,,PUT,39.0,2026-06-26,200,192800.0,BUY,06-13 00:37,6.13 00:37，出现一笔买入看跌期权交易，成交量为200张，未平仓数为8张，V/OI值为62.6，交易金额为192800USD，合约行权价是39，到期日为2026/06/26
2026-06-12,US.YINN,,PUT,39.0,2026-06-26,200,191600.0,BUY,06-13 00:37,6.13 00:37，出现一笔买入看跌期权交易，成交量为200张，未平仓数为8张，V/OI值为37.6，交易金额为191600USD，合约行权价是39，到期日为2026/06/26
2026-06-15,US.AAPL,,CALL,275.0,2026-06-18,4115,8958355.0,SELL,06-16 01:06,6.16 01:06，出现一笔卖出看涨期权交易，成交量为4115张，未平仓数为14694张，V/OI值为0.3，交易金额为8958355USD，合约行权价是275，到期日为2026/06/18
2026-06-15,US.AAPL,,CALL,275.0,2026-08-21,4115,11633105.0,BUY,06-16 01:06,6.16 01:06，出现一笔买入看涨期权交易，成交量为4115张，未平仓数为4621张，V/OI值为0.9，交易金额为11633105USD，合约行权价是275，到期日为2026/08/21
2026-06-15,US.ADSK,,CALL,210.0,2026-07-17,500,260000.0,BUY,06-16 02:16,6.16 02:16，出现一笔买入看涨期权交易，成交量为500张，未平仓数为32张，V/OI值为18.6，交易金额为260000USD，合约行权价是210，到期日为2026/07/17
2026-06-15,US.AEHR,,CALL,155.0,2026-07-17,400,424000.0,SELL,06-16 00:43,6.16 00:43，出现一笔卖出看涨期权交易，成交量为400张，未平仓数为19张，V/OI值为21.3，交易金额为424000USD，合约行权价是155，到期日为2026/07/17
2026-06-15,US.AMD,,CALL,620.0,2026-06-18,1308,168732.0,SELL,06-16 03:30,6.16 03:30，出现一笔卖出看涨期权交易，成交量为1308张，未平仓数为5310张，V/OI值为1，交易金额为168732USD，合约行权价是620，到期日为2026/06/18
2026-06-15,US.AMD,,CALL,930.0,2026-08-21,1000,830000.0,BUY,06-16 03:12,6.16 03:12，出现一笔买入看涨期权交易，成交量为1000张，未平仓数为1388张，V/OI值为0.8，交易金额为830000USD，合约行权价是930，到期日为2026/08/21
2026-06-15,US.AMD,,PUT,600.0,2028-01-21,1250,26231250.0,BUY,06-16 02:00,6.16 02:00，出现一笔买入看跌期权交易，成交量为1250张，未平仓数为62张，V/OI值为20.2，交易金额为26231250USD，合约行权价是600，到期日为2028/01/21
2026-06-15,US.AMZN,,CALL,252.5,2026-06-17,1553,85393.0,BUY,06-16 03:52,6.16 03:52，出现一笔买入看涨期权交易，成交量为1553张，未平仓数为421张，V/OI值为9，交易金额为85393USD，合约行权价是252.5，到期日为2026/06/17
2026-06-15,US.AMZN,,CALL,245.0,2026-06-18,2169,759182.0,SELL,06-16 03:31,6.16 03:31，出现一笔卖出看涨期权交易，成交量为2169张，未平仓数为14792张，V/OI值为0.7，交易金额为759182USD，合约行权价是245，到期日为2026/06/18
2026-06-15,US.AMZN,,CALL,250.0,2026-06-18,1532,248198.0,SELL,06-16 03:19,6.16 03:19，出现一笔卖出看涨期权交易，成交量为1532张，未平仓数为33474张，V/OI值为0.7，交易金额为248198USD，合约行权价是250，到期日为2026/06/18
2026-06-15,US.AMZN,,CALL,260.0,2026-07-17,1000,391000.0,SELL,06-16 02:50,6.16 02:50，出现一笔卖出看涨期权交易，成交量为1000张，未平仓数为15498张，V/OI值为0.6，交易金额为391000USD，合约行权价是260，到期日为2026/07/17
2026-06-15,US.AMZN,,CALL,260.0,2026-07-17,1000,394066.0,SELL,06-16 02:50,6.16 02:50，出现一笔卖出看涨期权交易，成交量为1000张，未平仓数为15498张，V/OI值为0.6，交易金额为394066USD，合约行权价是260，到期日为2026/07/17
2026-06-15,US.AMZN,,PUT,247.5,2026-06-15,1801,180100.0,BUY,06-16 01:31,6.16 01:31，出现一笔买入看跌期权交易，成交量为1801张，未平仓数为395张，V/OI值为33.8，交易金额为180100USD，合约行权价是247.5，到期日为2026/06/15
2026-06-15,US.AMZN,,CALL,250.0,2026-06-18,1158,222336.0,SELL,06-16 01:19,6.16 01:19，出现一笔卖出看涨期权交易，成交量为1158张，未平仓数为33474张，V/OI值为0.5，交易金额为222336USD，合约行权价是250，到期日为2026/06/18
2026-06-15,US.APLD,,PUT,45.0,2027-01-15,303,384810.0,BUY,06-16 03:36,6.16 03:36，出现一笔买入看跌期权交易，成交量为303张，未平仓数为312张，V/OI值为1.2，交易金额为384810USD，合约行权价是45，到期日为2027/01/15
2026-06-15,US.APLD,,CALL,50.0,2026-07-17,555,224775.0,BUY,06-16 01:43,6.16 01:43，出现一笔买入看涨期权交易，成交量为555张，未平仓数为5879张，V/OI值为0.3，交易金额为224775USD，合约行权价是50，到期日为2026/07/17
2026-06-15,US.APLD,,CALL,30.0,2026-06-18,500,835000.0,BUY,06-16 01:38,6.16 01:38，出现一笔买入看涨期权交易，成交量为500张，未平仓数为4055张，V/OI值为0.1，交易金额为835000USD，合约行权价是30，到期日为2026/06/18
2026-06-15,US.APLD,,CALL,46.5,2026-06-18,2005,401000.0,BUY,06-16 01:38,6.16 01:38，出现一笔买入看涨期权交易，成交量为2005张，未平仓数为382张，V/OI值为14.6，交易金额为401000USD，合约行权价是46.5，到期日为2026/06/18
2026-06-15,US.ASML,,CALL,1910.0,2026-06-18,201,904500.0,SELL,06-16 01:26,6.16 01:26，出现一笔卖出看涨期权交易，成交量为201张，未平仓数为36张，V/OI值为6.9，交易金额为904500USD，合约行权价是1910，到期日为2026/06/18
2026-06-15,US.AVGO,,PUT,340.0,2027-01-15,1000,2965000.0,BUY,06-16 03:29,6.16 03:29，出现一笔买入看跌期权交易，成交量为1000张，未平仓数为3548张，V/OI值为0.6，交易金额为2965000USD，合约行权价是340，到期日为2027/01/15
2026-06-15,US.AVGO,,CALL,395.0,2026-06-18,1223,880443.0,BUY,06-16 00:15,6.16 00:15，出现一笔买入看涨期权交易，成交量为1223张，未平仓数为2427张，V/OI值为0.9，交易金额为880443USD，合约行权价是395，到期日为2026/06/18
2026-06-15,US.BABA,,PUT,140.0,2026-06-18,6216,16783200.0,SELL,06-16 03:19,6.16 03:19，出现一笔卖出看跌期权交易，成交量为6216张，未平仓数为6913张，V/OI值为2.7，交易金额为16783200USD，合约行权价是140，到期日为2026/06/18
2026-06-15,US.BABA,,PUT,150.0,2026-06-18,5916,21859620.0,SELL,06-16 03:19,6.16 03:19，出现一笔卖出看跌期权交易，成交量为5916张，未平仓数为4144张，V/OI值为2.6，交易金额为21859620USD，合约行权价是150，到期日为2026/06/18
2026-06-15,US.BABA,,PUT,140.0,2026-06-18,4154,11215800.0,SELL,06-16 03:19,6.16 03:19，出现一笔卖出看跌期权交易，成交量为4154张，未平仓数为6913张，V/OI值为1.8，交易金额为11215800USD，合约行权价是140，到期日为2026/06/18
2026-06-15,US.BABA,,PUT,160.0,2026-06-18,4154,19523800.0,SELL,06-16 03:19,6.16 03:19，出现一笔卖出看跌期权交易，成交量为4154张，未平仓数为4041张，V/OI值为2.1，交易金额为19523800USD，合约行权价是160，到期日为2026/06/18
2026-06-15,US.BABA,,PUT,145.0,2026-06-18,2592,8540640.0,BUY,06-16 03:18,6.16 03:18，出现一笔买入看跌期权交易，成交量为2592张，未平仓数为3690张，V/OI值为2，交易金额为8540640USD，合约行权价是145，到期日为2026/06/18
2026-06-15,US.BABA,,PUT,145.0,2026-06-18,3250,10692500.0,BUY,06-16 03:09,6.16 03:09，出现一笔买入看跌期权交易，成交量为3250张，未平仓数为3690张，V/OI值为0.9，交易金额为10692500USD，合约行权价是145，到期日为2026/06/18
2026-06-15,US.BABA,,PUT,140.0,2026-06-18,3870,10777950.0,BUY,06-16 03:09,6.16 03:09，出现一笔买入看跌期权交易，成交量为3870张，未平仓数为6913张，V/OI值为1.2，交易金额为10777950USD，合约行权价是140，到期日为2026/06/18
2026-06-15,US.BABA,,PUT,140.0,2026-06-18,4530,12611520.0,BUY,06-16 03:09,6.16 03:09，出现一笔买入看跌期权交易，成交量为4530张，未平仓数为6913张，V/OI值为0.7，交易金额为12611520USD，合约行权价是140，到期日为2026/06/18
2026-06-15,US.BABA,,PUT,165.0,2026-06-18,1500,7702500.0,SELL,06-16 03:09,6.16 03:09，出现一笔卖出看跌期权交易，成交量为1500张，未平仓数为1682张，V/OI值为0.9，交易金额为7702500USD，合约行权价是165，到期日为2026/06/18
2026-06-15,US.BABA,,PUT,160.0,2026-06-18,3590,17249950.0,BUY,06-16 03:09,6.16 03:09，出现一笔买入看跌期权交易，成交量为3590张，未平仓数为4041张，V/OI值为0.9，交易金额为17249950USD，合约行权价是160，到期日为2026/06/18
2026-06-15,US.BABA,,PUT,150.0,2026-06-18,4960,18163520.0,SELL,06-16 03:09,6.16 03:09，出现一笔卖出看跌期权交易，成交量为4960张，未平仓数为4144张，V/OI值为1.2，交易金额为18163520USD，合约行权价是150，到期日为2026/06/18
2026-06-15,US.BABA,,PUT,155.0,2026-06-18,1200,4956000.0,SELL,06-16 03:09,6.16 03:09，出现一笔卖出看跌期权交易，成交量为1200张，未平仓数为844张，V/OI值为1.8，交易金额为4956000USD，合约行权价是155，到期日为2026/06/18
2026-06-15,US.BABA,,CALL,115.0,2026-09-18,2000,1880000.0,BUY,06-16 03:08,6.16 03:08，出现一笔买入看涨期权交易，成交量为2000张，未平仓数为3866张，V/OI值为0.7，交易金额为1880000USD，合约行权价是115，到期日为2026/09/18
2026-06-15,US.BABA,,PUT,105.0,2026-07-17,1182,224594.0,SELL,06-16 00:45,6.16 00:45，出现一笔卖出看跌期权交易，成交量为1182张，未平仓数为8555张，V/OI值为0.1，交易金额为224594USD，合约行权价是105，到期日为2026/07/17
2026-06-15,US.BMNR,,CALL,17.0,2026-06-26,1000,130000.0,SELL,06-16 00:19,6.16 00:19，出现一笔卖出看涨期权交易，成交量为1000张，未平仓数为2468张，V/OI值为1，交易金额为130000USD，合约行权价是17，到期日为2026/06/26
2026-06-15,US.BMNR,,CALL,18.0,2026-07-17,1000,147000.0,SELL,06-16 00:19,6.16 00:19，出现一笔卖出看涨期权交易，成交量为1000张，未平仓数为1742张，V/OI值为0.9，交易金额为147000USD，合约行权价是18，到期日为2026/07/17
2026-06-15,US.BMNR,,PUT,16.0,2027-01-15,1763,564389.0,SELL,06-16 00:14,6.16 00:14，出现一笔卖出看跌期权交易，成交量为1763张，未平仓数为3919张，V/OI值为0.5，交易金额为564389USD，合约行权价是16，到期日为2027/01/15
2026-06-15,US.COHR,,CALL,470.0,2026-07-17,2440,5978000.0,SELL,06-16 02:07,6.16 02:07，出现一笔卖出看涨期权交易，成交量为2440张，未平仓数为147张，V/OI值为17.5，交易金额为5978000USD，合约行权价是470，到期日为2026/07/17
2026-06-15,US.COHR,,PUT,280.0,2026-07-17,3380,1352000.0,SELL,06-16 02:07,6.16 02:07，出现一笔卖出看跌期权交易，成交量为3380张，未平仓数为965张，V/OI值为3.7，交易金额为1352000USD，合约行权价是280，到期日为2026/07/17
2026-06-15,US.COHR,,PUT,370.0,2026-07-17,3380,8450000.0,BUY,06-16 02:07,6.16 02:07，出现一笔买入看跌期权交易，成交量为3380张，未平仓数为135张，V/OI值为25.1，交易金额为8450000USD，合约行权价是370，到期日为2026/07/17
2026-06-15,US.COHR,,PUT,250.0,2026-09-18,364,505962.0,SELL,06-16 00:48,6.16 00:48，出现一笔卖出看跌期权交易，成交量为364张，未平仓数为524张，V/OI值为0.8，交易金额为505962USD，合约行权价是250，到期日为2026/09/18
2026-06-15,US.COHR,,PUT,400.0,2026-06-26,200,465640.0,SELL,06-16 00:26,6.16 00:26，出现一笔卖出看跌期权交易，成交量为200张，未平仓数为116张，V/OI值为1.9，交易金额为465640USD，合约行权价是400，到期日为2026/06/26
2026-06-15,US.COIN,,CALL,250.0,2028-12-15,2000,13300000.0,BUY,06-16 02:46,6.16 02:46，出现一笔买入看涨期权交易，成交量为2000张，未平仓数为118张，V/OI值为17，交易金额为13300000USD，合约行权价是250，到期日为2028/12/15
2026-06-15,US.COIN,,CALL,450.0,2028-12-15,2000,8000000.0,SELL,06-16 02:46,6.16 02:46，出现一笔卖出看涨期权交易，成交量为2000张，未平仓数为245张，V/OI值为8.2，交易金额为8000000USD，合约行权价是450，到期日为2028/12/15
2026-06-15,US.CRCL,,CALL,80.0,2026-07-17,345,338121.0,SELL,06-16 03:20,6.16 03:20，出现一笔卖出看涨期权交易，成交量为345张，未平仓数为1624张，V/OI值为0.3，交易金额为338121USD，合约行权价是80，到期日为2026/07/17
2026-06-15,US.CRCL,,CALL,90.0,2026-07-17,502,301200.0,SELL,06-16 02:50,6.16 02:50，出现一笔卖出看涨期权交易，成交量为502张，未平仓数为2399张，V/OI值为0.4，交易金额为301200USD，合约行权价是90，到期日为2026/07/17
2026-06-15,US.CRCL,,CALL,100.0,2026-07-17,718,244241.0,SELL,06-16 02:50,6.16 02:50，出现一笔卖出看涨期权交易，成交量为718张，未平仓数为2118张，V/OI值为3.5，交易金额为244241USD，合约行权价是100，到期日为2026/07/17
2026-06-15,US.CRCL,,PUT,115.0,2026-06-18,300,870000.0,BUY,06-16 00:33,6.16 00:33，出现一笔买入看跌期权交易，成交量为300张，未平仓数为4660张，V/OI值为0.1，交易金额为870000USD，合约行权价是115，到期日为2026/06/18
2026-06-15,US.CRCL,,PUT,75.0,2026-12-18,200,272400.0,BUY,06-16 00:27,6.16 00:27，出现一笔买入看跌期权交易，成交量为200张，未平仓数为1956张，V/OI值为0.1，交易金额为272400USD，合约行权价是75，到期日为2026/12/18
2026-06-15,US.CRM,,PUT,280.0,2026-06-18,1040,11923600.0,SELL,06-16 03:21,6.16 03:21，出现一笔卖出看跌期权交易，成交量为1040张，未平仓数为1057张，V/OI值为3.5，交易金额为11923600USD，合约行权价是280，到期日为2026/06/18
2026-06-15,US.CRM,,PUT,220.0,2026-06-18,1200,6618000.0,BUY,06-16 03:21,6.16 03:21，出现一笔买入看跌期权交易，成交量为1200张，未平仓数为1193张，V/OI值为3.5，交易金额为6618000USD，合约行权价是220，到期日为2026/06/18
2026-06-15,US.CRM,,PUT,230.0,2026-06-18,3140,20362900.0,BUY,06-16 03:21,6.16 03:21，出现一笔买入看跌期权交易，成交量为3140张，未平仓数为4972张，V/OI值为2.3，交易金额为20362900USD，合约行权价是230，到期日为2026/06/18
2026-06-15,US.CRM,,PUT,220.0,2026-06-18,1790,9719700.0,SELL,06-16 03:18,6.16 03:18，出现一笔卖出看跌期权交易，成交量为1790张，未平仓数为1193张，V/OI值为2.5，交易金额为9719700USD，合约行权价是220，到期日为2026/06/18
2026-06-15,US.CRM,,PUT,230.0,2026-06-18,1182,7595532.0,SELL,06-16 03:18,6.16 03:18，出现一笔卖出看跌期权交易，成交量为1182张，未平仓数为4972张，V/OI值为1.5，交易金额为7595532USD，合约行权价是230，到期日为2026/06/18
2026-06-15,US.CRM,,PUT,280.0,2026-06-18,1472,17075200.0,BUY,06-16 03:17,6.16 03:17，出现一笔买入看跌期权交易，成交量为1472张，未平仓数为1057张，V/OI值为2.5，交易金额为17075200USD，合约行权价是280，到期日为2026/06/18
2026-06-15,US.CRM,,PUT,230.0,2026-06-18,1858,12201486.0,BUY,06-16 03:17,6.16 03:17，出现一笔买入看跌期权交易，成交量为1858张，未平仓数为4972张，V/OI值为1.3，交易金额为12201486USD，合约行权价是230，到期日为2026/06/18
2026-06-15,US.CRM,,PUT,280.0,2026-06-18,1040,11830000.0,SELL,06-16 03:09,6.16 03:09，出现一笔卖出看跌期权交易，成交量为1040张，未平仓数为1057张，V/OI值为1，交易金额为11830000USD，合约行权价是280，到期日为2026/06/18
2026-06-15,US.CRM,,PUT,220.0,2026-06-18,1230,6678900.0,SELL,06-16 03:09,6.16 03:09，出现一笔卖出看跌期权交易，成交量为1230张，未平仓数为1193张，V/OI值为1，交易金额为6678900USD，合约行权价是220，到期日为2026/06/18
2026-06-15,US.CRM,,PUT,230.0,2026-06-18,1250,7995000.0,SELL,06-16 03:09,6.16 03:09，出现一笔卖出看跌期权交易，成交量为1250张，未平仓数为4972张，V/OI值为0.7，交易金额为7995000USD，合约行权价是230，到期日为2026/06/18
2026-06-15,US.CRM,,PUT,230.0,2026-06-18,2070,13237650.0,SELL,06-16 03:09,6.16 03:09，出现一笔卖出看跌期权交易，成交量为2070张，未平仓数为4972张，V/OI值为0.4，交易金额为13237650USD，合约行权价是230，到期日为2026/06/18
2026-06-15,US.CRM,,CALL,175.0,2026-06-18,1053,143086.0,BUY,06-16 00:00,6.16 00:00，出现一笔买入看涨期权交易，成交量为1053张，未平仓数为4523张，V/OI值为0.7，交易金额为143086USD，合约行权价是175，到期日为2026/06/18
2026-06-15,US.CRWD,,PUT,660.0,2026-10-16,291,1916252.0,SELL,06-16 03:39,6.16 03:39，出现一笔卖出看跌期权交易，成交量为291张，未平仓数为55张，V/OI值为5.3，交易金额为1916252USD，合约行权价是660，到期日为2026/10/16
2026-06-15,US.CRWD,,CALL,705.0,2026-06-18,346,288916.0,SELL,06-16 03:21,6.16 03:21，出现一笔卖出看涨期权交易，成交量为346张，未平仓数为221张，V/OI值为2.5，交易金额为288916USD，合约行权价是705，到期日为2026/06/18
2026-06-15,US.CRWV,,PUT,105.0,2027-06-17,1500,4822500.0,BUY,06-16 01:21,6.16 01:21，出现一笔买入看跌期权交易，成交量为1500张，未平仓数为95张，V/OI值为16.1，交易金额为4822500USD，合约行权价是105，到期日为2027/06/17
2026-06-15,US.CVX,,PUT,170.0,2026-09-18,775,422391.0,SELL,06-16 00:16,6.16 00:16，出现一笔卖出看跌期权交易，成交量为775张，未平仓数为5165张，V/OI值为0.2，交易金额为422391USD，合约行权价是170，到期日为2026/09/18
2026-06-15,US.DDOG,,CALL,220.0,2026-06-18,245,360150.0,SELL,06-16 03:57,6.16 03:57，出现一笔卖出看涨期权交易，成交量为245张，未平仓数为2031张，V/OI值为0.4，交易金额为360150USD，合约行权价是220，到期日为2026/06/18
2026-06-15,US.DDOG,,CALL,220.0,2026-06-18,245,355250.0,SELL,06-16 03:57,6.16 03:57，出现一笔卖出看涨期权交易，成交量为245张，未平仓数为2031张，V/OI值为0.2，交易金额为355250USD，合约行权价是220，到期日为2026/06/18
2026-06-15,US.DDOG,,CALL,310.0,2026-10-16,214,300690.0,SELL,06-16 03:01,6.16 03:01，出现一笔卖出看涨期权交易，成交量为214张，未平仓数为61张，V/OI值为3.5，交易金额为300690USD，合约行权价是310，到期日为2026/10/16
2026-06-15,US.DDOG,,CALL,320.0,2026-10-16,244,309850.0,BUY,06-16 03:01,6.16 03:01，出现一笔买入看涨期权交易，成交量为244张，未平仓数为114张，V/OI值为2.1，交易金额为309850USD，合约行权价是320，到期日为2026/10/16
2026-06-15,US.DRAM,,CALL,85.0,2026-07-17,1202,360599.0,BUY,06-16 02:26,6.16 02:26，出现一笔买入看涨期权交易，成交量为1202张，未平仓数为901张，V/OI值为2，交易金额为360599USD，合约行权价是85，到期日为2026/07/17
2026-06-15,US.DRAM,,CALL,80.0,2026-07-17,1000,410000.0,BUY,06-16 01:00,6.16 01:00，出现一笔买入看涨期权交易，成交量为1000张，未平仓数为5695张，V/OI值为0.8，交易金额为410000USD，合约行权价是80，到期日为2026/07/17
2026-06-15,US.DRAM,,CALL,60.0,2026-11-20,2000,4136000.0,SELL,06-16 00:11,6.16 00:11，出现一笔卖出看涨期权交易，成交量为2000张，未平仓数为676张，V/OI值为6，交易金额为4136000USD，合约行权价是60，到期日为2026/11/20
2026-06-15,US.FCX,,CALL,70.0,2028-01-21,662,1298844.0,SELL,06-16 02:49,6.16 02:49，出现一笔卖出看涨期权交易，成交量为662张，未平仓数为2178张，V/OI值为2.8，交易金额为1298844USD，合约行权价是70，到期日为2028/01/21
2026-06-15,US.FCX,,CALL,65.0,2026-06-18,662,365424.0,SELL,06-16 02:49,6.16 02:49，出现一笔卖出看涨期权交易，成交量为662张，未平仓数为32173张，V/OI值为0.2，交易金额为365424USD，合约行权价是65，到期日为2026/06/18
2026-06-15,US.FCX,,CALL,70.0,2028-01-21,300,589500.0,SELL,06-16 02:47,6.16 02:47，出现一笔卖出看涨期权交易，成交量为300张，未平仓数为2178张，V/OI值为2.4，交易金额为589500USD，合约行权价是70，到期日为2028/01/21
2026-06-15,US.FCX,,CALL,70.0,2028-01-21,968,1901152.0,SELL,06-16 02:45,6.16 02:45，出现一笔卖出看涨期权交易，成交量为968张，未平仓数为2178张，V/OI值为1.8，交易金额为1901152USD，合约行权价是70，到期日为2028/01/21
2026-06-15,US.FCX,,CALL,65.0,2026-06-18,968,533368.0,BUY,06-16 02:45,6.16 02:45，出现一笔买入看涨期权交易，成交量为968张，未平仓数为32173张，V/OI值为0.2，交易金额为533368USD，合约行权价是65，到期日为2026/06/18
2026-06-15,US.FCX,,CALL,70.0,2028-01-21,676,1319552.0,SELL,06-16 02:45,6.16 02:45，出现一笔卖出看涨期权交易，成交量为676张，未平仓数为2178张，V/OI值为1.4，交易金额为1319552USD，合约行权价是70，到期日为2028/01/21
2026-06-15,US.FCX,,CALL,70.0,2028-01-21,200,390400.0,SELL,06-16 02:45,6.16 02:45，出现一笔卖出看涨期权交易，成交量为200张，未平仓数为2178张，V/OI值为1，交易金额为390400USD，合约行权价是70，到期日为2028/01/21
2026-06-15,US.FCX,,CALL,65.0,2026-06-18,676,366392.0,SELL,06-16 02:45,6.16 02:45，出现一笔卖出看涨期权交易，成交量为676张，未平仓数为32173张，V/OI值为0.1，交易金额为366392USD，合约行权价是65，到期日为2026/06/18
2026-06-15,US.FCX,,CALL,70.0,2028-01-21,773,1508896.0,SELL,06-16 02:45,6.16 02:45，出现一笔卖出看涨期权交易，成交量为773张，未平仓数为2178张，V/OI值为0.9，交易金额为1508896USD，合约行权价是70，到期日为2028/01/21
2026-06-15,US.FCX,,CALL,65.0,2026-06-18,773,418966.0,BUY,06-16 02:45,6.16 02:45，出现一笔买入看涨期权交易，成交量为773张，未平仓数为32173张，V/OI值为0.1，交易金额为418966USD，合约行权价是65，到期日为2026/06/18
2026-06-15,US.FCX,,CALL,70.0,2028-01-21,750,1449750.0,SELL,06-16 02:44,6.16 02:44，出现一笔卖出看涨期权交易，成交量为750张，未平仓数为2178张，V/OI值为0.5，交易金额为1449750USD，合约行权价是70，到期日为2028/01/21
2026-06-15,US.FCX,,CALL,65.0,2026-06-18,750,399750.0,BUY,06-16 02:44,6.16 02:44，出现一笔买入看涨期权交易，成交量为750张，未平仓数为32173张，V/OI值为0.1，交易金额为399750USD，合约行权价是65，到期日为2026/06/18
2026-06-15,US.FCX,,CALL,75.0,2026-08-21,536,257270.0,BUY,06-16 02:32,6.16 02:32，出现一笔买入看涨期权交易，成交量为536张，未平仓数为7703张，V/OI值为0.1，交易金额为257270USD，合约行权价是75，到期日为2026/08/21
2026-06-15,US.FCX,,CALL,70.0,2026-08-21,364,239512.0,SELL,06-16 01:16,6.16 01:16，出现一笔卖出看涨期权交易，成交量为364张，未平仓数为8818张，V/OI值为0.2，交易金额为239512USD，合约行权价是70，到期日为2026/08/21
2026-06-15,US.FCX,,PUT,70.0,2026-08-21,1000,668000.0,SELL,06-16 00:12,6.16 00:12，出现一笔卖出看跌期权交易，成交量为1000张，未平仓数为1882张，V/OI值为0.5，交易金额为668000USD，合约行权价是70，到期日为2026/08/21
2026-06-15,US.FCX,,CALL,70.0,2026-08-21,1000,646000.0,SELL,06-16 00:12,6.16 00:12，出现一笔卖出看涨期权交易，成交量为1000张，未平仓数为8818张，V/OI值为0.1，交易金额为646000USD，合约行权价是70，到期日为2026/08/21
2026-06-15,US.GEMI,,CALL,4.0,2026-06-26,400,46000.0,SELL,06-16 01:05,6.16 01:05，出现一笔卖出看涨期权交易，成交量为400张，未平仓数为802张，V/OI值为1.1，交易金额为46000USD，合约行权价是4，到期日为2026/06/26
2026-06-15,US.GFS,,CALL,85.0,2026-06-18,1000,204028.0,SELL,06-16 00:03,6.16 00:03，出现一笔卖出看涨期权交易，成交量为1000张，未平仓数为3284张，V/OI值为0.4，交易金额为204028USD，合约行权价是85，到期日为2026/06/18
2026-06-15,US.GOOGL,,CALL,380.0,2026-06-18,2000,386000.0,BUY,06-16 01:23,6.16 01:23，出现一笔买入看涨期权交易，成交量为2000张，未平仓数为13667张，V/OI值为0.7，交易金额为386000USD，合约行权价是380，到期日为2026/06/18
2026-06-15,US.GOOGL,,CALL,380.0,2026-07-17,1450,1624000.0,BUY,06-16 00:02,6.16 00:02，出现一笔买入看涨期权交易，成交量为1450张，未平仓数为8022张，V/OI值为0.3，交易金额为1624000USD，合约行权价是380，到期日为2026/07/17
2026-06-15,US.HOOD,,PUT,90.0,2026-07-17,1000,360000.0,BUY,06-16 03:50,6.16 03:50，出现一笔买入看跌期权交易，成交量为1000张，未平仓数为3132张，V/OI值为4.4，交易金额为360000USD，合约行权价是90，到期日为2026/07/17
2026-06-15,US.HOOD,,PUT,70.0,2026-07-17,3000,132000.0,BUY,06-16 03:40,6.16 03:40，出现一笔买入看跌期权交易，成交量为3000张，未平仓数为15297张，V/OI值为0.3，交易金额为132000USD，合约行权价是70，到期日为2026/07/17
2026-06-15,US.HOOD,,PUT,85.0,2027-01-15,4500,5544000.0,BUY,06-16 03:16,6.16 03:16，出现一笔买入看跌期权交易，成交量为4500张，未平仓数为2427张，V/OI值为1.9，交易金额为5544000USD，合约行权价是85，到期日为2027/01/15
2026-06-15,US.HOOD,,CALL,85.0,2026-07-17,1225,2070250.0,BUY,06-16 02:36,6.16 02:36，出现一笔买入看涨期权交易，成交量为1225张，未平仓数为7203张，V/OI值为0.8，交易金额为2070250USD，合约行权价是85，到期日为2026/07/17
2026-06-15,US.HOOD,,PUT,90.0,2026-07-17,1674,585986.0,SELL,06-16 01:12,6.16 01:12，出现一笔卖出看跌期权交易，成交量为1674张，未平仓数为3132张，V/OI值为3.6，交易金额为585986USD，合约行权价是90，到期日为2026/07/17
2026-06-15,US.HOOD,,PUT,75.0,2026-09-18,1613,588767.0,SELL,06-16 00:47,6.16 00:47，出现一笔卖出看跌期权交易，成交量为1613张，未平仓数为4867张，V/OI值为0.4，交易金额为588767USD，合约行权价是75，到期日为2026/09/18
2026-06-15,US.HOOD,,PUT,90.0,2026-07-17,4517,1535780.0,BUY,06-16 00:29,6.16 00:29，出现一笔买入看跌期权交易，成交量为4517张，未平仓数为3132张，V/OI值为2.9，交易金额为1535780USD，合约行权价是90，到期日为2026/07/17
2026-06-15,US.HPE,,CALL,24.0,2026-06-18,4100,10332000.0,BUY,06-16 03:38,6.16 03:38，出现一笔买入看涨期权交易，成交量为4100张，未平仓数为5329张，V/OI值为4.2，交易金额为10332000USD，合约行权价是24，到期日为2026/06/18
2026-06-15,US.HPE,,CALL,26.0,2026-06-18,4300,9782500.0,SELL,06-16 03:38,6.16 03:38，出现一笔卖出看涨期权交易，成交量为4300张，未平仓数为5470张，V/OI值为4.1，交易金额为9782500USD，合约行权价是26，到期日为2026/06/18
2026-06-15,US.HPE,,CALL,25.0,2026-06-18,4650,11090250.0,SELL,06-16 03:38,6.16 03:38，出现一笔卖出看涨期权交易，成交量为4650张，未平仓数为5959张，V/OI值为4.2，交易金额为11090250USD，合约行权价是25，到期日为2026/06/18
2026-06-15,US.HPE,,CALL,25.0,2026-06-18,4510,10688700.0,BUY,06-16 01:48,6.16 01:48，出现一笔买入看涨期权交易，成交量为4510张，未平仓数为5959张，V/OI值为3，交易金额为10688700USD，合约行权价是25，到期日为2026/06/18
2026-06-15,US.HPE,,CALL,24.0,2026-06-18,4000,9860000.0,BUY,06-16 01:48,6.16 01:48，出现一笔买入看涨期权交易，成交量为4000张，未平仓数为5329张，V/OI值为3，交易金额为9860000USD，合约行权价是24，到期日为2026/06/18
2026-06-15,US.HPE,,CALL,20.0,2026-06-18,2475,7004250.0,SELL,06-16 01:38,6.16 01:38，出现一笔卖出看涨期权交易，成交量为2475张，未平仓数为2461张，V/OI值为2.2，交易金额为7004250USD，合约行权价是20，到期日为2026/06/18
2026-06-15,US.HPE,,CALL,22.0,2026-06-18,3150,8300250.0,SELL,06-16 01:38,6.16 01:38，出现一笔卖出看涨期权交易，成交量为3150张，未平仓数为3132张，V/OI值为2.2，交易金额为8300250USD，合约行权价是22，到期日为2026/06/18
2026-06-15,US.HPE,,CALL,24.0,2026-06-18,5350,13161000.0,BUY,06-16 01:38,6.16 01:38，出现一笔买入看涨期权交易，成交量为5350张，未平仓数为5329张，V/OI值为2.2，交易金额为13161000USD，合约行权价是24，到期日为2026/06/18
2026-06-15,US.HPE,,CALL,27.0,2026-06-18,2075,4482000.0,SELL,06-16 01:38,6.16 01:38，出现一笔卖出看涨期权交易，成交量为2075张，未平仓数为2888张，V/OI值为2.2，交易金额为4482000USD，合约行权价是27，到期日为2026/06/18
2026-06-15,US.HPE,,CALL,26.0,2026-06-18,5125,11685000.0,BUY,06-16 01:38,6.16 01:38，出现一笔买入看涨期权交易，成交量为5125张，未平仓数为5470张，V/OI值为2.1，交易金额为11685000USD，合约行权价是26，到期日为2026/06/18
2026-06-15,US.HPE,,CALL,25.0,2026-06-18,5975,14130875.0,BUY,06-16 01:38,6.16 01:38，出现一笔买入看涨期权交易，成交量为5975张，未平仓数为5959张，V/OI值为2.2，交易金额为14130875USD，合约行权价是25，到期日为2026/06/18
2026-06-15,US.HPE,,CALL,30.0,2026-06-18,3150,5906250.0,BUY,06-16 01:38,6.16 01:38，出现一笔买入看涨期权交易，成交量为3150张，未平仓数为3126张，V/OI值为2.2，交易金额为5906250USD，合约行权价是30，到期日为2026/06/18
2026-06-15,US.HPE,,CALL,35.0,2026-06-18,2700,3685500.0,SELL,06-16 01:38,6.16 01:38，出现一笔卖出看涨期权交易，成交量为2700张，未平仓数为3300张，V/OI值为2.2，交易金额为3685500USD，合约行权价是35，到期日为2026/06/18
2026-06-15,US.HPE,,CALL,20.0,2026-06-18,2900,8279500.0,BUY,06-16 01:28,6.16 01:28，出现一笔买入看涨期权交易，成交量为2900张，未平仓数为2461张，V/OI值为1.2，交易金额为8279500USD，合约行权价是20，到期日为2026/06/18
2026-06-15,US.HPE,,CALL,22.0,2026-06-18,3600,9594000.0,BUY,06-16 01:28,6.16 01:28，出现一笔买入看涨期权交易，成交量为3600张，未平仓数为3132张，V/OI值为1.2，交易金额为9594000USD，合约行权价是22，到期日为2026/06/18
2026-06-15,US.HPE,,CALL,33.0,2026-06-18,1200,1860000.0,SELL,06-16 01:28,6.16 01:28，出现一笔卖出看涨期权交易，成交量为1200张，未平仓数为1068张，V/OI值为1.2，交易金额为1860000USD，合约行权价是33，到期日为2026/06/18
2026-06-15,US.HPE,,CALL,30.0,2026-06-18,3600,6624000.0,SELL,06-16 01:28,6.16 01:28，出现一笔卖出看涨期权交易，成交量为3600张，未平仓数为3126张，V/OI值为1.2，交易金额为6624000USD，合约行权价是30，到期日为2026/06/18
2026-06-15,US.HPE,,CALL,17.0,2026-06-18,1700,5338000.0,SELL,06-16 01:28,6.16 01:28，出现一笔卖出看涨期权交易，成交量为1700张，未平仓数为1690张，V/OI值为1，交易金额为5338000USD，合约行权价是17，到期日为2026/06/18
2026-06-15,US.HPE,,CALL,27.0,2026-06-18,3400,7378000.0,BUY,06-16 01:28,6.16 01:28，出现一笔买入看涨期权交易，成交量为3400张，未平仓数为2888张，V/OI值为1.2，交易金额为7378000USD，合约行权价是27，到期日为2026/06/18
2026-06-15,US.HPE,,CALL,31.0,2026-06-18,1500,2617500.0,SELL,06-16 01:28,6.16 01:28，出现一笔卖出看涨期权交易，成交量为1500张，未平仓数为1197张，V/OI值为1.3，交易金额为2617500USD，合约行权价是31，到期日为2026/06/18
2026-06-15,US.HPE,,CALL,28.0,2026-06-18,1800,3681000.0,SELL,06-16 01:28,6.16 01:28，出现一笔卖出看涨期权交易，成交量为1800张，未平仓数为1696张，V/OI值为1.1，交易金额为3681000USD，合约行权价是28，到期日为2026/06/18
2026-06-15,US.HPE,,CALL,26.0,2026-06-18,6600,14784000.0,SELL,06-16 01:28,6.16 01:28，出现一笔卖出看涨期权交易，成交量为6600张，未平仓数为5470张，V/OI值为1.2，交易金额为14784000USD，合约行权价是26，到期日为2026/06/18
2026-06-15,US.HPE,,CALL,25.0,2026-06-18,7200,16992000.0,BUY,06-16 01:28,6.16 01:28，出现一笔买入看涨期权交易，成交量为7200张，未平仓数为5959张，V/OI值为1.2，交易金额为16992000USD，合约行权价是25，到期日为2026/06/18
2026-06-15,US.HPE,,CALL,23.0,2026-06-18,1200,3048000.0,SELL,06-16 01:28,6.16 01:28，出现一笔卖出看涨期权交易，成交量为1200张，未平仓数为1065张，V/OI值为1.1，交易金额为3048000USD，合约行权价是23，到期日为2026/06/18
2026-06-15,US.HPE,,CALL,60.0,2026-12-18,5000,3150000.0,BUY,06-16 01:03,6.16 01:03，出现一笔买入看涨期权交易，成交量为5000张，未平仓数为180张，V/OI值为27.8，交易金额为3150000USD，合约行权价是60，到期日为2026/12/18
2026-06-15,US.IBIT,,PUT,52.0,2026-06-18,10500,14805000.0,SELL,06-16 03:19,6.16 03:19，出现一笔卖出看跌期权交易，成交量为10500张，未平仓数为26724张，V/OI值为0.8，交易金额为14805000USD，合约行权价是52，到期日为2026/06/18
2026-06-15,US.IBIT,,PUT,70.0,2027-01-15,10395,33336765.0,SELL,06-16 03:19,6.16 03:19，出现一笔卖出看跌期权交易，成交量为10395张，未平仓数为10289张，V/OI值为1，交易金额为33336765USD，合约行权价是70，到期日为2027/01/15
2026-06-15,US.IBIT,,PUT,52.0,2026-06-18,9960,14242800.0,BUY,06-16 03:09,6.16 03:09，出现一笔买入看跌期权交易，成交量为9960张，未平仓数为26724张，V/OI值为0.4，交易金额为14242800USD，合约行权价是52，到期日为2026/06/18
2026-06-15,US.IBIT,,PUT,59.0,2026-06-18,2770,5900100.0,BUY,06-16 03:09,6.16 03:09，出现一笔买入看跌期权交易，成交量为2770张，未平仓数为3074张，V/OI值为0.9，交易金额为5900100USD，合约行权价是59，到期日为2026/06/18
2026-06-15,US.IBIT,,PUT,50.0,2026-06-18,5300,6519000.0,BUY,06-16 03:09,6.16 03:09，出现一笔买入看跌期权交易，成交量为5300张，未平仓数为5969张，V/OI值为0.9，交易金额为6519000USD，合约行权价是50，到期日为2026/06/18
2026-06-15,US.IBIT,,CALL,38.0,2026-06-17,3000,105000.0,SELL,06-16 02:52,6.16 02:52，出现一笔卖出看涨期权交易，成交量为3000张，未平仓数为1004张，V/OI值为42.2，交易金额为105000USD，合约行权价是38，到期日为2026/06/17
2026-06-15,US.IBIT,,CALL,38.5,2026-06-17,5185,98515.0,SELL,06-16 02:22,6.16 02:22，出现一笔卖出看涨期权交易，成交量为5185张，未平仓数为336张，V/OI值为68.7，交易金额为98515USD，合约行权价是38.5，到期日为2026/06/17
2026-06-15,US.IBIT,,CALL,46.0,2027-01-15,2748,700740.0,SELL,06-16 01:53,6.16 01:53，出现一笔卖出看涨期权交易，成交量为2748张，未平仓数为5494张，V/OI值为0.5，交易金额为700740USD，合约行权价是46，到期日为2027/01/15
2026-06-15,US.IBIT,,PUT,36.0,2026-07-17,4800,441600.0,BUY,06-16 01:04,6.16 01:04，出现一笔买入看跌期权交易，成交量为4800张，未平仓数为8085张，V/OI值为1.5，交易金额为441600USD，合约行权价是36，到期日为2026/07/17
2026-06-15,US.IBIT,,PUT,35.0,2026-07-17,2302,140422.0,SELL,06-16 00:59,6.16 00:59，出现一笔卖出看跌期权交易，成交量为2302张，未平仓数为15838张，V/OI值为0.5，交易金额为140422USD，合约行权价是35，到期日为2026/07/17
2026-06-15,US.IBIT,,PUT,38.0,2026-07-17,2302,372924.0,BUY,06-16 00:59,6.16 00:59，出现一笔买入看跌期权交易，成交量为2302张，未平仓数为43021张，V/OI值为0.2，交易金额为372924USD，合约行权价是38，到期日为2026/07/17
2026-06-15,US.IBIT,,CALL,40.0,2026-06-26,7177,229664.0,SELL,06-16 00:42,6.16 00:42，出现一笔卖出看涨期权交易，成交量为7177张，未平仓数为6599张，V/OI值为1.9，交易金额为229664USD，合约行权价是40，到期日为2026/06/26
2026-06-15,US.IBIT,,CALL,40.0,2026-06-26,3874,123968.0,SELL,06-16 00:34,6.16 00:34，出现一笔卖出看涨期权交易，成交量为3874张，未平仓数为6599张，V/OI值为0.7，交易金额为123968USD，合约行权价是40，到期日为2026/06/26
2026-06-15,US.IBIT,,CALL,38.0,2026-06-17,3230,164730.0,BUY,06-16 00:30,6.16 00:30，出现一笔买入看涨期权交易，成交量为3230张，未平仓数为1004张，V/OI值为29.9，交易金额为164730USD，合约行权价是38，到期日为2026/06/17
2026-06-15,US.IBIT,,PUT,42.0,2026-06-18,2965,1171175.0,BUY,06-16 00:22,6.16 00:22，出现一笔买入看跌期权交易，成交量为2965张，未平仓数为16282张，V/OI值为0.2，交易金额为1171175USD，合约行权价是42，到期日为2026/06/18
2026-06-15,US.IBIT,,PUT,36.0,2026-07-17,2965,254990.0,SELL,06-16 00:22,6.16 00:22，出现一笔卖出看跌期权交易，成交量为2965张，未平仓数为8085张，V/OI值为0.5，交易金额为254990USD，合约行权价是36，到期日为2026/07/17
2026-06-15,US.IGV,,PUT,93.0,2026-08-21,1267,696850.0,SELL,06-16 03:55,6.16 03:55，出现一笔卖出看跌期权交易，成交量为1267张，未平仓数为368张，V/OI值为6.3，交易金额为696850USD，合约行权价是93，到期日为2026/08/21
2026-06-15,US.IGV,,CALL,95.0,2026-09-18,5000,3050000.0,SELL,06-16 03:35,6.16 03:35，出现一笔卖出看涨期权交易，成交量为5000张，未平仓数为2205张，V/OI值为2.4，交易金额为3050000USD，合约行权价是95，到期日为2026/09/18
2026-06-15,US.IGV,,CALL,108.0,2026-07-17,3000,150000.0,BUY,06-16 00:18,6.16 00:18，出现一笔买入看涨期权交易，成交量为3000张，未平仓数为456张，V/OI值为6.6，交易金额为150000USD，合约行权价是108，到期日为2026/07/17
2026-06-15,US.INTC,,CALL,125.0,2027-01-15,1800,6307580.0,SELL,06-16 03:35,6.16 03:35，出现一笔卖出看涨期权交易，成交量为1800张，未平仓数为7725张，V/OI值为0.4，交易金额为6307580USD，合约行权价是125，到期日为2027/01/15
2026-06-15,US.INTC,,PUT,100.0,2026-06-26,1981,134708.0,SELL,06-16 03:30,6.16 03:30，出现一笔卖出看跌期权交易，成交量为1981张，未平仓数为2183张，V/OI值为1.3，交易金额为134708USD，合约行权价是100，到期日为2026/06/26
2026-06-15,US.INTC,,PUT,95.0,2026-07-02,1793,145233.0,SELL,06-16 02:25,6.16 02:25，出现一笔卖出看跌期权交易，成交量为1793张，未平仓数为1626张，V/OI值为1.2，交易金额为145233USD，合约行权价是95，到期日为2026/07/02
2026-06-15,US.INTC,,PUT,95.0,2026-09-18,9500,6697500.0,SELL,06-16 01:28,6.16 01:28，出现一笔卖出看跌期权交易，成交量为9500张，未平仓数为8532张，V/OI值为1.1，交易金额为6697500USD，合约行权价是95，到期日为2026/09/18
2026-06-15,US.INTC,,PUT,47.0,2027-01-15,1117,170901.0,SELL,06-16 00:14,6.16 00:14，出现一笔卖出看跌期权交易，成交量为1117张，未平仓数为4479张，V/OI值为0.8，交易金额为170901USD，合约行权价是47，到期日为2027/01/15
2026-06-15,US.INTC,,PUT,47.0,2027-01-15,1117,170901.0,SELL,06-16 00:14,6.16 00:14，出现一笔卖出看跌期权交易，成交量为1117张，未平仓数为4479张，V/OI值为0.5，交易金额为170901USD，合约行权价是47，到期日为2027/01/15
2026-06-15,US.INTC,,PUT,42.0,2027-01-15,1117,125104.0,SELL,06-16 00:14,6.16 00:14，出现一笔卖出看跌期权交易，成交量为1117张，未平仓数为18001张，V/OI值为0.2，交易金额为125104USD，合约行权价是42，到期日为2027/01/15
2026-06-15,US.INTC,,PUT,42.0,2027-01-15,1117,125104.0,SELL,06-16 00:14,6.16 00:14，出现一笔卖出看跌期权交易，成交量为1117张，未平仓数为18001张，V/OI值为0.1，交易金额为125104USD，合约行权价是42，到期日为2027/01/15
2026-06-15,US.INTU,,CALL,360.0,2026-09-18,286,314580.0,BUY,06-16 03:06,6.16 03:06，出现一笔买入看涨期权交易，成交量为286张，未平仓数为93张，V/OI值为3.1，交易金额为314580USD，合约行权价是360，到期日为2026/09/18
2026-06-15,US.IREN,,CALL,80.0,2026-07-17,2000,440000.0,BUY,06-16 03:52,6.16 03:52，出现一笔买入看涨期权交易，成交量为2000张，未平仓数为15830张，V/OI值为0.3，交易金额为440000USD，合约行权价是80，到期日为2026/07/17
2026-06-15,US.IREN,,PUT,40.0,2026-07-02,4500,193500.0,BUY,06-16 03:31,6.16 03:31，出现一笔买入看跌期权交易，成交量为4500张，未平仓数为2536张，V/OI值为8，交易金额为193500USD，合约行权价是40，到期日为2026/07/02
2026-06-15,US.IREN,,CALL,70.0,2026-09-18,1250,1343750.0,SELL,06-16 01:13,6.16 01:13，出现一笔卖出看涨期权交易，成交量为1250张，未平仓数为7082张，V/OI值为0.3，交易金额为1343750USD，合约行权价是70，到期日为2026/09/18
2026-06-15,US.IREN,,CALL,135.0,2028-09-15,1750,4228000.0,BUY,06-16 01:13,6.16 01:13，出现一笔买入看涨期权交易，成交量为1750张，未平仓数为44张，V/OI值为39.8，交易金额为4228000USD，合约行权价是135，到期日为2028/09/15
2026-06-15,US.IREN,,PUT,35.0,2026-08-21,1229,164686.0,SELL,06-16 01:00,6.16 01:00，出现一笔卖出看跌期权交易，成交量为1229张，未平仓数为848张，V/OI值为1.5，交易金额为164686USD，合约行权价是35，到期日为2026/08/21
2026-06-15,US.IWM,,PUT,281.0,2026-07-17,11491,3228971.0,SELL,06-16 04:08,6.16 04:08，出现一笔卖出看跌期权交易，成交量为11491张，未平仓数为5520张，V/OI值为6.7，交易金额为3228971USD，合约行权价是281，到期日为2026/07/17
2026-06-15,US.IWM,,PUT,280.0,2026-07-17,11491,3045115.0,BUY,06-16 04:08,6.16 04:08，出现一笔买入看跌期权交易，成交量为11491张，未平仓数为21917张，V/OI值为1.3，交易金额为3045115USD，合约行权价是280，到期日为2026/07/17
2026-06-15,US.IWM,,PUT,285.0,2026-06-18,5000,265000.0,SELL,06-16 03:10,6.16 03:10，出现一笔卖出看跌期权交易，成交量为5000张，未平仓数为49287张，V/OI值为0.7，交易金额为265000USD，合约行权价是285，到期日为2026/06/18
2026-06-15,US.IWM,,PUT,290.0,2026-06-18,5000,595000.0,BUY,06-16 03:10,6.16 03:10，出现一笔买入看跌期权交易，成交量为5000张，未平仓数为63213张，V/OI值为0.2，交易金额为595000USD，合约行权价是290，到期日为2026/06/18
2026-06-15,US.IWM,,PUT,295.0,2026-08-21,3500,3580500.0,SELL,06-16 03:07,6.16 03:07，出现一笔卖出看跌期权交易，成交量为3500张，未平仓数为1005张，V/OI值为4.4，交易金额为3580500USD，合约行权价是295，到期日为2026/08/21
2026-06-15,US.IWM,,CALL,295.0,2026-08-21,3500,4070500.0,BUY,06-16 03:07,6.16 03:07，出现一笔买入看涨期权交易，成交量为3500张，未平仓数为8990张，V/OI值为0.4，交易金额为4070500USD，合约行权价是295，到期日为2026/08/21
2026-06-15,US.IWM,,PUT,240.0,2026-09-18,3000,438000.0,BUY,06-16 01:06,6.16 01:06，出现一笔买入看跌期权交易，成交量为3000张，未平仓数为41190张，V/OI值为0.1，交易金额为438000USD，合约行权价是240，到期日为2026/09/18
2026-06-15,US.IWM,,PUT,287.0,2026-06-18,5362,343168.0,SELL,06-16 01:05,6.16 01:05，出现一笔卖出看跌期权交易，成交量为5362张，未平仓数为4107张，V/OI值为7.2，交易金额为343168USD，合约行权价是287，到期日为2026/06/18
2026-06-15,US.IWM,,PUT,283.0,2026-07-17,3196,958781.0,SELL,06-16 01:03,6.16 01:03，出现一笔卖出看跌期权交易，成交量为3196张，未平仓数为2795张，V/OI值为17.6，交易金额为958781USD，合约行权价是283，到期日为2026/07/17
2026-06-15,US.IWM,,PUT,235.0,2027-12-17,5000,4875000.0,BUY,06-16 00:56,6.16 00:56，出现一笔买入看跌期权交易，成交量为5000张，未平仓数为4744张，V/OI值为1.1，交易金额为4875000USD，合约行权价是235，到期日为2027/12/17
2026-06-15,US.IWM,,CALL,301.0,2026-06-18,4903,465785.0,SELL,06-16 00:38,6.16 00:38，出现一笔卖出看涨期权交易，成交量为4903张，未平仓数为2946张，V/OI值为1.8，交易金额为465785USD，合约行权价是301，到期日为2026/06/18
2026-06-15,US.IWM,,CALL,320.0,2026-07-17,3600,352800.0,SELL,06-16 00:04,6.16 00:04，出现一笔卖出看涨期权交易，成交量为3600张，未平仓数为8144张，V/OI值为0.5，交易金额为352800USD，合约行权价是320，到期日为2026/07/17
2026-06-15,US.IWM,,PUT,280.0,2026-07-02,5683,738790.0,BUY,06-16 00:01,6.16 00:01，出现一笔买入看跌期权交易，成交量为5683张，未平仓数为12414张，V/OI值为0.9，交易金额为738790USD，合约行权价是280，到期日为2026/07/02
2026-06-15,US.IWM,,PUT,270.0,2026-07-02,5683,301199.0,SELL,06-16 00:01,6.16 00:01，出现一笔卖出看跌期权交易，成交量为5683张，未平仓数为14228张，V/OI值为0.8，交易金额为301199USD，合约行权价是270，到期日为2026/07/02
2026-06-15,US.JD,,CALL,32.0,2026-07-17,3300,105600.0,SELL,06-16 00:54,6.16 00:54，出现一笔卖出看涨期权交易，成交量为3300张，未平仓数为13887张，V/OI值为0.3，交易金额为105600USD，合约行权价是32，到期日为2026/07/17
2026-06-15,US.MDB,,PUT,320.0,2026-09-18,250,796409.0,SELL,06-16 02:35,6.16 02:35，出现一笔卖出看跌期权交易，成交量为250张，未平仓数为134张，V/OI值为1.9，交易金额为796409USD，合约行权价是320，到期日为2026/09/18
2026-06-15,US.MDB,,PUT,347.5,2026-06-18,500,230000.0,BUY,06-16 00:42,6.16 00:42，出现一笔买入看跌期权交易，成交量为500张，未平仓数为9张，V/OI值为55.7，交易金额为230000USD，合约行权价是347.5，到期日为2026/06/18
2026-06-15,US.META,,CALL,610.0,2026-06-18,1500,532500.0,BUY,06-16 02:02,6.16 02:02，出现一笔买入看涨期权交易，成交量为1500张，未平仓数为7329张，V/OI值为0.8，交易金额为532500USD，合约行权价是610，到期日为2026/06/18
2026-06-15,US.MRVL,,PUT,150.0,2027-01-15,1000,1290000.0,BUY,06-16 02:13,6.16 02:13，出现一笔买入看跌期权交易，成交量为1000张，未平仓数为4140张，V/OI值为0.2，交易金额为1290000USD，合约行权价是150，到期日为2027/01/15
2026-06-15,US.MRVL,,CALL,350.0,2026-07-02,1000,1377095.0,BUY,06-16 01:57,6.16 01:57，出现一笔买入看涨期权交易，成交量为1000张，未平仓数为598张，V/OI值为3，交易金额为1377095USD，合约行权价是350，到期日为2026/07/02
2026-06-15,US.MSFT,,PUT,392.5,2026-06-18,1874,462880.0,SELL,06-16 03:32,6.16 03:32，出现一笔卖出看跌期权交易，成交量为1874张，未平仓数为362张，V/OI值为6.8，交易金额为462880USD，合约行权价是392.5，到期日为2026/06/18
2026-06-15,US.MSFT,,PUT,460.0,2026-06-18,1100,6715500.0,BUY,06-16 03:22,6.16 03:22，出现一笔买入看跌期权交易，成交量为1100张，未平仓数为1074张，V/OI值为3.8，交易金额为6715500USD，合约行权价是460，到期日为2026/06/18
2026-06-15,US.MSFT,,PUT,455.0,2026-06-18,1155,6335175.0,SELL,06-16 03:18,6.16 03:18，出现一笔卖出看跌期权交易，成交量为1155张，未平仓数为770张，V/OI值为3，交易金额为6335175USD，合约行权价是455，到期日为2026/06/18
2026-06-15,US.MSFT,,PUT,455.0,2026-06-18,1120,6136480.0,SELL,06-16 03:09,6.16 03:09，出现一笔卖出看跌期权交易，成交量为1120张，未平仓数为770张，V/OI值为1.5，交易金额为6136480USD，合约行权价是455，到期日为2026/06/18
2026-06-15,US.MSFT,,CALL,450.0,2027-01-15,1527,3977765.0,BUY,06-16 03:00,6.16 03:00，出现一笔买入看涨期权交易，成交量为1527张，未平仓数为15199张，V/OI值为0.2，交易金额为3977765USD，合约行权价是450，到期日为2027/01/15
2026-06-15,US.MSTR,,CALL,140.0,2026-06-18,1900,241304.0,SELL,06-16 03:33,6.16 03:33，出现一笔卖出看涨期权交易，成交量为1900张，未平仓数为7431张，V/OI值为1.8，交易金额为241304USD，合约行权价是140，到期日为2026/06/18
2026-06-15,US.MSTR,,CALL,140.0,2026-06-18,1602,320384.0,BUY,06-16 02:23,6.16 02:23，出现一笔买入看涨期权交易，成交量为1602张，未平仓数为7431张，V/OI值为1.5，交易金额为320384USD，合约行权价是140，到期日为2026/06/18
2026-06-15,US.MSTR,,CALL,135.0,2026-06-18,1900,737200.0,BUY,06-16 01:15,6.16 01:15，出现一笔买入看涨期权交易，成交量为1900张，未平仓数为22999张，V/OI值为0.4，交易金额为737200USD，合约行权价是135，到期日为2026/06/18
2026-06-15,US.NBIS,,PUT,240.0,2026-09-18,1000,4710000.0,BUY,06-16 03:54,6.16 03:54，出现一笔买入看跌期权交易，成交量为1000张，未平仓数为282张，V/OI值为3.6，交易金额为4710000USD，合约行权价是240，到期日为2026/09/18
2026-06-15,US.NBIS,,PUT,195.0,2026-07-02,2500,1237500.0,BUY,06-16 02:15,6.16 02:15，出现一笔买入看跌期权交易，成交量为2500张，未平仓数为163张，V/OI值为33.1，交易金额为1237500USD，合约行权价是195，到期日为2026/07/02
2026-06-15,US.NOK,,PUT,10.0,2026-11-20,2000,150000.0,SELL,06-16 00:51,6.16 00:51，出现一笔卖出看跌期权交易，成交量为2000张，未平仓数为86张，V/OI值为23.3，交易金额为150000USD，合约行权价是10，到期日为2026/11/20
2026-06-15,US.NOW,,CALL,109.0,2026-06-18,1110,123210.0,SELL,06-16 03:49,6.16 03:49，出现一笔卖出看涨期权交易，成交量为1110张，未平仓数为458张，V/OI值为5.1，交易金额为123210USD，合约行权价是109，到期日为2026/06/18
2026-06-15,US.NOW,,CALL,111.0,2026-06-18,1850,140600.0,BUY,06-16 03:49,6.16 03:49，出现一笔买入看涨期权交易，成交量为1850张，未平仓数为652张，V/OI值为4.6，交易金额为140600USD，合约行权价是111，到期日为2026/06/18
2026-06-15,US.NOW,,PUT,65.0,2027-06-17,1500,994500.0,SELL,06-16 02:55,6.16 02:55，出现一笔卖出看跌期权交易，成交量为1500张，未平仓数为1155张，V/OI值为1.3，交易金额为994500USD，合约行权价是65，到期日为2027/06/17
2026-06-15,US.NOW,,CALL,100.0,2026-06-26,1000,670000.0,SELL,06-16 02:09,6.16 02:09，出现一笔卖出看涨期权交易，成交量为1000张，未平仓数为1467张，V/OI值为1.4，交易金额为670000USD，合约行权价是100，到期日为2026/06/26
2026-06-15,US.NVDA,,CALL,210.0,2026-06-15,3007,571326.0,SELL,06-16 03:50,6.16 03:50，出现一笔卖出看涨期权交易，成交量为3007张，未平仓数为27236张，V/OI值为10.5，交易金额为571326USD，合约行权价是210，到期日为2026/06/15
2026-06-15,US.NVDA,,CALL,210.0,2026-06-18,2929,1171618.0,SELL,06-16 03:31,6.16 03:31，出现一笔卖出看涨期权交易，成交量为2929张，未平仓数为103302张，V/OI值为0.6，交易金额为1171618USD，合约行权价是210，到期日为2026/06/18
2026-06-15,US.NVDA,,CALL,210.0,2026-06-18,3570,1517288.0,SELL,06-16 02:33,6.16 02:33，出现一笔卖出看涨期权交易，成交量为3570张，未平仓数为103302张，V/OI值为0.5，交易金额为1517288USD，合约行权价是210，到期日为2026/06/18
2026-06-15,US.NVDA,,CALL,210.0,2026-06-17,4400,1650012.0,SELL,06-16 01:55,6.16 01:55，出现一笔卖出看涨期权交易，成交量为4400张，未平仓数为4963张，V/OI值为6.4，交易金额为1650012USD，合约行权价是210，到期日为2026/06/17
2026-06-15,US.NVDA,,CALL,210.0,2026-06-18,2787,1268130.0,SELL,06-16 01:35,6.16 01:35，出现一笔卖出看涨期权交易，成交量为2787张，未平仓数为103302张，V/OI值为0.4，交易金额为1268130USD，合约行权价是210，到期日为2026/06/18
2026-06-15,US.ORCL,,CALL,300.0,2026-09-18,1000,388000.0,BUY,06-16 00:18,6.16 00:18，出现一笔买入看涨期权交易，成交量为1000张，未平仓数为7199张，V/OI值为0.2，交易金额为388000USD，合约行权价是300，到期日为2026/09/18
2026-06-15,US.PANW,,CALL,310.0,2026-08-21,347,513560.0,BUY,06-16 01:31,6.16 01:31，出现一笔买入看涨期权交易，成交量为347张，未平仓数为257张，V/OI值为1.5，交易金额为513560USD，合约行权价是310，到期日为2026/08/21
2026-06-15,US.PDD,,PUT,85.0,2026-08-21,379,212250.0,SELL,06-16 03:42,6.16 03:42，出现一笔卖出看跌期权交易，成交量为379张，未平仓数为6772张，V/OI值为0.1，交易金额为212250USD，合约行权价是85，到期日为2026/08/21
2026-06-15,US.PDD,,PUT,100.0,2026-06-18,4880,8027600.0,BUY,06-16 03:19,6.16 03:19，出现一笔买入看跌期权交易，成交量为4880张，未平仓数为3253张，V/OI值为2.6，交易金额为8027600USD，合约行权价是100，到期日为2026/06/18
2026-06-15,US.PDD,,PUT,115.0,2026-06-18,4880,15347600.0,BUY,06-16 03:19,6.16 03:19，出现一笔买入看跌期权交易，成交量为4880张，未平仓数为3914张，V/OI值为2.4，交易金额为15347600USD，合约行权价是115，到期日为2026/06/18
2026-06-15,US.PDD,,PUT,130.0,2026-06-18,1018,4754060.0,BUY,06-16 03:17,6.16 03:17，出现一笔买入看跌期权交易，成交量为1018张，未平仓数为1533张，V/OI值为1.9，交易金额为4754060USD，合约行权价是130，到期日为2026/06/18
2026-06-15,US.PDD,,PUT,100.0,2026-06-18,3520,5741120.0,BUY,06-16 03:09,6.16 03:09，出现一笔买入看跌期权交易，成交量为3520张，未平仓数为3253张，V/OI值为1.1，交易金额为5741120USD，合约行权价是100，到期日为2026/06/18
2026-06-15,US.PDD,,PUT,115.0,2026-06-18,2680,8479520.0,BUY,06-16 03:09,6.16 03:09，出现一笔买入看跌期权交易，成交量为2680张，未平仓数为3914张，V/OI值为0.7，交易金额为8479520USD，合约行权价是115，到期日为2026/06/18
2026-06-15,US.PDD,,PUT,83.5,2026-07-02,3787,833140.0,BUY,06-16 02:41,6.16 02:41，出现一笔买入看跌期权交易，成交量为3787张，未平仓数为0张，V/OI值为0，交易金额为833140USD，合约行权价是83.5，到期日为2026/07/02
2026-06-15,US.PDD,,PUT,83.5,2026-07-02,1000,220000.0,BUY,06-16 02:40,6.16 02:40，出现一笔买入看跌期权交易，成交量为1000张，未平仓数为0张，V/OI值为0，交易金额为220000USD，合约行权价是83.5，到期日为2026/07/02
2026-06-15,US.PDD,,PUT,84.0,2026-06-26,4866,900210.0,BUY,06-16 00:52,6.16 00:52，出现一笔买入看跌期权交易，成交量为4866张，未平仓数为555张，V/OI值为9.2，交易金额为900210USD，合约行权价是84，到期日为2026/06/26
2026-06-15,US.PDD,,PUT,84.0,2026-06-18,4848,509040.0,BUY,06-16 00:24,6.16 00:24，出现一笔买入看跌期权交易，成交量为4848张，未平仓数为42张，V/OI值为123.8，交易金额为509040USD，合约行权价是84，到期日为2026/06/18
2026-06-15,US.PDD,,CALL,90.0,2026-10-16,1000,582000.0,BUY,06-16 00:10,6.16 00:10，出现一笔买入看涨期权交易，成交量为1000张，未平仓数为1329张，V/OI值为0.8，交易金额为582000USD，合约行权价是90，到期日为2026/10/16
2026-06-15,US.PLTR,,CALL,135.0,2026-07-17,1361,1007169.0,SELL,06-16 03:31,6.16 03:31，出现一笔卖出看涨期权交易，成交量为1361张，未平仓数为7947张，V/OI值为0.6，交易金额为1007169USD，合约行权价是135，到期日为2026/07/17
2026-06-15,US.PLTR,,CALL,133.0,2026-06-18,1392,466427.0,SELL,06-16 03:07,6.16 03:07，出现一笔卖出看涨期权交易，成交量为1392张，未平仓数为8802张，V/OI值为0.9，交易金额为466427USD，合约行权价是133，到期日为2026/06/18
2026-06-15,US.PLTR,,CALL,137.0,2026-06-18,2200,343200.0,BUY,06-16 01:21,6.16 01:21，出现一笔买入看涨期权交易，成交量为2200张，未平仓数为9664张，V/OI值为0.8，交易金额为343200USD，合约行权价是137，到期日为2026/06/18
2026-06-15,US.PLTR,,PUT,135.0,2026-06-18,1000,325000.0,SELL,06-16 01:16,6.16 01:16，出现一笔卖出看跌期权交易，成交量为1000张，未平仓数为10633张，V/OI值为0.2，交易金额为325000USD，合约行权价是135，到期日为2026/06/18
2026-06-15,US.PLTR,,CALL,140.0,2026-06-18,1001,105105.0,BUY,06-16 00:31,6.16 00:31，出现一笔买入看涨期权交易，成交量为1001张，未平仓数为19887张，V/OI值为0.9，交易金额为105105USD，合约行权价是140，到期日为2026/06/18
2026-06-15,US.QQQ,,PUT,620.0,2026-09-18,11000,7348000.0,BUY,06-16 04:01,6.16 04:01，出现一笔买入看跌期权交易，成交量为11000张，未平仓数为27249张，V/OI值为1.2，交易金额为7348000USD，合约行权价是620，到期日为2026/09/18
2026-06-15,US.QQQ,,PUT,715.0,2026-06-30,8215,4082852.0,BUY,06-16 04:00,6.16 04:00，出现一笔买入看跌期权交易，成交量为8215张，未平仓数为4175张，V/OI值为4.1，交易金额为4082852USD，合约行权价是715，到期日为2026/06/30
2026-06-15,US.QQQ,,PUT,620.0,2026-09-18,15000,10020000.0,BUY,06-16 03:54,6.16 03:54，出现一笔买入看跌期权交易，成交量为15000张，未平仓数为27249张，V/OI值为0.7，交易金额为10020000USD，合约行权价是620，到期日为2026/09/18
2026-06-15,US.QQQ,,PUT,710.0,2026-07-17,7500,6480000.0,BUY,06-16 02:49,6.16 02:49，出现一笔买入看跌期权交易，成交量为7500张，未平仓数为13751张，V/OI值为1，交易金额为6480000USD，合约行权价是710，到期日为2026/07/17
2026-06-15,US.QQQ,,CALL,744.0,2026-06-15,3048,228589.0,BUY,06-16 02:39,6.16 02:39，出现一笔买入看涨期权交易，成交量为3048张，未平仓数为1071张，V/OI值为375.2，交易金额为228589USD，合约行权价是744，到期日为2026/06/15
2026-06-15,US.QQQ,,PUT,685.0,2026-06-22,4142,227810.0,SELL,06-16 02:25,6.16 02:25，出现一笔卖出看跌期权交易，成交量为4142张，未平仓数为846张，V/OI值为5.8，交易金额为227810USD，合约行权价是685，到期日为2026/06/22
2026-06-15,US.QQQ,,PUT,732.0,2026-06-22,6800,3189200.0,SELL,06-16 01:22,6.16 01:22，出现一笔卖出看跌期权交易，成交量为6800张，未平仓数为21张，V/OI值为332.5，交易金额为3189200USD，合约行权价是732，到期日为2026/06/22
2026-06-15,US.QQQ,,PUT,715.0,2026-07-17,15000,14715000.0,SELL,06-16 00:55,6.16 00:55，出现一笔卖出看跌期权交易，成交量为15000张，未平仓数为7109张，V/OI值为2.3，交易金额为14715000USD，合约行权价是715，到期日为2026/07/17
2026-06-15,US.QQQ,,CALL,1035.0,2026-12-18,5000,995000.0,SELL,06-16 00:03,6.16 00:03，出现一笔卖出看涨期权交易，成交量为5000张，未平仓数为17张，V/OI值为294.2，交易金额为995000USD，合约行权价是1035，到期日为2026/12/18
2026-06-15,US.QQQ,,CALL,970.0,2026-12-18,5000,2020000.0,BUY,06-16 00:03,6.16 00:03，出现一笔买入看涨期权交易，成交量为5000张，未平仓数为5958张，V/OI值为0.8，交易金额为2020000USD，合约行权价是970，到期日为2026/12/18
2026-06-15,US.RBRK,,CALL,75.0,2026-09-18,478,377644.0,SELL,06-16 03:06,6.16 03:06，出现一笔卖出看涨期权交易，成交量为478张，未平仓数为284张，V/OI值为1.7，交易金额为377644USD，合约行权价是75，到期日为2026/09/18
2026-06-15,US.RDDT,,CALL,195.0,2026-06-26,633,212091.0,SELL,06-16 00:27,6.16 00:27，出现一笔卖出看涨期权交易，成交量为633张，未平仓数为75张，V/OI值为10.4，交易金额为212091USD，合约行权价是195，到期日为2026/06/26
2026-06-15,US.SAP,,CALL,160.0,2026-07-17,130,139100.0,SELL,06-16 03:20,6.16 03:20，出现一笔卖出看涨期权交易，成交量为130张，未平仓数为9张，V/OI值为14.6，交易金额为139100USD，合约行权价是160，到期日为2026/07/17
2026-06-15,US.SBET,,PUT,5.5,2026-07-02,3406,74932.0,SELL,06-16 03:15,6.16 03:15，出现一笔卖出看跌期权交易，成交量为3406张，未平仓数为331张，V/OI值为10.4，交易金额为74932USD，合约行权价是5.5，到期日为2026/07/02
2026-06-15,US.SBET,,PUT,6.0,2026-07-02,3406,146458.0,BUY,06-16 03:15,6.16 03:15，出现一笔买入看跌期权交易，成交量为3406张，未平仓数为95张，V/OI值为35.9，交易金额为146458USD，合约行权价是6，到期日为2026/07/02
2026-06-15,US.SNOW,,PUT,220.0,2026-07-17,587,419716.0,SELL,06-16 03:14,6.16 03:14，出现一笔卖出看跌期权交易，成交量为587张，未平仓数为3320张，V/OI值为0.3，交易金额为419716USD，合约行权价是220，到期日为2026/07/17
2026-06-15,US.SNOW,,PUT,220.0,2026-10-16,263,600965.0,SELL,06-16 01:05,6.16 01:05，出现一笔卖出看跌期权交易，成交量为263张，未平仓数为37张，V/OI值为7.9，交易金额为600965USD，合约行权价是220，到期日为2026/10/16
2026-06-15,US.SNOW,,CALL,300.0,2026-09-18,261,370620.0,BUY,06-16 00:39,6.16 00:39，出现一笔买入看涨期权交易，成交量为261张，未平仓数为802张，V/OI值为0.5，交易金额为370620USD，合约行权价是300，到期日为2026/09/18
2026-06-15,US.SNOW,,CALL,230.0,2026-06-18,400,620000.0,BUY,06-16 00:26,6.16 00:26，出现一笔买入看涨期权交易，成交量为400张，未平仓数为2420张，V/OI值为0.2，交易金额为620000USD，合约行权价是230，到期日为2026/06/18
2026-06-15,US.SNOW,,PUT,245.0,2026-06-18,267,204240.0,BUY,06-16 00:06,6.16 00:06，出现一笔买入看跌期权交易，成交量为267张，未平仓数为425张，V/OI值为0.8，交易金额为204240USD，合约行权价是245，到期日为2026/06/18
2026-06-15,US.SOFI,,CALL,15.0,2026-08-21,2030,649605.0,SELL,06-16 00:41,6.16 00:41，出现一笔卖出看涨期权交易，成交量为2030张，未平仓数为5555张，V/OI值为0.4，交易金额为649605USD，合约行权价是15，到期日为2026/08/21
2026-06-15,US.SOUN,,CALL,8.0,2026-07-31,1345,95495.0,BUY,06-16 00:15,6.16 00:15，出现一笔买入看涨期权交易，成交量为1345张，未平仓数为24张，V/OI值为73.2，交易金额为95495USD，合约行权价是8，到期日为2026/07/31
2026-06-15,US.SOXS,,PUT,4.0,2026-11-20,1000,177000.0,BUY,06-16 01:28,6.16 01:28，出现一笔买入看跌期权交易，成交量为1000张，未平仓数为1016张，V/OI值为1.1，交易金额为177000USD，合约行权价是4，到期日为2026/11/20
2026-06-15,US.SPY,,CALL,745.0,2026-06-16,7000,7028000.0,BUY,06-16 04:14,6.16 04:14，出现一笔买入看涨期权交易，成交量为7000张，未平仓数为2382张，V/OI值为3.8，交易金额为7028000USD，合约行权价是745，到期日为2026/06/16
2026-06-15,US.SPY,,PUT,745.0,2026-06-16,7000,238000.0,SELL,06-16 04:14,6.16 04:14，出现一笔卖出看跌期权交易，成交量为7000张，未平仓数为1958张，V/OI值为27.1，交易金额为238000USD，合约行权价是745，到期日为2026/06/16
2026-06-15,US.SPY,,PUT,728.0,2026-06-18,3148,154252.0,SELL,06-16 04:07,6.16 04:07，出现一笔卖出看跌期权交易，成交量为3148张，未平仓数为2963张，V/OI值为10.6，交易金额为154252USD，合约行权价是728，到期日为2026/06/18
2026-06-15,US.SPY,,PUT,728.0,2026-06-18,4446,223301.0,SELL,06-16 04:07,6.16 04:07，出现一笔卖出看跌期权交易，成交量为4446张，未平仓数为2963张，V/OI值为8.4，交易金额为223301USD，合约行权价是728，到期日为2026/06/18
2026-06-15,US.SPY,,PUT,732.0,2026-06-18,8535,554368.0,BUY,06-16 04:06,6.16 04:06，出现一笔买入看跌期权交易，成交量为8535张，未平仓数为3887张，V/OI值为2.5，交易金额为554368USD，合约行权价是732，到期日为2026/06/18
2026-06-15,US.SPY,,CALL,754.0,2026-06-15,3082,191084.0,BUY,06-16 04:06,6.16 04:06，出现一笔买入看涨期权交易，成交量为3082张，未平仓数为3363张，V/OI值为185.8，交易金额为191084USD，合约行权价是754，到期日为2026/06/15
2026-06-15,US.SPY,,PUT,716.0,2026-07-17,6047,1870703.0,SELL,06-16 04:05,6.16 04:05，出现一笔卖出看跌期权交易，成交量为6047张，未平仓数为11751张，V/OI值为3.1，交易金额为1870703USD，合约行权价是716，到期日为2026/07/17
2026-06-15,US.SPY,,PUT,716.0,2026-07-17,7705,2401350.0,SELL,06-16 04:05,6.16 04:05，出现一笔卖出看跌期权交易，成交量为7705张，未平仓数为11751张，V/OI值为2.3，交易金额为2401350USD，合约行权价是716，到期日为2026/07/17
2026-06-15,US.SPY,,PUT,718.0,2026-07-17,8605,2865032.0,SELL,06-16 04:05,6.16 04:05，出现一笔卖出看跌期权交易，成交量为8605张，未平仓数为11085张，V/OI值为1.6，交易金额为2865032USD，合约行权价是718，到期日为2026/07/17
2026-06-15,US.SPY,,PUT,718.0,2026-07-17,3593,1194231.0,BUY,06-16 04:05,6.16 04:05，出现一笔买入看跌期权交易，成交量为3593张，未平仓数为11085张，V/OI值为0.8，交易金额为1194231USD，合约行权价是718，到期日为2026/07/17
2026-06-15,US.SPY,,PUT,718.0,2026-07-17,3550,1175217.0,BUY,06-16 04:05,6.16 04:05，出现一笔买入看跌期权交易，成交量为3550张，未平仓数为11085张，V/OI值为0.5，交易金额为1175217USD，合约行权价是718，到期日为2026/07/17
2026-06-15,US.SPY,,PUT,745.0,2026-06-16,4850,160050.0,BUY,06-16 03:33,6.16 03:33，出现一笔买入看跌期权交易，成交量为4850张，未平仓数为1958张，V/OI值为21.5，交易金额为160050USD，合约行权价是745，到期日为2026/06/16
2026-06-15,US.SPY,,PUT,745.0,2026-06-16,3343,103633.0,BUY,06-16 03:02,6.16 03:02，出现一笔买入看跌期权交易，成交量为3343张，未平仓数为1958张，V/OI值为18.7，交易金额为103633USD，合约行权价是745，到期日为2026/06/16
2026-06-15,US.SPY,,PUT,755.0,2026-06-15,3131,162668.0,BUY,06-16 02:54,6.16 02:54，出现一笔买入看跌期权交易，成交量为3131张，未平仓数为175张，V/OI值为3834.9，交易金额为162668USD，合约行权价是755，到期日为2026/06/15
2026-06-15,US.SPY,,CALL,759.0,2026-06-15,18852,94260.0,BUY,06-16 02:52,6.16 02:52，出现一笔买入看涨期权交易，成交量为18852张，未平仓数为3747张，V/OI值为69.1，交易金额为94260USD，合约行权价是759，到期日为2026/06/15
2026-06-15,US.SPY,,CALL,810.0,2026-08-21,9826,2328762.0,BUY,06-16 02:47,6.16 02:47，出现一笔买入看涨期权交易，成交量为9826张，未平仓数为2484张，V/OI值为4.3，交易金额为2328762USD，合约行权价是810，到期日为2026/08/21
2026-06-15,US.SPY,,CALL,800.0,2026-08-21,9826,3743706.0,SELL,06-16 02:47,6.16 02:47，出现一笔卖出看涨期权交易，成交量为9826张，未平仓数为9814张，V/OI值为1.1，交易金额为3743706USD，合约行权价是800，到期日为2026/08/21
2026-06-15,US.SPY,,CALL,780.0,2026-08-21,9826,8902356.0,SELL,06-16 02:47,6.16 02:47，出现一笔卖出看涨期权交易，成交量为9826张，未平仓数为7827张，V/OI值为1.3，交易金额为8902356USD，合约行权价是780，到期日为2026/08/21
2026-06-15,US.SPY,,PUT,746.0,2026-06-16,5278,168608.0,BUY,06-16 02:45,6.16 02:45，出现一笔买入看跌期权交易，成交量为5278张，未平仓数为809张，V/OI值为15.8，交易金额为168608USD，合约行权价是746，到期日为2026/06/16
2026-06-15,US.SPY,,PUT,745.0,2026-06-16,4608,129024.0,BUY,06-16 02:38,6.16 02:38，出现一笔买入看跌期权交易，成交量为4608张，未平仓数为1958张，V/OI值为16.8，交易金额为129024USD，合约行权价是745，到期日为2026/06/16
2026-06-15,US.SPY,,PUT,745.0,2026-06-16,5888,170697.0,BUY,06-16 02:32,6.16 02:32，出现一笔买入看跌期权交易，成交量为5888张，未平仓数为1958张，V/OI值为14.4，交易金额为170697USD，合约行权价是745，到期日为2026/06/16
2026-06-15,US.SPY,,CALL,756.0,2026-06-15,15719,518697.0,BUY,06-16 02:07,6.16 02:07，出现一笔买入看涨期权交易，成交量为15719张，未平仓数为3156张，V/OI值为230.8，交易金额为518697USD，合约行权价是756，到期日为2026/06/15
2026-06-15,US.SPY,,CALL,600.0,2026-07-31,6000,94314000.0,SELL,06-16 02:04,6.16 02:04，出现一笔卖出看涨期权交易，成交量为6000张，未平仓数为296张，V/OI值为20.3，交易金额为94314000USD，合约行权价是600，到期日为2026/07/31
2026-06-15,US.SPY,,CALL,758.0,2026-06-15,14678,146780.0,BUY,06-16 01:52,6.16 01:52，出现一笔买入看涨期权交易，成交量为14678张，未平仓数为3405张，V/OI值为91.7，交易金额为146780USD，合约行权价是758，到期日为2026/06/15
2026-06-15,US.SPY,,PUT,729.0,2026-06-23,5527,436507.0,BUY,06-16 01:34,6.16 01:34，出现一笔买入看跌期权交易，成交量为5527张，未平仓数为602张，V/OI值为9.5，交易金额为436507USD，合约行权价是729，到期日为2026/06/23
2026-06-15,US.SPY,,PUT,746.0,2026-06-16,3079,89291.0,SELL,06-16 01:29,6.16 01:29，出现一笔卖出看跌期权交易，成交量为3079张，未平仓数为809张，V/OI值为8，交易金额为89291USD，合约行权价是746，到期日为2026/06/16
2026-06-15,US.SPY,,PUT,726.0,2026-07-02,4962,999505.0,BUY,06-16 01:14,6.16 01:14，出现一笔买入看跌期权交易，成交量为4962张，未平仓数为417张，V/OI值为24，交易金额为999505USD，合约行权价是726，到期日为2026/07/02
2026-06-15,US.SPY,,PUT,726.0,2026-07-02,3646,729200.0,BUY,06-16 01:14,6.16 01:14，出现一笔买入看跌期权交易，成交量为3646张，未平仓数为417张，V/OI值为8.9，交易金额为729200USD，合约行权价是726，到期日为2026/07/02
2026-06-15,US.SPY,,PUT,733.0,2026-06-26,4687,778042.0,BUY,06-16 01:12,6.16 01:12，出现一笔买入看跌期权交易，成交量为4687张，未平仓数为1024张，V/OI值为11.5，交易金额为778042USD，合约行权价是733，到期日为2026/06/26
2026-06-15,US.SPY,,PUT,704.0,2026-06-26,5000,189617.0,SELL,06-16 01:12,6.16 01:12，出现一笔卖出看跌期权交易，成交量为5000张，未平仓数为5417张，V/OI值为1，交易金额为189617USD，合约行权价是704，到期日为2026/06/26
2026-06-15,US.SPY,,PUT,733.0,2026-06-26,4916,819360.0,BUY,06-16 01:12,6.16 01:12，出现一笔买入看跌期权交易，成交量为4916张，未平仓数为1024张，V/OI值为5，交易金额为819360USD，合约行权价是733，到期日为2026/06/26
2026-06-15,US.SPY,,PUT,744.0,2026-06-16,3591,86184.0,SELL,06-16 01:02,6.16 01:02，出现一笔卖出看跌期权交易，成交量为3591张，未平仓数为722张，V/OI值为19.1，交易金额为86184USD，合约行权价是744，到期日为2026/06/16
2026-06-15,US.SPY,,PUT,750.0,2026-07-17,4999,4654069.0,BUY,06-16 00:54,6.16 00:54，出现一笔买入看跌期权交易，成交量为4999张，未平仓数为14059张，V/OI值为1.3，交易金额为4654069USD，合约行权价是750，到期日为2026/07/17
2026-06-15,US.SPY,,PUT,749.0,2026-06-16,3752,191352.0,SELL,06-16 00:42,6.16 00:42，出现一笔卖出看跌期权交易，成交量为3752张，未平仓数为526张，V/OI值为20.9，交易金额为191352USD，合约行权价是749，到期日为2026/06/16
2026-06-15,US.SPY,,PUT,590.0,2026-07-31,3300,191400.0,SELL,06-16 00:39,6.16 00:39，出现一笔卖出看跌期权交易，成交量为3300张，未平仓数为1212张，V/OI值为2.8，交易金额为191400USD，合约行权价是590，到期日为2026/07/31
2026-06-15,US.SPY,,CALL,757.0,2026-06-15,4466,312431.0,BUY,06-16 00:28,6.16 00:28，出现一笔买入看涨期权交易，成交量为4466张，未平仓数为4906张，V/OI值为61.6，交易金额为312431USD，合约行权价是757，到期日为2026/06/15
2026-06-15,US.SPY,,PUT,750.0,2026-07-17,7500,6945000.0,BUY,06-16 00:22,6.16 00:22，出现一笔买入看跌期权交易，成交量为7500张，未平仓数为14059张，V/OI值为0.9，交易金额为6945000USD，合约行权价是750，到期日为2026/07/17
2026-06-15,US.SPY,,PUT,706.0,2026-07-17,7500,1665000.0,SELL,06-16 00:22,6.16 00:22，出现一笔卖出看跌期权交易，成交量为7500张，未平仓数为23609张，V/OI值为0.9，交易金额为1665000USD，合约行权价是706，到期日为2026/07/17
2026-06-15,US.SPY,,PUT,744.0,2026-06-16,5367,165870.0,BUY,06-16 00:05,6.16 00:05，出现一笔买入看跌期权交易，成交量为5367张，未平仓数为722张，V/OI值为12.6，交易金额为165870USD，合约行权价是744，到期日为2026/06/16
2026-06-15,US.SQQQ,,PUT,52.0,2026-07-24,200,329600.0,BUY,06-16 01:15,6.16 01:15，出现一笔买入看跌期权交易，成交量为200张，未平仓数为100张，V/OI值为3，交易金额为329600USD，合约行权价是52，到期日为2026/07/24
2026-06-15,US.SQQQ,,PUT,50.0,2026-07-10,200,285000.0,SELL,06-16 01:15,6.16 01:15，出现一笔卖出看跌期权交易，成交量为200张，未平仓数为88张，V/OI值为3.4，交易金额为285000USD，合约行权价是50，到期日为2026/07/10
2026-06-15,US.TSLA,,PUT,500.0,2026-06-18,3682,32972310.0,SELL,06-16 03:19,6.16 03:19，出现一笔卖出看跌期权交易，成交量为3682张，未平仓数为7494张，V/OI值为0.7，交易金额为32972310USD，合约行权价是500，到期日为2026/06/18
2026-06-15,US.TSLA,,PUT,480.0,2026-06-18,3682,25608310.0,SELL,06-16 03:19,6.16 03:19，出现一笔卖出看跌期权交易，成交量为3682张，未平仓数为3682张，V/OI值为1.6，交易金额为25608310USD，合约行权价是480，到期日为2026/06/18
2026-06-15,US.TSLA,,PUT,345.0,2026-06-18,5490,104310.0,BUY,06-16 02:29,6.16 02:29，出现一笔买入看跌期权交易，成交量为5490张，未平仓数为5705张，V/OI值为1.2，交易金额为104310USD，合约行权价是345，到期日为2026/06/18
2026-06-15,US.TSLA,,PUT,395.0,2026-06-18,1561,390250.0,BUY,06-16 02:05,6.16 02:05，出现一笔买入看跌期权交易，成交量为1561张，未平仓数为7711张，V/OI值为0.8，交易金额为390250USD，合约行权价是395，到期日为2026/06/18
2026-06-15,US.TSLA,,CALL,620.0,2026-07-17,1397,83820.0,SELL,06-16 01:48,6.16 01:48，出现一笔卖出看涨期权交易，成交量为1397张，未平仓数为13549张，V/OI值为0.1，交易金额为83820USD，合约行权价是620，到期日为2026/07/17
2026-06-15,US.TSLA,,CALL,500.0,2026-07-17,1397,424688.0,BUY,06-16 01:48,6.16 01:48，出现一笔买入看涨期权交易，成交量为1397张，未平仓数为24481张，V/OI值为0.2，交易金额为424688USD，合约行权价是500，到期日为2026/07/17
2026-06-15,US.TSLA,,CALL,412.5,2026-06-15,1321,125502.0,BUY,06-16 01:43,6.16 01:43，出现一笔买入看涨期权交易，成交量为1321张，未平仓数为2366张，V/OI值为76.8，交易金额为125502USD，合约行权价是412.5，到期日为2026/06/15
2026-06-15,US.TSLA,,CALL,750.0,2026-08-21,1704,170400.0,BUY,06-16 01:24,6.16 01:24，出现一笔买入看涨期权交易，成交量为1704张，未平仓数为5755张，V/OI值为0.3，交易金额为170400USD，合约行权价是750，到期日为2026/08/21
2026-06-15,US.TSM,,PUT,380.0,2026-07-17,2650,1444250.0,BUY,06-16 03:50,6.16 03:50，出现一笔买入看跌期权交易，成交量为2650张，未平仓数为13826张，V/OI值为0.2，交易金额为1444250USD，合约行权价是380，到期日为2026/07/17
2026-06-15,US.TSM,,PUT,380.0,2027-01-15,1000,3480000.0,BUY,06-16 03:32,6.16 03:32，出现一笔买入看跌期权交易，成交量为1000张，未平仓数为1089张，V/OI值为0.9，交易金额为3480000USD，合约行权价是380，到期日为2027/01/15
2026-06-15,US.TSM,,PUT,380.0,2026-09-18,1300,2242500.0,BUY,06-16 03:31,6.16 03:31，出现一笔买入看跌期权交易，成交量为1300张，未平仓数为5244张，V/OI值为0.3，交易金额为2242500USD，合约行权价是380，到期日为2026/09/18
2026-06-15,US.TWLO,,CALL,200.0,2026-07-17,316,492967.0,SELL,06-16 03:21,6.16 03:21，出现一笔卖出看涨期权交易，成交量为316张，未平仓数为383张，V/OI值为0.9，交易金额为492967USD，合约行权价是200，到期日为2026/07/17
2026-06-15,US.TWLO,,PUT,210.0,2026-09-18,259,774418.0,SELL,06-16 01:05,6.16 01:05，出现一笔卖出看跌期权交易，成交量为259张，未平仓数为56张，V/OI值为4.6，交易金额为774418USD，合约行权价是210，到期日为2026/09/18
2026-06-15,US.VEEV,,CALL,160.0,2026-07-17,107,112350.0,SELL,06-16 00:44,6.16 00:44，出现一笔卖出看涨期权交易，成交量为107张，未平仓数为114张，V/OI值为1，交易金额为112350USD，合约行权价是160，到期日为2026/07/17
2026-06-15,US.VST,,CALL,210.0,2026-12-18,1600,1337600.0,BUY,06-16 02:30,6.16 02:30，出现一笔买入看涨期权交易，成交量为1600张，未平仓数为5077张，V/OI值为1，交易金额为1337600USD，合约行权价是210，到期日为2026/12/18
2026-06-15,US.VST,,CALL,170.0,2026-12-18,200,355600.0,SELL,06-16 02:23,6.16 02:23，出现一笔卖出看涨期权交易，成交量为200张，未平仓数为4248张，V/OI值为0.1，交易金额为355600USD，合约行权价是170，到期日为2026/12/18
2026-06-15,US.VST,,CALL,210.0,2026-12-18,400,330400.0,BUY,06-16 02:23,6.16 02:23，出现一笔买入看涨期权交易，成交量为400张，未平仓数为5077张，V/OI值为0.1，交易金额为330400USD，合约行权价是210，到期日为2026/12/18
2026-06-15,US.WDAY,,PUT,130.0,2026-07-17,279,240219.0,BUY,06-16 03:55,6.16 03:55，出现一笔买入看跌期权交易，成交量为279张，未平仓数为467张，V/OI值为1.6，交易金额为240219USD，合约行权价是130，到期日为2026/07/17
2026-06-15,US.WDAY,,PUT,100.0,2026-07-17,1300,100100.0,BUY,06-16 03:43,6.16 03:43，出现一笔买入看跌期权交易，成交量为1300张，未平仓数为413张，V/OI值为3.2，交易金额为100100USD，合约行权价是100，到期日为2026/07/17
2026-06-15,US.XOM,,PUT,140.0,2026-08-21,314,205670.0,BUY,06-16 03:01,6.16 03:01，出现一笔买入看跌期权交易，成交量为314张，未平仓数为912张，V/OI值为0.8，交易金额为205670USD，合约行权价是140，到期日为2026/08/21
2026-06-15,US.XOM,,CALL,160.0,2028-12-15,295,536900.0,BUY,06-16 00:10,6.16 00:10，出现一笔买入看涨期权交易，成交量为295张，未平仓数为7966张，V/OI值为0，交易金额为536900USD，合约行权价是160，到期日为2028/12/15
2026-06-17,US.AAPL,,PUT,310.0,2026-06-18,1696,2447328.0,BUY,06-18 03:13,6.18 03:13，出现一笔买入看跌期权交易，成交量为1696张，未平仓数为5657张，V/OI值为1.3，交易金额为2447328USD，合约行权价是310，到期日为2026/06/18
2026-06-17,US.AAPL,,PUT,290.0,2026-07-17,1500,702000.0,SELL,06-18 02:31,6.18 02:31，出现一笔卖出看跌期权交易，成交量为1500张，未平仓数为10641张，V/OI值为0.3，交易金额为702000USD，合约行权价是290，到期日为2026/07/17
2026-06-17,US.AAPL,,CALL,310.0,2026-07-17,1500,453000.0,SELL,06-18 02:31,6.18 02:31，出现一笔卖出看涨期权交易，成交量为1500张，未平仓数为58725张，V/OI值为0.1，交易金额为453000USD，合约行权价是310，到期日为2026/07/17
2026-06-17,US.AAPL,,PUT,295.0,2026-06-18,2960,311506.0,SELL,06-18 01:15,6.18 01:15，出现一笔卖出看跌期权交易，成交量为2960张，未平仓数为11394张，V/OI值为2.3，交易金额为311506USD，合约行权价是295，到期日为2026/06/18
2026-06-17,US.ADSK,,PUT,280.0,2026-06-18,830,7104800.0,SELL,06-18 03:51,6.18 03:51，出现一笔卖出看跌期权交易，成交量为830张，未平仓数为415张，V/OI值为2，交易金额为7104800USD，合约行权价是280，到期日为2026/06/18
2026-06-17,US.ADSK,,PUT,250.0,2026-06-18,550,3069000.0,SELL,06-18 03:51,6.18 03:51，出现一笔卖出看跌期权交易，成交量为550张，未平仓数为273张，V/OI值为2，交易金额为3069000USD，合约行权价是250，到期日为2026/06/18
2026-06-17,US.ADSK,,PUT,270.0,2026-06-18,534,3860820.0,SELL,06-18 03:13,6.18 03:13，出现一笔卖出看跌期权交易，成交量为534张，未平仓数为365张，V/OI值为3，交易金额为3860820USD，合约行权价是270，到期日为2026/06/18
2026-06-17,US.ADSK,,PUT,270.0,2026-06-18,532,3846360.0,SELL,06-18 03:12,6.18 03:12，出现一笔卖出看跌期权交易，成交量为532张，未平仓数为365张，V/OI值为1.5，交易金额为3846360USD，合约行权价是270，到期日为2026/06/18
2026-06-17,US.ADSK,,PUT,170.0,2026-07-17,4446,529314.0,SELL,06-18 02:21,6.18 02:21，出现一笔卖出看跌期权交易，成交量为4446张，未平仓数为28张，V/OI值为160.8，交易金额为529314USD，合约行权价是170，到期日为2026/07/17
2026-06-17,US.AMD,,CALL,550.0,2026-06-18,1300,169000.0,BUY,06-18 03:21,6.18 03:21，出现一笔买入看涨期权交易，成交量为1300张，未平仓数为9066张，V/OI值为1.6，交易金额为169000USD，合约行权价是550，到期日为2026/06/18
2026-06-17,US.AMD,,CALL,512.5,2026-06-18,1360,2094486.0,BUY,06-18 01:16,6.18 01:16，出现一笔买入看涨期权交易，成交量为1360张，未平仓数为1291张，V/OI值为1.8，交易金额为2094486USD，合约行权价是512.5，到期日为2026/06/18
2026-06-17,US.AMKR,,CALL,100.0,2026-09-18,250,362500.0,SELL,06-18 02:00,6.18 02:00，出现一笔卖出看涨期权交易，成交量为250张，未平仓数为1756张，V/OI值为0.4，交易金额为362500USD，合约行权价是100，到期日为2026/09/18
2026-06-17,US.AMKR,,CALL,100.0,2026-09-18,250,368750.0,SELL,06-18 00:29,6.18 00:29，出现一笔卖出看涨期权交易，成交量为250张，未平仓数为1756张，V/OI值为0.3，交易金额为368750USD，合约行权价是100，到期日为2026/09/18
2026-06-17,US.AMZN,,CALL,242.5,2026-06-26,1012,291456.0,SELL,06-18 03:41,6.18 03:41，出现一笔卖出看涨期权交易，成交量为1012张，未平仓数为475张，V/OI值为10.2，交易金额为291456USD，合约行权价是242.5，到期日为2026/06/26
2026-06-17,US.AMZN,,CALL,242.5,2026-06-26,1011,291168.0,SELL,06-18 03:41,6.18 03:41，出现一笔卖出看涨期权交易，成交量为1011张，未平仓数为475张，V/OI值为8，交易金额为291168USD，合约行权价是242.5，到期日为2026/06/26
2026-06-17,US.AMZN,,CALL,250.0,2026-06-26,1012,120428.0,BUY,06-18 03:41,6.18 03:41，出现一笔买入看涨期权交易，成交量为1012张，未平仓数为7138张，V/OI值为1.8，交易金额为120428USD，合约行权价是250，到期日为2026/06/26
2026-06-17,US.AMZN,,CALL,250.0,2026-06-26,1011,120309.0,BUY,06-18 03:41,6.18 03:41，出现一笔买入看涨期权交易，成交量为1011张，未平仓数为7138张，V/OI值为1.6，交易金额为120309USD，合约行权价是250，到期日为2026/06/26
2026-06-17,US.AMZN,,PUT,260.0,2026-06-18,10500,23152500.0,BUY,06-18 03:11,6.18 03:11，出现一笔买入看跌期权交易，成交量为10500张，未平仓数为9545张，V/OI值为1.7，交易金额为23152500USD，合约行权价是260，到期日为2026/06/18
2026-06-17,US.AMZN,,PUT,255.0,2026-06-18,10400,17846400.0,BUY,06-18 03:11,6.18 03:11，出现一笔买入看跌期权交易，成交量为10400张，未平仓数为7570张，V/OI值为1.4，交易金额为17846400USD，合约行权价是255，到期日为2026/06/18
2026-06-17,US.AMZN,,PUT,257.5,2026-06-18,1290,2534850.0,BUY,06-18 03:11,6.18 03:11，出现一笔买入看跌期权交易，成交量为1290张，未平仓数为860张，V/OI值为1.6，交易金额为2534850USD，合约行权价是257.5，到期日为2026/06/18
2026-06-17,US.AMZN,,PUT,260.0,2026-06-22,1044,2228940.0,SELL,06-18 03:11,6.18 03:11，出现一笔卖出看跌期权交易，成交量为1044张，未平仓数为786张，V/OI值为4.9，交易金额为2228940USD，合约行权价是260，到期日为2026/06/22
2026-06-17,US.AMZN,,PUT,275.0,2026-06-18,1640,6051600.0,BUY,06-18 03:01,6.18 03:01，出现一笔买入看跌期权交易，成交量为1640张，未平仓数为511张，V/OI值为6.2，交易金额为6051600USD，合约行权价是275，到期日为2026/06/18
2026-06-17,US.AMZN,,PUT,265.0,2026-06-18,2680,7222600.0,BUY,06-18 03:01,6.18 03:01，出现一笔买入看跌期权交易，成交量为2680张，未平仓数为907张，V/OI值为6，交易金额为7222600USD，合约行权价是265，到期日为2026/06/18
2026-06-17,US.AMZN,,PUT,265.0,2026-06-18,2700,6898500.0,BUY,06-18 02:43,6.18 02:43，出现一笔买入看跌期权交易，成交量为2700张，未平仓数为907张，V/OI值为3，交易金额为6898500USD，合约行权价是265，到期日为2026/06/18
2026-06-17,US.AMZN,,PUT,275.0,2026-06-18,1550,5510250.0,SELL,06-18 02:43,6.18 02:43，出现一笔卖出看跌期权交易，成交量为1550张，未平仓数为511张，V/OI值为3，交易金额为5510250USD，合约行权价是275，到期日为2026/06/18
2026-06-17,US.AMZN,,PUT,262.5,2026-06-18,1375,3183125.0,BUY,06-18 02:43,6.18 02:43，出现一笔买入看跌期权交易，成交量为1375张，未平仓数为460张，V/OI值为3，交易金额为3183125USD，合约行权价是262.5，到期日为2026/06/18
2026-06-17,US.AMZN,,PUT,260.0,2026-06-18,5325,10969500.0,BUY,06-18 02:43,6.18 02:43，出现一笔买入看跌期权交易，成交量为5325张，未平仓数为9545张，V/OI值为0.6，交易金额为10969500USD，合约行权价是260，到期日为2026/06/18
2026-06-17,US.AMZN,,CALL,240.0,2026-06-18,1079,214721.0,SELL,06-18 01:28,6.18 01:28，出现一笔卖出看涨期权交易，成交量为1079张，未平仓数为20744张，V/OI值为0.5，交易金额为214721USD，合约行权价是240，到期日为2026/06/18
2026-06-17,US.AMZN,,CALL,290.0,2027-12-17,1342,4509120.0,SELL,06-18 00:47,6.18 00:47，出现一笔卖出看涨期权交易，成交量为1342张，未平仓数为6410张，V/OI值为0.4，交易金额为4509120USD，合约行权价是290，到期日为2027/12/17
2026-06-17,US.AMZN,,PUT,240.0,2026-07-31,1000,1126000.0,SELL,06-18 00:07,6.18 00:07，出现一笔卖出看跌期权交易，成交量为1000张，未平仓数为172张，V/OI值为6.1，交易金额为1126000USD，合约行权价是240，到期日为2026/07/31
2026-06-17,US.APLD,,CALL,46.0,2026-06-26,1453,385044.0,SELL,06-18 03:53,6.18 03:53，出现一笔卖出看涨期权交易，成交量为1453张，未平仓数为763张，V/OI值为2.7，交易金额为385044USD，合约行权价是46，到期日为2026/06/26
2026-06-17,US.APLD,,CALL,50.0,2026-07-17,750,266250.0,SELL,06-18 03:12,6.18 03:12，出现一笔卖出看涨期权交易，成交量为750张，未平仓数为7348张，V/OI值为0.4，交易金额为266250USD，合约行权价是50，到期日为2026/07/17
2026-06-17,US.APLD,,CALL,46.5,2026-06-26,1398,421870.0,SELL,06-18 02:10,6.18 02:10，出现一笔卖出看涨期权交易，成交量为1398张，未平仓数为186张，V/OI值为11.6，交易金额为421870USD，合约行权价是46.5，到期日为2026/06/26
2026-06-17,US.AVGO,,CALL,425.0,2026-06-26,1460,346021.0,SELL,06-18 03:49,6.18 03:49，出现一笔卖出看涨期权交易，成交量为1460张，未平仓数为946张，V/OI值为2.1，交易金额为346021USD，合约行权价是425，到期日为2026/06/26
2026-06-17,US.AVGO,,CALL,430.0,2026-07-17,1279,1087165.0,SELL,06-18 03:38,6.18 03:38，出现一笔卖出看涨期权交易，成交量为1279张，未平仓数为13541张，V/OI值为0.3，交易金额为1087165USD，合约行权价是430，到期日为2026/07/17
2026-06-17,US.AVGO,,PUT,450.0,2026-06-18,1200,6150000.0,BUY,06-18 02:43,6.18 02:43，出现一笔买入看跌期权交易，成交量为1200张，未平仓数为401张，V/OI值为3，交易金额为6150000USD，合约行权价是450，到期日为2026/06/18
2026-06-17,US.AVGO,,PUT,387.5,2026-06-17,1800,91800.0,BUY,06-18 01:45,6.18 01:45，出现一笔买入看跌期权交易，成交量为1800张，未平仓数为162张，V/OI值为77.5，交易金额为91800USD，合约行权价是387.5，到期日为2026/06/17
2026-06-17,US.AVGO,,PUT,387.5,2026-06-17,2700,137700.0,BUY,06-18 01:45,6.18 01:45，出现一笔买入看跌期权交易，成交量为2700张，未平仓数为162张，V/OI值为66.4，交易金额为137700USD，合约行权价是387.5，到期日为2026/06/17
2026-06-17,US.AVGO,,PUT,385.0,2026-06-17,2700,91800.0,BUY,06-18 01:45,6.18 01:45，出现一笔买入看跌期权交易，成交量为2700张，未平仓数为699张，V/OI值为7.5，交易金额为91800USD，合约行权价是385，到期日为2026/06/17
2026-06-17,US.AVGO,,PUT,320.0,2026-12-18,1875,3847500.0,BUY,06-18 01:30,6.18 01:30，出现一笔买入看跌期权交易，成交量为1875张，未平仓数为3590张，V/OI值为0.5，交易金额为3847500USD，合约行权价是320，到期日为2026/12/18
2026-06-17,US.AVGO,,CALL,470.0,2026-12-18,1500,5220000.0,SELL,06-18 01:30,6.18 01:30，出现一笔卖出看涨期权交易，成交量为1500张，未平仓数为1005张，V/OI值为1.5，交易金额为5220000USD，合约行权价是470，到期日为2026/12/18
2026-06-17,US.AVGO,,CALL,417.5,2026-06-26,1370,668560.0,BUY,06-18 00:48,6.18 00:48，出现一笔买入看涨期权交易，成交量为1370张，未平仓数为112张，V/OI值为12.5，交易金额为668560USD，合约行权价是417.5，到期日为2026/06/26
2026-06-17,US.AVGO,,CALL,407.5,2026-06-26,1370,1067230.0,SELL,06-18 00:48,6.18 00:48，出现一笔卖出看涨期权交易，成交量为1370张，未平仓数为65张，V/OI值为22.6，交易金额为1067230USD，合约行权价是407.5，到期日为2026/06/26
2026-06-17,US.AVGO,,CALL,395.0,2026-06-18,1370,908310.0,SELL,06-18 00:48,6.18 00:48，出现一笔卖出看涨期权交易，成交量为1370张，未平仓数为3918张，V/OI值为2.6，交易金额为908310USD，合约行权价是395，到期日为2026/06/18
2026-06-17,US.AVGO,,CALL,385.0,2026-06-18,1370,1891970.0,BUY,06-18 00:48,6.18 00:48，出现一笔买入看涨期权交易，成交量为1370张，未平仓数为3322张，V/OI值为0.9，交易金额为1891970USD，合约行权价是385，到期日为2026/06/18
2026-06-17,US.AVGO,,PUT,387.5,2026-06-17,2883,89835.0,BUY,06-18 00:38,6.18 00:38，出现一笔买入看跌期权交易，成交量为2883张，未平仓数为162张，V/OI值为36.5，交易金额为89835USD，合约行权价是387.5，到期日为2026/06/17
2026-06-17,US.BABA,,PUT,155.0,2026-07-17,5780,27368300.0,BUY,06-18 03:45,6.18 03:45，出现一笔买入看跌期权交易，成交量为5780张，未平仓数为3006张，V/OI值为1.9，交易金额为27368300USD，合约行权价是155，到期日为2026/07/17
2026-06-17,US.BABA,,PUT,135.0,2026-06-18,5046,13876500.0,BUY,06-18 03:45,6.18 03:45，出现一笔买入看跌期权交易，成交量为5046张，未平仓数为7156张，V/OI值为6，交易金额为13876500USD，合约行权价是135，到期日为2026/06/18
2026-06-17,US.BABA,,PUT,125.0,2026-06-18,9285,15505950.0,BUY,06-18 03:08,6.18 03:08，出现一笔买入看跌期权交易，成交量为9285张，未平仓数为6590张，V/OI值为1.5，交易金额为15505950USD，合约行权价是125，到期日为2026/06/18
2026-06-17,US.BABA,,PUT,135.0,2026-06-18,6057,16063164.0,BUY,06-18 03:08,6.18 03:08，出现一笔买入看跌期权交易，成交量为6057张，未平仓数为7156张，V/OI值为5.2，交易金额为16063164USD，合约行权价是135，到期日为2026/06/18
2026-06-17,US.BABA,,PUT,160.0,2026-06-18,5409,27347904.0,SELL,06-18 03:08,6.18 03:08，出现一笔卖出看跌期权交易，成交量为5409张，未平仓数为4038张，V/OI值为7.1，交易金额为27347904USD，合约行权价是160，到期日为2026/06/18
2026-06-17,US.BABA,,PUT,145.0,2026-06-18,2402,8839360.0,BUY,06-18 03:08,6.18 03:08，出现一笔买入看跌期权交易，成交量为2402张，未平仓数为3103张，V/OI值为6.3，交易金额为8839360USD，合约行权价是145，到期日为2026/06/18
2026-06-17,US.BABA,,PUT,165.0,2026-06-18,2402,13643360.0,BUY,06-18 03:08,6.18 03:08，出现一笔买入看跌期权交易，成交量为2402张，未平仓数为1682张，V/OI值为6.5，交易金额为13643360USD，合约行权价是165，到期日为2026/06/18
2026-06-17,US.BABA,,PUT,135.0,2026-06-18,12880,32663680.0,SELL,06-18 03:03,6.18 03:03，出现一笔卖出看跌期权交易，成交量为12880张，未平仓数为7156张，V/OI值为4.4，交易金额为32663680USD，合约行权价是135，到期日为2026/06/18
2026-06-17,US.BABA,,PUT,130.0,2026-06-18,11980,24559000.0,SELL,06-18 03:03,6.18 03:03，出现一笔卖出看跌期权交易，成交量为11980张，未平仓数为3470张，V/OI值为6.6，交易金额为24559000USD，合约行权价是130，到期日为2026/06/18
2026-06-17,US.BABA,,PUT,150.0,2026-06-18,11300,45426000.0,SELL,06-18 03:03,6.18 03:03，出现一笔卖出看跌期权交易，成交量为11300张，未平仓数为3903张，V/OI值为5.4，交易金额为45426000USD，合约行权价是150，到期日为2026/06/18
2026-06-17,US.BABA,,PUT,160.0,2026-06-18,12280,62075400.0,SELL,06-18 03:03,6.18 03:03，出现一笔卖出看跌期权交易，成交量为12280张，未平仓数为4038张，V/OI值为5.6，交易金额为62075400USD，合约行权价是160，到期日为2026/06/18
2026-06-17,US.BABA,,PUT,145.0,2026-06-18,6890,23901410.0,SELL,06-18 03:02,6.18 03:02，出现一笔卖出看跌期权交易，成交量为6890张，未平仓数为3103张，V/OI值为5.5，交易金额为23901410USD，合约行权价是145，到期日为2026/06/18
2026-06-17,US.BABA,,PUT,145.0,2026-06-18,2680,9294240.0,SELL,06-18 03:02,6.18 03:02，出现一笔卖出看跌期权交易，成交量为2680张，未平仓数为3103张，V/OI值为3.3，交易金额为9294240USD，合约行权价是145，到期日为2026/06/18
2026-06-17,US.BABA,,PUT,140.0,2026-06-18,4850,14356000.0,SELL,06-18 03:02,6.18 03:02，出现一笔卖出看跌期权交易，成交量为4850张，未平仓数为2001张，V/OI值为5.1，交易金额为14356000USD，合约行权价是140，到期日为2026/06/18
2026-06-17,US.BABA,,PUT,165.0,2026-06-18,3910,21641850.0,SELL,06-18 03:02,6.18 03:02，出现一笔卖出看跌期权交易，成交量为3910张，未平仓数为1682张，V/OI值为5，交易金额为21641850USD，合约行权价是165，到期日为2026/06/18
2026-06-17,US.BABA,,PUT,135.0,2026-06-18,17490,44949300.0,SELL,06-18 02:46,6.18 02:46，出现一笔卖出看跌期权交易，成交量为17490张，未平仓数为7156张，V/OI值为2.5，交易金额为44949300USD，合约行权价是135，到期日为2026/06/18
2026-06-17,US.BABA,,PUT,145.0,2026-06-18,7530,26844450.0,SELL,06-18 02:46,6.18 02:46，出现一笔卖出看跌期权交易，成交量为7530张，未平仓数为3103张，V/OI值为2.4，交易金额为26844450USD，合约行权价是145，到期日为2026/06/18
2026-06-17,US.BABA,,PUT,140.0,2026-06-18,5380,16516600.0,BUY,06-18 02:46,6.18 02:46，出现一笔买入看跌期权交易，成交量为5380张，未平仓数为2001张，V/OI值为2.7，交易金额为16516600USD，合约行权价是140，到期日为2026/06/18
2026-06-17,US.BABA,,PUT,130.0,2026-06-18,8930,18529750.0,BUY,06-18 02:46,6.18 02:46，出现一笔买入看跌期权交易，成交量为8930张，未平仓数为3470张，V/OI值为2.6，交易金额为18529750USD，合约行权价是130，到期日为2026/06/18
2026-06-17,US.BABA,,PUT,165.0,2026-06-18,4430,24520050.0,SELL,06-18 02:46,6.18 02:46，出现一笔卖出看跌期权交易，成交量为4430张，未平仓数为1682张，V/OI值为2.6，交易金额为24520050USD，合约行权价是165，到期日为2026/06/18
2026-06-17,US.BABA,,PUT,160.0,2026-06-18,10310,52117050.0,SELL,06-18 02:46,6.18 02:46，出现一笔卖出看跌期权交易，成交量为10310张，未平仓数为4038张，V/OI值为2.6，交易金额为52117050USD，合约行权价是160，到期日为2026/06/18
2026-06-17,US.BABA,,PUT,155.0,2026-06-18,1050,4872000.0,BUY,06-18 02:46,6.18 02:46，出现一笔买入看跌期权交易，成交量为1050张，未平仓数为459张，V/OI值为2.3，交易金额为4872000USD，合约行权价是155，到期日为2026/06/18
2026-06-17,US.BABA,,CALL,145.0,2026-08-21,1769,152134.0,BUY,06-18 01:07,6.18 01:07，出现一笔买入看涨期权交易，成交量为1769张，未平仓数为2804张，V/OI值为0.8，交易金额为152134USD，合约行权价是145，到期日为2026/08/21
2026-06-17,US.BABA,,PUT,110.0,2026-07-17,1000,476000.0,SELL,06-18 00:16,6.18 00:16，出现一笔卖出看跌期权交易，成交量为1000张，未平仓数为4258张，V/OI值为0.3，交易金额为476000USD，合约行权价是110，到期日为2026/07/17
2026-06-17,US.BMNR,,PUT,22.0,2026-06-18,3342,1707762.0,SELL,06-18 03:04,6.18 03:04，出现一笔卖出看跌期权交易，成交量为3342张，未平仓数为2228张，V/OI值为1.7，交易金额为1707762USD，合约行权价是22，到期日为2026/06/18
2026-06-17,US.BMNR,,PUT,21.0,2026-06-18,2352,966672.0,SELL,06-18 03:04,6.18 03:04，出现一笔卖出看跌期权交易，成交量为2352张，未平仓数为4892张，V/OI值为1.1，交易金额为966672USD，合约行权价是21，到期日为2026/06/18
2026-06-17,US.BMNR,,PUT,21.0,2026-06-18,1758,720780.0,SELL,06-18 03:04,6.18 03:04，出现一笔卖出看跌期权交易，成交量为1758张，未平仓数为4892张，V/OI值为0.6，交易金额为720780USD，合约行权价是21，到期日为2026/06/18
2026-06-17,US.COIN,,CALL,180.0,2026-06-26,2151,516243.0,SELL,06-18 03:47,6.18 03:47，出现一笔卖出看涨期权交易，成交量为2151张，未平仓数为1417张，V/OI值为1.9，交易金额为516243USD，合约行权价是180，到期日为2026/06/26
2026-06-17,US.COIN,,CALL,200.0,2026-09-18,1046,1375495.0,SELL,06-18 03:38,6.18 03:38，出现一笔卖出看涨期权交易，成交量为1046张，未平仓数为2133张，V/OI值为0.6，交易金额为1375495USD，合约行权价是200，到期日为2026/09/18
2026-06-17,US.COIN,,PUT,200.0,2026-06-18,1260,3906000.0,SELL,06-18 03:27,6.18 03:27，出现一笔卖出看跌期权交易，成交量为1260张，未平仓数为8422张，V/OI值为0.9，交易金额为3906000USD，合约行权价是200，到期日为2026/06/18
2026-06-17,US.COIN,,PUT,200.0,2026-06-18,3150,9639000.0,BUY,06-18 03:17,6.18 03:17，出现一笔买入看跌期权交易，成交量为3150张，未平仓数为8422张，V/OI值为0.6，交易金额为9639000USD，合约行权价是200，到期日为2026/06/18
2026-06-17,US.COIN,,PUT,200.0,2026-06-18,2016,6166944.0,BUY,06-18 03:17,6.18 03:17，出现一笔买入看跌期权交易，成交量为2016张，未平仓数为8422张，V/OI值为0.3，交易金额为6166944USD，合约行权价是200，到期日为2026/06/18
2026-06-17,US.COIN,,PUT,210.0,2026-06-18,3984,16139184.0,BUY,06-18 03:17,6.18 03:17，出现一笔买入看跌期权交易，成交量为3984张，未平仓数为2656张，V/OI值为1.5，交易金额为16139184USD，合约行权价是210，到期日为2026/06/18
2026-06-17,US.COIN,,PUT,220.0,2026-06-18,1230,6070050.0,BUY,06-18 03:01,6.18 03:01，出现一笔买入看跌期权交易，成交量为1230张，未平仓数为390张，V/OI值为3.9，交易金额为6070050USD，合约行权价是220，到期日为2026/06/18
2026-06-17,US.COIN,,PUT,240.0,2026-06-18,1220,8389940.0,BUY,06-18 03:01,6.18 03:01，出现一笔买入看跌期权交易，成交量为1220张，未平仓数为655张，V/OI值为4.8，交易金额为8389940USD，合约行权价是240，到期日为2026/06/18
2026-06-17,US.COIN,,PUT,230.0,2026-06-18,2000,11740000.0,BUY,06-18 02:43,6.18 02:43，出现一笔买入看跌期权交易，成交量为2000张，未平仓数为679张，V/OI值为2.9，交易金额为11740000USD，合约行权价是230，到期日为2026/06/18
2026-06-17,US.COIN,,PUT,240.0,2026-06-18,1950,13386750.0,BUY,06-18 02:43,6.18 02:43，出现一笔买入看跌期权交易，成交量为1950张，未平仓数为655张，V/OI值为3，交易金额为13386750USD，合约行权价是240，到期日为2026/06/18
2026-06-17,US.COIN,,CALL,160.0,2026-06-18,1130,1276900.0,SELL,06-18 02:18,6.18 02:18，出现一笔卖出看涨期权交易，成交量为1130张，未平仓数为10539张，V/OI值为0.3，交易金额为1276900USD，合约行权价是160，到期日为2026/06/18
2026-06-17,US.COIN,,CALL,167.5,2026-06-18,1130,560480.0,BUY,06-18 02:18,6.18 02:18，出现一笔买入看涨期权交易，成交量为1130张，未平仓数为7963张，V/OI值为0.4，交易金额为560480USD，合约行权价是167.5，到期日为2026/06/18
2026-06-17,US.COIN,,CALL,182.5,2026-06-26,1130,353690.0,SELL,06-18 02:18,6.18 02:18，出现一笔卖出看涨期权交易，成交量为1130张，未平仓数为574张，V/OI值为8.9，交易金额为353690USD，合约行权价是182.5，到期日为2026/06/26
2026-06-17,US.COIN,,CALL,175.0,2026-06-26,1130,612460.0,BUY,06-18 02:18,6.18 02:18，出现一笔买入看涨期权交易，成交量为1130张，未平仓数为2362张，V/OI值为2.4，交易金额为612460USD，合约行权价是175，到期日为2026/06/26
2026-06-17,US.COIN,,CALL,170.0,2026-06-18,1379,703301.0,SELL,06-18 01:53,6.18 01:53，出现一笔卖出看涨期权交易，成交量为1379张，未平仓数为15099张，V/OI值为0.4，交易金额为703301USD，合约行权价是170，到期日为2026/06/18
2026-06-17,US.COIN,,CALL,160.0,2026-06-18,1000,1229000.0,SELL,06-18 00:41,6.18 00:41，出现一笔卖出看涨期权交易，成交量为1000张，未平仓数为10539张，V/OI值为0.2，交易金额为1229000USD，合约行权价是160，到期日为2026/06/18
2026-06-17,US.COIN,,CALL,160.0,2026-06-18,1000,1229000.0,SELL,06-18 00:41,6.18 00:41，出现一笔卖出看涨期权交易，成交量为1000张，未平仓数为10539张，V/OI值为0.1，交易金额为1229000USD，合约行权价是160，到期日为2026/06/18
2026-06-17,US.COIN,,CALL,185.0,2026-06-26,1000,279000.0,SELL,06-18 00:41,6.18 00:41，出现一笔卖出看涨期权交易，成交量为1000张，未平仓数为4039张，V/OI值为0.6，交易金额为279000USD，合约行权价是185，到期日为2026/06/26
2026-06-17,US.COIN,,CALL,185.0,2026-06-26,1000,279000.0,SELL,06-18 00:41,6.18 00:41，出现一笔卖出看涨期权交易，成交量为1000张，未平仓数为4039张，V/OI值为0.3，交易金额为279000USD，合约行权价是185，到期日为2026/06/26
2026-06-17,US.COIN,,CALL,167.5,2026-06-18,1000,567000.0,BUY,06-18 00:41,6.18 00:41，出现一笔买入看涨期权交易，成交量为1000张，未平仓数为7963张，V/OI值为0.3，交易金额为567000USD，合约行权价是167.5，到期日为2026/06/18
2026-06-17,US.COIN,,CALL,167.5,2026-06-18,1000,567000.0,BUY,06-18 00:41,6.18 00:41，出现一笔买入看涨期权交易，成交量为1000张，未平仓数为7963张，V/OI值为0.2，交易金额为567000USD，合约行权价是167.5，到期日为2026/06/18
2026-06-17,US.COIN,,CALL,177.5,2026-06-26,1000,497000.0,BUY,06-18 00:41,6.18 00:41，出现一笔买入看涨期权交易，成交量为1000张，未平仓数为4261张，V/OI值为0.5，交易金额为497000USD，合约行权价是177.5，到期日为2026/06/26
2026-06-17,US.COIN,,CALL,177.5,2026-06-26,1000,497000.0,BUY,06-18 00:41,6.18 00:41，出现一笔买入看涨期权交易，成交量为1000张，未平仓数为4261张，V/OI值为0.3，交易金额为497000USD，合约行权价是177.5，到期日为2026/06/26
2026-06-17,US.CRCL,,PUT,105.0,2026-06-18,2066,4452230.0,BUY,06-18 03:29,6.18 03:29，出现一笔买入看跌期权交易，成交量为2066张，未平仓数为1377张，V/OI值为4，交易金额为4452230USD，合约行权价是105，到期日为2026/06/18
2026-06-17,US.CRCL,,PUT,100.0,2026-06-18,2066,3419230.0,SELL,06-18 03:29,6.18 03:29，出现一笔卖出看跌期权交易，成交量为2066张，未平仓数为3319张，V/OI值为1.1，交易金额为3419230USD，合约行权价是100，到期日为2026/06/18
2026-06-17,US.CRCL,,PUT,105.0,2026-06-18,2775,5358525.0,SELL,06-18 03:01,6.18 03:01，出现一笔卖出看跌期权交易，成交量为2775张，未平仓数为1377张，V/OI值为2.5，交易金额为5358525USD，合约行权价是105，到期日为2026/06/18
2026-06-17,US.CRCL,,PUT,110.0,2026-06-18,3470,8518850.0,SELL,06-18 03:01,6.18 03:01，出现一笔卖出看跌期权交易，成交量为3470张，未平仓数为1174张，V/OI值为3，交易金额为8518850USD，合约行权价是110，到期日为2026/06/18
2026-06-17,US.CRM,,PUT,190.0,2026-06-18,4000,13728000.0,BUY,06-18 03:18,6.18 03:18，出现一笔买入看跌期权交易，成交量为4000张，未平仓数为4410张，V/OI值为3.2，交易金额为13728000USD，合约行权价是190，到期日为2026/06/18
2026-06-17,US.CRM,,PUT,185.0,2026-06-18,4000,11960000.0,BUY,06-18 03:18,6.18 03:18，出现一笔买入看跌期权交易，成交量为4000张，未平仓数为12348张，V/OI值为0.3，交易金额为11960000USD，合约行权价是185，到期日为2026/06/18
2026-06-17,US.CRM,,PUT,230.0,2026-06-18,2520,18234720.0,SELL,06-18 03:18,6.18 03:18，出现一笔卖出看跌期权交易，成交量为2520张，未平仓数为4972张，V/OI值为6.8，交易金额为18234720USD，合约行权价是230，到期日为2026/06/18
2026-06-17,US.CRM,,PUT,180.0,2026-06-18,4000,9420000.0,SELL,06-18 03:18,6.18 03:18，出现一笔卖出看跌期权交易，成交量为4000张，未平仓数为5507张，V/OI值为1，交易金额为9420000USD，合约行权价是180，到期日为2026/06/18
2026-06-17,US.CRM,,PUT,230.0,2026-06-18,5000,36600000.0,BUY,06-18 03:04,6.18 03:04，出现一笔买入看跌期权交易，成交量为5000张，未平仓数为4972张，V/OI值为6，交易金额为36600000USD，合约行权价是230，到期日为2026/06/18
2026-06-17,US.CRM,,PUT,280.0,2026-06-18,2580,31437300.0,SELL,06-18 03:03,6.18 03:03，出现一笔卖出看跌期权交易，成交量为2580张，未平仓数为1057张，V/OI值为5.6，交易金额为31437300USD，合约行权价是280，到期日为2026/06/18
2026-06-17,US.CRM,,PUT,200.0,2026-06-18,2080,9193600.0,BUY,06-18 03:03,6.18 03:03，出现一笔买入看跌期权交易，成交量为2080张，未平仓数为646张，V/OI值为6.3，交易金额为9193600USD，合约行权价是200，到期日为2026/06/18
2026-06-17,US.CRM,,PUT,190.0,2026-06-18,10000,32530000.0,SELL,06-18 03:03,6.18 03:03，出现一笔卖出看跌期权交易，成交量为10000张，未平仓数为4410张，V/OI值为2.3，交易金额为32530000USD，合约行权价是190，到期日为2026/06/18
2026-06-17,US.CRM,,PUT,230.0,2026-06-18,4200,30181200.0,SELL,06-18 03:03,6.18 03:03，出现一笔卖出看跌期权交易，成交量为4200张，未平仓数为4972张，V/OI值为5，交易金额为30181200USD，合约行权价是230，到期日为2026/06/18
2026-06-17,US.CRM,,PUT,230.0,2026-06-18,5800,41673000.0,SELL,06-18 03:03,6.18 03:03，出现一笔卖出看跌期权交易，成交量为5800张，未平仓数为4972张，V/OI值为4.2，交易金额为41673000USD，合约行权价是230，到期日为2026/06/18
2026-06-17,US.CRM,,PUT,195.0,2026-06-18,3460,12836600.0,SELL,06-18 03:02,6.18 03:02，出现一笔卖出看跌期权交易，成交量为3460张，未平仓数为1334张，V/OI值为4.9，交易金额为12836600USD，合约行权价是195，到期日为2026/06/18
2026-06-17,US.CRM,,PUT,187.5,2026-06-18,2100,6457500.0,SELL,06-18 03:02,6.18 03:02，出现一笔卖出看跌期权交易，成交量为2100张，未平仓数为677张，V/OI值为3.1，交易金额为6457500USD，合约行权价是187.5，到期日为2026/06/18
2026-06-17,US.CRM,,PUT,220.0,2026-06-18,2690,16863610.0,SELL,06-18 03:02,6.18 03:02，出现一笔卖出看跌期权交易，成交量为2690张，未平仓数为1028张，V/OI值为5.6，交易金额为16863610USD，合约行权价是220，到期日为2026/06/18
2026-06-17,US.CRM,,PUT,280.0,2026-06-18,3275,40135125.0,BUY,06-18 02:43,6.18 02:43，出现一笔买入看跌期权交易，成交量为3275张，未平仓数为1057张，V/OI值为3.1，交易金额为40135125USD，合约行权价是280，到期日为2026/06/18
2026-06-17,US.CRM,,PUT,200.0,2026-06-18,1950,8287500.0,SELL,06-18 02:43,6.18 02:43，出现一笔卖出看跌期权交易，成交量为1950张，未平仓数为646张，V/OI值为3，交易金额为8287500USD，合约行权价是200，到期日为2026/06/18
2026-06-17,US.CRM,,PUT,220.0,2026-06-18,3100,19375000.0,SELL,06-18 02:43,6.18 02:43，出现一笔卖出看跌期权交易，成交量为3100张，未平仓数为1028张，V/OI值为3，交易金额为19375000USD，合约行权价是220，到期日为2026/06/18
2026-06-17,US.CRM,,PUT,240.0,2026-06-18,1050,8699250.0,BUY,06-18 02:43,6.18 02:43，出现一笔买入看跌期权交易，成交量为1050张，未平仓数为339张，V/OI值为3.1，交易金额为8699250USD，合约行权价是240，到期日为2026/06/18
2026-06-17,US.CRM,,PUT,230.0,2026-06-18,15000,108975000.0,BUY,06-18 02:43,6.18 02:43，出现一笔买入看跌期权交易，成交量为15000张，未平仓数为4972张，V/OI值为3，交易金额为108975000USD，合约行权价是230，到期日为2026/06/18
2026-06-17,US.CRM,,PUT,195.0,2026-06-18,3075,11685000.0,BUY,06-18 02:43,6.18 02:43，出现一笔买入看跌期权交易，成交量为3075张，未平仓数为1334张，V/OI值为2.3，交易金额为11685000USD，合约行权价是195，到期日为2026/06/18
2026-06-17,US.CRWD,,CALL,677.5,2026-06-18,228,343159.0,SELL,06-18 01:43,6.18 01:43，出现一笔卖出看涨期权交易，成交量为228张，未平仓数为54张，V/OI值为4.4，交易金额为343159USD，合约行权价是677.5，到期日为2026/06/18
2026-06-17,US.CRWV,,CALL,150.0,2026-07-17,1000,243134.0,SELL,06-18 03:59,6.18 03:59，出现一笔卖出看涨期权交易，成交量为1000张，未平仓数为9572张，V/OI值为0.5，交易金额为243134USD，合约行权价是150，到期日为2026/07/17
2026-06-17,US.CRWV,,PUT,116.0,2026-06-18,1500,388985.0,SELL,06-18 03:45,6.18 03:45，出现一笔卖出看跌期权交易，成交量为1500张，未平仓数为370张，V/OI值为17.9，交易金额为388985USD，合约行权价是116，到期日为2026/06/18
2026-06-17,US.CVX,,CALL,150.0,2026-07-10,300,870000.0,SELL,06-18 03:02,6.18 03:02，出现一笔卖出看涨期权交易，成交量为300张，未平仓数为0张，V/OI值为0，交易金额为870000USD，合约行权价是150，到期日为2026/07/10
2026-06-17,US.CVX,,PUT,210.0,2026-06-18,1340,4417980.0,BUY,06-18 03:01,6.18 03:01，出现一笔买入看跌期权交易，成交量为1340张，未平仓数为890张，V/OI值为6.9，交易金额为4417980USD，合约行权价是210，到期日为2026/06/18
2026-06-17,US.CVX,,PUT,210.0,2026-06-18,1570,5174720.0,BUY,06-18 03:01,6.18 03:01，出现一笔买入看跌期权交易，成交量为1570张，未平仓数为890张，V/OI值为5.4，交易金额为5174720USD，合约行权价是210，到期日为2026/06/18
2026-06-17,US.CVX,,PUT,200.0,2026-06-18,3060,6992100.0,BUY,06-18 03:01,6.18 03:01，出现一笔买入看跌期权交易，成交量为3060张，未平仓数为1323张，V/OI值为4.4，交易金额为6992100USD，合约行权价是200，到期日为2026/06/18
2026-06-17,US.CVX,,PUT,210.0,2026-06-18,2700,8667000.0,BUY,06-18 02:43,6.18 02:43，出现一笔买入看跌期权交易，成交量为2700张，未平仓数为890张，V/OI值为3.6，交易金额为8667000USD，合约行权价是210，到期日为2026/06/18
2026-06-17,US.CVX,,PUT,180.0,2026-09-18,256,261120.0,SELL,06-18 01:05,6.18 01:05，出现一笔卖出看跌期权交易，成交量为256张，未平仓数为5807张，V/OI值为0.1，交易金额为261120USD，合约行权价是180，到期日为2026/09/18
2026-06-17,US.DDOG,,CALL,300.0,2026-08-21,579,425570.0,SELL,06-18 03:10,6.18 03:10，出现一笔卖出看涨期权交易，成交量为579张，未平仓数为2122张，V/OI值为0.3，交易金额为425570USD，合约行权价是300，到期日为2026/08/21
2026-06-17,US.DRAM,,PUT,69.0,2026-06-18,1000,118000.0,BUY,06-18 03:53,6.18 03:53，出现一笔买入看跌期权交易，成交量为1000张，未平仓数为985张，V/OI值为6.9，交易金额为118000USD，合约行权价是69，到期日为2026/06/18
2026-06-17,US.DRAM,,PUT,71.0,2026-06-18,1000,214000.0,SELL,06-18 03:53,6.18 03:53，出现一笔卖出看跌期权交易，成交量为1000张，未平仓数为492张，V/OI值为13.8，交易金额为214000USD，合约行权价是71，到期日为2026/06/18
2026-06-17,US.DRAM,,CALL,79.0,2026-07-17,2000,1000000.0,BUY,06-18 03:12,6.18 03:12，出现一笔买入看涨期权交易，成交量为2000张，未平仓数为203张，V/OI值为10，交易金额为1000000USD，合约行权价是79，到期日为2026/07/17
2026-06-17,US.DRAM,,CALL,70.0,2026-08-21,1998,2397600.0,BUY,06-18 03:04,6.18 03:04，出现一笔买入看涨期权交易，成交量为1998张，未平仓数为7460张，V/OI值为0.7，交易金额为2397600USD，合约行权价是70，到期日为2026/08/21
2026-06-17,US.DRAM,,PUT,36.0,2026-09-18,2521,262353.0,BUY,06-18 02:59,6.18 02:59，出现一笔买入看跌期权交易，成交量为2521张，未平仓数为4624张，V/OI值为1.8，交易金额为262353USD，合约行权价是36，到期日为2026/09/18
2026-06-17,US.DRAM,,PUT,36.0,2026-09-18,1451,152006.0,BUY,06-18 02:56,6.18 02:56，出现一笔买入看跌期权交易，成交量为1451张，未平仓数为4624张，V/OI值为1，交易金额为152006USD，合约行权价是36，到期日为2026/09/18
2026-06-17,US.DRAM,,PUT,36.0,2026-09-18,3000,322920.0,BUY,06-18 02:56,6.18 02:56，出现一笔买入看跌期权交易，成交量为3000张，未平仓数为4624张，V/OI值为0.6，交易金额为322920USD，合约行权价是36，到期日为2026/09/18
2026-06-17,US.DRAM,,PUT,50.0,2026-09-18,5000,1650000.0,BUY,06-18 02:34,6.18 02:34，出现一笔买入看跌期权交易，成交量为5000张，未平仓数为3220张，V/OI值为2.3，交易金额为1650000USD，合约行权价是50，到期日为2026/09/18
2026-06-17,US.DRAM,,CALL,65.0,2026-09-18,5000,7600000.0,SELL,06-18 02:26,6.18 02:26，出现一笔卖出看涨期权交易，成交量为5000张，未平仓数为11757张，V/OI值为0.4，交易金额为7600000USD，合约行权价是65，到期日为2026/09/18
2026-06-17,US.DRAM,,CALL,78.0,2026-09-18,5000,5175000.0,BUY,06-18 02:26,6.18 02:26，出现一笔买入看涨期权交易，成交量为5000张，未平仓数为5067张，V/OI值为1，交易金额为5175000USD，合约行权价是78，到期日为2026/09/18
2026-06-17,US.DRAM,,PUT,65.0,2026-09-18,1000,875000.0,BUY,06-18 00:53,6.18 00:53，出现一笔买入看跌期权交易，成交量为1000张，未平仓数为891张，V/OI值为1.2，交易金额为875000USD，合约行权价是65，到期日为2026/09/18
2026-06-17,US.DRAM,,PUT,50.0,2026-09-18,1000,305000.0,SELL,06-18 00:53,6.18 00:53，出现一笔卖出看跌期权交易，成交量为1000张，未平仓数为3220张，V/OI值为0.3，交易金额为305000USD，合约行权价是50，到期日为2026/09/18
2026-06-17,US.DRAM,,PUT,71.0,2026-06-18,1000,122000.0,BUY,06-18 00:15,6.18 00:15，出现一笔买入看跌期权交易，成交量为1000张，未平仓数为492张，V/OI值为2.2，交易金额为122000USD，合约行权价是71，到期日为2026/06/18
2026-06-17,US.FCX,,PUT,75.0,2028-01-21,337,662205.0,SELL,06-18 03:28,6.18 03:28，出现一笔卖出看跌期权交易，成交量为337张，未平仓数为81张，V/OI值为13.3，交易金额为662205USD，合约行权价是75，到期日为2028/01/21
2026-06-17,US.FCX,,PUT,75.0,2028-01-21,452,888180.0,SELL,06-18 03:21,6.18 03:21，出现一笔卖出看跌期权交易，成交量为452张，未平仓数为81张，V/OI值为6.2，交易金额为888180USD，合约行权价是75，到期日为2028/01/21
2026-06-17,US.FCX,,CALL,85.0,2027-01-15,1000,732000.0,SELL,06-18 01:39,6.18 01:39，出现一笔卖出看涨期权交易，成交量为1000张，未平仓数为12904张，V/OI值为0.1，交易金额为732000USD，合约行权价是85，到期日为2027/01/15
2026-06-17,US.FCX,,PUT,85.0,2027-01-15,1000,1908000.0,SELL,06-18 01:39,6.18 01:39，出现一笔卖出看跌期权交易，成交量为1000张，未平仓数为62张，V/OI值为16.1，交易金额为1908000USD，合约行权价是85，到期日为2027/01/15
2026-06-17,US.FUTU,,PUT,124.0,2026-06-18,1274,3057600.0,SELL,06-18 03:28,6.18 03:28，出现一笔卖出看跌期权交易，成交量为1274张，未平仓数为1300张，V/OI值为2.6，交易金额为3057600USD，合约行权价是124，到期日为2026/06/18
2026-06-17,US.FUTU,,PUT,124.0,2026-06-18,1632,3908640.0,SELL,06-18 03:00,6.18 03:00，出现一笔卖出看跌期权交易，成交量为1632张，未平仓数为1300张，V/OI值为1.3，交易金额为3908640USD，合约行权价是124，到期日为2026/06/18
2026-06-17,US.FUTU,,PUT,120.0,2026-06-18,600,1233000.0,SELL,06-18 03:00,6.18 03:00，出现一笔卖出看跌期权交易，成交量为600张，未平仓数为212张，V/OI值为2.8，交易金额为1233000USD，合约行权价是120，到期日为2026/06/18
2026-06-17,US.FUTU,,PUT,147.4,2026-06-18,840,4026120.0,SELL,06-18 03:00,6.18 03:00，出现一笔卖出看跌期权交易，成交量为840张，未平仓数为339张，V/OI值为2.5，交易金额为4026120USD，合约行权价是147.4，到期日为2026/06/18
2026-06-17,US.FUTU,,CALL,127.5,2026-08-21,765,169830.0,SELL,06-18 02:56,6.18 02:56，出现一笔卖出看涨期权交易，成交量为765张，未平仓数为395张，V/OI值为1.9，交易金额为169830USD，合约行权价是127.5，到期日为2026/08/21
2026-06-17,US.FUTU,,PUT,67.5,2026-08-21,1000,102000.0,SELL,06-18 01:59,6.18 01:59，出现一笔卖出看跌期权交易，成交量为1000张，未平仓数为6007张，V/OI值为0.3，交易金额为102000USD，合约行权价是67.5，到期日为2026/08/21
2026-06-17,US.FUTU,,PUT,67.5,2026-08-21,1000,102000.0,SELL,06-18 01:58,6.18 01:58，出现一笔卖出看跌期权交易，成交量为1000张，未平仓数为6007张，V/OI值为0.2，交易金额为102000USD，合约行权价是67.5，到期日为2026/08/21
2026-06-17,US.FUTU,,PUT,90.0,2026-07-17,533,165232.0,SELL,06-18 00:46,6.18 00:46，出现一笔卖出看跌期权交易，成交量为533张，未平仓数为1947张，V/OI值为0.3，交易金额为165232USD，合约行权价是90，到期日为2026/07/17
2026-06-17,US.GDS,,PUT,42.0,2026-06-18,314,273180.0,SELL,06-18 03:42,6.18 03:42，出现一笔卖出看跌期权交易，成交量为314张，未平仓数为607张，V/OI值为3.6，交易金额为273180USD，合约行权价是42，到期日为2026/06/18
2026-06-17,US.GDS,,PUT,39.0,2026-06-18,994,521850.0,SELL,06-18 03:28,6.18 03:28，出现一笔卖出看跌期权交易，成交量为994张，未平仓数为663张，V/OI值为1.5，交易金额为521850USD，合约行权价是39，到期日为2026/06/18
2026-06-17,US.GDS,,PUT,40.0,2026-06-18,537,311460.0,SELL,06-18 03:28,6.18 03:28，出现一笔卖出看跌期权交易，成交量为537张，未平仓数为358张，V/OI值为4.1，交易金额为311460USD，合约行权价是40，到期日为2026/06/18
2026-06-17,US.GDS,,PUT,38.0,2026-06-18,814,455840.0,BUY,06-18 03:28,6.18 03:28，出现一笔买入看跌期权交易，成交量为814张，未平仓数为872张，V/OI值为1.1，交易金额为455840USD，合约行权价是38，到期日为2026/06/18
2026-06-17,US.GDS,,PUT,42.0,2026-06-18,537,477930.0,BUY,06-18 03:28,6.18 03:28，出现一笔买入看跌期权交易，成交量为537张，未平仓数为607张，V/OI值为3.1，交易金额为477930USD，合约行权价是42，到期日为2026/06/18
2026-06-17,US.GDS,,PUT,45.0,2026-06-18,330,313500.0,SELL,06-18 02:59,6.18 02:59，出现一笔卖出看跌期权交易，成交量为330张，未平仓数为139张，V/OI值为2.4，交易金额为313500USD，合约行权价是45，到期日为2026/06/18
2026-06-17,US.GDS,,PUT,42.0,2026-06-18,1334,1160580.0,BUY,06-18 02:59,6.18 02:59，出现一笔买入看跌期权交易，成交量为1334张，未平仓数为607张，V/OI值为2.2，交易金额为1160580USD，合约行权价是42，到期日为2026/06/18
2026-06-17,US.GDS,,PUT,40.0,2026-06-18,880,667040.0,BUY,06-18 02:59,6.18 02:59，出现一笔买入看跌期权交易，成交量为880张，未平仓数为358张，V/OI值为2.5，交易金额为667040USD，合约行权价是40，到期日为2026/06/18
2026-06-17,US.GFS,,PUT,80.0,2026-07-17,342,191520.0,BUY,06-18 01:02,6.18 01:02，出现一笔买入看跌期权交易，成交量为342张，未平仓数为877张，V/OI值为0.8，交易金额为191520USD，合约行权价是80，到期日为2026/07/17
2026-06-17,US.GOOGL,,CALL,380.0,2026-07-17,1152,794907.0,SELL,06-18 03:46,6.18 03:46，出现一笔卖出看涨期权交易，成交量为1152张，未平仓数为8807张，V/OI值为0.4，交易金额为794907USD，合约行权价是380，到期日为2026/07/17
2026-06-17,US.GOOGL,,CALL,390.0,2026-07-17,1860,799812.0,SELL,06-18 03:41,6.18 03:41，出现一笔卖出看涨期权交易，成交量为1860张，未平仓数为8296张，V/OI值为0.5，交易金额为799812USD，合约行权价是390，到期日为2026/07/17
2026-06-17,US.GOOGL,,CALL,370.0,2026-07-17,1079,1106021.0,SELL,06-18 03:36,6.18 03:36，出现一笔卖出看涨期权交易，成交量为1079张，未平仓数为9817张，V/OI值为0.3，交易金额为1106021USD，合约行权价是370，到期日为2026/07/17
2026-06-17,US.GOOGL,,PUT,395.0,2026-06-18,1254,3981450.0,SELL,06-18 03:29,6.18 03:29，出现一笔卖出看跌期权交易，成交量为1254张，未平仓数为836张，V/OI值为3.4，交易金额为3981450USD，合约行权价是395，到期日为2026/06/18
2026-06-17,US.GOOGL,,PUT,390.0,2026-06-18,1728,4506624.0,SELL,06-18 03:29,6.18 03:29，出现一笔卖出看跌期权交易，成交量为1728张，未平仓数为1671张，V/OI值为1.5，交易金额为4506624USD，合约行权价是390，到期日为2026/06/18
2026-06-17,US.GOOGL,,PUT,395.0,2026-06-18,1550,4564750.0,SELL,06-18 02:43,6.18 02:43，出现一笔卖出看跌期权交易，成交量为1550张，未平仓数为836张，V/OI值为1.9，交易金额为4564750USD，合约行权价是395，到期日为2026/06/18
2026-06-17,US.GOOGL,,CALL,450.0,2028-01-21,1000,5030000.0,BUY,06-18 00:14,6.18 00:14，出现一笔买入看涨期权交易，成交量为1000张，未平仓数为4398张，V/OI值为0.2，交易金额为5030000USD，合约行权价是450，到期日为2028/01/21
2026-06-17,US.HOOD,,CALL,110.0,2026-06-26,1180,365800.0,SELL,06-18 03:48,6.18 03:48，出现一笔卖出看涨期权交易，成交量为1180张，未平仓数为4709张，V/OI值为4.9，交易金额为365800USD，合约行权价是110，到期日为2026/06/26
2026-06-17,US.HOOD,,PUT,105.0,2026-06-18,1492,174568.0,SELL,06-18 03:29,6.18 03:29，出现一笔卖出看跌期权交易，成交量为1492张，未平仓数为2429张，V/OI值为12.5，交易金额为174568USD，合约行权价是105，到期日为2026/06/18
2026-06-17,US.HOOD,,PUT,105.0,2026-06-18,1491,164010.0,BUY,06-18 03:20,6.18 03:20，出现一笔买入看跌期权交易，成交量为1491张，未平仓数为2429张，V/OI值为11.3，交易金额为164010USD，合约行权价是105，到期日为2026/06/18
2026-06-17,US.HOOD,,CALL,114.0,2026-06-26,1000,377000.0,BUY,06-18 02:52,6.18 02:52，出现一笔买入看涨期权交易，成交量为1000张，未平仓数为143张，V/OI值为11.3，交易金额为377000USD，合约行权价是114，到期日为2026/06/26
2026-06-17,US.HOOD,,CALL,113.0,2026-06-26,1000,373000.0,BUY,06-18 02:43,6.18 02:43，出现一笔买入看涨期权交易，成交量为1000张，未平仓数为216张，V/OI值为28.7，交易金额为373000USD，合约行权价是113，到期日为2026/06/26
2026-06-17,US.HOOD,,CALL,97.0,2026-06-18,2496,2927808.0,BUY,06-18 02:31,6.18 02:31，出现一笔买入看涨期权交易，成交量为2496张，未平仓数为7280张，V/OI值为0.9，交易金额为2927808USD，合约行权价是97，到期日为2026/06/18
2026-06-17,US.HOOD,,CALL,97.0,2026-06-18,1000,1172000.0,SELL,06-18 02:31,6.18 02:31，出现一笔卖出看涨期权交易，成交量为1000张，未平仓数为7280张，V/OI值为0.6，交易金额为1172000USD，合约行权价是97，到期日为2026/06/18
2026-06-17,US.HOOD,,CALL,97.0,2026-06-18,1000,1172000.0,SELL,06-18 02:31,6.18 02:31，出现一笔卖出看涨期权交易，成交量为1000张，未平仓数为7280张，V/OI值为0.4，交易金额为1172000USD，合约行权价是97，到期日为2026/06/18
2026-06-17,US.HOOD,,PUT,100.0,2026-06-26,2496,411840.0,SELL,06-18 02:31,6.18 02:31，出现一笔卖出看跌期权交易，成交量为2496张，未平仓数为598张，V/OI值为12.7，交易金额为411840USD，合约行权价是100，到期日为2026/06/26
2026-06-17,US.HOOD,,PUT,100.0,2026-06-26,1000,165000.0,SELL,06-18 02:31,6.18 02:31，出现一笔卖出看跌期权交易，成交量为1000张，未平仓数为598张，V/OI值为8.6，交易金额为165000USD，合约行权价是100，到期日为2026/06/26
2026-06-17,US.HOOD,,PUT,100.0,2026-06-26,1000,165000.0,SELL,06-18 02:31,6.18 02:31，出现一笔卖出看跌期权交易，成交量为1000张，未平仓数为598张，V/OI值为6.9，交易金额为165000USD，合约行权价是100，到期日为2026/06/26
2026-06-17,US.HOOD,,CALL,113.0,2026-06-26,2496,791232.0,SELL,06-18 02:31,6.18 02:31，出现一笔卖出看涨期权交易，成交量为2496张，未平仓数为216张，V/OI值为24，交易金额为791232USD，合约行权价是113，到期日为2026/06/26
2026-06-17,US.HOOD,,CALL,113.0,2026-06-26,1000,317000.0,SELL,06-18 02:31,6.18 02:31，出现一笔卖出看涨期权交易，成交量为1000张，未平仓数为216张，V/OI值为12.4，交易金额为317000USD，合约行权价是113，到期日为2026/06/26
2026-06-17,US.HOOD,,CALL,113.0,2026-06-26,1000,317000.0,SELL,06-18 02:31,6.18 02:31，出现一笔卖出看涨期权交易，成交量为1000张，未平仓数为216张，V/OI值为7.8，交易金额为317000USD，合约行权价是113，到期日为2026/06/26
2026-06-17,US.HOOD,,CALL,200.0,2027-01-15,1400,736404.0,SELL,06-18 02:03,6.18 02:03，出现一笔卖出看涨期权交易，成交量为1400张，未平仓数为9434张，V/OI值为0.5，交易金额为736404USD，合约行权价是200，到期日为2027/01/15
2026-06-17,US.HOOD,,PUT,75.0,2026-08-21,1292,211888.0,SELL,06-18 01:11,6.18 01:11，出现一笔卖出看跌期权交易，成交量为1292张，未平仓数为7107张，V/OI值为0.2，交易金额为211888USD，合约行权价是75，到期日为2026/08/21
2026-06-17,US.HOOD,,CALL,105.0,2026-07-17,1928,1860436.0,BUY,06-18 00:40,6.18 00:40，出现一笔买入看涨期权交易，成交量为1928张，未平仓数为18405张，V/OI值为0.5，交易金额为1860436USD，合约行权价是105，到期日为2026/07/17
2026-06-17,US.HOOD,,CALL,106.0,2026-06-18,1915,679616.0,BUY,06-18 00:22,6.18 00:22，出现一笔买入看涨期权交易，成交量为1915张，未平仓数为1623张，V/OI值为8，交易金额为679616USD，合约行权价是106，到期日为2026/06/18
2026-06-17,US.HOOD,,PUT,102.0,2026-06-26,1000,230000.0,BUY,06-18 00:09,6.18 00:09，出现一笔买入看跌期权交易，成交量为1000张，未平仓数为24张，V/OI值为59.6，交易金额为230000USD，合约行权价是102，到期日为2026/06/26
2026-06-17,US.IBIT,,PUT,52.0,2026-06-18,8352,12903840.0,SELL,06-18 03:36,6.18 03:36，出现一笔卖出看跌期权交易，成交量为8352张，未平仓数为14723张，V/OI值为3，交易金额为12903840USD，合约行权价是52，到期日为2026/06/18
2026-06-17,US.IBIT,,PUT,70.0,2027-01-15,10500,35122500.0,SELL,06-18 03:36,6.18 03:36，出现一笔卖出看跌期权交易，成交量为10500张，未平仓数为10289张，V/OI值为2，交易金额为35122500USD，合约行权价是70，到期日为2027/01/15
2026-06-17,US.IBIT,,PUT,45.0,2026-06-18,10500,8715000.0,BUY,06-18 03:18,6.18 03:18，出现一笔买入看跌期权交易，成交量为10500张，未平仓数为7790张，V/OI值为3.3，交易金额为8715000USD，合约行权价是45，到期日为2026/06/18
2026-06-17,US.IBIT,,PUT,41.0,2026-06-18,10500,4515000.0,BUY,06-18 03:18,6.18 03:18，出现一笔买入看跌期权交易，成交量为10500张，未平仓数为13214张，V/OI值为0.8，交易金额为4515000USD，合约行权价是41，到期日为2026/06/18
2026-06-17,US.IBIT,,PUT,42.0,2026-06-18,10500,5239500.0,SELL,06-18 03:18,6.18 03:18，出现一笔卖出看跌期权交易，成交量为10500张，未平仓数为10197张，V/OI值为1，交易金额为5239500USD，合约行权价是42，到期日为2026/06/18
2026-06-17,US.IBIT,,PUT,70.0,2027-01-15,9720,31930200.0,SELL,06-18 03:18,6.18 03:18，出现一笔卖出看跌期权交易，成交量为9720张，未平仓数为10289张，V/OI值为0.9，交易金额为31930200USD，合约行权价是70，到期日为2027/01/15
2026-06-17,US.IBIT,,PUT,52.0,2026-06-18,5918,9024950.0,BUY,06-18 03:18,6.18 03:18，出现一笔买入看跌期权交易，成交量为5918张，未平仓数为14723张，V/OI值为2.3，交易金额为9024950USD，合约行权价是52，到期日为2026/06/18
2026-06-17,US.IBIT,,PUT,50.0,2026-06-18,5918,7841350.0,BUY,06-18 03:18,6.18 03:18，出现一笔买入看跌期权交易，成交量为5918张，未平仓数为3945张，V/OI值为4，交易金额为7841350USD，合约行权价是50，到期日为2026/06/18
2026-06-17,US.IBIT,,PUT,52.0,2026-06-18,9730,14595000.0,BUY,06-18 03:03,6.18 03:03，出现一笔买入看跌期权交易，成交量为9730张，未平仓数为14723张，V/OI值为1.8，交易金额为14595000USD，合约行权价是52，到期日为2026/06/18
2026-06-17,US.IBIT,,PUT,44.0,2026-06-18,6050,4198700.0,SELL,06-18 03:03,6.18 03:03，出现一笔卖出看跌期权交易，成交量为6050张，未平仓数为4310张，V/OI值为2.4，交易金额为4198700USD，合约行权价是44，到期日为2026/06/18
2026-06-17,US.IBIT,,PUT,47.0,2026-06-18,3660,3660000.0,BUY,06-18 03:03,6.18 03:03，出现一笔买入看跌期权交易，成交量为3660张，未平仓数为1504张，V/OI值为2.5，交易金额为3660000USD，合约行权价是47，到期日为2026/06/18
2026-06-17,US.IBIT,,PUT,50.0,2026-06-18,9180,11842200.0,SELL,06-18 03:03,6.18 03:03，出现一笔卖出看跌期权交易，成交量为9180张，未平仓数为3945张，V/OI值为2.4，交易金额为11842200USD，合约行权价是50，到期日为2026/06/18
2026-06-17,US.IBIT,,PUT,52.0,2026-06-18,15000,22410000.0,SELL,06-18 03:03,6.18 03:03，出现一笔卖出看跌期权交易，成交量为15000张，未平仓数为14723张，V/OI值为1.1，交易金额为22410000USD，合约行权价是52，到期日为2026/06/18
2026-06-17,US.IBIT,,PUT,54.0,2026-06-18,4450,7565000.0,BUY,06-18 03:03,6.18 03:03，出现一笔买入看跌期权交易，成交量为4450张，未平仓数为1794张，V/OI值为2.5，交易金额为7565000USD，合约行权价是54，到期日为2026/06/18
2026-06-17,US.IBIT,,PUT,44.0,2026-06-18,4450,3070500.0,SELL,06-18 03:03,6.18 03:03，出现一笔卖出看跌期权交易，成交量为4450张，未平仓数为4310张，V/OI值为1，交易金额为3070500USD，合约行权价是44，到期日为2026/06/18
2026-06-17,US.IBIT,,PUT,45.0,2026-06-18,10500,8305500.0,SELL,06-18 03:03,6.18 03:03，出现一笔卖出看跌期权交易，成交量为10500张，未平仓数为7790张，V/OI值为2，交易金额为8305500USD，合约行权价是45，到期日为2026/06/18
2026-06-17,US.IBIT,,PUT,45.0,2026-06-18,4500,3555000.0,SELL,06-18 03:03,6.18 03:03，出现一笔卖出看跌期权交易，成交量为4500张，未平仓数为7790张，V/OI值为0.6，交易金额为3555000USD，合约行权价是45，到期日为2026/06/18
2026-06-17,US.IBIT,,CALL,37.0,2026-06-26,3294,309636.0,BUY,06-18 03:01,6.18 03:01，出现一笔买入看涨期权交易，成交量为3294张，未平仓数为5532张，V/OI值为0.8，交易金额为309636USD，合约行权价是37，到期日为2026/06/26
2026-06-17,US.IBIT,,CALL,38.5,2026-07-24,4400,572000.0,SELL,06-18 01:45,6.18 01:45，出现一笔卖出看涨期权交易，成交量为4400张，未平仓数为84张，V/OI值为55.7，交易金额为572000USD，合约行权价是38.5，到期日为2026/07/24
2026-06-17,US.IBM,,PUT,290.0,2026-06-18,1510,4092100.0,BUY,06-18 03:29,6.18 03:29，出现一笔买入看跌期权交易，成交量为1510张，未平仓数为1007张，V/OI值为1.5，交易金额为4092100USD，合约行权价是290，到期日为2026/06/18
2026-06-17,US.IBM,,PUT,300.0,2026-06-18,1680,6258000.0,BUY,06-18 03:29,6.18 03:29，出现一笔买入看跌期权交易，成交量为1680张，未平仓数为1485张，V/OI值为3.6，交易金额为6258000USD，合约行权价是300，到期日为2026/06/18
2026-06-17,US.IBM,,PUT,275.0,2026-07-17,504,851771.0,SELL,06-18 03:08,6.18 03:08，出现一笔卖出看跌期权交易，成交量为504张，未平仓数为3792张，V/OI值为0.1，交易金额为851771USD，合约行权价是275，到期日为2026/07/17
2026-06-17,US.IBM,,PUT,305.0,2026-06-18,1325,5187375.0,BUY,06-18 02:43,6.18 02:43，出现一笔买入看跌期权交易，成交量为1325张，未平仓数为447张，V/OI值为3，交易金额为5187375USD，合约行权价是305，到期日为2026/06/18
2026-06-17,US.IBM,,PUT,300.0,2026-06-18,3225,11013375.0,BUY,06-18 02:43,6.18 02:43，出现一笔买入看跌期权交易，成交量为3225张，未平仓数为1485张，V/OI值为2.2，交易金额为11013375USD，合约行权价是300，到期日为2026/06/18
2026-06-17,US.IBM,,PUT,270.0,2026-06-26,436,337898.0,BUY,06-18 01:30,6.18 01:30，出现一笔买入看跌期权交易，成交量为436张，未平仓数为426张，V/OI值为1.1，交易金额为337898USD，合约行权价是270，到期日为2026/06/26
2026-06-17,US.IGV,,CALL,105.0,2026-09-18,4931,862925.0,SELL,06-18 03:40,6.18 03:40，出现一笔卖出看涨期权交易，成交量为4931张，未平仓数为5606张，V/OI值为1，交易金额为862925USD，合约行权价是105，到期日为2026/09/18
2026-06-17,US.IGV,,CALL,120.0,2026-09-18,4931,261343.0,BUY,06-18 03:40,6.18 03:40，出现一笔买入看涨期权交易，成交量为4931张，未平仓数为5426张，V/OI值为0.9，交易金额为261343USD，合约行权价是120，到期日为2026/09/18
2026-06-17,US.IGV,,PUT,93.0,2026-06-18,1000,275000.0,BUY,06-18 02:19,6.18 02:19，出现一笔买入看跌期权交易，成交量为1000张，未平仓数为2509张，V/OI值为0.8，交易金额为275000USD，合约行权价是93，到期日为2026/06/18
2026-06-17,US.IGV,,PUT,92.0,2026-06-18,2500,445000.0,BUY,06-18 02:19,6.18 02:19，出现一笔买入看跌期权交易，成交量为2500张，未平仓数为6263张，V/OI值为0.8，交易金额为445000USD，合约行权价是92，到期日为2026/06/18
2026-06-17,US.INTC,,PUT,90.0,2026-07-02,1000,80000.0,BUY,06-18 03:59,6.18 03:59，出现一笔买入看跌期权交易，成交量为1000张，未平仓数为1520张，V/OI值为0.9，交易金额为80000USD，合约行权价是90，到期日为2026/07/02
2026-06-17,US.INTC,,CALL,120.0,2026-06-18,1000,385000.0,BUY,06-18 03:33,6.18 03:33，出现一笔买入看涨期权交易，成交量为1000张，未平仓数为24555张，V/OI值为0.6，交易金额为385000USD，合约行权价是120，到期日为2026/06/18
2026-06-17,US.INTC,,CALL,120.0,2026-06-18,2000,980000.0,BUY,06-18 03:13,6.18 03:13，出现一笔买入看涨期权交易，成交量为2000张，未平仓数为24555张，V/OI值为0.6，交易金额为980000USD，合约行权价是120，到期日为2026/06/18
2026-06-17,US.INTC,,CALL,120.0,2026-06-18,1000,505000.0,BUY,06-18 03:06,6.18 03:06，出现一笔买入看涨期权交易，成交量为1000张，未平仓数为24555张，V/OI值为0.5，交易金额为505000USD，合约行权价是120，到期日为2026/06/18
2026-06-17,US.INTC,,CALL,121.0,2026-06-18,1270,373378.0,BUY,06-18 02:25,6.18 02:25，出现一笔买入看涨期权交易，成交量为1270张，未平仓数为1873张，V/OI值为6.1，交易金额为373378USD，合约行权价是121，到期日为2026/06/18
2026-06-17,US.INTC,,PUT,85.0,2026-07-17,3600,363600.0,SELL,06-18 01:49,6.18 01:49，出现一笔卖出看跌期权交易，成交量为3600张，未平仓数为7907张，V/OI值为0.5，交易金额为363600USD，合约行权价是85，到期日为2026/07/17
2026-06-17,US.INTC,,PUT,92.5,2026-09-18,1800,1209600.0,SELL,06-18 01:48,6.18 01:48，出现一笔卖出看跌期权交易，成交量为1800张，未平仓数为1627张，V/OI值为1.1，交易金额为1209600USD，合约行权价是92.5，到期日为2026/09/18
2026-06-17,US.INTC,,PUT,100.0,2026-08-21,1800,1287000.0,SELL,06-18 01:48,6.18 01:48，出现一笔卖出看跌期权交易，成交量为1800张，未平仓数为11339张，V/OI值为0.2，交易金额为1287000USD，合约行权价是100，到期日为2026/08/21
2026-06-17,US.INTC,,PUT,90.0,2026-10-16,1620,1247400.0,SELL,06-18 01:48,6.18 01:48，出现一笔卖出看跌期权交易，成交量为1620张，未平仓数为2181张，V/OI值为0.8，交易金额为1247400USD，合约行权价是90，到期日为2026/10/16
2026-06-17,US.INTC,,PUT,70.0,2027-06-17,1350,1255500.0,SELL,06-18 01:47,6.18 01:47，出现一笔卖出看跌期权交易，成交量为1350张，未平仓数为4367张，V/OI值为0.5，交易金额为1255500USD，合约行权价是70，到期日为2027/06/17
2026-06-17,US.INTC,,CALL,122.0,2026-06-18,1008,267120.0,BUY,06-18 01:03,6.18 01:03，出现一笔买入看涨期权交易，成交量为1008张，未平仓数为6729张，V/OI值为1.3，交易金额为267120USD，合约行权价是122，到期日为2026/06/18
2026-06-17,US.INTC,,CALL,120.0,2027-01-15,1000,3230000.0,SELL,06-18 00:59,6.18 00:59，出现一笔卖出看涨期权交易，成交量为1000张，未平仓数为7890张，V/OI值为0.4，交易金额为3230000USD，合约行权价是120，到期日为2027/01/15
2026-06-17,US.INTC,,CALL,120.0,2027-01-15,1951,6321240.0,SELL,06-18 00:50,6.18 00:50，出现一笔卖出看涨期权交易，成交量为1951张，未平仓数为7890张，V/OI值为0.3，交易金额为6321240USD，合约行权价是120，到期日为2027/01/15
2026-06-17,US.INTC,,CALL,125.0,2026-06-18,1000,154000.0,SELL,06-18 00:50,6.18 00:50，出现一笔卖出看涨期权交易，成交量为1000张，未平仓数为11774张，V/OI值为0.8，交易金额为154000USD，合约行权价是125，到期日为2026/06/18
2026-06-17,US.INTC,,PUT,70.0,2026-06-26,15693,94158.0,BUY,06-18 00:39,6.18 00:39，出现一笔买入看跌期权交易，成交量为15693张，未平仓数为1835张，V/OI值为9.8，交易金额为94158USD，合约行权价是70，到期日为2026/06/26
2026-06-17,US.INTC,,PUT,115.0,2026-06-18,1994,117646.0,BUY,06-18 00:39,6.18 00:39，出现一笔买入看跌期权交易，成交量为1994张，未平仓数为10897张，V/OI值为0.6，交易金额为117646USD，合约行权价是115，到期日为2026/06/18
2026-06-17,US.INTC,,PUT,100.0,2026-09-18,2750,2609750.0,BUY,06-18 00:23,6.18 00:23，出现一笔买入看跌期权交易，成交量为2750张，未平仓数为7466张，V/OI值为0.4，交易金额为2609750USD，合约行权价是100，到期日为2026/09/18
2026-06-17,US.INTU,,PUT,360.0,2026-06-18,1191,10540350.0,SELL,06-18 03:41,6.18 03:41，出现一笔卖出看跌期权交易，成交量为1191张，未平仓数为594张，V/OI值为6.8，交易金额为10540350USD，合约行权价是360，到期日为2026/06/18
2026-06-17,US.INTU,,PUT,400.0,2026-06-26,956,12294160.0,BUY,06-18 03:41,6.18 03:41，出现一笔买入看跌期权交易，成交量为956张，未平仓数为501张，V/OI值为4.2，交易金额为12294160USD，合约行权价是400，到期日为2026/06/26
2026-06-17,US.INTU,,PUT,360.0,2026-06-18,800,6840000.0,SELL,06-18 03:04,6.18 03:04，出现一笔卖出看跌期权交易，成交量为800张，未平仓数为594张，V/OI值为4.8，交易金额为6840000USD，合约行权价是360，到期日为2026/06/18
2026-06-17,US.INTU,,PUT,440.0,2026-06-18,1600,26528000.0,BUY,06-18 03:04,6.18 03:04，出现一笔买入看跌期权交易，成交量为1600张，未平仓数为767张，V/OI值为6.7，交易金额为26528000USD，合约行权价是440，到期日为2026/06/18
2026-06-17,US.INTU,,PUT,440.0,2026-06-18,1270,20802600.0,BUY,06-18 02:47,6.18 02:47，出现一笔买入看跌期权交易，成交量为1270张，未平仓数为767张，V/OI值为4.7，交易金额为20802600USD，合约行权价是440，到期日为2026/06/18
2026-06-17,US.INTU,,PUT,400.0,2026-06-26,810,10044000.0,BUY,06-18 02:46,6.18 02:46，出现一笔买入看跌期权交易，成交量为810张，未平仓数为501张，V/OI值为1.6，交易金额为10044000USD，合约行权价是400，到期日为2026/06/26
2026-06-17,US.INTU,,PUT,380.0,2026-06-18,600,6210000.0,BUY,06-18 02:43,6.18 02:43，出现一笔买入看跌期权交易，成交量为600张，未平仓数为195张，V/OI值为3.1，交易金额为6210000USD，合约行权价是380，到期日为2026/06/18
2026-06-17,US.INTU,,PUT,360.0,2026-06-18,1000,8410000.0,BUY,06-18 02:43,6.18 02:43，出现一笔买入看跌期权交易，成交量为1000张，未平仓数为594张，V/OI值为1.7，交易金额为8410000USD，合约行权价是360，到期日为2026/06/18
2026-06-17,US.INTU,,PUT,440.0,2026-06-18,2300,37651000.0,SELL,06-18 02:43,6.18 02:43，出现一笔卖出看跌期权交易，成交量为2300张，未平仓数为767张，V/OI值为3，交易金额为37651000USD，合约行权价是440，到期日为2026/06/18
2026-06-17,US.IREN,,CALL,100.0,2028-01-21,1200,2644800.0,SELL,06-18 02:41,6.18 02:41，出现一笔卖出看涨期权交易，成交量为1200张，未平仓数为4388张，V/OI值为0.3，交易金额为2644800USD，合约行权价是100，到期日为2028/01/21
2026-06-17,US.IREN,,PUT,100.0,2028-01-21,1200,6823200.0,SELL,06-18 02:41,6.18 02:41，出现一笔卖出看跌期权交易，成交量为1200张，未平仓数为182张，V/OI值为6.6，交易金额为6823200USD，合约行权价是100，到期日为2028/01/21
2026-06-17,US.IREN,,PUT,34.0,2026-06-26,20000,180000.0,SELL,06-18 01:07,6.18 01:07，出现一笔卖出看跌期权交易，成交量为20000张，未平仓数为12张，V/OI值为1677.4，交易金额为180000USD，合约行权价是34，到期日为2026/06/26
2026-06-17,US.IREN,,PUT,34.0,2026-06-26,11000,99000.0,SELL,06-18 01:07,6.18 01:07，出现一笔卖出看跌期权交易，成交量为11000张，未平仓数为12张，V/OI值为2594.1，交易金额为99000USD，合约行权价是34，到期日为2026/06/26
2026-06-17,US.IWM,,PUT,281.0,2026-06-30,5326,1177044.0,SELL,06-18 04:05,6.18 04:05，出现一笔卖出看跌期权交易，成交量为5326张，未平仓数为540张，V/OI值为32.7，交易金额为1177044USD，合约行权价是281，到期日为2026/06/30
2026-06-17,US.IWM,,PUT,277.0,2026-07-17,17770,5579780.0,SELL,06-18 04:02,6.18 04:02，出现一笔卖出看跌期权交易，成交量为17770张，未平仓数为51350张，V/OI值为1.1，交易金额为5579780USD，合约行权价是277，到期日为2026/07/17
2026-06-17,US.IWM,,PUT,281.0,2026-06-30,7752,1658630.0,BUY,06-18 04:02,6.18 04:02，出现一笔买入看跌期权交易，成交量为7752张，未平仓数为540张，V/OI值为14.9，交易金额为1658630USD，合约行权价是281，到期日为2026/06/30
2026-06-17,US.IWM,,PUT,255.0,2026-08-21,3809,818935.0,BUY,06-18 03:58,6.18 03:58，出现一笔买入看跌期权交易，成交量为3809张，未平仓数为28359张，V/OI值为0.5，交易金额为818935USD，合约行权价是255，到期日为2026/08/21
2026-06-17,US.IWM,,CALL,320.0,2026-07-17,9846,354456.0,SELL,06-18 03:47,6.18 03:47，出现一笔卖出看涨期权交易，成交量为9846张，未平仓数为15965张，V/OI值为0.6，交易金额为354456USD，合约行权价是320，到期日为2026/07/17
2026-06-17,US.IWM,,PUT,289.0,2026-06-18,5118,1008887.0,SELL,06-18 03:45,6.18 03:45，出现一笔卖出看跌期权交易，成交量为5118张，未平仓数为13056张，V/OI值为2.4，交易金额为1008887USD，合约行权价是289，到期日为2026/06/18
2026-06-17,US.IWM,,PUT,276.0,2026-07-17,7822,2518684.0,SELL,06-18 03:39,6.18 03:39，出现一笔卖出看跌期权交易，成交量为7822张，未平仓数为43042张，V/OI值为0.6，交易金额为2518684USD，合约行权价是276，到期日为2026/07/17
2026-06-17,US.IWM,,PUT,277.0,2026-07-17,3000,1023000.0,SELL,06-18 03:39,6.18 03:39，出现一笔卖出看跌期权交易，成交量为3000张，未平仓数为51350张，V/OI值为0.6，交易金额为1023000USD，合约行权价是277，到期日为2026/07/17
2026-06-17,US.IWM,,PUT,275.0,2026-06-30,3000,363000.0,SELL,06-18 03:32,6.18 03:32，出现一笔卖出看跌期权交易，成交量为3000张，未平仓数为78754张，V/OI值为0，交易金额为363000USD，合约行权价是275，到期日为2026/06/30
2026-06-17,US.IWM,,PUT,288.0,2026-06-30,3000,1233000.0,SELL,06-18 03:32,6.18 03:32，出现一笔卖出看跌期权交易，成交量为3000张，未平仓数为475张，V/OI值为14.3，交易金额为1233000USD，合约行权价是288，到期日为2026/06/30
2026-06-17,US.IWM,,PUT,278.0,2026-07-17,6000,2070000.0,BUY,06-18 03:31,6.18 03:31，出现一笔买入看跌期权交易，成交量为6000张，未平仓数为38899张，V/OI值为1.1，交易金额为2070000USD，合约行权价是278，到期日为2026/07/17
2026-06-17,US.IWM,,PUT,276.0,2026-07-17,7821,2424510.0,BUY,06-18 03:31,6.18 03:31，出现一笔买入看跌期权交易，成交量为7821张，未平仓数为43042张，V/OI值为0.4，交易金额为2424510USD，合约行权价是276，到期日为2026/07/17
2026-06-17,US.IWM,,PUT,279.0,2026-07-17,20000,6620000.0,SELL,06-18 03:27,6.18 03:27，出现一笔卖出看跌期权交易，成交量为20000张，未平仓数为25929张，V/OI值为3，交易金额为6620000USD，合约行权价是279，到期日为2026/07/17
2026-06-17,US.IWM,,PUT,277.0,2026-07-17,20000,5840000.0,SELL,06-18 03:27,6.18 03:27，出现一笔卖出看跌期权交易，成交量为20000张，未平仓数为51350张，V/OI值为0.6，交易金额为5840000USD，合约行权价是277，到期日为2026/07/17
2026-06-17,US.IWM,,PUT,277.0,2026-07-17,7000,2226000.0,BUY,06-18 03:23,6.18 03:23，出现一笔买入看跌期权交易，成交量为7000张，未平仓数为51350张，V/OI值为0.2，交易金额为2226000USD，合约行权价是277，到期日为2026/07/17
2026-06-17,US.IWM,,PUT,276.0,2026-07-17,7736,2320800.0,SELL,06-18 03:23,6.18 03:23，出现一笔卖出看跌期权交易，成交量为7736张，未平仓数为43042张，V/OI值为0.2，交易金额为2320800USD，合约行权价是276，到期日为2026/07/17
2026-06-17,US.IWM,,PUT,255.0,2026-07-17,4468,272548.0,SELL,06-18 03:01,6.18 03:01，出现一笔卖出看跌期权交易，成交量为4468张，未平仓数为59916张，V/OI值为0.3，交易金额为272548USD，合约行权价是255，到期日为2026/07/17
2026-06-17,US.IWM,,PUT,270.0,2026-07-17,4468,719348.0,SELL,06-18 03:01,6.18 03:01，出现一笔卖出看跌期权交易，成交量为4468张，未平仓数为47779张，V/OI值为0.3，交易金额为719348USD，合约行权价是270，到期日为2026/07/17
2026-06-17,US.IWM,,PUT,270.0,2026-07-17,4092,666996.0,BUY,06-18 03:01,6.18 03:01，出现一笔买入看跌期权交易，成交量为4092张，未平仓数为47779张，V/OI值为0.2，交易金额为666996USD，合约行权价是270，到期日为2026/07/17
2026-06-17,US.IWM,,PUT,285.0,2026-06-18,6855,109589.0,SELL,06-18 02:50,6.18 02:50，出现一笔卖出看跌期权交易，成交量为6855张，未平仓数为57479张，V/OI值为1.1，交易金额为109589USD，合约行权价是285，到期日为2026/06/18
2026-06-17,US.IWM,,CALL,315.0,2026-07-24,3354,503100.0,SELL,06-18 02:36,6.18 02:36，出现一笔卖出看涨期权交易，成交量为3354张，未平仓数为127张，V/OI值为27，交易金额为503100USD，合约行权价是315，到期日为2026/07/24
2026-06-17,US.IWM,,CALL,320.0,2026-07-24,3354,311922.0,BUY,06-18 02:36,6.18 02:36，出现一笔买入看涨期权交易，成交量为3354张，未平仓数为166张，V/OI值为20.6，交易金额为311922USD，合约行权价是320，到期日为2026/07/24
2026-06-17,US.IWM,,PUT,280.0,2026-07-17,4895,1657173.0,BUY,06-18 02:35,6.18 02:35，出现一笔买入看跌期权交易，成交量为4895张，未平仓数为49952张，V/OI值为0.3，交易金额为1657173USD，合约行权价是280，到期日为2026/07/17
2026-06-17,US.IWM,,PUT,280.0,2026-08-21,4045,2293135.0,BUY,06-18 02:21,6.18 02:21，出现一笔买入看跌期权交易，成交量为4045张，未平仓数为31920张，V/OI值为0.3，交易金额为2293135USD，合约行权价是280，到期日为2026/08/21
2026-06-17,US.IWM,,PUT,279.0,2026-07-17,8090,2338010.0,BUY,06-18 02:11,6.18 02:11，出现一笔买入看跌期权交易，成交量为8090张，未平仓数为25929张，V/OI值为0.6，交易金额为2338010USD，合约行权价是279，到期日为2026/07/17
2026-06-17,US.IWM,,PUT,287.0,2026-06-18,4292,137344.0,SELL,06-18 01:57,6.18 01:57，出现一笔卖出看跌期权交易，成交量为4292张，未平仓数为12745张，V/OI值为0.7，交易金额为137344USD，合约行权价是287，到期日为2026/06/18
2026-06-17,US.IWM,,PUT,292.0,2026-06-18,4292,424908.0,BUY,06-18 01:57,6.18 01:57，出现一笔买入看跌期权交易，成交量为4292张，未平仓数为7219张，V/OI值为2.1，交易金额为424908USD，合约行权价是292，到期日为2026/06/18
2026-06-17,US.IWM,,PUT,273.0,2026-06-30,4666,247298.0,SELL,06-18 01:05,6.18 01:05，出现一笔卖出看跌期权交易，成交量为4666张，未平仓数为433张，V/OI值为10.8，交易金额为247298USD，合约行权价是273，到期日为2026/06/30
2026-06-17,US.IWM,,PUT,281.0,2026-07-17,7759,2056135.0,BUY,06-18 00:58,6.18 00:58，出现一笔买入看跌期权交易，成交量为7759张，未平仓数为20315张，V/OI值为1.3，交易金额为2056135USD，合约行权价是281，到期日为2026/07/17
2026-06-17,US.IWM,,PUT,281.0,2026-07-17,7809,2069385.0,BUY,06-18 00:58,6.18 00:58，出现一笔买入看跌期权交易，成交量为7809张，未平仓数为20315张，V/OI值为0.9，交易金额为2069385USD，合约行权价是281，到期日为2026/07/17
2026-06-17,US.IWM,,PUT,281.0,2026-07-17,11158,2956870.0,BUY,06-18 00:58,6.18 00:58，出现一笔买入看跌期权交易，成交量为11158张，未平仓数为20315张，V/OI值为0.6，交易金额为2956870USD，合约行权价是281，到期日为2026/07/17
2026-06-17,US.IWM,,PUT,278.0,2026-07-17,7759,1660426.0,SELL,06-18 00:58,6.18 00:58，出现一笔卖出看跌期权交易，成交量为7759张，未平仓数为38899张，V/OI值为0.7，交易金额为1660426USD，合约行权价是278，到期日为2026/07/17
2026-06-17,US.IWM,,PUT,278.0,2026-07-17,7809,1671126.0,SELL,06-18 00:58,6.18 00:58，出现一笔卖出看跌期权交易，成交量为7809张，未平仓数为38899张，V/OI值为0.5，交易金额为1671126USD，合约行权价是278，到期日为2026/07/17
2026-06-17,US.IWM,,PUT,278.0,2026-07-17,11158,2387812.0,SELL,06-18 00:58,6.18 00:58，出现一笔卖出看跌期权交易，成交量为11158张，未平仓数为38899张，V/OI值为0.3，交易金额为2387812USD，合约行权价是278，到期日为2026/07/17
2026-06-17,US.IWM,,PUT,285.0,2026-06-18,10975,252425.0,SELL,06-18 00:07,6.18 00:07，出现一笔卖出看跌期权交易，成交量为10975张，未平仓数为57479张，V/OI值为0.5，交易金额为252425USD，合约行权价是285，到期日为2026/06/18
2026-06-17,US.JD,,PUT,35.0,2026-06-18,1952,1259040.0,SELL,06-18 03:29,6.18 03:29，出现一笔卖出看跌期权交易，成交量为1952张，未平仓数为1301张，V/OI值为3.7，交易金额为1259040USD，合约行权价是35，到期日为2026/06/18
2026-06-17,US.JD,,PUT,31.0,2026-06-18,1176,376320.0,BUY,06-18 03:29,6.18 03:29，出现一笔买入看跌期权交易，成交量为1176张，未平仓数为4329张，V/OI值为1.5，交易金额为376320USD，合约行权价是31，到期日为2026/06/18
2026-06-17,US.JD,,PUT,32.0,2026-06-18,2512,936976.0,SELL,06-18 03:29,6.18 03:29，出现一笔卖出看跌期权交易，成交量为2512张，未平仓数为2491张，V/OI值为1，交易金额为936976USD，合约行权价是32，到期日为2026/06/18
2026-06-17,US.JD,,PUT,31.0,2026-06-18,5318,1499676.0,SELL,06-18 03:17,6.18 03:17，出现一笔卖出看跌期权交易，成交量为5318张，未平仓数为4329张，V/OI值为1.2，交易金额为1499676USD，合约行权价是31，到期日为2026/06/18
2026-06-17,US.JD,,PUT,34.0,2026-06-18,5318,3095076.0,SELL,06-18 03:17,6.18 03:17，出现一笔卖出看跌期权交易，成交量为5318张，未平仓数为3545张，V/OI值为2.3，交易金额为3095076USD，合约行权价是34，到期日为2026/06/18
2026-06-17,US.JD,,PUT,35.0,2026-06-18,2424,1721040.0,BUY,06-18 03:01,6.18 03:01，出现一笔买入看跌期权交易，成交量为2424张，未平仓数为1301张，V/OI值为2.2，交易金额为1721040USD，合约行权价是35，到期日为2026/06/18
2026-06-17,US.JD,,PUT,34.0,2026-06-18,3004,1820424.0,BUY,06-18 03:01,6.18 03:01，出现一笔买入看跌期权交易，成交量为3004张，未平仓数为3545张，V/OI值为0.8，交易金额为1820424USD，合约行权价是34，到期日为2026/06/18
2026-06-17,US.JD,,PUT,40.0,2028-01-21,200,270810.0,SELL,06-18 02:01,6.18 02:01，出现一笔卖出看跌期权交易，成交量为200张，未平仓数为55张，V/OI值为3.6，交易金额为270810USD，合约行权价是40，到期日为2028/01/21
2026-06-17,US.LI,,PUT,17.0,2026-06-18,3291,1069575.0,SELL,06-18 03:30,6.18 03:30，出现一笔卖出看跌期权交易，成交量为3291张，未平仓数为5996张，V/OI值为1.5，交易金额为1069575USD，合约行权价是17，到期日为2026/06/18
2026-06-17,US.LI,,PUT,16.0,2026-06-18,3291,740475.0,SELL,06-18 03:30,6.18 03:30，出现一笔卖出看跌期权交易，成交量为3291张，未平仓数为3012张，V/OI值为1.5，交易金额为740475USD，合约行权价是16，到期日为2026/06/18
2026-06-17,US.LI,,PUT,20.0,2026-06-18,1227,693255.0,SELL,06-18 03:29,6.18 03:29，出现一笔卖出看跌期权交易，成交量为1227张，未平仓数为1235张，V/OI值为1，交易金额为693255USD，合约行权价是20，到期日为2026/06/18
2026-06-17,US.LI,,PUT,19.0,2026-06-18,747,402633.0,BUY,06-18 03:29,6.18 03:29，出现一笔买入看跌期权交易，成交量为747张，未平仓数为1009张，V/OI值为1.4，交易金额为402633USD，合约行权价是19，到期日为2026/06/18
2026-06-17,US.LI,,PUT,19.0,2026-06-18,660,355080.0,BUY,06-18 03:29,6.18 03:29，出现一笔买入看跌期权交易，成交量为660张，未平仓数为1009张，V/OI值为0.7，交易金额为355080USD，合约行权价是19，到期日为2026/06/18
2026-06-17,US.LI,,PUT,15.5,2026-06-18,621,143451.0,BUY,06-18 03:29,6.18 03:29，出现一笔买入看跌期权交易，成交量为621张，未平仓数为414张，V/OI值为1.5，交易金额为143451USD，合约行权价是15.5，到期日为2026/06/18
2026-06-17,US.LI,,PUT,27.0,2026-06-18,786,1006080.0,SELL,06-18 03:29,6.18 03:29，出现一笔卖出看跌期权交易，成交量为786张，未平仓数为524张，V/OI值为1.5，交易金额为1006080USD，合约行权价是27，到期日为2026/06/18
2026-06-17,US.LI,,PUT,16.0,2026-06-18,1227,222087.0,SELL,06-18 03:29,6.18 03:29，出现一笔卖出看跌期权交易，成交量为1227张，未平仓数为3012张，V/OI值为0.4，交易金额为222087USD，合约行权价是16，到期日为2026/06/18
2026-06-17,US.LI,,PUT,17.0,2026-06-18,5703,1853475.0,SELL,06-18 03:17,6.18 03:17，出现一笔卖出看跌期权交易，成交量为5703张，未平仓数为5996张，V/OI值为1，交易金额为1853475USD，合约行权价是17，到期日为2026/06/18
2026-06-17,US.LI,,PUT,15.0,2026-06-18,5703,712875.0,SELL,06-18 03:17,6.18 03:17，出现一笔卖出看跌期权交易，成交量为5703张，未平仓数为3802张，V/OI值为1.5，交易金额为712875USD，合约行权价是15，到期日为2026/06/18
2026-06-17,US.MARA,,PUT,18.0,2026-06-18,2726,1076770.0,BUY,06-18 03:21,6.18 03:21，出现一笔买入看跌期权交易，成交量为2726张，未平仓数为1817张，V/OI值为1.5，交易金额为1076770USD，合约行权价是18，到期日为2026/06/18
2026-06-17,US.MARA,,PUT,17.0,2026-06-18,2726,804170.0,BUY,06-18 03:21,6.18 03:21，出现一笔买入看跌期权交易，成交量为2726张，未平仓数为3763张，V/OI值为0.7，交易金额为804170USD，合约行权价是17，到期日为2026/06/18
2026-06-17,US.META,,CALL,580.0,2026-07-17,1051,1981150.0,SELL,06-18 03:31,6.18 03:31，出现一笔卖出看涨期权交易，成交量为1051张，未平仓数为991张，V/OI值为2.7，交易金额为1981150USD，合约行权价是580，到期日为2026/07/17
2026-06-17,US.META,,PUT,650.0,2026-06-18,5361,43182855.0,BUY,06-18 03:23,6.18 03:23，出现一笔买入看跌期权交易，成交量为5361张，未平仓数为4245张，V/OI值为5.7，交易金额为43182855USD，合约行权价是650，到期日为2026/06/18
2026-06-17,US.META,,PUT,630.0,2026-06-18,5361,32460855.0,BUY,06-18 03:23,6.18 03:23，出现一笔买入看跌期权交易，成交量为5361张，未平仓数为3574张，V/OI值为1.5，交易金额为32460855USD，合约行权价是630，到期日为2026/06/18
2026-06-17,US.META,,PUT,550.0,2026-06-18,1257,80448.0,SELL,06-18 03:22,6.18 03:22，出现一笔卖出看跌期权交易，成交量为1257张，未平仓数为10019张，V/OI值为0.7，交易金额为80448USD，合约行权价是550，到期日为2026/06/18
2026-06-17,US.META,,PUT,645.0,2026-06-18,3630,26208600.0,BUY,06-18 03:03,6.18 03:03，出现一笔买入看跌期权交易，成交量为3630张，未平仓数为1017张，V/OI值为3.6，交易金额为26208600USD，合约行权价是645，到期日为2026/06/18
2026-06-17,US.META,,PUT,750.0,2026-07-17,2820,49434600.0,SELL,06-18 03:03,6.18 03:03，出现一笔卖出看跌期权交易，成交量为2820张，未平仓数为1356张，V/OI值为2.2，交易金额为49434600USD，合约行权价是750，到期日为2026/07/17
2026-06-17,US.META,,PUT,690.0,2026-06-18,2080,24034400.0,SELL,06-18 03:03,6.18 03:03，出现一笔卖出看跌期权交易，成交量为2080张，未平仓数为575张，V/OI值为9.6，交易金额为24034400USD，合约行权价是690，到期日为2026/06/18
2026-06-17,US.META,,PUT,650.0,2026-06-18,4770,37301400.0,BUY,06-18 03:03,6.18 03:03，出现一笔买入看跌期权交易，成交量为4770张，未平仓数为4245张，V/OI值为4.2，交易金额为37301400USD，合约行权价是650，到期日为2026/06/18
2026-06-17,US.META,,PUT,670.0,2026-06-18,2540,24917400.0,BUY,06-18 03:03,6.18 03:03，出现一笔买入看跌期权交易，成交量为2540张，未平仓数为695张，V/OI值为9.5，交易金额为24917400USD，合约行权价是670，到期日为2026/06/18
2026-06-17,US.META,,PUT,680.0,2026-06-18,2540,26809700.0,SELL,06-18 03:03,6.18 03:03，出现一笔卖出看跌期权交易，成交量为2540张，未平仓数为833张，V/OI值为8.9，交易金额为26809700USD，合约行权价是680，到期日为2026/06/18
2026-06-17,US.META,,PUT,660.0,2026-06-18,4980,43873800.0,BUY,06-18 03:03,6.18 03:03，出现一笔买入看跌期权交易，成交量为4980张，未平仓数为1417张，V/OI值为9.3，交易金额为43873800USD，合约行权价是660，到期日为2026/06/18
2026-06-17,US.META,,PUT,700.0,2026-06-18,2480,31781200.0,BUY,06-18 03:03,6.18 03:03，出现一笔买入看跌期权交易，成交量为2480张，未平仓数为691张，V/OI值为9.6，交易金额为31781200USD，合约行权价是700，到期日为2026/06/18
2026-06-17,US.META,,PUT,660.0,2026-06-18,2465,20915525.0,SELL,06-18 02:47,6.18 02:47，出现一笔卖出看跌期权交易，成交量为2465张，未平仓数为1417张，V/OI值为4.7，交易金额为20915525USD，合约行权价是660，到期日为2026/06/18
2026-06-17,US.META,,PUT,690.0,2026-06-18,1725,19915125.0,BUY,06-18 02:43,6.18 02:43，出现一笔买入看跌期权交易，成交量为1725张，未平仓数为575张，V/OI值为3，交易金额为19915125USD，合约行权价是690，到期日为2026/06/18
2026-06-17,US.META,,PUT,650.0,2026-06-18,12900,97395000.0,BUY,06-18 02:43,6.18 02:43，出现一笔买入看跌期权交易，成交量为12900张，未平仓数为4245张，V/OI值为3，交易金额为97395000USD，合约行权价是650，到期日为2026/06/18
2026-06-17,US.META,,PUT,670.0,2026-06-18,2100,20065500.0,BUY,06-18 02:43,6.18 02:43，出现一笔买入看跌期权交易，成交量为2100张，未平仓数为695张，V/OI值为3，交易金额为20065500USD，合约行权价是670，到期日为2026/06/18
2026-06-17,US.META,,PUT,665.0,2026-06-18,1050,9502500.0,BUY,06-18 02:43,6.18 02:43，出现一笔买入看跌期权交易，成交量为1050张，未平仓数为348张，V/OI值为3，交易金额为9502500USD，合约行权价是665，到期日为2026/06/18
2026-06-17,US.META,,PUT,680.0,2026-06-18,2500,26400000.0,BUY,06-18 02:43,6.18 02:43，出现一笔买入看跌期权交易，成交量为2500张，未平仓数为833张，V/OI值为3，交易金额为26400000USD，合约行权价是680，到期日为2026/06/18
2026-06-17,US.META,,PUT,720.0,2026-06-18,1300,18908500.0,BUY,06-18 02:43,6.18 02:43，出现一笔买入看跌期权交易，成交量为1300张，未平仓数为427张，V/OI值为3，交易金额为18908500USD，合约行权价是720，到期日为2026/06/18
2026-06-17,US.META,,PUT,660.0,2026-06-18,4200,35910000.0,BUY,06-18 02:43,6.18 02:43，出现一笔买入看跌期权交易，成交量为4200张，未平仓数为1417张，V/OI值为3，交易金额为35910000USD，合约行权价是660，到期日为2026/06/18
2026-06-17,US.MP,,CALL,70.0,2026-09-18,324,207234.0,BUY,06-18 01:29,6.18 01:29，出现一笔买入看涨期权交易，成交量为324张，未平仓数为4645张，V/OI值为0.3，交易金额为207234USD，合约行权价是70，到期日为2026/09/18
2026-06-17,US.MP,,CALL,70.0,2026-09-18,608,364800.0,BUY,06-18 01:04,6.18 01:04，出现一笔买入看涨期权交易，成交量为608张，未平仓数为4645张，V/OI值为0.2，交易金额为364800USD，合约行权价是70，到期日为2026/09/18
2026-06-17,US.MP,,CALL,70.0,2026-06-26,1000,48000.0,BUY,06-18 00:43,6.18 00:43，出现一笔买入看涨期权交易，成交量为1000张，未平仓数为835张，V/OI值为1.3，交易金额为48000USD，合约行权价是70，到期日为2026/06/26
2026-06-17,US.MRNA,,CALL,55.0,2026-07-17,250,232500.0,BUY,06-18 03:45,6.18 03:45，出现一笔买入看涨期权交易，成交量为250张，未平仓数为2527张，V/OI值为0.7，交易金额为232500USD，合约行权价是55，到期日为2026/07/17
2026-06-17,US.MRNA,,CALL,65.0,2026-12-18,600,779625.0,SELL,06-18 02:53,6.18 02:53，出现一笔卖出看涨期权交易，成交量为600张，未平仓数为832张，V/OI值为0.8，交易金额为779625USD，合约行权价是65，到期日为2026/12/18
2026-06-17,US.MRNA,,CALL,64.0,2026-06-26,1102,168606.0,BUY,06-18 02:00,6.18 02:00，出现一笔买入看涨期权交易，成交量为1102张，未平仓数为8张，V/OI值为334.8，交易金额为168606USD，合约行权价是64，到期日为2026/06/26
2026-06-17,US.MRNA,,CALL,64.0,2026-06-26,1217,186201.0,BUY,06-18 02:00,6.18 02:00，出现一笔买入看涨期权交易，成交量为1217张，未平仓数为8张，V/OI值为197，交易金额为186201USD，合约行权价是64，到期日为2026/06/26
2026-06-17,US.MRNA,,CALL,61.0,2026-06-26,1102,273296.0,SELL,06-18 02:00,6.18 02:00，出现一笔卖出看涨期权交易，成交量为1102张，未平仓数为561张，V/OI值为10.1，交易金额为273296USD，合约行权价是61，到期日为2026/06/26
2026-06-17,US.MRNA,,CALL,61.0,2026-06-26,1217,301816.0,SELL,06-18 02:00,6.18 02:00，出现一笔卖出看涨期权交易，成交量为1217张，未平仓数为561张，V/OI值为8.2，交易金额为301816USD，合约行权价是61，到期日为2026/06/26
2026-06-17,US.MRNA,,CALL,55.0,2026-07-17,562,427120.0,BUY,06-18 01:05,6.18 01:05，出现一笔买入看涨期权交易，成交量为562张，未平仓数为2527张，V/OI值为0.5，交易金额为427120USD，合约行权价是55，到期日为2026/07/17
2026-06-17,US.MRNA,,CALL,65.0,2026-06-26,3000,309000.0,BUY,06-18 00:20,6.18 00:20，出现一笔买入看涨期权交易，成交量为3000张，未平仓数为185张，V/OI值为17.7，交易金额为309000USD，合约行权价是65，到期日为2026/06/26
2026-06-17,US.MRNA,,CALL,61.0,2026-06-26,3000,585000.0,SELL,06-18 00:20,6.18 00:20，出现一笔卖出看涨期权交易，成交量为3000张，未平仓数为561张，V/OI值为5.5，交易金额为585000USD，合约行权价是61，到期日为2026/06/26
2026-06-17,US.MRVL,,PUT,180.0,2027-06-17,1080,3607200.0,BUY,06-18 02:14,6.18 02:14，出现一笔买入看跌期权交易，成交量为1080张，未平仓数为231张，V/OI值为4.7，交易金额为3607200USD，合约行权价是180，到期日为2027/06/17
2026-06-17,US.MRVL,,PUT,170.0,2026-06-26,8000,423999.0,SELL,06-18 02:09,6.18 02:09，出现一笔卖出看跌期权交易，成交量为8000张，未平仓数为708张，V/OI值为33.3，交易金额为423999USD，合约行权价是170，到期日为2026/06/26
2026-06-17,US.MRVL,,PUT,170.0,2026-06-26,15000,794999.0,SELL,06-18 02:09,6.18 02:09，出现一笔卖出看跌期权交易，成交量为15000张，未平仓数为708张，V/OI值为22，交易金额为794999USD，合约行权价是170，到期日为2026/06/26
2026-06-17,US.MSFT,,CALL,385.0,2026-06-26,1353,622380.0,SELL,06-18 03:44,6.18 03:44，出现一笔卖出看涨期权交易，成交量为1353张，未平仓数为735张，V/OI值为4.2，交易金额为622380USD，合约行权价是385，到期日为2026/06/26
2026-06-17,US.MSFT,,CALL,387.5,2026-06-26,1096,449366.0,SELL,06-18 03:38,6.18 03:38，出现一笔卖出看涨期权交易，成交量为1096张，未平仓数为584张，V/OI值为2.9，交易金额为449366USD，合约行权价是387.5，到期日为2026/06/26
2026-06-17,US.MSFT,,CALL,410.0,2026-07-17,1406,583493.0,SELL,06-18 03:32,6.18 03:32，出现一笔卖出看涨期权交易，成交量为1406张，未平仓数为11560张，V/OI值为0.3，交易金额为583493USD，合约行权价是410，到期日为2026/07/17
2026-06-17,US.MSFT,,CALL,500.0,2026-09-18,1175,399538.0,SELL,06-18 03:29,6.18 03:29，出现一笔卖出看涨期权交易，成交量为1175张，未平仓数为17636张，V/OI值为0.2，交易金额为399538USD，合约行权价是500，到期日为2026/09/18
2026-06-17,US.MSFT,,PUT,420.0,2026-06-18,9189,37261395.0,BUY,06-18 03:23,6.18 03:23，出现一笔买入看跌期权交易，成交量为9189张，未平仓数为6126张，V/OI值为7.5，交易金额为37261395USD，合约行权价是420，到期日为2026/06/18
2026-06-17,US.MSFT,,PUT,415.0,2026-06-18,9189,32666895.0,BUY,06-18 03:23,6.18 03:23，出现一笔买入看跌期权交易，成交量为9189张，未平仓数为6750张，V/OI值为2.4，交易金额为32666895USD，合约行权价是415，到期日为2026/06/18
2026-06-17,US.MSFT,,CALL,550.0,2026-09-18,1000,185000.0,BUY,06-18 03:21,6.18 03:21，出现一笔买入看涨期权交易，成交量为1000张，未平仓数为6939张，V/OI值为0.2，交易金额为185000USD，合约行权价是550，到期日为2026/09/18
2026-06-17,US.MSFT,,PUT,415.0,2026-06-18,6750,22106250.0,SELL,06-18 03:03,6.18 03:03，出现一笔卖出看跌期权交易，成交量为6750张，未平仓数为6750张，V/OI值为1，交易金额为22106250USD，合约行权价是415，到期日为2026/06/18
2026-06-17,US.MSFT,,PUT,420.0,2026-06-18,6150,23554500.0,BUY,06-18 03:03,6.18 03:03，出现一笔买入看跌期权交易，成交量为6150张，未平仓数为6126张，V/OI值为6，交易金额为23554500USD，合约行权价是420，到期日为2026/06/18
2026-06-17,US.MSFT,,PUT,425.0,2026-06-18,5000,21100000.0,SELL,06-18 03:03,6.18 03:03，出现一笔卖出看跌期权交易，成交量为5000张，未平仓数为2195张，V/OI值为11.2，交易金额为21100000USD，合约行权价是425，到期日为2026/06/18
2026-06-17,US.MSFT,,PUT,450.0,2026-06-18,4500,31050000.0,BUY,06-18 03:03,6.18 03:03，出现一笔买入看跌期权交易，成交量为4500张，未平仓数为1834张，V/OI值为5.7，交易金额为31050000USD，合约行权价是450，到期日为2026/06/18
2026-06-17,US.MSFT,,CALL,450.0,2026-07-17,1249,134892.0,SELL,06-18 02:59,6.18 02:59，出现一笔卖出看涨期权交易，成交量为1249张，未平仓数为28213张，V/OI值为0.3，交易金额为134892USD，合约行权价是450，到期日为2026/07/17
2026-06-17,US.MSFT,,CALL,500.0,2026-08-21,1488,372000.0,SELL,06-18 02:59,6.18 02:59，出现一笔卖出看涨期权交易，成交量为1488张，未平仓数为98979张，V/OI值为0.3，交易金额为372000USD，合约行权价是500，到期日为2026/08/21
2026-06-17,US.MSFT,,CALL,500.0,2026-08-21,1013,253250.0,SELL,06-18 02:58,6.18 02:58，出现一笔卖出看涨期权交易，成交量为1013张，未平仓数为98979张，V/OI值为0.3，交易金额为253250USD，合约行权价是500，到期日为2026/08/21
2026-06-17,US.MSFT,,PUT,445.0,2026-06-18,5500,34347500.0,BUY,06-18 02:49,6.18 02:49，出现一笔买入看跌期权交易，成交量为5500张，未平仓数为1677张，V/OI值为6.3，交易金额为34347500USD，合约行权价是445，到期日为2026/06/18
2026-06-17,US.MSFT,,PUT,440.0,2026-06-18,4620,26518800.0,BUY,06-18 02:49,6.18 02:49，出现一笔买入看跌期权交易，成交量为4620张，未平仓数为1030张，V/OI值为7.6，交易金额为26518800USD，合约行权价是440，到期日为2026/06/18
2026-06-17,US.MSFT,,PUT,460.0,2026-06-18,2110,16162600.0,SELL,06-18 02:49,6.18 02:49，出现一笔卖出看跌期权交易，成交量为2110张，未平仓数为1074张，V/OI值为5.8，交易金额为16162600USD，合约行权价是460，到期日为2026/06/18
2026-06-17,US.MSFT,,PUT,425.0,2026-06-18,12810,53802000.0,BUY,06-18 02:49,6.18 02:49，出现一笔买入看跌期权交易，成交量为12810张，未平仓数为2195张，V/OI值为8.9，交易金额为53802000USD，合约行权价是425，到期日为2026/06/18
2026-06-17,US.MSFT,,PUT,420.0,2026-06-18,10750,39345000.0,SELL,06-18 02:49,6.18 02:49，出现一笔卖出看跌期权交易，成交量为10750张，未平仓数为6126张，V/OI值为4.4，交易金额为39345000USD，合约行权价是420，到期日为2026/06/18
2026-06-17,US.MSFT,,PUT,430.0,2026-06-18,3310,15639750.0,BUY,06-18 02:49,6.18 02:49，出现一笔买入看跌期权交易，成交量为3310张，未平仓数为1356张，V/OI值为5.5，交易金额为15639750USD，合约行权价是430，到期日为2026/06/18
2026-06-17,US.MSFT,,PUT,455.0,2026-06-18,2025,14650875.0,BUY,06-18 02:43,6.18 02:43，出现一笔买入看跌期权交易，成交量为2025张，未平仓数为661张，V/OI值为3.1，交易金额为14650875USD，合约行权价是455，到期日为2026/06/18
2026-06-17,US.MSFT,,PUT,445.0,2026-06-18,5100,31773000.0,BUY,06-18 02:43,6.18 02:43，出现一笔买入看跌期权交易，成交量为5100张，未平仓数为1677张，V/OI值为3，交易金额为31773000USD，合约行权价是445，到期日为2026/06/18
2026-06-17,US.MSFT,,PUT,440.0,2026-06-18,3100,17732000.0,BUY,06-18 02:43,6.18 02:43，出现一笔买入看跌期权交易，成交量为3100张，未平仓数为1030张，V/OI值为3.1，交易金额为17732000USD，合约行权价是440，到期日为2026/06/18
2026-06-17,US.MSFT,,PUT,425.0,2026-06-18,6600,27555000.0,SELL,06-18 02:43,6.18 02:43，出现一笔卖出看跌期权交易，成交量为6600张，未平仓数为2195张，V/OI值为3，交易金额为27555000USD，合约行权价是425，到期日为2026/06/18
2026-06-17,US.MSFT,,PUT,450.0,2026-06-18,5500,36712500.0,SELL,06-18 02:43,6.18 02:43，出现一笔卖出看跌期权交易，成交量为5500张，未平仓数为1834张，V/OI值为3，交易金额为36712500USD，合约行权价是450，到期日为2026/06/18
2026-06-17,US.MSFT,,PUT,420.0,2026-06-18,16125,58695000.0,SELL,06-18 02:43,6.18 02:43，出现一笔卖出看跌期权交易，成交量为16125张，未平仓数为6126张，V/OI值为2.7，交易金额为58695000USD，合约行权价是420，到期日为2026/06/18
2026-06-17,US.MSFT,,PUT,430.0,2026-06-18,4050,18974250.0,SELL,06-18 02:43,6.18 02:43，出现一笔卖出看跌期权交易，成交量为4050张，未平仓数为1356张，V/OI值为3.1，交易金额为18974250USD，合约行权价是430，到期日为2026/06/18
2026-06-17,US.MSFT,,CALL,540.0,2027-01-15,1000,755000.0,BUY,06-18 02:28,6.18 02:28，出现一笔买入看涨期权交易，成交量为1000张，未平仓数为1967张，V/OI值为0.6，交易金额为755000USD，合约行权价是540，到期日为2027/01/15
2026-06-17,US.MSFT,,CALL,500.0,2026-08-21,1000,258000.0,SELL,06-18 02:14,6.18 02:14，出现一笔卖出看涨期权交易，成交量为1000张，未平仓数为98979张，V/OI值为0.2，交易金额为258000USD，合约行权价是500，到期日为2026/08/21
2026-06-17,US.MSFT,,CALL,500.0,2026-08-21,1000,270000.0,BUY,06-18 01:43,6.18 01:43，出现一笔买入看涨期权交易，成交量为1000张，未平仓数为98979张，V/OI值为0.2，交易金额为270000USD，合约行权价是500，到期日为2026/08/21
2026-06-17,US.MSFT,,CALL,500.0,2026-08-21,1883,502761.0,SELL,06-18 01:30,6.18 01:30，出现一笔卖出看涨期权交易，成交量为1883张，未平仓数为98979张，V/OI值为0.2，交易金额为502761USD，合约行权价是500，到期日为2026/08/21
2026-06-17,US.MSFT,,CALL,500.0,2026-08-21,1000,259000.0,BUY,06-18 01:13,6.18 01:13，出现一笔买入看涨期权交易，成交量为1000张，未平仓数为98979张，V/OI值为0.2，交易金额为259000USD，合约行权价是500，到期日为2026/08/21
2026-06-17,US.MSFT,,CALL,500.0,2026-08-21,1000,272000.0,BUY,06-18 00:41,6.18 00:41，出现一笔买入看涨期权交易，成交量为1000张，未平仓数为98979张，V/OI值为0.1，交易金额为272000USD，合约行权价是500，到期日为2026/08/21
2026-06-17,US.MSFT,,PUT,250.0,2028-01-21,1200,1296000.0,SELL,06-18 00:29,6.18 00:29，出现一笔卖出看跌期权交易，成交量为1200张，未平仓数为1246张，V/OI值为1，交易金额为1296000USD，合约行权价是250，到期日为2028/01/21
2026-06-17,US.MSFT,,PUT,380.0,2026-07-17,1521,1445066.0,SELL,06-18 00:06,6.18 00:06，出现一笔卖出看跌期权交易，成交量为1521张，未平仓数为14293张，V/OI值为0.2，交易金额为1445066USD，合约行权价是380，到期日为2026/07/17
2026-06-17,US.MSFT,,CALL,500.0,2026-08-21,1000,291000.0,BUY,06-18 00:04,6.18 00:04，出现一笔买入看涨期权交易，成交量为1000张，未平仓数为98979张，V/OI值为0.1，交易金额为291000USD，合约行权价是500，到期日为2026/08/21
2026-06-17,US.MSTR,,CALL,128.0,2026-06-18,3900,85800.0,BUY,06-18 03:47,6.18 03:47，出现一笔买入看涨期权交易，成交量为3900张，未平仓数为16785张，V/OI值为0.6，交易金额为85800USD，合约行权价是128，到期日为2026/06/18
2026-06-17,US.MSTR,,CALL,123.0,2026-06-26,2300,809600.0,BUY,06-18 03:45,6.18 03:45，出现一笔买入看涨期权交易，成交量为2300张，未平仓数为153张，V/OI值为20.1，交易金额为809600USD，合约行权价是123，到期日为2026/06/26
2026-06-17,US.MSTR,,CALL,124.0,2026-06-26,1900,685900.0,BUY,06-18 03:36,6.18 03:36，出现一笔买入看涨期权交易，成交量为1900张，未平仓数为703张，V/OI值为4.1，交易金额为685900USD，合约行权价是124，到期日为2026/06/26
2026-06-17,US.MSTR,,CALL,131.0,2026-06-26,1900,343900.0,BUY,06-18 03:36,6.18 03:36，出现一笔买入看涨期权交易，成交量为1900张，未平仓数为229张，V/OI值为14.2，交易金额为343900USD，合约行权价是131，到期日为2026/06/26
2026-06-17,US.MSTR,,PUT,109.0,2026-06-26,1768,328848.0,BUY,06-18 03:30,6.18 03:30，出现一笔买入看跌期权交易，成交量为1768张，未平仓数为372张，V/OI值为6.3，交易金额为328848USD，合约行权价是109，到期日为2026/06/26
2026-06-17,US.MSTR,,CALL,125.0,2026-06-26,1768,578136.0,BUY,06-18 03:30,6.18 03:30，出现一笔买入看涨期权交易，成交量为1768张，未平仓数为598张，V/OI值为6，交易金额为578136USD，合约行权价是125，到期日为2026/06/26
2026-06-17,US.MSTR,,PUT,220.0,2026-06-18,1632,16311840.0,BUY,06-18 03:20,6.18 03:20，出现一笔买入看跌期权交易，成交量为1632张，未平仓数为1513张，V/OI值为6.9，交易金额为16311840USD，合约行权价是220，到期日为2026/06/18
2026-06-17,US.MSTR,,PUT,220.0,2026-06-18,3840,37977600.0,BUY,06-18 03:02,6.18 03:02，出现一笔买入看跌期权交易，成交量为3840张，未平仓数为1513张，V/OI值为5.6，交易金额为37977600USD，合约行权价是220，到期日为2026/06/18
2026-06-17,US.MSTR,,PUT,175.0,2026-06-18,1740,9265500.0,BUY,06-18 03:02,6.18 03:02，出现一笔买入看跌期权交易，成交量为1740张，未平仓数为568张，V/OI值为5.7，交易金额为9265500USD，合约行权价是175，到期日为2026/06/18
2026-06-17,US.MSTR,,PUT,220.0,2026-06-18,4500,43605000.0,SELL,06-18 02:43,6.18 02:43，出现一笔卖出看跌期权交易，成交量为4500张，未平仓数为1513张，V/OI值为3，交易金额为43605000USD，合约行权价是220，到期日为2026/06/18
2026-06-17,US.NBIS,,CALL,410.0,2026-09-18,2001,7203600.0,BUY,06-18 03:21,6.18 03:21，出现一笔买入看涨期权交易，成交量为2001张，未平仓数为328张，V/OI值为13.6，交易金额为7203600USD，合约行权价是410，到期日为2026/09/18
2026-06-17,US.NBIS,,PUT,195.0,2026-07-02,1000,265166.0,BUY,06-18 03:01,6.18 03:01，出现一笔买入看跌期权交易，成交量为1000张，未平仓数为5083张，V/OI值为0.2，交易金额为265166USD，合约行权价是195，到期日为2026/07/02
2026-06-17,US.NBIS,,CALL,410.0,2026-09-18,1631,5969460.0,BUY,06-18 02:38,6.18 02:38，出现一笔买入看涨期权交易，成交量为1631张，未平仓数为328张，V/OI值为6.5，交易金额为5969460USD，合约行权价是410，到期日为2026/09/18
2026-06-17,US.NBIS,,PUT,290.0,2026-06-26,1380,2939400.0,BUY,06-18 01:46,6.18 01:46，出现一笔买入看跌期权交易，成交量为1380张，未平仓数为12张，V/OI值为115.8，交易金额为2939400USD，合约行权价是290，到期日为2026/06/26
2026-06-17,US.NBIS,,PUT,270.0,2026-06-26,1380,1807800.0,BUY,06-18 01:46,6.18 01:46，出现一笔买入看跌期权交易，成交量为1380张，未平仓数为1807张，V/OI值为1.2，交易金额为1807800USD，合约行权价是270，到期日为2026/06/26
2026-06-17,US.NOK,,PUT,16.5,2026-06-18,2167,585090.0,BUY,06-18 03:23,6.18 03:23，出现一笔买入看跌期权交易，成交量为2167张，未平仓数为5250张，V/OI值为1.5，交易金额为585090USD，合约行权价是16.5，到期日为2026/06/18
2026-06-17,US.NOK,,PUT,16.5,2026-06-18,5192,1396648.0,BUY,06-18 03:23,6.18 03:23，出现一笔买入看跌期权交易，成交量为5192张，未平仓数为5250张，V/OI值为1.1，交易金额为1396648USD，合约行权价是16.5，到期日为2026/06/18
2026-06-17,US.NOK,,PUT,17.0,2026-06-18,7359,2332803.0,BUY,06-18 03:23,6.18 03:23，出现一笔买入看跌期权交易，成交量为7359张，未平仓数为4906张，V/OI值为1.5，交易金额为2332803USD，合约行权价是17，到期日为2026/06/18
2026-06-17,US.NOK,,PUT,14.0,2026-07-17,3500,399000.0,SELL,06-18 00:15,6.18 00:15，出现一笔卖出看跌期权交易，成交量为3500张，未平仓数为21361张，V/OI值为0.2，交易金额为399000USD，合约行权价是14，到期日为2026/07/17
2026-06-17,US.NOK,,CALL,14.0,2026-07-17,3500,420000.0,SELL,06-18 00:15,6.18 00:15，出现一笔卖出看涨期权交易，成交量为3500张，未平仓数为31680张，V/OI值为0.2，交易金额为420000USD，合约行权价是14，到期日为2026/07/17
2026-06-17,US.NOW,,PUT,124.0,2026-06-18,3960,9816840.0,SELL,06-18 03:03,6.18 03:03，出现一笔卖出看跌期权交易，成交量为3960张，未平仓数为1307张，V/OI值为4.5，交易金额为9816840USD，合约行权价是124，到期日为2026/06/18
2026-06-17,US.NOW,,PUT,125.0,2026-06-18,1740,4369140.0,SELL,06-18 03:03,6.18 03:03，出现一笔卖出看跌期权交易，成交量为1740张，未平仓数为3248张，V/OI值为4.4，交易金额为4369140USD，合约行权价是125，到期日为2026/06/18
2026-06-17,US.NOW,,PUT,125.0,2026-06-18,8130,20406300.0,SELL,06-18 03:03,6.18 03:03，出现一笔卖出看跌期权交易，成交量为8130张，未平仓数为3248张，V/OI值为3.9，交易金额为20406300USD，合约行权价是125，到期日为2026/06/18
2026-06-17,US.NOW,,PUT,128.0,2026-06-18,3100,9331000.0,BUY,06-18 03:03,6.18 03:03，出现一笔买入看跌期权交易，成交量为3100张，未平仓数为1017张，V/OI值为4.5，交易金额为9331000USD，合约行权价是128，到期日为2026/06/18
2026-06-17,US.NOW,,PUT,148.0,2026-06-18,1100,5522000.0,BUY,06-18 03:03,6.18 03:03，出现一笔买入看跌期权交易，成交量为1100张，未平仓数为365张，V/OI值为4.6，交易金额为5522000USD，合约行权价是148，到期日为2026/06/18
2026-06-17,US.NOW,,PUT,160.0,2026-06-18,1690,9987900.0,SELL,06-18 03:03,6.18 03:03，出现一笔卖出看跌期权交易，成交量为1690张，未平仓数为779张，V/OI值为3.8，交易金额为9987900USD，合约行权价是160，到期日为2026/06/18
2026-06-17,US.NOW,,PUT,130.0,2026-06-18,1120,3393600.0,SELL,06-18 03:03,6.18 03:03，出现一笔卖出看跌期权交易，成交量为1120张，未平仓数为522张，V/OI值为3.6，交易金额为3393600USD，合约行权价是130，到期日为2026/06/18
2026-06-17,US.NOW,,PUT,128.0,2026-06-18,1485,4276800.0,BUY,06-18 02:48,6.18 02:48，出现一笔买入看跌期权交易，成交量为1485张，未平仓数为1017张，V/OI值为1.5，交易金额为4276800USD，合约行权价是128，到期日为2026/06/18
2026-06-17,US.NOW,,PUT,120.0,2026-06-18,9560,19980400.0,BUY,06-18 02:48,6.18 02:48，出现一笔买入看跌期权交易，成交量为9560张，未平仓数为11085张，V/OI值为1，交易金额为19980400USD，合约行权价是120，到期日为2026/06/18
2026-06-17,US.NOW,,PUT,160.0,2026-06-18,1235,7545850.0,BUY,06-18 02:48,6.18 02:48，出现一笔买入看跌期权交易，成交量为1235张，未平仓数为779张，V/OI值为1.6，交易金额为7545850USD，合约行权价是160，到期日为2026/06/18
2026-06-17,US.NOW,,PUT,120.0,2026-06-18,1130,2429500.0,BUY,06-18 02:48,6.18 02:48，出现一笔买入看跌期权交易，成交量为1130张，未平仓数为11085张，V/OI值为0.1，交易金额为2429500USD，合约行权价是120，到期日为2026/06/18
2026-06-17,US.NOW,,CALL,125.0,2026-07-17,1000,95007.0,SELL,06-18 02:27,6.18 02:27，出现一笔卖出看涨期权交易，成交量为1000张，未平仓数为6383张，V/OI值为0.2，交易金额为95007USD，合约行权价是125，到期日为2026/07/17
2026-06-17,US.NOW,,PUT,90.0,2026-06-26,2000,99330.0,BUY,06-18 01:18,6.18 01:18，出现一笔买入看跌期权交易，成交量为2000张，未平仓数为751张，V/OI值为3.1，交易金额为99330USD，合约行权价是90，到期日为2026/06/26
2026-06-17,US.NVDA,,CALL,210.0,2026-06-18,8500,238000.0,BUY,06-18 03:57,6.18 03:57，出现一笔买入看涨期权交易，成交量为8500张，未平仓数为117975张，V/OI值为1.2，交易金额为238000USD，合约行权价是210，到期日为2026/06/18
2026-06-17,US.NVDA,,CALL,215.0,2026-06-26,8500,1028500.0,SELL,06-18 03:57,6.18 03:57，出现一笔卖出看涨期权交易，成交量为8500张，未平仓数为11969张，V/OI值为1.9，交易金额为1028500USD，合约行权价是215，到期日为2026/06/26
2026-06-17,US.NVDA,,CALL,207.5,2026-06-26,8500,2805000.0,SELL,06-18 03:57,6.18 03:57，出现一笔卖出看涨期权交易，成交量为8500张，未平仓数为2851张，V/OI值为6.3，交易金额为2805000USD，合约行权价是207.5，到期日为2026/06/26
2026-06-17,US.NVDA,,CALL,210.0,2026-06-18,5532,165960.0,SELL,06-18 03:56,6.18 03:56，出现一笔卖出看涨期权交易，成交量为5532张，未平仓数为117975张，V/OI值为1.1，交易金额为165960USD，合约行权价是210，到期日为2026/06/18
2026-06-17,US.NVDA,,CALL,210.0,2026-06-26,5532,1355340.0,SELL,06-18 03:56,6.18 03:56，出现一笔卖出看涨期权交易，成交量为5532张，未平仓数为10555张，V/OI值为3.2，交易金额为1355340USD，合约行权价是210，到期日为2026/06/26
2026-06-17,US.NVDA,,PUT,250.0,2026-06-18,3600,16272000.0,SELL,06-18 03:50,6.18 03:50，出现一笔卖出看跌期权交易，成交量为3600张，未平仓数为2706张，V/OI值为6.7，交易金额为16272000USD，合约行权价是250，到期日为2026/06/18
2026-06-17,US.NVDA,,PUT,230.0,2026-06-18,3310,8324650.0,BUY,06-18 03:50,6.18 03:50，出现一笔买入看跌期权交易，成交量为3310张，未平仓数为1360张，V/OI值为9，交易金额为8324650USD，合约行权价是230，到期日为2026/06/18
2026-06-17,US.NVDA,,CALL,210.0,2026-06-26,4435,1130929.0,SELL,06-18 03:35,6.18 03:35，出现一笔卖出看涨期权交易，成交量为4435张，未平仓数为10555张，V/OI值为1.6，交易金额为1130929USD，合约行权价是210，到期日为2026/06/26
2026-06-17,US.NVDA,,PUT,250.0,2026-06-18,5650,24436250.0,SELL,06-18 03:02,6.18 03:02，出现一笔卖出看跌期权交易，成交量为5650张，未平仓数为2706张，V/OI值为5.1，交易金额为24436250USD，合约行权价是250，到期日为2026/06/18
2026-06-17,US.NVDA,,PUT,230.0,2026-06-18,4670,10862420.0,SELL,06-18 03:02,6.18 03:02，出现一笔卖出看跌期权交易，成交量为4670张，未平仓数为1360张，V/OI值为6.5，交易金额为10862420USD，合约行权价是230，到期日为2026/06/18
2026-06-17,US.NVDA,,PUT,180.0,2026-07-17,4328,494753.0,SELL,06-18 02:52,6.18 02:52，出现一笔卖出看跌期权交易，成交量为4328张，未平仓数为61564张，V/OI值为0.1，交易金额为494753USD，合约行权价是180，到期日为2026/07/17
2026-06-17,US.NVDA,,PUT,230.0,2026-06-18,4050,9173250.0,SELL,06-18 02:43,6.18 02:43，出现一笔卖出看跌期权交易，成交量为4050张，未平仓数为1360张，V/OI值为3.1，交易金额为9173250USD，合约行权价是230，到期日为2026/06/18
2026-06-17,US.NVDA,,PUT,250.0,2026-06-18,8100,34789500.0,SELL,06-18 02:43,6.18 02:43，出现一笔卖出看跌期权交易，成交量为8100张，未平仓数为2706张，V/OI值为3，交易金额为34789500USD，合约行权价是250，到期日为2026/06/18
2026-06-17,US.NVDA,,PUT,226.0,2026-06-18,3000,5775000.0,BUY,06-18 02:43,6.18 02:43，出现一笔买入看跌期权交易，成交量为3000张，未平仓数为1011张，V/OI值为3，交易金额为5775000USD，合约行权价是226，到期日为2026/06/18
2026-06-17,US.NVDA,,CALL,180.0,2026-06-18,6000,15794433.0,SELL,06-18 02:12,6.18 02:12，出现一笔卖出看涨期权交易，成交量为6000张，未平仓数为49288张，V/OI值为0.1，交易金额为15794433USD，合约行权价是180，到期日为2026/06/18
2026-06-17,US.NVDA,,CALL,235.0,2026-07-02,3412,129656.0,SELL,06-18 01:13,6.18 01:13，出现一笔卖出看涨期权交易，成交量为3412张，未平仓数为4557张，V/OI值为1.6，交易金额为129656USD，合约行权价是235，到期日为2026/07/02
2026-06-17,US.OKLO,,PUT,75.0,2026-06-18,1502,2033708.0,SELL,06-18 03:19,6.18 03:19，出现一笔卖出看跌期权交易，成交量为1502张，未平仓数为1045张，V/OI值为1.5，交易金额为2033708USD，合约行权价是75，到期日为2026/06/18
2026-06-17,US.OKLO,,PUT,100.0,2026-06-18,1448,5518328.0,SELL,06-18 03:19,6.18 03:19，出现一笔卖出看跌期权交易，成交量为1448张，未平仓数为1001张，V/OI值为3.8，交易金额为5518328USD，合约行权价是100，到期日为2026/06/18
2026-06-17,US.OKLO,,PUT,80.0,2026-06-18,1260,2324700.0,SELL,06-18 03:15,6.18 03:15，出现一笔卖出看跌期权交易，成交量为1260张，未平仓数为452张，V/OI值为2.8，交易金额为2324700USD，合约行权价是80，到期日为2026/06/18
2026-06-17,US.OKLO,,PUT,100.0,2026-06-18,1260,4844700.0,SELL,06-18 03:15,6.18 03:15，出现一笔卖出看跌期权交易，成交量为1260张，未平仓数为1001张，V/OI值为2.3，交易金额为4844700USD，合约行权价是100，到期日为2026/06/18
2026-06-17,US.OKLO,,CALL,61.0,2026-07-10,481,266955.0,BUY,06-18 03:07,6.18 03:07，出现一笔买入看涨期权交易，成交量为481张，未平仓数为187张，V/OI值为4.2，交易金额为266955USD，合约行权价是61，到期日为2026/07/10
2026-06-17,US.OKLO,,CALL,65.0,2026-10-16,273,323505.0,BUY,06-18 01:05,6.18 01:05，出现一笔买入看涨期权交易，成交量为273张，未平仓数为607张，V/OI值为0.5，交易金额为323505USD，合约行权价是65，到期日为2026/10/16
2026-06-17,US.ORCL,,PUT,175.0,2026-06-26,2000,540000.0,BUY,06-18 03:58,6.18 03:58，出现一笔买入看跌期权交易，成交量为2000张，未平仓数为2512张，V/OI值为1.2，交易金额为540000USD，合约行权价是175，到期日为2026/06/26
2026-06-17,US.ORCL,,PUT,240.0,2026-06-18,2215,12570125.0,BUY,06-18 03:49,6.18 03:49，出现一笔买入看跌期权交易，成交量为2215张，未平仓数为1236张，V/OI值为8，交易金额为12570125USD，合约行权价是240，到期日为2026/06/18
2026-06-17,US.ORCL,,CALL,192.5,2026-06-26,1194,309246.0,SELL,06-18 03:44,6.18 03:44，出现一笔卖出看涨期权交易，成交量为1194张，未平仓数为565张，V/OI值为2.6，交易金额为309246USD，合约行权价是192.5，到期日为2026/06/26
2026-06-17,US.ORCL,,CALL,230.0,2026-07-17,1523,194952.0,SELL,06-18 03:36,6.18 03:36，出现一笔卖出看涨期权交易，成交量为1523张，未平仓数为6197张，V/OI值为0.5，交易金额为194952USD，合约行权价是230，到期日为2026/07/17
2026-06-17,US.ORCL,,PUT,220.0,2026-06-18,4366,15477470.0,BUY,06-18 03:22,6.18 03:22，出现一笔买入看跌期权交易，成交量为4366张，未平仓数为2911张，V/OI值为3.4，交易金额为15477470USD，合约行权价是220，到期日为2026/06/18
2026-06-17,US.ORCL,,PUT,210.0,2026-06-18,4366,11111470.0,BUY,06-18 03:22,6.18 03:22，出现一笔买入看跌期权交易，成交量为4366张，未平仓数为6011张，V/OI值为1.3，交易金额为11111470USD，合约行权价是210，到期日为2026/06/18
2026-06-17,US.ORCL,,PUT,207.5,2026-06-18,1174,2506490.0,BUY,06-18 03:20,6.18 03:20，出现一笔买入看跌期权交易，成交量为1174张，未平仓数为783张，V/OI值为1.6，交易金额为2506490USD，合约行权价是207.5，到期日为2026/06/18
2026-06-17,US.ORCL,,PUT,210.0,2026-06-18,1592,3677520.0,SELL,06-18 03:20,6.18 03:20，出现一笔卖出看跌期权交易，成交量为1592张，未平仓数为6011张，V/OI值为0.5，交易金额为3677520USD，合约行权价是210，到期日为2026/06/18
2026-06-17,US.ORCL,,PUT,215.0,2026-06-18,1056,2948352.0,SELL,06-18 03:19,6.18 03:19，出现一笔卖出看跌期权交易，成交量为1056张，未平仓数为704张，V/OI值为1.5，交易金额为2948352USD，合约行权价是215，到期日为2026/06/18
2026-06-17,US.ORCL,,PUT,240.0,2026-06-18,4080,22027920.0,BUY,06-18 03:02,6.18 03:02，出现一笔买入看跌期权交易，成交量为4080张，未平仓数为1236张，V/OI值为5.7，交易金额为22027920USD，合约行权价是240，到期日为2026/06/18
2026-06-17,US.ORCL,,PUT,220.0,2026-06-18,5300,18046500.0,BUY,06-18 03:02,6.18 03:02，出现一笔买入看跌期权交易，成交量为5300张，未平仓数为2911张，V/OI值为1.9，交易金额为18046500USD，合约行权价是220，到期日为2026/06/18
2026-06-17,US.ORCL,,PUT,240.0,2026-06-18,3000,15795000.0,SELL,06-18 02:43,6.18 02:43，出现一笔卖出看跌期权交易，成交量为3000张，未平仓数为1236张，V/OI值为2.4，交易金额为15795000USD，合约行权价是240，到期日为2026/06/18
2026-06-17,US.ORCL,,PUT,230.0,2026-06-18,1050,4410000.0,SELL,06-18 02:43,6.18 02:43，出现一笔卖出看跌期权交易，成交量为1050张，未平仓数为371张，V/OI值为2.9，交易金额为4410000USD，合约行权价是230，到期日为2026/06/18
2026-06-17,US.PANW,,CALL,290.0,2026-07-17,500,622500.0,SELL,06-18 03:55,6.18 03:55，出现一笔卖出看涨期权交易，成交量为500张，未平仓数为1928张，V/OI值为0.3，交易金额为622500USD，合约行权价是290，到期日为2026/07/17
2026-06-17,US.PDD,,PUT,100.0,2026-06-18,5150,10583250.0,BUY,06-18 03:48,6.18 03:48，出现一笔买入看跌期权交易，成交量为5150张，未平仓数为2574张，V/OI值为7.2，交易金额为10583250USD，合约行权价是100，到期日为2026/06/18
2026-06-17,US.PDD,,PUT,115.0,2026-06-18,8450,29744000.0,BUY,06-18 03:48,6.18 03:48，出现一笔买入看跌期权交易，成交量为8450张，未平仓数为3914张，V/OI值为6.9，交易金额为29744000USD，合约行权价是115，到期日为2026/06/18
2026-06-17,US.PDD,,PUT,95.0,2026-06-18,2050,3075000.0,BUY,06-18 03:48,6.18 03:48，出现一笔买入看跌期权交易，成交量为2050张，未平仓数为5311张，V/OI值为5.4，交易金额为3075000USD，合约行权价是95，到期日为2026/06/18
2026-06-17,US.PDD,,PUT,130.0,2026-06-18,3100,15469000.0,SELL,06-18 03:48,6.18 03:48，出现一笔卖出看跌期权交易，成交量为3100张，未平仓数为1533张，V/OI值为6.6，交易金额为15469000USD，合约行权价是130，到期日为2026/06/18
2026-06-17,US.PDD,,CALL,80.0,2026-08-21,568,275480.0,SELL,06-18 03:43,6.18 03:43，出现一笔卖出看涨期权交易，成交量为568张，未平仓数为773张，V/OI值为1，交易金额为275480USD，合约行权价是80，到期日为2026/08/21
2026-06-17,US.PDD,,PUT,95.0,2026-06-18,13500,19224000.0,SELL,06-18 03:03,6.18 03:03，出现一笔卖出看跌期权交易，成交量为13500张，未平仓数为5311张，V/OI值为4.8，交易金额为19224000USD，合约行权价是95，到期日为2026/06/18
2026-06-17,US.PDD,,PUT,130.0,2026-06-18,2960,14874000.0,BUY,06-18 03:03,6.18 03:03，出现一笔买入看跌期权交易，成交量为2960张，未平仓数为1533张，V/OI值为4.6，交易金额为14874000USD，合约行权价是130，到期日为2026/06/18
2026-06-17,US.PDD,,PUT,90.0,2026-06-18,15000,14100000.0,SELL,06-18 03:03,6.18 03:03，出现一笔卖出看跌期权交易，成交量为15000张，未平仓数为7047张，V/OI值为3，交易金额为14100000USD，合约行权价是90，到期日为2026/06/18
2026-06-17,US.PDD,,PUT,100.0,2026-06-18,5250,10164000.0,SELL,06-18 03:02,6.18 03:02，出现一笔卖出看跌期权交易，成交量为5250张，未平仓数为2574张，V/OI值为5.2，交易金额为10164000USD，合约行权价是100，到期日为2026/06/18
2026-06-17,US.PDD,,PUT,100.0,2026-06-18,2380,4605300.0,SELL,06-18 03:02,6.18 03:02，出现一笔卖出看跌期权交易，成交量为2380张，未平仓数为2574张，V/OI值为3.2，交易金额为4605300USD，合约行权价是100，到期日为2026/06/18
2026-06-17,US.PDD,,PUT,115.0,2026-06-18,7630,26323500.0,SELL,06-18 03:02,6.18 03:02，出现一笔卖出看跌期权交易，成交量为7630张，未平仓数为3914张，V/OI值为4.4，交易金额为26323500USD，合约行权价是115，到期日为2026/06/18
2026-06-17,US.PDD,,PUT,80.0,2027-01-15,250,213750.0,SELL,06-18 02:55,6.18 02:55，出现一笔卖出看跌期权交易，成交量为250张，未平仓数为6352张，V/OI值为0.3，交易金额为213750USD，合约行权价是80，到期日为2027/01/15
2026-06-17,US.PDD,,PUT,80.0,2027-01-15,250,213306.0,SELL,06-18 02:55,6.18 02:55，出现一笔卖出看跌期权交易，成交量为250张，未平仓数为6352张，V/OI值为0.2，交易金额为213306USD，合约行权价是80，到期日为2027/01/15
2026-06-17,US.PDD,,PUT,90.0,2026-06-18,6230,5856200.0,SELL,06-18 02:48,6.18 02:48，出现一笔卖出看跌期权交易，成交量为6230张，未平仓数为7047张，V/OI值为0.9，交易金额为5856200USD，合约行权价是90，到期日为2026/06/18
2026-06-17,US.PDD,,PUT,110.0,2026-06-18,1790,5405800.0,BUY,06-18 02:48,6.18 02:48，出现一笔买入看跌期权交易，成交量为1790张，未平仓数为739张，V/OI值为2.4，交易金额为5405800USD，合约行权价是110，到期日为2026/06/18
2026-06-17,US.PDD,,PUT,100.0,2026-06-18,5840,10920800.0,SELL,06-18 02:48,6.18 02:48，出现一笔卖出看跌期权交易，成交量为5840张，未平仓数为2574张，V/OI值为2.3，交易金额为10920800USD，合约行权价是100，到期日为2026/06/18
2026-06-17,US.PDD,,PUT,95.0,2026-06-18,11830,17567550.0,BUY,06-18 02:48,6.18 02:48，出现一笔买入看跌期权交易，成交量为11830张，未平仓数为5311张，V/OI值为2.2，交易金额为17567550USD，合约行权价是95，到期日为2026/06/18
2026-06-17,US.PDD,,PUT,130.0,2026-06-18,4070,20166850.0,SELL,06-18 02:48,6.18 02:48，出现一笔卖出看跌期权交易，成交量为4070张，未平仓数为1533张，V/OI值为2.7，交易金额为20166850USD，合约行权价是130，到期日为2026/06/18
2026-06-17,US.PDD,,PUT,120.0,2026-09-18,1230,4920000.0,BUY,06-18 02:48,6.18 02:48，出现一笔买入看跌期权交易，成交量为1230张，未平仓数为482张，V/OI值为2.6，交易金额为4920000USD，合约行权价是120，到期日为2026/09/18
2026-06-17,US.PDD,,CALL,95.0,2027-03-19,1500,1065000.0,SELL,06-18 01:25,6.18 01:25，出现一笔卖出看涨期权交易，成交量为1500张，未平仓数为605张，V/OI值为2.5，交易金额为1065000USD，合约行权价是95，到期日为2027/03/19
2026-06-17,US.PDD,,CALL,125.0,2027-01-15,1000,132000.0,SELL,06-18 01:04,6.18 01:04，出现一笔卖出看涨期权交易，成交量为1000张，未平仓数为15143张，V/OI值为0.1，交易金额为132000USD，合约行权价是125，到期日为2027/01/15
2026-06-17,US.PDD,,CALL,85.0,2027-01-15,694,595452.0,SELL,06-18 01:04,6.18 01:04，出现一笔卖出看涨期权交易，成交量为694张，未平仓数为3469张，V/OI值为0.3，交易金额为595452USD，合约行权价是85，到期日为2027/01/15
2026-06-17,US.PDD,,CALL,85.0,2027-01-15,300,257400.0,SELL,06-18 01:04,6.18 01:04，出现一笔卖出看涨期权交易，成交量为300张，未平仓数为3469张，V/OI值为0.1，交易金额为257400USD，合约行权价是85，到期日为2027/01/15
2026-06-17,US.PDD,,PUT,80.0,2027-01-15,1003,828338.0,SELL,06-18 00:03,6.18 00:03，出现一笔卖出看跌期权交易，成交量为1003张，未平仓数为6352张，V/OI值为0.2，交易金额为828338USD，合约行权价是80，到期日为2027/01/15
2026-06-17,US.PDD,,PUT,80.0,2026-10-16,426,259860.0,BUY,06-18 00:02,6.18 00:02，出现一笔买入看跌期权交易，成交量为426张，未平仓数为2608张，V/OI值为0.4，交易金额为259860USD，合约行权价是80，到期日为2026/10/16
2026-06-17,US.PDD,,PUT,80.0,2026-10-16,574,350144.0,SELL,06-18 00:02,6.18 00:02，出现一笔卖出看跌期权交易，成交量为574张，未平仓数为2608张，V/OI值为0.2，交易金额为350144USD，合约行权价是80，到期日为2026/10/16
2026-06-17,US.PLTR,,PUT,120.0,2026-07-17,1000,286000.0,BUY,06-18 03:51,6.18 03:51，出现一笔买入看跌期权交易，成交量为1000张，未平仓数为20954张，V/OI值为0.2，交易金额为286000USD，合约行权价是120，到期日为2026/07/17
2026-06-17,US.PLTR,,PUT,165.0,2026-06-18,1810,6262600.0,BUY,06-18 03:47,6.18 03:47，出现一笔买入看跌期权交易，成交量为1810张，未平仓数为904张，V/OI值为2，交易金额为6262600USD，合约行权价是165，到期日为2026/06/18
2026-06-17,US.PLTR,,CALL,155.0,2026-09-18,1690,1157660.0,SELL,06-18 03:31,6.18 03:31，出现一笔卖出看涨期权交易，成交量为1690张，未平仓数为58033张，V/OI值为0，交易金额为1157660USD，合约行权价是155，到期日为2026/09/18
2026-06-17,US.PLTR,,CALL,165.0,2026-08-21,1533,536580.0,SELL,06-18 03:24,6.18 03:24，出现一笔卖出看涨期权交易，成交量为1533张，未平仓数为5119张，V/OI值为0.4，交易金额为536580USD，合约行权价是165，到期日为2026/08/21
2026-06-17,US.PLTR,,PUT,160.0,2026-06-18,2810,7499890.0,SELL,06-18 03:01,6.18 03:01，出现一笔卖出看跌期权交易，成交量为2810张，未平仓数为2202张，V/OI值为1.3，交易金额为7499890USD，合约行权价是160，到期日为2026/06/18
2026-06-17,US.PLTR,,CALL,140.0,2026-06-26,1530,277137.0,SELL,06-18 02:06,6.18 02:06，出现一笔卖出看涨期权交易，成交量为1530张，未平仓数为6151张，V/OI值为2.3，交易金额为277137USD，合约行权价是140，到期日为2026/06/26
2026-06-17,US.PLTR,,PUT,135.0,2026-06-18,1500,184500.0,SELL,06-18 01:58,6.18 01:58，出现一笔卖出看跌期权交易，成交量为1500张，未平仓数为10314张，V/OI值为1，交易金额为184500USD，合约行权价是135，到期日为2026/06/18
2026-06-17,US.QQQ,,PUT,722.0,2026-06-17,3113,321980.0,SELL,06-18 03:53,6.18 03:53，出现一笔卖出看跌期权交易，成交量为3113张，未平仓数为1610张，V/OI值为42.4，交易金额为321980USD，合约行权价是722，到期日为2026/06/17
2026-06-17,US.QQQ,,CALL,733.0,2026-07-17,3024,6041952.0,SELL,06-18 03:02,6.18 03:02，出现一笔卖出看涨期权交易，成交量为3024张，未平仓数为1159张，V/OI值为8.1，交易金额为6041952USD，合约行权价是733，到期日为2026/07/17
2026-06-17,US.QQQ,,PUT,728.0,2026-06-22,10000,7110000.0,SELL,06-18 02:58,6.18 02:58，出现一笔卖出看跌期权交易，成交量为10000张，未平仓数为520张，V/OI值为21.4，交易金额为7110000USD，合约行权价是728，到期日为2026/06/22
2026-06-17,US.QQQ,,PUT,724.0,2026-06-22,6500,3646500.0,SELL,06-18 02:58,6.18 02:58，出现一笔卖出看跌期权交易，成交量为6500张，未平仓数为306张，V/OI值为24.2，交易金额为3646500USD，合约行权价是724，到期日为2026/06/22
2026-06-17,US.QQQ,,PUT,726.0,2026-06-22,6500,4114500.0,SELL,06-18 02:58,6.18 02:58，出现一笔卖出看跌期权交易，成交量为6500张，未平仓数为145张，V/OI值为48.3，交易金额为4114500USD，合约行权价是726，到期日为2026/06/22
2026-06-17,US.QQQ,,PUT,724.0,2026-06-18,4200,785400.0,BUY,06-18 02:51,6.18 02:51，出现一笔买入看跌期权交易，成交量为4200张，未平仓数为11242张，V/OI值为0.9，交易金额为785400USD，合约行权价是724，到期日为2026/06/18
2026-06-17,US.QQQ,,PUT,726.0,2026-06-18,4200,953400.0,BUY,06-18 02:51,6.18 02:51，出现一笔买入看跌期权交易，成交量为4200张，未平仓数为1895张，V/OI值为7.6，交易金额为953400USD，合约行权价是726，到期日为2026/06/18
2026-06-17,US.QQQ,,PUT,728.0,2026-06-18,6000,1650000.0,BUY,06-18 02:51,6.18 02:51，出现一笔买入看跌期权交易，成交量为6000张，未平仓数为5252张，V/OI值为4.2，交易金额为1650000USD，合约行权价是728，到期日为2026/06/18
2026-06-17,US.QQQ,,PUT,690.0,2026-06-30,7000,2107000.0,SELL,06-18 01:47,6.18 01:47，出现一笔卖出看跌期权交易，成交量为7000张，未平仓数为5896张，V/OI值为4.3，交易金额为2107000USD，合约行权价是690，到期日为2026/06/30
2026-06-17,US.QQQ,,CALL,690.0,2026-06-30,7000,31962000.0,BUY,06-18 01:47,6.18 01:47，出现一笔买入看涨期权交易，成交量为7000张，未平仓数为3738张，V/OI值为6.7，交易金额为31962000USD，合约行权价是690，到期日为2026/06/30
2026-06-17,US.QQQ,,CALL,742.0,2026-06-17,5119,148451.0,SELL,06-18 01:29,6.18 01:29，出现一笔卖出看涨期权交易，成交量为5119张，未平仓数为3151张，V/OI值为11.3，交易金额为148451USD，合约行权价是742，到期日为2026/06/17
2026-06-17,US.QQQ,,CALL,735.0,2026-06-17,4688,843971.0,SELL,06-18 00:47,6.18 00:47，出现一笔卖出看涨期权交易，成交量为4688张，未平仓数为5304张，V/OI值为24.3，交易金额为843971USD，合约行权价是735，到期日为2026/06/17
2026-06-17,US.QQQ,,PUT,690.0,2026-06-30,15000,4560000.0,SELL,06-18 00:11,6.18 00:11，出现一笔卖出看跌期权交易，成交量为15000张，未平仓数为5896张，V/OI值为3.1，交易金额为4560000USD，合约行权价是690，到期日为2026/06/30
2026-06-17,US.QQQ,,CALL,690.0,2026-06-30,15000,71310000.0,BUY,06-18 00:11,6.18 00:11，出现一笔买入看涨期权交易，成交量为15000张，未平仓数为3738张，V/OI值为4.8，交易金额为71310000USD，合约行权价是690，到期日为2026/06/30
2026-06-17,US.QQQ,,PUT,690.0,2026-06-30,3000,912000.0,SELL,06-18 00:11,6.18 00:11，出现一笔卖出看跌期权交易，成交量为3000张，未平仓数为5896张，V/OI值为0.5，交易金额为912000USD，合约行权价是690，到期日为2026/06/30
2026-06-17,US.QQQ,,CALL,690.0,2026-06-30,3000,14262000.0,BUY,06-18 00:11,6.18 00:11，出现一笔买入看涨期权交易，成交量为3000张，未平仓数为3738张，V/OI值为0.8，交易金额为14262000USD，合约行权价是690，到期日为2026/06/30
2026-06-17,US.QQQ,,PUT,725.0,2026-06-17,4901,342970.0,SELL,06-18 00:03,6.18 00:03，出现一笔卖出看跌期权交易，成交量为4901张，未平仓数为4243张，V/OI值为14.7，交易金额为342970USD，合约行权价是725，到期日为2026/06/17
2026-06-17,US.RDDT,,CALL,200.0,2026-07-17,1000,435000.0,SELL,06-18 01:32,6.18 01:32，出现一笔卖出看涨期权交易，成交量为1000张，未平仓数为5278张，V/OI值为0.4，交易金额为435000USD，合约行权价是200，到期日为2026/07/17
2026-06-17,US.SAP,,PUT,180.0,2026-06-18,426,780006.0,SELL,06-18 03:17,6.18 03:17，出现一笔卖出看跌期权交易，成交量为426张，未平仓数为671张，V/OI值为1.3，交易金额为780006USD，合约行权价是180，到期日为2026/06/18
2026-06-17,US.SAP,,PUT,180.0,2026-06-18,467,854610.0,SELL,06-18 03:17,6.18 03:17，出现一笔卖出看跌期权交易，成交量为467张，未平仓数为671张，V/OI值为0.7，交易金额为854610USD，合约行权价是180，到期日为2026/06/18
2026-06-17,US.SAP,,PUT,175.0,2026-06-18,784,1092896.0,SELL,06-18 03:17,6.18 03:17，出现一笔卖出看跌期权交易，成交量为784张，未平仓数为523张，V/OI值为1.5，交易金额为1092896USD，合约行权价是175，到期日为2026/06/18
2026-06-17,US.SAP,,PUT,165.0,2026-09-18,101,144430.0,BUY,06-18 01:32,6.18 01:32，出现一笔买入看跌期权交易，成交量为101张，未平仓数为1030张，V/OI值为0.1，交易金额为144430USD，合约行权价是165，到期日为2026/09/18
2026-06-17,US.SMCI,,CALL,50.0,2027-01-15,1918,575404.0,SELL,06-18 02:57,6.18 02:57，出现一笔卖出看涨期权交易，成交量为1918张，未平仓数为21439张，V/OI值为0.2，交易金额为575404USD，合约行权价是50，到期日为2027/01/15
2026-06-17,US.SMCI,,CALL,30.5,2026-06-26,6000,522000.0,SELL,06-18 02:44,6.18 02:44，出现一笔卖出看涨期权交易，成交量为6000张，未平仓数为751张，V/OI值为26.1，交易金额为522000USD，合约行权价是30.5，到期日为2026/06/26
2026-06-17,US.SMCI,,CALL,33.0,2026-06-26,6000,210000.0,BUY,06-18 02:44,6.18 02:44，出现一笔买入看涨期权交易，成交量为6000张，未平仓数为1018张，V/OI值为19.4，交易金额为210000USD，合约行权价是33，到期日为2026/06/26
2026-06-17,US.SMCI,,CALL,30.5,2026-06-26,2714,222548.0,SELL,06-18 02:38,6.18 02:38，出现一笔卖出看涨期权交易，成交量为2714张，未平仓数为751张，V/OI值为16.3，交易金额为222548USD，合约行权价是30.5，到期日为2026/06/26
2026-06-17,US.SMCI,,CALL,30.5,2026-06-26,2725,223450.0,SELL,06-18 02:38,6.18 02:38，出现一笔卖出看涨期权交易，成交量为2725张，未平仓数为751张，V/OI值为12.6，交易金额为223450USD，合约行权价是30.5，到期日为2026/06/26
2026-06-17,US.SMCI,,CALL,33.0,2026-06-26,2714,89562.0,BUY,06-18 02:38,6.18 02:38，出现一笔买入看涨期权交易，成交量为2714张，未平仓数为1018张，V/OI值为12.1，交易金额为89562USD，合约行权价是33，到期日为2026/06/26
2026-06-17,US.SMCI,,CALL,33.0,2026-06-26,2725,89925.0,BUY,06-18 02:38,6.18 02:38，出现一笔买入看涨期权交易，成交量为2725张，未平仓数为1018张，V/OI值为9.4，交易金额为89925USD，合约行权价是33，到期日为2026/06/26
2026-06-17,US.SMCI,,CALL,30.5,2026-06-26,2468,204844.0,SELL,06-18 01:51,6.18 01:51，出现一笔卖出看涨期权交易，成交量为2468张，未平仓数为751张，V/OI值为8.8，交易金额为204844USD，合约行权价是30.5，到期日为2026/06/26
2026-06-17,US.SMCI,,CALL,30.5,2026-06-26,1300,110500.0,BUY,06-18 01:38,6.18 01:38，出现一笔买入看涨期权交易，成交量为1300张，未平仓数为751张，V/OI值为2.1，交易金额为110500USD，合约行权价是30.5，到期日为2026/06/26
2026-06-17,US.SMCI,,PUT,30.0,2026-07-17,2500,765000.0,SELL,06-18 00:27,6.18 00:27，出现一笔卖出看跌期权交易，成交量为2500张，未平仓数为6202张，V/OI值为0.4，交易金额为765000USD，合约行权价是30，到期日为2026/07/17
2026-06-17,US.SOFI,,CALL,20.0,2026-08-21,2375,280250.0,SELL,06-18 03:30,6.18 03:30，出现一笔卖出看涨期权交易，成交量为2375张，未平仓数为27356张，V/OI值为0.4，交易金额为280250USD，合约行权价是20，到期日为2026/08/21
2026-06-17,US.SOFI,,PUT,22.0,2026-06-18,1486,601830.0,BUY,06-18 03:19,6.18 03:19，出现一笔买入看跌期权交易，成交量为1486张，未平仓数为7859张，V/OI值为0.2，交易金额为601830USD，合约行权价是22，到期日为2026/06/18
2026-06-17,US.SOFI,,CALL,18.0,2026-07-17,1106,159264.0,SELL,06-18 00:45,6.18 00:45，出现一笔卖出看涨期权交易，成交量为1106张，未平仓数为16141张，V/OI值为0.9，交易金额为159264USD，合约行权价是18，到期日为2026/07/17
2026-06-17,US.SOXS,,PUT,6.5,2026-06-18,2786,607348.0,SELL,06-18 03:21,6.18 03:21，出现一笔卖出看跌期权交易，成交量为2786张，未平仓数为1857张，V/OI值为1.5，交易金额为607348USD，合约行权价是6.5，到期日为2026/06/18
2026-06-17,US.SOXS,,PUT,7.0,2026-06-18,2786,746648.0,SELL,06-18 03:21,6.18 03:21，出现一笔卖出看跌期权交易，成交量为2786张，未平仓数为2231张，V/OI值为1.3，交易金额为746648USD，合约行权价是7，到期日为2026/06/18
2026-06-17,US.SOXS,,CALL,5.0,2026-08-21,1346,152098.0,BUY,06-18 02:05,6.18 02:05，出现一笔买入看涨期权交易，成交量为1346张，未平仓数为5102张，V/OI值为0.6，交易金额为152098USD，合约行权价是5，到期日为2026/08/21
2026-06-17,US.SPY,,PUT,732.0,2026-06-18,3063,297111.0,SELL,06-18 04:02,6.18 04:02，出现一笔卖出看跌期权交易，成交量为3063张，未平仓数为16780张，V/OI值为2.5，交易金额为297111USD，合约行权价是732，到期日为2026/06/18
2026-06-17,US.SPY,,PUT,760.0,2026-06-18,15000,30060000.0,BUY,06-18 04:00,6.18 04:00，出现一笔买入看跌期权交易，成交量为15000张，未平仓数为2990张，V/OI值为5.5，交易金额为30060000USD，合约行权价是760，到期日为2026/06/18
2026-06-17,US.SPY,,CALL,715.0,2026-06-18,6000,15642000.0,BUY,06-18 03:59,6.18 03:59，出现一笔买入看涨期权交易，成交量为6000张，未平仓数为37015张，V/OI值为0.2，交易金额为15642000USD，合约行权价是715，到期日为2026/06/18
2026-06-17,US.SPY,,PUT,726.0,2026-07-02,4357,2291080.0,SELL,06-18 03:46,6.18 03:46，出现一笔卖出看跌期权交易，成交量为4357张，未平仓数为8462张，V/OI值为4，交易金额为2291080USD，合约行权价是726，到期日为2026/07/02
2026-06-17,US.SPY,,PUT,726.0,2026-07-02,5533,3058653.0,SELL,06-18 03:46,6.18 03:46，出现一笔卖出看跌期权交易，成交量为5533张，未平仓数为8462张，V/OI值为3.3，交易金额为3058653USD，合约行权价是726，到期日为2026/07/02
2026-06-17,US.SPY,,PUT,726.0,2026-07-02,3451,1922869.0,SELL,06-18 03:46,6.18 03:46，出现一笔卖出看跌期权交易，成交量为3451张，未平仓数为8462张，V/OI值为2.6，交易金额为1922869USD，合约行权价是726，到期日为2026/07/02
2026-06-17,US.SPY,,PUT,722.0,2026-06-26,3453,1115227.0,BUY,06-18 03:46,6.18 03:46，出现一笔买入看跌期权交易，成交量为3453张，未平仓数为1011张，V/OI值为15.4，交易金额为1115227USD，合约行权价是722，到期日为2026/06/26
2026-06-17,US.SPY,,PUT,722.0,2026-06-26,7249,2275523.0,BUY,06-18 03:46,6.18 03:46，出现一笔买入看跌期权交易，成交量为7249张，未平仓数为1011张，V/OI值为7.6，交易金额为2275523USD，合约行权价是722，到期日为2026/06/26
2026-06-17,US.SPY,,PUT,720.0,2026-06-30,3828,1285287.0,BUY,06-18 03:35,6.18 03:35，出现一笔买入看跌期权交易，成交量为3828张，未平仓数为14125张，V/OI值为1，交易金额为1285287USD，合约行权价是720，到期日为2026/06/30
2026-06-17,US.SPY,,PUT,709.0,2026-07-17,16000,7600000.0,SELL,06-18 03:35,6.18 03:35，出现一笔卖出看跌期权交易，成交量为16000张，未平仓数为1377张，V/OI值为26.4，交易金额为7600000USD，合约行权价是709，到期日为2026/07/17
2026-06-17,US.SPY,,PUT,706.0,2026-07-17,16000,6992000.0,SELL,06-18 03:35,6.18 03:35，出现一笔卖出看跌期权交易，成交量为16000张，未平仓数为11291张，V/OI值为1.5，交易金额为6992000USD，合约行权价是706，到期日为2026/07/17
2026-06-17,US.SPY,,PUT,709.0,2026-07-17,10540,4721920.0,BUY,06-18 03:28,6.18 03:28，出现一笔买入看跌期权交易，成交量为10540张，未平仓数为1377张，V/OI值为13，交易金额为4721920USD，合约行权价是709，到期日为2026/07/17
2026-06-17,US.SPY,,PUT,709.0,2026-07-17,7200,3225600.0,BUY,06-18 03:28,6.18 03:28，出现一笔买入看跌期权交易，成交量为7200张，未平仓数为1377张，V/OI值为5.4，交易金额为3225600USD，合约行权价是709，到期日为2026/07/17
2026-06-17,US.SPY,,CALL,754.0,2026-06-18,3000,83650.0,BUY,06-18 03:22,6.18 03:22，出现一笔买入看涨期权交易，成交量为3000张，未平仓数为11740张，V/OI值为2.9，交易金额为83650USD，合约行权价是754，到期日为2026/06/18
2026-06-17,US.SPY,,PUT,741.0,2026-06-18,3156,1035168.0,BUY,06-18 03:20,6.18 03:20，出现一笔买入看跌期权交易，成交量为3156张，未平仓数为4775张，V/OI值为4.7，交易金额为1035168USD，合约行权价是741，到期日为2026/06/18
2026-06-17,US.SPY,,PUT,745.0,2026-07-17,3000,3477000.0,SELL,06-18 03:03,6.18 03:03，出现一笔卖出看跌期权交易，成交量为3000张，未平仓数为8445张，V/OI值为0.7，交易金额为3477000USD，合约行权价是745，到期日为2026/07/17
2026-06-17,US.SPY,,CALL,745.0,2026-07-17,3000,4077000.0,BUY,06-18 03:03,6.18 03:03，出现一笔买入看涨期权交易，成交量为3000张，未平仓数为17605张，V/OI值为0.2，交易金额为4077000USD，合约行权价是745，到期日为2026/07/17
2026-06-17,US.SPY,,PUT,732.0,2026-06-18,3090,105060.0,SELL,06-18 02:52,6.18 02:52，出现一笔卖出看跌期权交易，成交量为3090张，未平仓数为16780张，V/OI值为1.3，交易金额为105060USD，合约行权价是732，到期日为2026/06/18
2026-06-17,US.SPY,,PUT,726.0,2026-07-02,5000,1515574.0,BUY,06-18 02:46,6.18 02:46，出现一笔买入看跌期权交易，成交量为5000张，未平仓数为8462张，V/OI值为1.6，交易金额为1515574USD，合约行权价是726，到期日为2026/07/02
2026-06-17,US.SPY,,PUT,745.0,2026-06-18,3528,812910.0,BUY,06-18 02:43,6.18 02:43，出现一笔买入看跌期权交易，成交量为3528张，未平仓数为43218张，V/OI值为1.3，交易金额为812910USD，合约行权价是745，到期日为2026/06/18
2026-06-17,US.SPY,,PUT,745.0,2026-06-18,3681,957072.0,BUY,06-18 02:39,6.18 02:39，出现一笔买入看跌期权交易，成交量为3681张，未平仓数为43218张，V/OI值为1.2，交易金额为957072USD，合约行权价是745，到期日为2026/06/18
2026-06-17,US.SPY,,PUT,726.0,2026-07-02,3544,1405198.0,BUY,06-18 02:26,6.18 02:26，出现一笔买入看跌期权交易，成交量为3544张，未平仓数为8462张，V/OI值为1，交易金额为1405198USD，合约行权价是726，到期日为2026/07/02
2026-06-17,US.SPY,,PUT,733.0,2026-06-26,7368,2749626.0,SELL,06-18 02:26,6.18 02:26，出现一笔卖出看跌期权交易，成交量为7368张，未平仓数为17566张，V/OI值为1，交易金额为2749626USD，合约行权价是733，到期日为2026/06/26
2026-06-17,US.SPY,,PUT,712.0,2026-07-17,3571,1396261.0,BUY,06-18 02:20,6.18 02:20，出现一笔买入看跌期权交易，成交量为3571张，未平仓数为4986张，V/OI值为3.6，交易金额为1396261USD，合约行权价是712，到期日为2026/07/17
2026-06-17,US.SPY,,PUT,712.0,2026-07-17,5951,2326841.0,BUY,06-18 02:20,6.18 02:20，出现一笔买入看跌期权交易，成交量为5951张，未平仓数为4986张，V/OI值为2.9，交易金额为2326841USD，合约行权价是712，到期日为2026/07/17
2026-06-17,US.SPY,,PUT,712.0,2026-07-17,6400,2502400.0,BUY,06-18 02:20,6.18 02:20，出现一笔买入看跌期权交易，成交量为6400张，未平仓数为4986张，V/OI值为1.7，交易金额为2502400USD，合约行权价是712，到期日为2026/07/17
2026-06-17,US.SPY,,PUT,714.0,2026-07-17,3571,1474823.0,SELL,06-18 02:20,6.18 02:20，出现一笔卖出看跌期权交易，成交量为3571张，未平仓数为22611张，V/OI值为0.9，交易金额为1474823USD，合约行权价是714，到期日为2026/07/17
2026-06-17,US.SPY,,PUT,714.0,2026-07-17,5951,2457763.0,SELL,06-18 02:20,6.18 02:20，出现一笔卖出看跌期权交易，成交量为5951张，未平仓数为22611张，V/OI值为0.8，交易金额为2457763USD，合约行权价是714，到期日为2026/07/17
2026-06-17,US.SPY,,PUT,714.0,2026-07-17,6400,2643200.0,SELL,06-18 02:20,6.18 02:20，出现一笔卖出看跌期权交易，成交量为6400张，未平仓数为22611张，V/OI值为0.5，交易金额为2643200USD，合约行权价是714，到期日为2026/07/17
2026-06-17,US.SPY,,PUT,733.0,2026-06-26,4000,1228648.0,SELL,06-18 02:18,6.18 02:18，出现一笔卖出看跌期权交易，成交量为4000张，未平仓数为17566张，V/OI值为0.5，交易金额为1228648USD，合约行权价是733，到期日为2026/06/26
2026-06-17,US.SPY,,CALL,756.0,2026-06-17,3148,97535.0,SELL,06-18 00:59,6.18 00:59，出现一笔卖出看涨期权交易，成交量为3148张，未平仓数为12278张，V/OI值为7.9，交易金额为97535USD，合约行权价是756，到期日为2026/06/17
2026-06-17,US.SPY,,CALL,800.0,2026-07-17,4206,109356.0,SELL,06-18 00:57,6.18 00:57，出现一笔卖出看涨期权交易，成交量为4206张，未平仓数为15151张，V/OI值为0.7，交易金额为109356USD，合约行权价是800，到期日为2026/07/17
2026-06-17,US.SPY,,CALL,755.0,2026-06-17,3055,149695.0,SELL,06-18 00:42,6.18 00:42，出现一笔卖出看涨期权交易，成交量为3055张，未平仓数为17120张，V/OI值为11.7，交易金额为149695USD，合约行权价是755，到期日为2026/06/17
2026-06-17,US.SPY,,PUT,400.0,2026-12-18,3529,465828.0,BUY,06-18 00:09,6.18 00:09，出现一笔买入看跌期权交易，成交量为3529张，未平仓数为18897张，V/OI值为0.8，交易金额为465828USD，合约行权价是400，到期日为2026/12/18
2026-06-17,US.SQQQ,,CALL,37.0,2026-06-18,3086,459814.0,BUY,06-18 01:08,6.18 01:08，出现一笔买入看涨期权交易，成交量为3086张，未平仓数为3433张，V/OI值为1.1，交易金额为459814USD，合约行权价是37，到期日为2026/06/18
2026-06-17,US.SQQQ,,CALL,37.5,2026-06-18,1184,136160.0,BUY,06-18 01:08,6.18 01:08，出现一笔买入看涨期权交易，成交量为1184张，未平仓数为1076张，V/OI值为1.5，交易金额为136160USD，合约行权价是37.5，到期日为2026/06/18
2026-06-17,US.TSLA,,PUT,440.0,2026-06-18,3228,13347780.0,SELL,06-18 03:22,6.18 03:22，出现一笔卖出看跌期权交易，成交量为3228张，未平仓数为7409张，V/OI值为2.2，交易金额为13347780USD，合约行权价是440，到期日为2026/06/18
2026-06-17,US.TSLA,,CALL,412.5,2026-06-22,1404,359418.0,SELL,06-18 03:11,6.18 03:11，出现一笔卖出看涨期权交易，成交量为1404张，未平仓数为1285张，V/OI值为2.6，交易金额为359418USD，合约行权价是412.5，到期日为2026/06/22
2026-06-17,US.TSLA,,PUT,440.0,2026-06-18,6700,26599000.0,BUY,06-18 03:03,6.18 03:03，出现一笔买入看跌期权交易，成交量为6700张，未平仓数为7409张，V/OI值为1.7，交易金额为26599000USD，合约行权价是440，到期日为2026/06/18
2026-06-17,US.TSLA,,PUT,435.0,2026-06-18,2200,7634000.0,BUY,06-18 03:03,6.18 03:03，出现一笔买入看跌期权交易，成交量为2200张，未平仓数为2104张，V/OI值为3.5，交易金额为7634000USD，合约行权价是435，到期日为2026/06/18
2026-06-17,US.TSLA,,PUT,442.5,2026-06-18,1000,4170000.0,BUY,06-18 03:02,6.18 03:02，出现一笔买入看跌期权交易，成交量为1000张，未平仓数为255张，V/OI值为4.1，交易金额为4170000USD，合约行权价是442.5，到期日为2026/06/18
2026-06-17,US.TSLA,,PUT,445.0,2026-06-18,1540,6722100.0,SELL,06-18 03:02,6.18 03:02，出现一笔卖出看跌期权交易，成交量为1540张，未平仓数为1240张，V/OI值为4.1，交易金额为6722100USD，合约行权价是445，到期日为2026/06/18
2026-06-17,US.TSLA,,PUT,450.0,2026-06-18,1830,8902950.0,SELL,06-18 03:02,6.18 03:02，出现一笔卖出看跌期权交易，成交量为1830张，未平仓数为1260张，V/OI值为5.7，交易金额为8902950USD，合约行权价是450，到期日为2026/06/18
2026-06-17,US.TSLA,,PUT,440.0,2026-06-18,5000,19375000.0,SELL,06-18 03:02,6.18 03:02，出现一笔卖出看跌期权交易，成交量为5000张，未平仓数为7409张，V/OI值为0.8，交易金额为19375000USD，合约行权价是440，到期日为2026/06/18
2026-06-17,US.TSLA,,PUT,435.0,2026-06-18,4650,15856500.0,BUY,06-18 03:02,6.18 03:02，出现一笔买入看跌期权交易，成交量为4650张，未平仓数为2104张，V/OI值为2.4，交易金额为15856500USD，合约行权价是435，到期日为2026/06/18
2026-06-17,US.TSLA,,PUT,455.0,2026-06-18,1040,5636800.0,BUY,06-18 03:02,6.18 03:02，出现一笔买入看跌期权交易，成交量为1040张，未平仓数为289张，V/OI值为7.2，交易金额为5636800USD，合约行权价是455，到期日为2026/06/18
2026-06-17,US.TSLA,,PUT,445.0,2026-06-18,3470,14279050.0,BUY,06-18 02:45,6.18 02:45，出现一笔买入看跌期权交易，成交量为3470张，未平仓数为1240张，V/OI值为2.8，交易金额为14279050USD，合约行权价是445，到期日为2026/06/18
2026-06-17,US.TSLA,,PUT,450.0,2026-06-18,5180,23905700.0,BUY,06-18 02:45,6.18 02:45，出现一笔买入看跌期权交易，成交量为5180张，未平仓数为1260张，V/OI值为4.2，交易金额为23905700USD，合约行权价是450，到期日为2026/06/18
2026-06-17,US.TSLA,,PUT,455.0,2026-06-18,1040,5319600.0,BUY,06-18 02:45,6.18 02:45，出现一笔买入看跌期权交易，成交量为1040张，未平仓数为289张，V/OI值为3.6，交易金额为5319600USD，合约行权价是455，到期日为2026/06/18
2026-06-17,US.TSLA,,PUT,500.0,2028-01-21,1000,15195000.0,SELL,06-18 02:42,6.18 02:42，出现一笔卖出看跌期权交易，成交量为1000张，未平仓数为3429张，V/OI值为0.3，交易金额为15195000USD，合约行权价是500，到期日为2028/01/21
2026-06-17,US.TSLA,,CALL,500.0,2028-01-21,1000,8455000.0,SELL,06-18 02:42,6.18 02:42，出现一笔卖出看涨期权交易，成交量为1000张，未平仓数为4464张，V/OI值为0.2，交易金额为8455000USD，合约行权价是500，到期日为2028/01/21
2026-06-17,US.TSLA,,PUT,390.0,2026-06-22,1090,256150.0,SELL,06-18 02:38,6.18 02:38，出现一笔卖出看跌期权交易，成交量为1090张，未平仓数为1532张，V/OI值为10.1，交易金额为256150USD，合约行权价是390，到期日为2026/06/22
2026-06-17,US.TSLA,,PUT,390.0,2026-06-22,1518,270204.0,SELL,06-18 01:26,6.18 01:26，出现一笔卖出看跌期权交易，成交量为1518张，未平仓数为1532张，V/OI值为7.6，交易金额为270204USD，合约行权价是390，到期日为2026/06/22
2026-06-17,US.TSLA,,PUT,405.0,2026-06-18,1001,540547.0,SELL,06-18 00:47,6.18 00:47，出现一笔卖出看跌期权交易，成交量为1001张，未平仓数为4608张，V/OI值为2.1，交易金额为540547USD，合约行权价是405，到期日为2026/06/18
2026-06-17,US.TSLA,,PUT,400.0,2026-06-18,1117,346295.0,SELL,06-18 00:21,6.18 00:21，出现一笔卖出看跌期权交易，成交量为1117张，未平仓数为16664张，V/OI值为1.8，交易金额为346295USD，合约行权价是400，到期日为2026/06/18
2026-06-17,US.TSM,,PUT,440.0,2026-07-02,2500,4665000.0,SELL,06-18 03:26,6.18 03:26，出现一笔卖出看跌期权交易，成交量为2500张，未平仓数为425张，V/OI值为6.1，交易金额为4665000USD，合约行权价是440，到期日为2026/07/02
2026-06-17,US.TSM,,CALL,440.0,2026-07-02,2500,3915000.0,BUY,06-18 03:26,6.18 03:26，出现一笔买入看涨期权交易，成交量为2500张，未平仓数为315张，V/OI值为8，交易金额为3915000USD，合约行权价是440，到期日为2026/07/02
2026-06-17,US.TSM,,PUT,300.0,2026-07-17,5500,709500.0,BUY,06-18 01:20,6.18 01:20，出现一笔买入看跌期权交易，成交量为5500张，未平仓数为5285张，V/OI值为1.1，交易金额为709500USD，合约行权价是300，到期日为2026/07/17
2026-06-17,US.TSM,,PUT,220.0,2027-06-17,1200,878400.0,SELL,06-18 00:53,6.18 00:53，出现一笔卖出看跌期权交易，成交量为1200张，未平仓数为398张，V/OI值为3，交易金额为878400USD，合约行权价是220，到期日为2027/06/17
2026-06-17,US.TSM,,PUT,400.0,2026-06-26,1350,295650.0,BUY,06-18 00:51,6.18 00:51，出现一笔买入看跌期权交易，成交量为1350张，未平仓数为7525张，V/OI值为0.3，交易金额为295650USD，合约行权价是400，到期日为2026/06/26
2026-06-17,US.TSM,,PUT,440.0,2026-06-26,1350,1753650.0,SELL,06-18 00:51,6.18 00:51，出现一笔卖出看跌期权交易，成交量为1350张，未平仓数为1818张，V/OI值为0.8，交易金额为1753650USD，合约行权价是440，到期日为2026/06/26
2026-06-17,US.TSM,,PUT,400.0,2026-07-10,1500,870000.0,SELL,06-18 00:50,6.18 00:50，出现一笔卖出看跌期权交易，成交量为1500张，未平仓数为1895张，V/OI值为0.8，交易金额为870000USD，合约行权价是400，到期日为2026/07/10
2026-06-17,US.TSM,,CALL,480.0,2026-07-10,1500,1108500.0,BUY,06-18 00:50,6.18 00:50，出现一笔买入看涨期权交易，成交量为1500张，未平仓数为5261张，V/OI值为0.3，交易金额为1108500USD，合约行权价是480，到期日为2026/07/10
2026-06-17,US.TSM,,CALL,560.0,2026-07-17,2250,427500.0,BUY,06-18 00:28,6.18 00:28，出现一笔买入看涨期权交易，成交量为2250张，未平仓数为578张，V/OI值为7.8，交易金额为427500USD，合约行权价是560，到期日为2026/07/17
2026-06-17,US.TSM,,CALL,560.0,2026-07-17,2250,416250.0,BUY,06-18 00:00,6.18 00:00，出现一笔买入看涨期权交易，成交量为2250张，未平仓数为578张，V/OI值为7.8，交易金额为416250USD，合约行权价是560，到期日为2026/07/17
2026-06-17,US.VEEV,,PUT,175.0,2026-06-18,563,1007770.0,SELL,06-18 03:26,6.18 03:26，出现一笔卖出看跌期权交易，成交量为563张，未平仓数为493张，V/OI值为1.2，交易金额为1007770USD，合约行权价是175，到期日为2026/06/18
2026-06-17,US.VEEV,,PUT,180.0,2026-06-18,464,1062560.0,SELL,06-18 03:26,6.18 03:26，出现一笔卖出看跌期权交易，成交量为464张，未平仓数为309张，V/OI值为1.5，交易金额为1062560USD，合约行权价是180，到期日为2026/06/18
2026-06-17,US.VST,,CALL,165.0,2026-06-18,1001,80080.0,BUY,06-18 03:06,6.18 03:06，出现一笔买入看涨期权交易，成交量为1001张，未平仓数为6000张，V/OI值为0.6，交易金额为80080USD，合约行权价是165，到期日为2026/06/18
2026-06-17,US.VST,,CALL,185.0,2027-01-15,245,445909.0,BUY,06-18 01:48,6.18 01:48，出现一笔买入看涨期权交易，成交量为245张，未平仓数为431张，V/OI值为0.6，交易金额为445909USD，合约行权价是185，到期日为2027/01/15
2026-06-17,US.VST,,CALL,175.0,2027-03-19,258,659190.0,BUY,06-18 01:28,6.18 01:28，出现一笔买入看涨期权交易，成交量为258张，未平仓数为57张，V/OI值为6.3，交易金额为659190USD，合约行权价是175，到期日为2027/03/19
2026-06-17,US.VST,,PUT,170.0,2026-07-17,319,433864.0,SELL,06-18 00:45,6.18 00:45，出现一笔卖出看跌期权交易，成交量为319张，未平仓数为191张，V/OI值为1.8，交易金额为433864USD，合约行权价是170，到期日为2026/07/17
2026-06-17,US.VST,,CALL,155.0,2026-06-18,503,342040.0,BUY,06-18 00:00,6.18 00:00，出现一笔买入看涨期权交易，成交量为503张，未平仓数为4135张，V/OI值为0.1，交易金额为342040USD，合约行权价是155，到期日为2026/06/18
2026-06-17,US.WDAY,,PUT,155.0,2026-06-18,690,2201100.0,BUY,06-18 03:40,6.18 03:40，出现一笔买入看跌期权交易，成交量为690张，未平仓数为355张，V/OI值为1.9，交易金额为2201100USD，合约行权价是155，到期日为2026/06/18
2026-06-17,US.WDAY,,PUT,160.0,2026-06-18,600,2214000.0,BUY,06-18 03:40,6.18 03:40，出现一笔买入看跌期权交易，成交量为600张，未平仓数为300张，V/OI值为6.3，交易金额为2214000USD，合约行权价是160，到期日为2026/06/18
2026-06-17,US.XOM,,PUT,155.0,2026-06-18,1105,1624350.0,BUY,06-18 03:40,6.18 03:40，出现一笔买入看跌期权交易，成交量为1105张，未平仓数为4300张，V/OI值为1.3，交易金额为1624350USD，合约行权价是155，到期日为2026/06/18
2026-06-17,US.XOM,,PUT,160.0,2026-06-18,2400,4620000.0,BUY,06-18 03:40,6.18 03:40，出现一笔买入看跌期权交易，成交量为2400张，未平仓数为1241张，V/OI值为3.5，交易金额为4620000USD，合约行权价是160，到期日为2026/06/18
2026-06-17,US.XOM,,PUT,152.5,2026-06-18,1554,1763790.0,SELL,06-18 03:22,6.18 03:22，出现一笔卖出看跌期权交易，成交量为1554张，未平仓数为1036张，V/OI值为1.5，交易金额为1763790USD，合约行权价是152.5，到期日为2026/06/18
2026-06-17,US.XOM,,PUT,155.0,2026-06-18,3773,5365206.0,BUY,06-18 03:22,6.18 03:22，出现一笔买入看跌期权交易，成交量为3773张，未平仓数为4300张，V/OI值为1，交易金额为5365206USD，合约行权价是155，到期日为2026/06/18
2026-06-17,US.XOM,,PUT,160.0,2026-06-18,1050,2072700.0,BUY,06-18 03:22,6.18 03:22，出现一笔买入看跌期权交易，成交量为1050张，未平仓数为1241张，V/OI值为1.5，交易金额为2072700USD，合约行权价是160，到期日为2026/06/18
2026-06-17,US.XOM,,PUT,125.0,2026-12-18,1000,470000.0,SELL,06-18 00:18,6.18 00:18，出现一笔卖出看跌期权交易，成交量为1000张，未平仓数为6064张，V/OI值为0.2，交易金额为470000USD，合约行权价是125，到期日为2026/12/18
2026-06-24,US.AAPL,,CALL,290.0,2026-06-26,2361,1440193.0,BUY,06-25 03:34,6.25 03:34，出现一笔买入看涨期权交易，成交量为2361张，未平仓数为1966张，V/OI值为2.2，交易金额为1440193USD，合约行权价是290，到期日为2026/06/26
2026-06-24,US.AAPL,,PUT,295.0,2026-06-24,1817,181700.0,BUY,06-25 02:50,6.25 02:50，出现一笔买入看跌期权交易，成交量为1817张，未平仓数为7624张，V/OI值为20.8，交易金额为181700USD，合约行权价是295，到期日为2026/06/24
2026-06-24,US.AAPL,,PUT,297.5,2026-06-26,3302,1304419.0,SELL,06-25 02:44,6.25 02:44，出现一笔卖出看跌期权交易，成交量为3302张，未平仓数为3595张，V/OI值为3.2，交易金额为1304419USD，合约行权价是297.5，到期日为2026/06/26
2026-06-24,US.AAPL,,CALL,320.0,2027-01-15,1001,1627220.0,SELL,06-25 00:35,6.25 00:35，出现一笔卖出看涨期权交易，成交量为1001张，未平仓数为28921张，V/OI值为0，交易金额为1627220USD，合约行权价是320，到期日为2027/01/15
2026-06-24,US.AEHR,,CALL,35.0,2028-01-21,109,779132.0,BUY,06-25 03:06,6.25 03:06，出现一笔买入看涨期权交易，成交量为109张，未平仓数为165张，V/OI值为0.7，交易金额为779132USD，合约行权价是35，到期日为2028/01/21
2026-06-24,US.AMD,,PUT,480.0,2026-06-26,1080,361858.0,SELL,06-25 03:46,6.25 03:46，出现一笔卖出看跌期权交易，成交量为1080张，未平仓数为3323张，V/OI值为1，交易金额为361858USD，合约行权价是480，到期日为2026/06/26
2026-06-24,US.AMD,,CALL,540.0,2026-06-26,1661,647844.0,SELL,06-25 03:43,6.25 03:43，出现一笔卖出看涨期权交易，成交量为1661张，未平仓数为3668张，V/OI值为1.1，交易金额为647844USD，合约行权价是540，到期日为2026/06/26
2026-06-24,US.AMD,,PUT,490.0,2026-06-26,1500,870000.0,BUY,06-25 03:30,6.25 03:30，出现一笔买入看跌期权交易，成交量为1500张，未平仓数为3003张，V/OI值为1.7，交易金额为870000USD，合约行权价是490，到期日为2026/06/26
2026-06-24,US.AMD,,PUT,492.5,2026-06-26,1499,1146735.0,BUY,06-25 03:23,6.25 03:23，出现一笔买入看跌期权交易，成交量为1499张，未平仓数为284张，V/OI值为6.7，交易金额为1146735USD，合约行权价是492.5，到期日为2026/06/26
2026-06-24,US.AMD,,CALL,520.0,2026-06-26,1445,1459530.0,SELL,06-25 02:21,6.25 02:21，出现一笔卖出看涨期权交易，成交量为1445张，未平仓数为1978张，V/OI值为4.3，交易金额为1459530USD，合约行权价是520，到期日为2026/06/26
2026-06-24,US.AMD,,CALL,550.0,2026-06-26,2144,707609.0,SELL,06-25 00:53,6.25 00:53，出现一笔卖出看涨期权交易，成交量为2144张，未平仓数为7774张，V/OI值为0.8，交易金额为707609USD，合约行权价是550，到期日为2026/06/26
2026-06-24,US.AMKR,,PUT,65.0,2026-07-17,618,120443.0,BUY,06-25 03:08,6.25 03:08，出现一笔买入看跌期权交易，成交量为618张，未平仓数为2179张，V/OI值为0.4，交易金额为120443USD，合约行权价是65，到期日为2026/07/17
2026-06-24,US.AMKR,,PUT,70.0,2026-07-17,771,215821.0,BUY,06-25 01:03,6.25 01:03，出现一笔买入看跌期权交易，成交量为771张，未平仓数为1987张，V/OI值为0.4，交易金额为215821USD，合约行权价是70，到期日为2026/07/17
2026-06-24,US.AMZN,,CALL,290.0,2026-09-18,6999,2274675.0,SELL,06-25 03:31,6.25 03:31，出现一笔卖出看涨期权交易，成交量为6999张，未平仓数为18943张，V/OI值为0.6，交易金额为2274675USD，合约行权价是290，到期日为2026/09/18
2026-06-24,US.AMZN,,CALL,290.0,2026-09-18,4000,1300000.0,SELL,06-25 03:31,6.25 03:31，出现一笔卖出看涨期权交易，成交量为4000张，未平仓数为18943张，V/OI值为0.2，交易金额为1300000USD，合约行权价是290，到期日为2026/09/18
2026-06-24,US.AMZN,,PUT,240.0,2026-06-26,2119,1027776.0,SELL,06-25 03:21,6.25 03:21，出现一笔卖出看跌期权交易，成交量为2119张，未平仓数为4030张，V/OI值为3.6，交易金额为1027776USD，合约行权价是240，到期日为2026/06/26
2026-06-24,US.AMZN,,PUT,235.0,2026-07-02,1331,505780.0,SELL,06-25 03:04,6.25 03:04，出现一笔卖出看跌期权交易，成交量为1331张，未平仓数为1590张，V/OI值为2.3，交易金额为505780USD，合约行权价是235，到期日为2026/07/02
2026-06-24,US.AMZN,,PUT,220.0,2027-06-17,1100,2387000.0,SELL,06-25 02:46,6.25 02:46，出现一笔卖出看跌期权交易，成交量为1100张，未平仓数为3830张，V/OI值为0.3，交易金额为2387000USD，合约行权价是220，到期日为2027/06/17
2026-06-24,US.AMZN,,PUT,230.0,2027-03-19,1000,2210000.0,SELL,06-25 02:28,6.25 02:28，出现一笔卖出看跌期权交易，成交量为1000张，未平仓数为1739张，V/OI值为0.6，交易金额为2210000USD，合约行权价是230，到期日为2027/03/19
2026-06-24,US.AMZN,,CALL,242.5,2026-07-02,1041,333130.0,SELL,06-25 02:00,6.25 02:00，出现一笔卖出看涨期权交易，成交量为1041张，未平仓数为1205张，V/OI值为1.5，交易金额为333130USD，合约行权价是242.5，到期日为2026/07/02
2026-06-24,US.AMZN,,PUT,240.0,2026-06-26,1333,378572.0,SELL,06-25 00:41,6.25 00:41，出现一笔卖出看跌期权交易，成交量为1333张，未平仓数为4030张，V/OI值为2.5，交易金额为378572USD，合约行权价是240，到期日为2026/06/26
2026-06-24,US.AMZN,,CALL,250.0,2026-07-02,1331,256882.0,SELL,06-25 00:12,6.25 00:12，出现一笔卖出看涨期权交易，成交量为1331张，未平仓数为5318张，V/OI值为0.7，交易金额为256882USD，合约行权价是250，到期日为2026/07/02
2026-06-24,US.ASML,,CALL,1850.0,2026-06-26,198,209880.0,BUY,06-25 00:43,6.25 00:43，出现一笔买入看涨期权交易，成交量为198张，未平仓数为336张，V/OI值为1，交易金额为209880USD，合约行权价是1850，到期日为2026/06/26
2026-06-24,US.ASX,,PUT,37.5,2026-07-17,379,75797.0,BUY,06-25 03:44,6.25 03:44，出现一笔买入看跌期权交易，成交量为379张，未平仓数为378张，V/OI值为1，交易金额为75797USD，合约行权价是37.5，到期日为2026/07/17
2026-06-24,US.AVGO,,CALL,400.0,2026-07-02,1273,541018.0,SELL,06-25 03:48,6.25 03:48，出现一笔卖出看涨期权交易，成交量为1273张，未平仓数为2302张，V/OI值为1.1，交易金额为541018USD，合约行权价是400，到期日为2026/07/02
2026-06-24,US.AVGO,,PUT,295.0,2026-07-24,1295,206953.0,BUY,06-25 03:41,6.25 03:41，出现一笔买入看跌期权交易，成交量为1295张，未平仓数为2741张，V/OI值为0.8，交易金额为206953USD，合约行权价是295，到期日为2026/07/24
2026-06-24,US.AVGO,,CALL,395.0,2026-06-26,1902,342360.0,SELL,06-25 03:34,6.25 03:34，出现一笔卖出看涨期权交易，成交量为1902张，未平仓数为1133张，V/OI值为2.6，交易金额为342360USD，合约行权价是395，到期日为2026/06/26
2026-06-24,US.AVGO,,CALL,500.0,2026-08-21,1166,431491.0,SELL,06-25 01:26,6.25 01:26，出现一笔卖出看涨期权交易，成交量为1166张，未平仓数为4640张，V/OI值为0.3，交易金额为431491USD，合约行权价是500，到期日为2026/08/21
2026-06-24,US.AVGO,,CALL,380.0,2026-07-06,1303,1850260.0,BUY,06-25 01:19,6.25 01:19，出现一笔买入看涨期权交易，成交量为1303张，未平仓数为95张，V/OI值为29.1，交易金额为1850260USD，合约行权价是380，到期日为2026/07/06
2026-06-24,US.AVGO,,CALL,580.0,2027-03-19,1600,3576000.0,BUY,06-25 00:07,6.25 00:07，出现一笔买入看涨期权交易，成交量为1600张，未平仓数为1437张，V/OI值为1.1，交易金额为3576000USD，合约行权价是580，到期日为2027/03/19
2026-06-24,US.AVGO,,PUT,320.0,2027-03-19,2400,7284000.0,SELL,06-25 00:07,6.25 00:07，出现一笔卖出看跌期权交易，成交量为2400张，未平仓数为2058张，V/OI值为1.2，交易金额为7284000USD，合约行权价是320，到期日为2027/03/19
2026-06-24,US.BABA,,CALL,100.0,2028-12-15,1000,3100000.0,BUY,06-25 03:59,6.25 03:59，出现一笔买入看涨期权交易，成交量为1000张，未平仓数为587张，V/OI值为1.8，交易金额为3100000USD，合约行权价是100，到期日为2028/12/15
2026-06-24,US.BABA,,CALL,98.0,2026-06-26,1174,292345.0,SELL,06-25 03:38,6.25 03:38，出现一笔卖出看涨期权交易，成交量为1174张，未平仓数为4张，V/OI值为295，交易金额为292345USD，合约行权价是98，到期日为2026/06/26
2026-06-24,US.BABA,,PUT,102.0,2026-06-26,1725,393300.0,SELL,06-25 03:07,6.25 03:07，出现一笔卖出看跌期权交易，成交量为1725张，未平仓数为5929张，V/OI值为0.4，交易金额为393300USD，合约行权价是102，到期日为2026/06/26
2026-06-24,US.BABA,,CALL,104.0,2026-07-02,1725,203550.0,SELL,06-25 03:07,6.25 03:07，出现一笔卖出看涨期权交易，成交量为1725张，未平仓数为187张，V/OI值为14.8，交易金额为203550USD，合约行权价是104，到期日为2026/07/02
2026-06-24,US.BABA,,CALL,110.0,2026-07-24,1500,270000.0,SELL,06-25 00:36,6.25 00:36，出现一笔卖出看涨期权交易，成交量为1500张，未平仓数为432张，V/OI值为5.1，交易金额为270000USD，合约行权价是110，到期日为2026/07/24
2026-06-24,US.BMNR,,PUT,14.0,2026-07-10,1355,119240.0,SELL,06-25 01:31,6.25 01:31，出现一笔卖出看跌期权交易，成交量为1355张，未平仓数为380张，V/OI值为4.7，交易金额为119240USD，合约行权价是14，到期日为2026/07/10
2026-06-24,US.BMNR,,CALL,20.0,2026-08-21,2149,101003.0,SELL,06-25 01:23,6.25 01:23，出现一笔卖出看涨期权交易，成交量为2149张，未平仓数为13990张，V/OI值为0.8，交易金额为101003USD，合约行权价是20，到期日为2026/08/21
2026-06-24,US.BMNR,,PUT,15.0,2026-07-02,4000,420000.0,BUY,06-25 00:47,6.25 00:47，出现一笔买入看跌期权交易，成交量为4000张，未平仓数为5273张，V/OI值为0.8，交易金额为420000USD，合约行权价是15，到期日为2026/07/02
2026-06-24,US.CBRS,,CALL,200.0,2026-06-26,991,213221.0,BUY,06-25 03:51,6.25 03:51，出现一笔买入看涨期权交易，成交量为991张，未平仓数为210张，V/OI值为29.6，交易金额为213221USD，合约行权价是200，到期日为2026/06/26
2026-06-24,US.CBRS,,CALL,260.0,2026-07-17,7000,2380000.0,SELL,06-25 03:50,6.25 03:50，出现一笔卖出看涨期权交易，成交量为7000张，未平仓数为8098张，V/OI值为0.9，交易金额为2380000USD，合约行权价是260，到期日为2026/07/17
2026-06-24,US.CBRS,,CALL,220.0,2026-07-17,7000,5740000.0,BUY,06-25 03:50,6.25 03:50，出现一笔买入看涨期权交易，成交量为7000张，未平仓数为609张，V/OI值为13.2，交易金额为5740000USD，合约行权价是220，到期日为2026/07/17
2026-06-24,US.COHR,,PUT,240.0,2026-09-18,200,305800.0,SELL,06-25 03:05,6.25 03:05，出现一笔卖出看跌期权交易，成交量为200张，未平仓数为822张，V/OI值为0.3，交易金额为305800USD，合约行权价是240，到期日为2026/09/18
2026-06-24,US.COIN,,CALL,162.5,2026-07-02,1000,231000.0,SELL,06-25 01:33,6.25 01:33，出现一笔卖出看涨期权交易，成交量为1000张，未平仓数为2218张，V/OI值为0.7，交易金额为231000USD，合约行权价是162.5，到期日为2026/07/02
2026-06-24,US.CRCL,,PUT,90.0,2026-09-18,300,728700.0,BUY,06-25 01:22,6.25 01:22，出现一笔买入看跌期权交易，成交量为300张，未平仓数为7122张，V/OI值为0，交易金额为728700USD，合约行权价是90，到期日为2026/09/18
2026-06-24,US.CRM,,CALL,165.0,2026-07-31,1350,607500.0,SELL,06-25 02:11,6.25 02:11，出现一笔卖出看涨期权交易，成交量为1350张，未平仓数为2144张，V/OI值为0.6，交易金额为607500USD，合约行权价是165，到期日为2026/07/31
2026-06-24,US.CRM,,CALL,160.0,2026-06-26,2899,170818.0,SELL,06-25 01:26,6.25 01:26，出现一笔卖出看涨期权交易，成交量为2899张，未平仓数为5085张，V/OI值为0.8，交易金额为170818USD，合约行权价是160，到期日为2026/06/26
2026-06-24,US.CRWV,,PUT,94.0,2026-06-26,1602,206686.0,BUY,06-25 03:48,6.25 03:48，出现一笔买入看跌期权交易，成交量为1602张，未平仓数为1730张，V/OI值为1.2，交易金额为206686USD，合约行权价是94，到期日为2026/06/26
2026-06-24,US.CRWV,,CALL,155.0,2026-10-16,3700,2493800.0,BUY,06-25 01:34,6.25 01:34，出现一笔买入看涨期权交易，成交量为3700张，未平仓数为6243张，V/OI值为0.6，交易金额为2493800USD，合约行权价是155，到期日为2026/10/16
2026-06-24,US.CVX,,CALL,200.0,2026-08-21,1109,88721.0,SELL,06-25 01:49,6.25 01:49，出现一笔卖出看涨期权交易，成交量为1109张，未平仓数为2166张，V/OI值为0.7，交易金额为88721USD，合约行权价是200，到期日为2026/08/21
2026-06-24,US.DDOG,,CALL,175.0,2026-08-21,200,1109232.0,BUY,06-25 03:57,6.25 03:57，出现一笔买入看涨期权交易，成交量为200张，未平仓数为871张，V/OI值为0.2，交易金额为1109232USD，合约行权价是175，到期日为2026/08/21
2026-06-24,US.DDOG,,CALL,227.5,2026-07-02,309,182480.0,SELL,06-25 01:18,6.25 01:18，出现一笔卖出看涨期权交易，成交量为309张，未平仓数为24张，V/OI值为12.9，交易金额为182480USD，合约行权价是227.5，到期日为2026/07/02
2026-06-24,US.DDOG,,CALL,270.0,2026-08-21,153,164470.0,BUY,06-25 00:49,6.25 00:49，出现一笔买入看涨期权交易，成交量为153张，未平仓数为327张，V/OI值为0.9，交易金额为164470USD，合约行权价是270，到期日为2026/08/21
2026-06-24,US.DELL,,CALL,320.0,2026-08-21,400,4907200.0,SELL,06-25 02:22,6.25 02:22，出现一笔卖出看涨期权交易，成交量为400张，未平仓数为1073张，V/OI值为0.4，交易金额为4907200USD，合约行权价是320，到期日为2026/08/21
2026-06-24,US.DELL,,CALL,430.0,2026-09-18,200,1380000.0,BUY,06-25 02:19,6.25 02:19，出现一笔买入看涨期权交易，成交量为200张，未平仓数为450张，V/OI值为0.7，交易金额为1380000USD，合约行权价是430，到期日为2026/09/18
2026-06-24,US.DRAM,,CALL,70.0,2027-03-19,1100,2308900.0,BUY,06-25 02:57,6.25 02:57，出现一笔买入看涨期权交易，成交量为1100张，未平仓数为576张，V/OI值为2，交易金额为2308900USD，合约行权价是70，到期日为2027/03/19
2026-06-24,US.DRAM,,CALL,70.0,2026-08-21,1000,1000000.0,SELL,06-25 02:54,6.25 02:54，出现一笔卖出看涨期权交易，成交量为1000张，未平仓数为8081张，V/OI值为0.5，交易金额为1000000USD，合约行权价是70，到期日为2026/08/21
2026-06-24,US.DRAM,,CALL,70.0,2026-07-10,1000,500000.0,SELL,06-25 02:54,6.25 02:54，出现一笔卖出看涨期权交易，成交量为1000张，未平仓数为1333张，V/OI值为1.3，交易金额为500000USD，合约行权价是70，到期日为2026/07/10
2026-06-24,US.DRAM,,CALL,70.0,2026-12-18,1000,1750000.0,BUY,06-25 02:50,6.25 02:50，出现一笔买入看涨期权交易，成交量为1000张，未平仓数为3111张，V/OI值为0.4，交易金额为1750000USD，合约行权价是70，到期日为2026/12/18
2026-06-24,US.DRAM,,PUT,67.0,2026-07-10,1400,756000.0,BUY,06-25 02:01,6.25 02:01，出现一笔买入看跌期权交易，成交量为1400张，未平仓数为170张，V/OI值为16.6，交易金额为756000USD，合约行权价是67，到期日为2026/07/10
2026-06-24,US.DRAM,,PUT,67.0,2026-07-10,1397,734181.0,SELL,06-25 01:43,6.25 01:43，出现一笔卖出看跌期权交易，成交量为1397张，未平仓数为170张，V/OI值为8.3，交易金额为734181USD，合约行权价是67，到期日为2026/07/10
2026-06-24,US.DRAM,,PUT,69.0,2026-07-02,1399,699500.0,BUY,06-25 01:42,6.25 01:42，出现一笔买入看跌期权交易，成交量为1399张，未平仓数为2882张，V/OI值为0.6，交易金额为699500USD，合约行权价是69，到期日为2026/07/02
2026-06-24,US.DRAM,,CALL,78.0,2026-07-02,1095,169725.0,SELL,06-25 01:08,6.25 01:08，出现一笔卖出看涨期权交易，成交量为1095张，未平仓数为264张，V/OI值为4.4，交易金额为169725USD，合约行权价是78，到期日为2026/07/02
2026-06-24,US.DUOL,,CALL,137.0,2026-06-26,473,75688.0,SELL,06-25 03:41,6.25 03:41，出现一笔卖出看涨期权交易，成交量为473张，未平仓数为248张，V/OI值为1.9，交易金额为75688USD，合约行权价是137，到期日为2026/06/26
2026-06-24,US.DUOL,,CALL,170.0,2026-09-18,200,164000.0,BUY,06-25 03:37,6.25 03:37，出现一笔买入看涨期权交易，成交量为200张，未平仓数为321张，V/OI值为0.7，交易金额为164000USD，合约行权价是170，到期日为2026/09/18
2026-06-24,US.DUOL,,PUT,132.0,2026-06-26,317,57064.0,SELL,06-25 02:15,6.25 02:15，出现一笔卖出看跌期权交易，成交量为317张，未平仓数为4张，V/OI值为99，交易金额为57064USD，合约行权价是132，到期日为2026/06/26
2026-06-24,US.FCX,,CALL,65.0,2026-06-26,4428,103212.0,BUY,06-25 02:59,6.25 02:59，出现一笔买入看涨期权交易，成交量为4428张，未平仓数为400张，V/OI值为13.1，交易金额为103212USD，合约行权价是65，到期日为2026/06/26
2026-06-24,US.FCX,,CALL,70.0,2027-01-15,500,342500.0,SELL,06-25 02:26,6.25 02:26，出现一笔卖出看涨期权交易，成交量为500张，未平仓数为14129张，V/OI值为0.1，交易金额为342500USD，合约行权价是70，到期日为2027/01/15
2026-06-24,US.FCX,,CALL,70.0,2026-07-10,3902,226311.0,SELL,06-25 02:22,6.25 02:22，出现一笔卖出看涨期权交易，成交量为3902张，未平仓数为312张，V/OI值为22.4，交易金额为226311USD，合约行权价是70，到期日为2026/07/10
2026-06-24,US.FCX,,CALL,60.0,2026-09-18,1044,767330.0,BUY,06-25 01:30,6.25 01:30，出现一笔买入看涨期权交易，成交量为1044张，未平仓数为2832张，V/OI值为0.4，交易金额为767330USD，合约行权价是60，到期日为2026/09/18
2026-06-24,US.FIG,,CALL,19.5,2026-07-17,1500,186000.0,BUY,06-25 03:49,6.25 03:49，出现一笔买入看涨期权交易，成交量为1500张，未平仓数为5张，V/OI值为308.8，交易金额为186000USD，合约行权价是19.5，到期日为2026/07/17
2026-06-24,US.FUTU,,PUT,87.5,2026-08-21,632,287544.0,BUY,06-25 03:46,6.25 03:46，出现一笔买入看跌期权交易，成交量为632张，未平仓数为150张，V/OI值为8.3，交易金额为287544USD，合约行权价是87.5，到期日为2026/08/21
2026-06-24,US.FUTU,,PUT,90.0,2026-10-16,1200,930000.0,SELL,06-25 02:15,6.25 02:15，出现一笔卖出看跌期权交易，成交量为1200张，未平仓数为0张，V/OI值为0，交易金额为930000USD，合约行权价是90，到期日为2026/10/16
2026-06-24,US.GOOGL,,CALL,350.0,2026-06-24,1272,83952.0,SELL,06-25 01:23,6.25 01:23，出现一笔卖出看涨期权交易，成交量为1272张，未平仓数为5101张，V/OI值为6.2，交易金额为83952USD，合约行权价是350，到期日为2026/06/24
2026-06-24,US.HOOD,,CALL,100.0,2026-07-02,1600,480000.0,BUY,06-25 01:45,6.25 01:45，出现一笔买入看涨期权交易，成交量为1600张，未平仓数为3683张，V/OI值为0.6，交易金额为480000USD，合约行权价是100，到期日为2026/07/02
2026-06-24,US.HOOD,,CALL,105.0,2026-07-02,1600,262400.0,BUY,06-25 01:45,6.25 01:45，出现一笔买入看涨期权交易，成交量为1600张，未平仓数为1588张，V/OI值为1.5，交易金额为262400USD，合约行权价是105，到期日为2026/07/02
2026-06-24,US.HOOD,,CALL,99.0,2026-06-26,1125,313875.0,SELL,06-25 00:23,6.25 00:23，出现一笔卖出看涨期权交易，成交量为1125张，未平仓数为3775张，V/OI值为1.1，交易金额为313875USD，合约行权价是99，到期日为2026/06/26
2026-06-24,US.HOOD,,PUT,55.0,2026-08-21,3519,154836.0,BUY,06-25 00:14,6.25 00:14，出现一笔买入看跌期权交易，成交量为3519张，未平仓数为8337张，V/OI值为0.4，交易金额为154836USD，合约行权价是55，到期日为2026/08/21
2026-06-24,US.IBIT,,PUT,35.5,2026-06-26,20499,3484830.0,BUY,06-25 03:55,6.25 03:55，出现一笔买入看跌期权交易，成交量为20499张，未平仓数为26801张，V/OI值为0.9，交易金额为3484830USD，合约行权价是35.5，到期日为2026/06/26
2026-06-24,US.IBIT,,PUT,33.5,2026-07-10,20499,2254890.0,BUY,06-25 03:55,6.25 03:55，出现一笔买入看跌期权交易，成交量为20499张，未平仓数为207张，V/OI值为99.7，交易金额为2254890USD，合约行权价是33.5，到期日为2026/07/10
2026-06-24,US.IBIT,,PUT,32.5,2026-06-26,20499,307485.0,SELL,06-25 03:55,6.25 03:55，出现一笔卖出看跌期权交易，成交量为20499张，未平仓数为31898张，V/OI值为0.9，交易金额为307485USD，合约行权价是32.5，到期日为2026/06/26
2026-06-24,US.IBIT,,PUT,30.5,2026-07-10,20499,737964.0,SELL,06-25 03:55,6.25 03:55，出现一笔卖出看跌期权交易，成交量为20499张，未平仓数为1341张，V/OI值为15.3，交易金额为737964USD，合约行权价是30.5，到期日为2026/07/10
2026-06-24,US.IBIT,,CALL,60.0,2027-01-15,3000,120000.0,BUY,06-25 03:54,6.25 03:54，出现一笔买入看涨期权交易，成交量为3000张，未平仓数为36972张，V/OI值为0.1，交易金额为120000USD，合约行权价是60，到期日为2027/01/15
2026-06-24,US.IBIT,,PUT,31.0,2026-07-31,3000,267000.0,SELL,06-25 03:51,6.25 03:51，出现一笔卖出看跌期权交易，成交量为3000张，未平仓数为6670张，V/OI值为0.8，交易金额为267000USD，合约行权价是31，到期日为2026/07/31
2026-06-24,US.IBIT,,CALL,37.0,2026-08-21,3500,402500.0,SELL,06-25 03:17,6.25 03:17，出现一笔卖出看涨期权交易，成交量为3500张，未平仓数为13869张，V/OI值为0.4，交易金额为402500USD，合约行权价是37，到期日为2026/08/21
2026-06-24,US.IBIT,,PUT,55.0,2027-06-17,13600,29403200.0,BUY,06-25 03:16,6.25 03:16，出现一笔买入看跌期权交易，成交量为13600张，未平仓数为50164张，V/OI值为0.3，交易金额为29403200USD，合约行权价是55，到期日为2027/06/17
2026-06-24,US.IBIT,,PUT,65.0,2027-06-17,13600,42554400.0,SELL,06-25 03:16,6.25 03:16，出现一笔卖出看跌期权交易，成交量为13600张，未平仓数为40516张，V/OI值为0.3，交易金额为42554400USD，合约行权价是65，到期日为2027/06/17
2026-06-24,US.IBIT,,CALL,60.0,2026-12-18,2800,81200.0,BUY,06-25 02:36,6.25 02:36，出现一笔买入看涨期权交易，成交量为2800张，未平仓数为16874张，V/OI值为0.2，交易金额为81200USD，合约行权价是60，到期日为2026/12/18
2026-06-24,US.IBIT,,PUT,30.0,2026-12-18,2800,716800.0,BUY,06-25 02:36,6.25 02:36，出现一笔买入看跌期权交易，成交量为2800张，未平仓数为9592张，V/OI值为0.3，交易金额为716800USD，合约行权价是30，到期日为2026/12/18
2026-06-24,US.IBIT,,PUT,33.5,2026-07-17,2500,380000.0,BUY,06-25 02:04,6.25 02:04，出现一笔买入看跌期权交易，成交量为2500张，未平仓数为554张，V/OI值为6.5，交易金额为380000USD，合约行权价是33.5，到期日为2026/07/17
2026-06-24,US.IBIT,,CALL,35.0,2026-11-30,2500,950000.0,BUY,06-25 02:01,6.25 02:01，出现一笔买入看涨期权交易，成交量为2500张，未平仓数为432张，V/OI值为5.8，交易金额为950000USD，合约行权价是35，到期日为2026/11/30
2026-06-24,US.IBIT,,CALL,35.0,2026-08-21,3000,585000.0,SELL,06-25 01:29,6.25 01:29，出现一笔卖出看涨期权交易，成交量为3000张，未平仓数为3010张，V/OI值为1.8，交易金额为585000USD，合约行权价是35，到期日为2026/08/21
2026-06-24,US.IBIT,,PUT,27.0,2026-09-18,3533,268508.0,SELL,06-25 00:44,6.25 00:44，出现一笔卖出看跌期权交易，成交量为3533张，未平仓数为9811张，V/OI值为0.4，交易金额为268508USD，合约行权价是27，到期日为2026/09/18
2026-06-24,US.IBIT,,PUT,29.0,2026-07-17,11247,326163.0,SELL,06-25 00:04,6.25 00:04，出现一笔卖出看跌期权交易，成交量为11247张，未平仓数为3432张，V/OI值为3.4，交易金额为326163USD，合约行权价是29，到期日为2026/07/17
2026-06-24,US.IBM,,CALL,265.0,2026-06-26,743,234067.0,SELL,06-25 03:41,6.25 03:41，出现一笔卖出看涨期权交易，成交量为743张，未平仓数为2545张，V/OI值为1.3，交易金额为234067USD，合约行权价是265，到期日为2026/06/26
2026-06-24,US.IBM,,CALL,255.0,2026-07-17,262,427070.0,SELL,06-25 03:20,6.25 03:20，出现一笔卖出看涨期权交易，成交量为262张，未平仓数为1129张，V/OI值为0.3，交易金额为427070USD，合约行权价是255，到期日为2026/07/17
2026-06-24,US.IBM,,CALL,265.0,2026-10-16,399,1027488.0,SELL,06-25 01:56,6.25 01:56，出现一笔卖出看涨期权交易，成交量为399张，未平仓数为78张，V/OI值为5.3，交易金额为1027488USD，合约行权价是265，到期日为2026/10/16
2026-06-24,US.IBM,,PUT,240.0,2026-08-21,1100,1083500.0,SELL,06-25 00:52,6.25 00:52，出现一笔卖出看跌期权交易，成交量为1100张，未平仓数为1183张，V/OI值为0.9，交易金额为1083500USD，合约行权价是240，到期日为2026/08/21
2026-06-24,US.IBM,,PUT,255.0,2027-01-15,211,629365.0,BUY,06-25 00:25,6.25 00:25，出现一笔买入看跌期权交易，成交量为211张，未平仓数为418张，V/OI值为0.5，交易金额为629365USD，合约行权价是255，到期日为2027/01/15
2026-06-24,US.IGV,,PUT,86.0,2026-12-18,1721,1256330.0,BUY,06-25 00:11,6.25 00:11，出现一笔买入看跌期权交易，成交量为1721张，未平仓数为47张，V/OI值为36.6，交易金额为1256330USD，合约行权价是86，到期日为2026/12/18
2026-06-24,US.INTC,,CALL,125.0,2026-06-26,1000,740000.0,SELL,06-25 02:11,6.25 02:11，出现一笔卖出看涨期权交易，成交量为1000张，未平仓数为5763张，V/OI值为0.5，交易金额为740000USD，合约行权价是125，到期日为2026/06/26
2026-06-24,US.INTC,,CALL,139.0,2026-06-26,1246,164472.0,SELL,06-25 02:00,6.25 02:00，出现一笔卖出看涨期权交易，成交量为1246张，未平仓数为2432张，V/OI值为1.2，交易金额为164472USD，合约行权价是139，到期日为2026/06/26
2026-06-24,US.INTC,,PUT,120.0,2026-07-02,1000,313000.0,SELL,06-25 01:56,6.25 01:56，出现一笔卖出看跌期权交易，成交量为1000张，未平仓数为2682张，V/OI值为0.7，交易金额为313000USD，合约行权价是120，到期日为2026/07/02
2026-06-24,US.INTC,,CALL,150.0,2026-07-17,1773,930863.0,SELL,06-25 01:52,6.25 01:52，出现一笔卖出看涨期权交易，成交量为1773张，未平仓数为47740张，V/OI值为0.1，交易金额为930863USD，合约行权价是150，到期日为2026/07/17
2026-06-24,US.INTU,,CALL,300.0,2026-09-18,320,608006.0,SELL,06-25 01:36,6.25 01:36，出现一笔卖出看涨期权交易，成交量为320张，未平仓数为332张，V/OI值为1，交易金额为608006USD，合约行权价是300，到期日为2026/09/18
2026-06-24,US.IREN,,CALL,54.0,2026-06-26,1268,81152.0,SELL,06-25 03:57,6.25 03:57，出现一笔卖出看涨期权交易，成交量为1268张，未平仓数为566张，V/OI值为17，交易金额为81152USD，合约行权价是54，到期日为2026/06/26
2026-06-24,US.IREN,,CALL,55.0,2026-07-17,2750,921290.0,SELL,06-25 03:39,6.25 03:39，出现一笔卖出看涨期权交易，成交量为2750张，未平仓数为3980张，V/OI值为1.1，交易金额为921290USD，合约行权价是55，到期日为2026/07/17
2026-06-24,US.IREN,,PUT,41.0,2026-06-26,2809,89888.0,BUY,06-25 03:39,6.25 03:39，出现一笔买入看跌期权交易，成交量为2809张，未平仓数为550张，V/OI值为5.1，交易金额为89888USD，合约行权价是41，到期日为2026/06/26
2026-06-24,US.IREN,,PUT,48.0,2026-06-26,1000,161000.0,SELL,06-25 03:15,6.25 03:15，出现一笔卖出看跌期权交易，成交量为1000张，未平仓数为4159张，V/OI值为0.6，交易金额为161000USD，合约行权价是48，到期日为2026/06/26
2026-06-24,US.IREN,,PUT,39.5,2026-07-02,1000,94000.0,SELL,06-25 03:09,6.25 03:09，出现一笔卖出看跌期权交易，成交量为1000张，未平仓数为808张，V/OI值为2.2，交易金额为94000USD，合约行权价是39.5，到期日为2026/07/02
2026-06-24,US.IREN,,PUT,40.0,2026-07-17,1186,213469.0,BUY,06-25 02:59,6.25 02:59，出现一笔买入看跌期权交易，成交量为1186张，未平仓数为4273张，V/OI值为0.4，交易金额为213469USD，合约行权价是40，到期日为2026/07/17
2026-06-24,US.IREN,,PUT,42.0,2026-06-26,5000,100000.0,BUY,06-25 02:48,6.25 02:48，出现一笔买入看跌期权交易，成交量为5000张，未平仓数为17230张，V/OI值为0.4，交易金额为100000USD，合约行权价是42，到期日为2026/06/26
2026-06-24,US.IREN,,PUT,43.0,2026-06-26,10000,250000.0,SELL,06-25 02:48,6.25 02:48，出现一笔卖出看跌期权交易，成交量为10000张，未平仓数为30619张，V/OI值为0.3，交易金额为250000USD，合约行权价是43，到期日为2026/06/26
2026-06-24,US.IREN,,PUT,41.0,2026-07-02,2580,188340.0,SELL,06-25 02:35,6.25 02:35，出现一笔卖出看跌期权交易，成交量为2580张，未平仓数为580张，V/OI值为4.7，交易金额为188340USD，合约行权价是41，到期日为2026/07/02
2026-06-24,US.IREN,,PUT,57.0,2026-07-24,1000,1005000.0,BUY,06-25 02:10,6.25 02:10，出现一笔买入看跌期权交易，成交量为1000张，未平仓数为59张，V/OI值为17，交易金额为1005000USD，合约行权价是57，到期日为2026/07/24
2026-06-24,US.IWM,,PUT,288.0,2026-06-30,3000,303000.0,SELL,06-25 04:04,6.25 04:04，出现一笔卖出看跌期权交易，成交量为3000张，未平仓数为9589张，V/OI值为2.3，交易金额为303000USD，合约行权价是288，到期日为2026/06/30
2026-06-24,US.IWM,,PUT,289.0,2026-06-30,3000,342000.0,SELL,06-25 04:04,6.25 04:04，出现一笔卖出看跌期权交易，成交量为3000张，未平仓数为15066张，V/OI值为1.7，交易金额为342000USD，合约行权价是289，到期日为2026/06/30
2026-06-24,US.IWM,,PUT,279.0,2026-06-30,4458,147114.0,SELL,06-25 02:43,6.25 02:43，出现一笔卖出看跌期权交易，成交量为4458张，未平仓数为806张，V/OI值为5.6，交易金额为147114USD，合约行权价是279，到期日为2026/06/30
2026-06-24,US.IWM,,PUT,288.0,2026-06-30,3745,497984.0,BUY,06-25 01:43,6.25 01:43，出现一笔买入看跌期权交易，成交量为3745张，未平仓数为9589张，V/OI值为1.4，交易金额为497984USD，合约行权价是288，到期日为2026/06/30
2026-06-24,US.IWM,,PUT,290.0,2026-06-30,3570,551782.0,SELL,06-25 01:42,6.25 01:42，出现一笔卖出看跌期权交易，成交量为3570张，未平仓数为14701张，V/OI值为1.8，交易金额为551782USD，合约行权价是290，到期日为2026/06/30
2026-06-24,US.IWM,,PUT,283.0,2026-07-17,5417,1500509.0,BUY,06-25 01:41,6.25 01:41，出现一笔买入看跌期权交易，成交量为5417张，未平仓数为58175张，V/OI值为0.5，交易金额为1500509USD，合约行权价是283，到期日为2026/07/17
2026-06-24,US.IWM,,PUT,285.0,2026-07-17,10293,3221709.0,BUY,06-25 01:41,6.25 01:41，出现一笔买入看跌期权交易，成交量为10293张，未平仓数为71618张，V/OI值为0.4，交易金额为3221709USD，合约行权价是285，到期日为2026/07/17
2026-06-24,US.MARA,,CALL,14.5,2026-07-02,1757,86093.0,BUY,06-25 03:50,6.25 03:50，出现一笔买入看涨期权交易，成交量为1757张，未平仓数为495张，V/OI值为15.8，交易金额为86093USD，合约行权价是14.5，到期日为2026/07/02
2026-06-24,US.MARA,,CALL,14.5,2026-07-02,1800,86400.0,BUY,06-25 01:36,6.25 01:36，出现一笔买入看涨期权交易，成交量为1800张，未平仓数为495张，V/OI值为12.6，交易金额为86400USD，合约行权价是14.5，到期日为2026/07/02
2026-06-24,US.MDB,,CALL,325.0,2026-07-10,200,167983.0,BUY,06-25 01:41,6.25 01:41，出现一笔买入看涨期权交易，成交量为200张，未平仓数为27张，V/OI值为10.3，交易金额为167983USD，合约行权价是325，到期日为2026/07/10
2026-06-24,US.MP,,CALL,60.0,2026-07-02,1000,135456.0,SELL,06-25 00:39,6.25 00:39，出现一笔卖出看涨期权交易，成交量为1000张，未平仓数为109张，V/OI值为13.5，交易金额为135456USD，合约行权价是60，到期日为2026/07/02
2026-06-24,US.MRNA,,PUT,50.0,2026-12-18,3700,2775000.0,SELL,06-25 03:59,6.25 03:59，出现一笔卖出看跌期权交易，成交量为3700张，未平仓数为3674张，V/OI值为1.3，交易金额为2775000USD，合约行权价是50，到期日为2026/12/18
2026-06-24,US.MSFT,,PUT,367.5,2026-07-02,2011,1357453.0,SELL,06-25 03:34,6.25 03:34，出现一笔卖出看跌期权交易，成交量为2011张，未平仓数为544张，V/OI值为3.9，交易金额为1357453USD，合约行权价是367.5，到期日为2026/07/02
2026-06-24,US.MSFT,,PUT,370.0,2026-06-26,1117,554165.0,SELL,06-25 02:54,6.25 02:54，出现一笔卖出看跌期权交易，成交量为1117张，未平仓数为2490张，V/OI值为2.4，交易金额为554165USD，合约行权价是370，到期日为2026/06/26
2026-06-24,US.MSFT,,PUT,367.5,2026-06-26,5784,2173560.0,SELL,06-25 02:54,6.25 02:54，出现一笔卖出看跌期权交易，成交量为5784张，未平仓数为772张，V/OI值为8.8，交易金额为2173560USD，合约行权价是367.5，到期日为2026/06/26
2026-06-24,US.MSFT,,CALL,470.0,2026-09-18,1000,442000.0,SELL,06-25 02:08,6.25 02:08，出现一笔卖出看涨期权交易，成交量为1000张，未平仓数为5842张，V/OI值为0.2，交易金额为442000USD，合约行权价是470，到期日为2026/09/18
2026-06-24,US.MSFT,,PUT,350.0,2027-03-19,2000,5692000.0,BUY,06-25 00:27,6.25 00:27，出现一笔买入看跌期权交易，成交量为2000张，未平仓数为3400张，V/OI值为0.6，交易金额为5692000USD，合约行权价是350，到期日为2027/03/19
2026-06-24,US.MSFT,,CALL,490.0,2027-03-19,2000,3052000.0,SELL,06-25 00:27,6.25 00:27，出现一笔卖出看涨期权交易，成交量为2000张，未平仓数为1059张，V/OI值为2.1，交易金额为3052000USD，合约行权价是490，到期日为2027/03/19
2026-06-24,US.MSTR,,CALL,100.0,2026-07-02,1500,544500.0,BUY,06-25 03:08,6.25 03:08，出现一笔买入看涨期权交易，成交量为1500张，未平仓数为95张，V/OI值为125.6，交易金额为544500USD，合约行权价是100，到期日为2026/07/02
2026-06-24,US.MSTR,,CALL,100.0,2026-07-02,1500,544500.0,BUY,06-25 03:08,6.25 03:08，出现一笔买入看涨期权交易，成交量为1500张，未平仓数为95张，V/OI值为109.8，交易金额为544500USD，合约行权价是100，到期日为2026/07/02
2026-06-24,US.MSTR,,CALL,145.0,2026-07-17,2016,89844.0,BUY,06-25 02:25,6.25 02:25，出现一笔买入看涨期权交易，成交量为2016张，未平仓数为4378张，V/OI值为1.5，交易金额为89844USD，合约行权价是145，到期日为2026/07/17
2026-06-24,US.MSTR,,CALL,101.0,2026-07-02,1513,472056.0,SELL,06-25 02:16,6.25 02:16，出现一笔卖出看涨期权交易，成交量为1513张，未平仓数为0张，V/OI值为0，交易金额为472056USD，合约行权价是101，到期日为2026/07/02
2026-06-24,US.MSTR,,CALL,108.0,2026-07-02,1513,220898.0,BUY,06-25 02:16,6.25 02:16，出现一笔买入看涨期权交易，成交量为1513张，未平仓数为129张，V/OI值为47，交易金额为220898USD，合约行权价是108，到期日为2026/07/02
2026-06-24,US.MSTR,,PUT,75.0,2026-08-21,1375,880000.0,BUY,06-25 01:22,6.25 01:22，出现一笔买入看跌期权交易，成交量为1375张，未平仓数为2298张，V/OI值为0.8，交易金额为880000USD，合约行权价是75，到期日为2026/08/21
2026-06-24,US.MSTR,,CALL,120.0,2026-08-21,1375,776875.0,SELL,06-25 01:22,6.25 01:22，出现一笔卖出看涨期权交易，成交量为1375张，未平仓数为1105张，V/OI值为1.5，交易金额为776875USD，合约行权价是120，到期日为2026/08/21
2026-06-24,US.MSTR,,PUT,50.0,2026-08-21,1960,311640.0,SELL,06-25 01:17,6.25 01:17，出现一笔卖出看跌期权交易，成交量为1960张，未平仓数为1476张，V/OI值为3.8，交易金额为311640USD，合约行权价是50，到期日为2026/08/21
2026-06-24,US.MSTR,,CALL,101.0,2026-07-02,1454,436200.0,SELL,06-25 01:02,6.25 01:02，出现一笔卖出看涨期权交易，成交量为1454张，未平仓数为0张，V/OI值为0，交易金额为436200USD，合约行权价是101，到期日为2026/07/02
2026-06-24,US.MSTR,,CALL,108.0,2026-07-02,1454,207922.0,SELL,06-25 01:02,6.25 01:02，出现一笔卖出看涨期权交易，成交量为1454张，未平仓数为129张，V/OI值为23.6，交易金额为207922USD，合约行权价是108，到期日为2026/07/02
2026-06-24,US.MSTR,,CALL,110.0,2026-07-02,2500,340000.0,SELL,06-25 00:12,6.25 00:12，出现一笔卖出看涨期权交易，成交量为2500张，未平仓数为8898张，V/OI值为0.6，交易金额为340000USD，合约行权价是110，到期日为2026/07/02
2026-06-24,US.MSTR,,CALL,103.0,2026-07-02,2500,740000.0,SELL,06-25 00:12,6.25 00:12，出现一笔卖出看涨期权交易，成交量为2500张，未平仓数为12张，V/OI值为226.3，交易金额为740000USD，合约行权价是103，到期日为2026/07/02
2026-06-24,US.NBIS,,PUT,170.0,2026-06-26,6667,80004.0,SELL,06-25 03:46,6.25 03:46，出现一笔卖出看跌期权交易，成交量为6667张，未平仓数为27906张，V/OI值为0.3，交易金额为80004USD，合约行权价是170，到期日为2026/06/26
2026-06-24,US.NET,,PUT,235.0,2026-07-17,222,399600.0,SELL,06-25 00:00,6.25 00:00，出现一笔卖出看跌期权交易，成交量为222张，未平仓数为1张，V/OI值为237，交易金额为399600USD，合约行权价是235，到期日为2026/07/17
2026-06-24,US.NVDA,,PUT,180.0,2026-07-17,7686,1383480.0,SELL,06-25 03:46,6.25 03:46，出现一笔卖出看跌期权交易，成交量为7686张，未平仓数为63784张，V/OI值为0.5，交易金额为1383480USD，合约行权价是180，到期日为2026/07/17
2026-06-24,US.NVDA,,CALL,202.5,2026-07-02,3400,856800.0,SELL,06-25 03:46,6.25 03:46，出现一笔卖出看涨期权交易，成交量为3400张，未平仓数为1432张，V/OI值为25.2，交易金额为856800USD，合约行权价是202.5，到期日为2026/07/02
2026-06-24,US.NVDA,,PUT,185.0,2026-08-21,3250,2071340.0,BUY,06-25 03:46,6.25 03:46，出现一笔买入看跌期权交易，成交量为3250张，未平仓数为22397张，V/OI值为0.5，交易金额为2071340USD，合约行权价是185，到期日为2026/08/21
2026-06-24,US.NVDA,,PUT,190.0,2026-06-26,2350,153509.0,BUY,06-25 03:44,6.25 03:44，出现一笔买入看跌期权交易，成交量为2350张，未平仓数为20798张，V/OI值为1.4，交易金额为153509USD，合约行权价是190，到期日为2026/06/26
2026-06-24,US.NVDA,,CALL,200.0,2026-07-17,10000,6250000.0,SELL,06-25 03:44,6.25 03:44，出现一笔卖出看涨期权交易，成交量为10000张，未平仓数为82983张，V/OI值为0.3，交易金额为6250000USD，合约行权价是200，到期日为2026/07/17
2026-06-24,US.NVDA,,CALL,220.0,2026-07-17,10000,1170000.0,SELL,06-25 03:44,6.25 03:44，出现一笔卖出看涨期权交易，成交量为10000张，未平仓数为79500张，V/OI值为0.4，交易金额为1170000USD，合约行权价是220，到期日为2026/07/17
2026-06-24,US.NVDA,,CALL,210.0,2026-09-18,20000,22560000.0,BUY,06-25 03:44,6.25 03:44，出现一笔买入看涨期权交易，成交量为20000张，未平仓数为35036张，V/OI值为0.6，交易金额为22560000USD，合约行权价是210，到期日为2026/09/18
2026-06-24,US.NVDA,,PUT,197.5,2026-07-17,5769,4009480.0,SELL,06-25 03:38,6.25 03:38，出现一笔卖出看跌期权交易，成交量为5769张，未平仓数为1429张，V/OI值为6.8，交易金额为4009480USD，合约行权价是197.5，到期日为2026/07/17
2026-06-24,US.NVDA,,CALL,210.0,2026-06-26,7700,92400.0,BUY,06-25 03:38,6.25 03:38，出现一笔买入看涨期权交易，成交量为7700张，未平仓数为60765张，V/OI值为1.2，交易金额为92400USD，合约行权价是210，到期日为2026/06/26
2026-06-24,US.NVDA,,PUT,180.0,2026-07-17,9998,1699660.0,SELL,06-25 03:28,6.25 03:28，出现一笔卖出看跌期权交易，成交量为9998张，未平仓数为63784张，V/OI值为0.4，交易金额为1699660USD，合约行权价是180，到期日为2026/07/17
2026-06-24,US.NVDA,,PUT,180.0,2026-09-18,19996,14957008.0,BUY,06-25 03:28,6.25 03:28，出现一笔买入看跌期权交易，成交量为19996张，未平仓数为37991张，V/OI值为0.6，交易金额为14957008USD，合约行权价是180，到期日为2026/09/18
2026-06-24,US.NVDA,,CALL,225.0,2026-07-24,2449,303676.0,SELL,06-25 03:19,6.25 03:19，出现一笔卖出看涨期权交易，成交量为2449张，未平仓数为9141张，V/OI值为0.5，交易金额为303676USD，合约行权价是225，到期日为2026/07/24
2026-06-24,US.NVDA,,CALL,202.5,2026-07-02,4000,936000.0,SELL,06-25 03:10,6.25 03:10，出现一笔卖出看涨期权交易，成交量为4000张，未平仓数为1432张，V/OI值为22.3，交易金额为936000USD，合约行权价是202.5，到期日为2026/07/02
2026-06-24,US.NVDA,,CALL,210.0,2026-07-02,4000,320000.0,BUY,06-25 03:10,6.25 03:10，出现一笔买入看涨期权交易，成交量为4000张，未平仓数为12782张，V/OI值为2.8，交易金额为320000USD，合约行权价是210，到期日为2026/07/02
2026-06-24,US.NVDA,,PUT,180.0,2026-07-17,9300,1590300.0,SELL,06-25 02:57,6.25 02:57，出现一笔卖出看跌期权交易，成交量为9300张，未平仓数为63784张，V/OI值为0.2，交易金额为1590300USD，合约行权价是180，到期日为2026/07/17
2026-06-24,US.NVDA,,PUT,185.0,2026-08-21,6150,3802865.0,BUY,06-25 02:57,6.25 02:57，出现一笔买入看跌期权交易，成交量为6150张，未平仓数为22397张，V/OI值为0.3，交易金额为3802865USD，合约行权价是185，到期日为2026/08/21
2026-06-24,US.NVDA,,CALL,210.0,2026-06-26,10000,120000.0,BUY,06-25 02:56,6.25 02:56，出现一笔买入看涨期权交易，成交量为10000张，未平仓数为60765张，V/OI值为0.7，交易金额为120000USD，合约行权价是210，到期日为2026/06/26
2026-06-24,US.NVDA,,CALL,202.5,2026-07-02,10000,2490000.0,SELL,06-25 02:56,6.25 02:56，出现一笔卖出看涨期权交易，成交量为10000张，未平仓数为1432张，V/OI值为19，交易金额为2490000USD，合约行权价是202.5，到期日为2026/07/02
2026-06-24,US.NVDA,,CALL,210.0,2026-07-02,10000,840000.0,BUY,06-25 02:56,6.25 02:56，出现一笔买入看涨期权交易，成交量为10000张，未平仓数为12782张，V/OI值为2.5，交易金额为840000USD，合约行权价是210，到期日为2026/07/02
2026-06-24,US.NVDA,,CALL,212.5,2026-07-02,2660,154280.0,SELL,06-25 02:13,6.25 02:13，出现一笔卖出看涨期权交易，成交量为2660张，未平仓数为5538张，V/OI值为1.8，交易金额为154280USD，合约行权价是212.5，到期日为2026/07/02
2026-06-24,US.NVDA,,PUT,195.0,2026-06-24,14940,149400.0,BUY,06-25 01:49,6.25 01:49，出现一笔买入看跌期权交易，成交量为14940张，未平仓数为16075张，V/OI值为6，交易金额为149400USD，合约行权价是195，到期日为2026/06/24
2026-06-24,US.NVDA,,PUT,197.5,2026-06-24,9462,510948.0,SELL,06-25 01:49,6.25 01:49，出现一笔卖出看跌期权交易，成交量为9462张，未平仓数为13059张，V/OI值为14.6，交易金额为510948USD，合约行权价是197.5，到期日为2026/06/24
2026-06-24,US.NVDA,,CALL,202.5,2026-07-02,3500,885500.0,SELL,06-25 01:39,6.25 01:39，出现一笔卖出看涨期权交易，成交量为3500张，未平仓数为1432张，V/OI值为7.9，交易金额为885500USD，合约行权价是202.5，到期日为2026/07/02
2026-06-24,US.NVDA,,CALL,210.0,2026-07-02,3500,301000.0,BUY,06-25 01:39,6.25 01:39，出现一笔买入看涨期权交易，成交量为3500张，未平仓数为12782张，V/OI值为1，交易金额为301000USD，合约行权价是210，到期日为2026/07/02
2026-06-24,US.NVDA,,CALL,230.0,2026-07-17,2401,146461.0,SELL,06-25 01:03,6.25 01:03，出现一笔卖出看涨期权交易，成交量为2401张，未平仓数为46996张，V/OI值为0.1，交易金额为146461USD，合约行权价是230，到期日为2026/07/17
2026-06-24,US.NVDA,,CALL,202.5,2026-07-02,5000,1490000.0,SELL,06-25 01:01,6.25 01:01，出现一笔卖出看涨期权交易，成交量为5000张，未平仓数为1432张，V/OI值为5，交易金额为1490000USD，合约行权价是202.5，到期日为2026/07/02
2026-06-24,US.NVDA,,CALL,207.5,2026-07-02,5000,740000.0,SELL,06-25 01:01,6.25 01:01，出现一笔卖出看涨期权交易，成交量为5000张，未平仓数为5496张，V/OI值为1.5，交易金额为740000USD，合约行权价是207.5，到期日为2026/07/02
2026-06-24,US.NVDA,,PUT,197.5,2026-06-24,6458,98257.0,BUY,06-25 00:47,6.25 00:47，出现一笔买入看跌期权交易，成交量为6458张，未平仓数为13059张，V/OI值为8.9，交易金额为98257USD，合约行权价是197.5，到期日为2026/06/24
2026-06-24,US.NVDA,,PUT,150.0,2026-07-17,4500,90000.0,BUY,06-25 00:38,6.25 00:38，出现一笔买入看跌期权交易，成交量为4500张，未平仓数为29801张，V/OI值为0.2，交易金额为90000USD，合约行权价是150，到期日为2026/07/17
2026-06-24,US.NVDA,,PUT,160.0,2026-07-17,3600,108000.0,BUY,06-25 00:26,6.25 00:26，出现一笔买入看跌期权交易，成交量为3600张，未平仓数为20886张，V/OI值为0.2，交易金额为108000USD，合约行权价是160，到期日为2026/07/17
2026-06-24,US.OKLO,,PUT,54.0,2026-07-02,800,264000.0,BUY,06-25 03:27,6.25 03:27，出现一笔买入看跌期权交易，成交量为800张，未平仓数为878张，V/OI值为1，交易金额为264000USD，合约行权价是54，到期日为2026/07/02
2026-06-24,US.OKLO,,PUT,57.0,2026-07-02,400,214000.0,SELL,06-25 03:17,6.25 03:17，出现一笔卖出看跌期权交易，成交量为400张，未平仓数为497张，V/OI值为0.9，交易金额为214000USD，合约行权价是57，到期日为2026/07/02
2026-06-24,US.ORCL,,PUT,110.0,2026-12-18,1200,765600.0,BUY,06-25 03:09,6.25 03:09，出现一笔买入看跌期权交易，成交量为1200张，未平仓数为1869张，V/OI值为0.6，交易金额为765600USD，合约行权价是110，到期日为2026/12/18
2026-06-24,US.ORCL,,PUT,150.0,2026-07-02,1057,285390.0,SELL,06-25 02:43,6.25 02:43，出现一笔卖出看跌期权交易，成交量为1057张，未平仓数为1253张，V/OI值为2.6，交易金额为285390USD，合约行权价是150，到期日为2026/07/02
2026-06-24,US.ORCL,,PUT,150.0,2026-07-02,1044,277704.0,BUY,06-25 02:41,6.25 02:41，出现一笔买入看跌期权交易，成交量为1044张，未平仓数为1253张，V/OI值为1.8，交易金额为277704USD，合约行权价是150，到期日为2026/07/02
2026-06-24,US.ORCL,,CALL,250.0,2026-08-21,2000,128000.0,SELL,06-25 02:09,6.25 02:09，出现一笔卖出看涨期权交易，成交量为2000张，未平仓数为8556张，V/OI值为0.7，交易金额为128000USD，合约行权价是250，到期日为2026/08/21
2026-06-24,US.ORCL,,CALL,200.0,2026-09-18,1000,617000.0,BUY,06-25 02:09,6.25 02:09，出现一笔买入看涨期权交易，成交量为1000张，未平仓数为9188张，V/OI值为0.2，交易金额为617000USD，合约行权价是200，到期日为2026/09/18
2026-06-24,US.ORCL,,PUT,150.0,2028-09-15,1300,5622500.0,SELL,06-25 01:54,6.25 01:54，出现一笔卖出看跌期权交易，成交量为1300张，未平仓数为192张，V/OI值为6.9，交易金额为5622500USD，合约行权价是150，到期日为2028/09/15
2026-06-24,US.ORCL,,PUT,157.5,2026-06-26,1052,274574.0,SELL,06-25 00:04,6.25 00:04，出现一笔卖出看跌期权交易，成交量为1052张，未平仓数为1382张，V/OI值为2.3，交易金额为274574USD，合约行权价是157.5，到期日为2026/06/26
2026-06-24,US.PANW,,CALL,285.0,2026-07-02,209,202713.0,BUY,06-25 00:46,6.25 00:46，出现一笔买入看涨期权交易，成交量为209张，未平仓数为536张，V/OI值为0.9，交易金额为202713USD，合约行权价是285，到期日为2026/07/02
2026-06-24,US.PDD,,PUT,60.0,2026-08-21,2056,90464.0,BUY,06-25 01:16,6.25 01:16，出现一笔买入看跌期权交易，成交量为2056张，未平仓数为1448张，V/OI值为1.4，交易金额为90464USD，合约行权价是60，到期日为2026/08/21
2026-06-24,US.PDD,,PUT,75.0,2027-01-15,1002,751512.0,SELL,06-25 01:09,6.25 01:09，出现一笔卖出看跌期权交易，成交量为1002张，未平仓数为4152张，V/OI值为0.2，交易金额为751512USD，合约行权价是75，到期日为2027/01/15
2026-06-24,US.PDD,,PUT,50.0,2026-10-16,1629,73305.0,BUY,06-25 00:43,6.25 00:43，出现一笔买入看跌期权交易，成交量为1629张，未平仓数为370张，V/OI值为8.3，交易金额为73305USD，合约行权价是50，到期日为2026/10/16
2026-06-24,US.PDD,,CALL,80.0,2026-10-16,1000,583000.0,SELL,06-25 00:22,6.25 00:22，出现一笔卖出看涨期权交易，成交量为1000张，未平仓数为119张，V/OI值为8.5，交易金额为583000USD，合约行权价是80，到期日为2026/10/16
2026-06-24,US.PDD,,CALL,80.0,2026-09-18,990,478170.0,BUY,06-25 00:20,6.25 00:20，出现一笔买入看涨期权交易，成交量为990张，未平仓数为1158张，V/OI值为1.5，交易金额为478170USD，合约行权价是80，到期日为2026/09/18
2026-06-24,US.PDD,,CALL,80.0,2026-08-21,704,228096.0,SELL,06-25 00:19,6.25 00:19，出现一笔卖出看涨期权交易，成交量为704张，未平仓数为1853张，V/OI值为0.6，交易金额为228096USD，合约行权价是80，到期日为2026/08/21
2026-06-24,US.PDD,,CALL,77.0,2026-07-31,1000,258000.0,SELL,06-25 00:19,6.25 00:19，出现一笔卖出看涨期权交易，成交量为1000张，未平仓数为36张，V/OI值为27.8，交易金额为258000USD，合约行权价是77，到期日为2026/07/31
2026-06-24,US.PDD,,CALL,77.0,2026-07-10,1000,205000.0,SELL,06-25 00:11,6.25 00:11，出现一笔卖出看涨期权交易，成交量为1000张，未平仓数为39张，V/OI值为25.6，交易金额为205000USD，合约行权价是77，到期日为2026/07/10
2026-06-24,US.PDD,,CALL,77.0,2026-07-02,1000,138000.0,SELL,06-25 00:08,6.25 00:08，出现一笔卖出看涨期权交易，成交量为1000张，未平仓数为24张，V/OI值为47.2，交易金额为138000USD，合约行权价是77，到期日为2026/07/02
2026-06-24,US.PDD,,CALL,77.0,2026-07-17,1000,251000.0,SELL,06-25 00:02,6.25 00:02，出现一笔卖出看涨期权交易，成交量为1000张，未平仓数为59张，V/OI值为18.1，交易金额为251000USD，合约行权价是77，到期日为2026/07/17
2026-06-24,US.PLTR,,CALL,118.0,2026-07-02,1999,389805.0,BUY,06-25 03:45,6.25 03:45，出现一笔买入看涨期权交易，成交量为1999张，未平仓数为3196张，V/OI值为3.9，交易金额为389805USD，合约行权价是118，到期日为2026/07/02
2026-06-24,US.PLTR,,CALL,115.0,2026-07-02,1999,607696.0,SELL,06-25 03:45,6.25 03:45，出现一笔卖出看涨期权交易，成交量为1999张，未平仓数为165张，V/OI值为51.8，交易金额为607696USD，合约行权价是115，到期日为2026/07/02
2026-06-24,US.PLTR,,PUT,75.0,2027-03-19,1840,910800.0,SELL,06-25 03:43,6.25 03:43，出现一笔卖出看跌期权交易，成交量为1840张，未平仓数为403张，V/OI值为5.6，交易金额为910800USD，合约行权价是75，到期日为2027/03/19
2026-06-24,US.PLTR,,PUT,100.0,2027-03-19,1840,2484000.0,BUY,06-25 03:40,6.25 03:40，出现一笔买入看跌期权交易，成交量为1840张，未平仓数为4879张，V/OI值为0.4，交易金额为2484000USD，合约行权价是100，到期日为2027/03/19
2026-06-24,US.PLTR,,CALL,160.0,2026-09-18,1663,385818.0,SELL,06-25 00:30,6.25 00:30，出现一笔卖出看涨期权交易，成交量为1663张，未平仓数为7410张，V/OI值为0.2，交易金额为385818USD，合约行权价是160，到期日为2026/09/18
2026-06-24,US.QCOM,,CALL,205.0,2026-07-02,1536,1015296.0,SELL,06-25 03:11,6.25 03:11，出现一笔卖出看涨期权交易，成交量为1536张，未平仓数为1276张，V/OI值为1.5，交易金额为1015296USD，合约行权价是205，到期日为2026/07/02
2026-06-24,US.QCOM,,CALL,247.5,2026-06-26,1536,101376.0,SELL,06-25 03:11,6.25 03:11，出现一笔卖出看涨期权交易，成交量为1536张，未平仓数为2874张，V/OI值为0.7，交易金额为101376USD，合约行权价是247.5，到期日为2026/06/26
2026-06-24,US.QCOM,,CALL,240.0,2026-06-26,1536,89088.0,BUY,06-25 03:11,6.25 03:11，出现一笔买入看涨期权交易，成交量为1536张，未平仓数为5014张，V/OI值为0.7，交易金额为89088USD，合约行权价是240，到期日为2026/06/26
2026-06-24,US.QCOM,,CALL,212.5,2026-07-02,1536,775680.0,BUY,06-25 03:11,6.25 03:11，出现一笔买入看涨期权交易，成交量为1536张，未平仓数为49张，V/OI值为37.7，交易金额为775680USD，合约行权价是212.5，到期日为2026/07/02
2026-06-24,US.QQQ,,CALL,750.0,2026-07-17,3000,1590000.0,SELL,06-25 03:55,6.25 03:55，出现一笔卖出看涨期权交易，成交量为3000张，未平仓数为19267张，V/OI值为0.3，交易金额为1590000USD，合约行权价是750，到期日为2026/07/17
2026-06-24,US.QQQ,,CALL,714.0,2026-06-24,3655,91375.0,SELL,06-25 03:45,6.25 03:45，出现一笔卖出看涨期权交易，成交量为3655张，未平仓数为1334张，V/OI值为110.1，交易金额为91375USD，合约行权价是714，到期日为2026/06/24
2026-06-24,US.QQQ,,CALL,780.0,2026-08-21,3000,1896000.0,SELL,06-25 03:33,6.25 03:33，出现一笔卖出看涨期权交易，成交量为3000张，未平仓数为5035张，V/OI值为0.6，交易金额为1896000USD，合约行权价是780，到期日为2026/08/21
2026-06-24,US.QQQ,,CALL,730.0,2026-06-25,3000,144000.0,SELL,06-25 02:00,6.25 02:00，出现一笔卖出看涨期权交易，成交量为3000张，未平仓数为1131张，V/OI值为9.9，交易金额为144000USD，合约行权价是730，到期日为2026/06/25
2026-06-24,US.RBRK,,CALL,90.0,2026-08-21,513,155439.0,SELL,06-25 00:38,6.25 00:38，出现一笔卖出看涨期权交易，成交量为513张，未平仓数为1078张，V/OI值为1，交易金额为155439USD，合约行权价是90，到期日为2026/08/21
2026-06-24,US.RDDT,,CALL,160.0,2026-09-18,366,858264.0,BUY,06-25 03:10,6.25 03:10，出现一笔买入看涨期权交易，成交量为366张，未平仓数为317张，V/OI值为1.3，交易金额为858264USD，合约行权价是160，到期日为2026/09/18
2026-06-24,US.RDDT,,PUT,157.5,2026-06-26,1135,418815.0,SELL,06-25 02:53,6.25 02:53，出现一笔卖出看跌期权交易，成交量为1135张，未平仓数为1835张，V/OI值为1，交易金额为418815USD，合约行权价是157.5，到期日为2026/06/26
2026-06-24,US.RDDT,,CALL,165.0,2026-07-02,1135,515290.0,BUY,06-25 02:53,6.25 02:53，出现一笔买入看涨期权交易，成交量为1135张，未平仓数为97张，V/OI值为19.3，交易金额为515290USD，合约行权价是165，到期日为2026/07/02
2026-06-24,US.RDDT,,PUT,162.5,2026-07-24,273,324863.0,BUY,06-25 00:03,6.25 00:03，出现一笔买入看跌期权交易，成交量为273张，未平仓数为9张，V/OI值为30.3，交易金额为324863USD，合约行权价是162.5，到期日为2026/07/24
2026-06-24,US.SAP,,CALL,155.0,2026-07-17,223,129349.0,SELL,06-25 02:02,6.25 02:02，出现一笔卖出看涨期权交易，成交量为223张，未平仓数为335张，V/OI值为0.8，交易金额为129349USD，合约行权价是155，到期日为2026/07/17
2026-06-24,US.SMCI,,CALL,30.0,2026-07-02,1000,298000.0,SELL,06-25 03:41,6.25 03:41，出现一笔卖出看涨期权交易，成交量为1000张，未平仓数为1852张，V/OI值为0.6，交易金额为298000USD，合约行权价是30，到期日为2026/07/02
2026-06-24,US.SMCI,,PUT,30.0,2026-09-18,1000,439000.0,BUY,06-25 03:33,6.25 03:33，出现一笔买入看跌期权交易，成交量为1000张，未平仓数为20513张，V/OI值为0.1，交易金额为439000USD，合约行权价是30，到期日为2026/09/18
2026-06-24,US.SMCI,,PUT,32.0,2026-07-17,3000,786000.0,SELL,06-25 02:33,6.25 02:33，出现一笔卖出看跌期权交易，成交量为3000张，未平仓数为6499张，V/OI值为0.8，交易金额为786000USD，合约行权价是32，到期日为2026/07/17
2026-06-24,US.SMCI,,CALL,33.0,2026-07-02,1546,204072.0,SELL,06-25 02:08,6.25 02:08，出现一笔卖出看涨期权交易，成交量为1546张，未平仓数为674张，V/OI值为12.5，交易金额为204072USD，合约行权价是33，到期日为2026/07/02
2026-06-24,US.SMCI,,CALL,33.0,2026-07-02,1035,136620.0,SELL,06-25 02:08,6.25 02:08，出现一笔卖出看涨期权交易，成交量为1035张，未平仓数为674张，V/OI值为10.2，交易金额为136620USD，合约行权价是33，到期日为2026/07/02
2026-06-24,US.SMCI,,CALL,33.0,2026-07-02,1205,160265.0,SELL,06-25 02:08,6.25 02:08，出现一笔卖出看涨期权交易，成交量为1205张，未平仓数为674张，V/OI值为8.7，交易金额为160265USD，合约行权价是33，到期日为2026/07/02
2026-06-24,US.SMCI,,CALL,33.0,2026-07-02,1200,159600.0,SELL,06-25 02:08,6.25 02:08，出现一笔卖出看涨期权交易，成交量为1200张，未平仓数为674张，V/OI值为6.9，交易金额为159600USD，合约行权价是33，到期日为2026/07/02
2026-06-24,US.SMCI,,CALL,35.5,2026-07-02,1546,100490.0,BUY,06-25 02:08,6.25 02:08，出现一笔买入看涨期权交易，成交量为1546张，未平仓数为1183张，V/OI值为5，交易金额为100490USD，合约行权价是35.5，到期日为2026/07/02
2026-06-24,US.SMCI,,CALL,30.5,2026-06-26,1546,312292.0,BUY,06-25 02:08,6.25 02:08，出现一笔买入看涨期权交易，成交量为1546张，未平仓数为19784张，V/OI值为0.5，交易金额为312292USD，合约行权价是30.5，到期日为2026/06/26
2026-06-24,US.SMCI,,CALL,30.5,2026-06-26,1035,209070.0,BUY,06-25 02:08,6.25 02:08，出现一笔买入看涨期权交易，成交量为1035张，未平仓数为19784张，V/OI值为0.4，交易金额为209070USD，合约行权价是30.5，到期日为2026/06/26
2026-06-24,US.SMCI,,CALL,30.5,2026-06-26,1205,243410.0,BUY,06-25 02:08,6.25 02:08，出现一笔买入看涨期权交易，成交量为1205张，未平仓数为19784张，V/OI值为0.4，交易金额为243410USD，合约行权价是30.5，到期日为2026/06/26
2026-06-24,US.SMCI,,CALL,30.5,2026-06-26,1200,242400.0,BUY,06-25 02:08,6.25 02:08，出现一笔买入看涨期权交易，成交量为1200张，未平仓数为19784张，V/OI值为0.3，交易金额为242400USD，合约行权价是30.5，到期日为2026/06/26
2026-06-24,US.SMCI,,CALL,33.0,2026-06-26,1546,105128.0,SELL,06-25 02:08,6.25 02:08，出现一笔卖出看涨期权交易，成交量为1546张，未平仓数为20859张，V/OI值为0.7，交易金额为105128USD，合约行权价是33，到期日为2026/06/26
2026-06-24,US.SMCI,,CALL,33.0,2026-06-26,1205,81940.0,SELL,06-25 02:08,6.25 02:08，出现一笔卖出看涨期权交易，成交量为1205张，未平仓数为20859张，V/OI值为0.6，交易金额为81940USD，合约行权价是33，到期日为2026/06/26
2026-06-24,US.SMCI,,CALL,33.0,2026-06-26,1200,81600.0,SELL,06-25 02:08,6.25 02:08，出现一笔卖出看涨期权交易，成交量为1200张，未平仓数为20859张，V/OI值为0.5，交易金额为81600USD，合约行权价是33，到期日为2026/06/26
2026-06-24,US.SOFI,,CALL,20.0,2026-08-21,1500,148500.0,SELL,06-25 03:46,6.25 03:46，出现一笔卖出看涨期权交易，成交量为1500张，未平仓数为24653张，V/OI值为0.3，交易金额为148500USD，合约行权价是20，到期日为2026/08/21
2026-06-24,US.SOFI,,PUT,16.5,2026-07-17,10000,560000.0,SELL,06-25 01:28,6.25 01:28，出现一笔卖出看跌期权交易，成交量为10000张，未平仓数为1312张，V/OI值为7.8，交易金额为560000USD，合约行权价是16.5，到期日为2026/07/17
2026-06-24,US.SOXS,,CALL,5.0,2026-08-21,1007,107749.0,SELL,06-25 03:32,6.25 03:32，出现一笔卖出看涨期权交易，成交量为1007张，未平仓数为7520张，V/OI值为0.5，交易金额为107749USD，合约行权价是5，到期日为2026/08/21
2026-06-24,US.SOXS,,CALL,4.0,2026-06-26,2000,108000.0,SELL,06-25 03:10,6.25 03:10，出现一笔卖出看涨期权交易，成交量为2000张，未平仓数为27901张，V/OI值为1，交易金额为108000USD，合约行权价是4，到期日为2026/06/26
2026-06-24,US.SOXS,,CALL,6.0,2026-07-02,5000,94996.0,BUY,06-25 01:49,6.25 01:49，出现一笔买入看涨期权交易，成交量为5000张，未平仓数为10126张，V/OI值为0.6，交易金额为94996USD，合约行权价是6，到期日为2026/07/02
2026-06-24,US.SOXS,,CALL,8.0,2027-01-15,1000,140000.0,BUY,06-25 01:07,6.25 01:07，出现一笔买入看涨期权交易，成交量为1000张，未平仓数为2766张，V/OI值为1.5，交易金额为140000USD，合约行权价是8，到期日为2027/01/15
2026-06-24,US.SOXS,,CALL,8.0,2027-01-15,3000,405000.0,BUY,06-25 00:51,6.25 00:51，出现一笔买入看涨期权交易，成交量为3000张，未平仓数为2766张，V/OI值为1.1，交易金额为405000USD，合约行权价是8，到期日为2027/01/15
2026-06-24,US.SOXS,,CALL,6.0,2026-08-21,1118,86086.0,BUY,06-25 00:40,6.25 00:40，出现一笔买入看涨期权交易，成交量为1118张，未平仓数为9231张，V/OI值为0.3，交易金额为86086USD，合约行权价是6，到期日为2026/08/21
2026-06-24,US.SOXS,,PUT,8.5,2026-06-26,1068,472056.0,SELL,06-25 00:00,6.25 00:00，出现一笔卖出看跌期权交易，成交量为1068张，未平仓数为1127张，V/OI值为0.9，交易金额为472056USD，合约行权价是8.5，到期日为2026/06/26
2026-06-24,US.SOXS,,PUT,8.5,2026-07-10,1068,478464.0,BUY,06-25 00:00,6.25 00:00，出现一笔买入看跌期权交易，成交量为1068张，未平仓数为25张，V/OI值为42.7，交易金额为478464USD，合约行权价是8.5，到期日为2026/07/10
2026-06-24,US.SPY,,PUT,700.0,2026-11-20,5340,10055220.0,SELL,06-25 03:42,6.25 03:42，出现一笔卖出看跌期权交易，成交量为5340张，未平仓数为12550张，V/OI值为0.4，交易金额为10055220USD，合约行权价是700，到期日为2026/11/20
2026-06-24,US.SPY,,PUT,715.0,2026-11-20,5340,12052380.0,SELL,06-25 03:42,6.25 03:42，出现一笔卖出看跌期权交易，成交量为5340张，未平仓数为362张，V/OI值为14.8，交易金额为12052380USD，合约行权价是715，到期日为2026/11/20
2026-06-24,US.SPY,,PUT,694.0,2026-07-02,5358,476862.0,SELL,06-25 03:02,6.25 03:02，出现一笔卖出看跌期权交易，成交量为5358张，未平仓数为242张，V/OI值为25.4，交易金额为476862USD，合约行权价是694，到期日为2026/07/02
2026-06-24,US.SPY,,CALL,760.0,2026-07-10,10000,890000.0,SELL,06-25 02:51,6.25 02:51，出现一笔卖出看涨期权交易，成交量为10000张，未平仓数为3720张，V/OI值为3，交易金额为890000USD，合约行权价是760，到期日为2026/07/10
2026-06-24,US.SPY,,PUT,712.0,2026-06-30,10000,1890000.0,SELL,06-25 02:51,6.25 02:51，出现一笔卖出看跌期权交易，成交量为10000张，未平仓数为16461张，V/OI值为2.9，交易金额为1890000USD，合约行权价是712，到期日为2026/06/30
2026-06-24,US.SPY,,PUT,734.0,2026-06-24,3685,401660.0,BUY,06-25 02:34,6.25 02:34，出现一笔买入看跌期权交易，成交量为3685张，未平仓数为7019张，V/OI值为53.9，交易金额为401660USD，合约行权价是734，到期日为2026/06/24
2026-06-24,US.SPY,,PUT,734.0,2026-06-24,3447,361935.0,BUY,06-25 02:25,6.25 02:25，出现一笔买入看跌期权交易，成交量为3447张，未平仓数为7019张，V/OI值为50.9，交易金额为361935USD，合约行权价是734，到期日为2026/06/24
2026-06-24,US.SPY,,PUT,733.0,2026-06-24,3274,278290.0,BUY,06-25 02:23,6.25 02:23，出现一笔买入看跌期权交易，成交量为3274张，未平仓数为2879张，V/OI值为106.7，交易金额为278290USD，合约行权价是733，到期日为2026/06/24
2026-06-24,US.SPY,,CALL,750.0,2026-06-30,10000,690000.0,BUY,06-25 02:11,6.25 02:11，出现一笔买入看涨期权交易，成交量为10000张，未平仓数为17898张，V/OI值为0.7，交易金额为690000USD，合约行权价是750，到期日为2026/06/30
2026-06-24,US.SPY,,PUT,750.0,2026-06-30,10000,17280000.0,SELL,06-25 02:11,6.25 02:11，出现一笔卖出看跌期权交易，成交量为10000张，未平仓数为16928张，V/OI值为0.6，交易金额为17280000USD，合约行权价是750，到期日为2026/06/30
2026-06-24,US.SPY,,PUT,716.0,2026-06-30,8343,1943919.0,SELL,06-25 01:40,6.25 01:40，出现一笔卖出看跌期权交易，成交量为8343张，未平仓数为1835张，V/OI值为19.8，交易金额为1943919USD，合约行权价是716，到期日为2026/06/30
2026-06-24,US.SPY,,PUT,712.0,2026-06-30,8343,1493397.0,BUY,06-25 01:40,6.25 01:40，出现一笔买入看跌期权交易，成交量为8343张，未平仓数为16461张，V/OI值为2.2，交易金额为1493397USD，合约行权价是712，到期日为2026/06/30
2026-06-24,US.SPY,,PUT,702.0,2026-07-17,6880,2972160.0,SELL,06-25 01:39,6.25 01:39，出现一笔卖出看跌期权交易，成交量为6880张，未平仓数为16186张，V/OI值为1.7，交易金额为2972160USD，合约行权价是702，到期日为2026/07/17
2026-06-24,US.SPY,,PUT,702.0,2026-07-17,6764,3019413.0,SELL,06-25 01:38,6.25 01:38，出现一笔卖出看跌期权交易，成交量为6764张，未平仓数为16186张，V/OI值为1.3，交易金额为3019413USD，合约行权价是702，到期日为2026/07/17
2026-06-24,US.SPY,,CALL,790.0,2026-12-18,4918,6919626.0,BUY,06-25 01:38,6.25 01:38，出现一笔买入看涨期权交易，成交量为4918张，未平仓数为7511张，V/OI值为0.7，交易金额为6919626USD，合约行权价是790，到期日为2026/12/18
2026-06-24,US.SPY,,CALL,800.0,2026-12-18,4918,5414718.0,BUY,06-25 01:38,6.25 01:38，出现一笔买入看涨期权交易，成交量为4918张，未平仓数为18947张，V/OI值为0.3，交易金额为5414718USD，合约行权价是800，到期日为2026/12/18
2026-06-24,US.SPY,,PUT,731.0,2026-06-24,3002,444296.0,BUY,06-25 01:33,6.25 01:33，出现一笔买入看跌期权交易，成交量为3002张，未平仓数为2596张，V/OI值为75.9，交易金额为444296USD，合约行权价是731，到期日为2026/06/24
2026-06-24,US.SPY,,PUT,730.0,2026-06-24,3470,145729.0,SELL,06-25 01:18,6.25 01:18，出现一笔卖出看跌期权交易，成交量为3470张，未平仓数为7370张，V/OI值为29.2，交易金额为145729USD，合约行权价是730，到期日为2026/06/24
2026-06-24,US.SPY,,CALL,736.0,2026-06-24,3329,299611.0,SELL,06-25 01:15,6.25 01:15，出现一笔卖出看涨期权交易，成交量为3329张，未平仓数为6966张，V/OI值为33，交易金额为299611USD，合约行权价是736，到期日为2026/06/24
2026-06-24,US.SPY,,PUT,732.0,2026-06-24,5483,312526.0,BUY,06-25 01:08,6.25 01:08，出现一笔买入看跌期权交易，成交量为5483张，未平仓数为3515张，V/OI值为39.6，交易金额为312526USD，合约行权价是732，到期日为2026/06/24
2026-06-24,US.SPY,,CALL,740.0,2026-06-24,3000,120000.0,SELL,06-25 00:31,6.25 00:31，出现一笔卖出看涨期权交易，成交量为3000张，未平仓数为12969张，V/OI值为28.6，交易金额为120000USD，合约行权价是740，到期日为2026/06/24
2026-06-24,US.SQQQ,,CALL,40.0,2026-07-17,3413,1348135.0,SELL,06-25 01:48,6.25 01:48，出现一笔卖出看涨期权交易，成交量为3413张，未平仓数为9932张，V/OI值为0.5，交易金额为1348135USD，合约行权价是40，到期日为2026/07/17
2026-06-24,US.SQQQ,,CALL,41.0,2026-06-26,1002,135270.0,SELL,06-25 01:22,6.25 01:22，出现一笔卖出看涨期权交易，成交量为1002张，未平仓数为2203张，V/OI值为1，交易金额为135270USD，合约行权价是41，到期日为2026/06/26
2026-06-24,US.TWLO,,CALL,290.0,2026-10-16,222,108780.0,SELL,06-25 02:40,6.25 02:40，出现一笔卖出看涨期权交易，成交量为222张，未平仓数为41张，V/OI值为5.5，交易金额为108780USD，合约行权价是290，到期日为2026/10/16
2026-06-24,US.UPST,,PUT,32.5,2026-07-17,800,196000.0,BUY,06-25 03:36,6.25 03:36，出现一笔买入看跌期权交易，成交量为800张，未平仓数为1111张，V/OI值为0.7，交易金额为196000USD，合约行权价是32.5，到期日为2026/07/17
2026-06-24,US.XOM,,PUT,130.0,2026-11-20,390,259350.0,SELL,06-25 03:56,6.25 03:56，出现一笔卖出看跌期权交易，成交量为390张，未平仓数为4253张，V/OI值为0.1，交易金额为259350USD，合约行权价是130，到期日为2026/11/20
2026-06-25,US.AAPL,,PUT,270.0,2026-07-02,3001,849283.0,SELL,06-26 03:58,6.26 03:58，出现一笔卖出看跌期权交易，成交量为3001张，未平仓数为1498张，V/OI值为8.1，交易金额为849283USD，合约行权价是270，到期日为2026/07/02
2026-06-25,US.AAPL,,CALL,320.0,2026-09-18,8890,2418080.0,BUY,06-26 03:49,6.26 03:49，出现一笔买入看涨期权交易，成交量为8890张，未平仓数为37562张，V/OI值为0.7，交易金额为2418080USD，合约行权价是320，到期日为2026/09/18
2026-06-25,US.AAPL,,CALL,280.0,2026-06-26,1284,107856.0,BUY,06-26 03:48,6.26 03:48，出现一笔买入看涨期权交易，成交量为1284张，未平仓数为469张，V/OI值为213.8，交易金额为107856USD，合约行权价是280，到期日为2026/06/26
2026-06-25,US.AAPL,,CALL,320.0,2026-09-18,3000,816000.0,BUY,06-26 03:45,6.26 03:45，出现一笔买入看涨期权交易，成交量为3000张，未平仓数为37562张，V/OI值为0.5，交易金额为816000USD，合约行权价是320，到期日为2026/09/18
2026-06-25,US.AAPL,,PUT,320.0,2026-07-17,5000,22125000.0,SELL,06-26 03:45,6.26 03:45，出现一笔卖出看跌期权交易，成交量为5000张，未平仓数为3270张，V/OI值为5.3，交易金额为22125000USD，合约行权价是320，到期日为2026/07/17
2026-06-25,US.AAPL,,PUT,300.0,2026-06-26,7400,17982000.0,SELL,06-26 03:45,6.26 03:45，出现一笔卖出看跌期权交易，成交量为7400张，未平仓数为4810张，V/OI值为3，交易金额为17982000USD，合约行权价是300，到期日为2026/06/26
2026-06-25,US.AAPL,,CALL,277.5,2026-06-29,2887,854552.0,SELL,06-26 03:32,6.26 03:32，出现一笔卖出看涨期权交易，成交量为2887张，未平仓数为15张，V/OI值为473.1，交易金额为854552USD，合约行权价是277.5，到期日为2026/06/29
2026-06-25,US.AAPL,,CALL,295.0,2026-09-18,4265,3684960.0,BUY,06-26 03:22,6.26 03:22，出现一笔买入看涨期权交易，成交量为4265张，未平仓数为6245张，V/OI值为0.8，交易金额为3684960USD，合约行权价是295，到期日为2026/09/18
2026-06-25,US.AAPL,,PUT,255.0,2026-09-18,4265,2661360.0,SELL,06-26 03:22,6.26 03:22，出现一笔卖出看跌期权交易，成交量为4265张，未平仓数为7977张，V/OI值为0.6，交易金额为2661360USD，合约行权价是255，到期日为2026/09/18
2026-06-25,US.AAPL,,CALL,280.0,2026-06-26,1000,113000.0,BUY,06-26 03:21,6.26 03:21，出现一笔买入看涨期权交易，成交量为1000张，未平仓数为469张，V/OI值为194.2，交易金额为113000USD，合约行权价是280，到期日为2026/06/26
2026-06-25,US.AAPL,,CALL,305.0,2026-08-21,1000,395000.0,SELL,06-26 03:05,6.26 03:05，出现一笔卖出看涨期权交易，成交量为1000张，未平仓数为6116张，V/OI值为0.4，交易金额为395000USD，合约行权价是305，到期日为2026/08/21
2026-06-25,US.AAPL,,PUT,320.0,2026-07-17,2454,10071216.0,BUY,06-26 02:58,6.26 02:58，出现一笔买入看跌期权交易，成交量为2454张，未平仓数为3270张，V/OI值为3.8，交易金额为10071216USD，合约行权价是320，到期日为2026/07/17
2026-06-25,US.AAPL,,PUT,307.5,2026-06-26,2673,7658145.0,BUY,06-26 02:58,6.26 02:58，出现一笔买入看跌期权交易，成交量为2673张，未平仓数为1782张，V/OI值为3.2，交易金额为7658145USD，合约行权价是307.5，到期日为2026/06/26
2026-06-25,US.AAPL,,PUT,315.0,2026-07-10,2120,7663800.0,BUY,06-26 02:58,6.26 02:58，出现一笔买入看跌期权交易，成交量为2120张，未平仓数为1413张，V/OI值为1.5，交易金额为7663800USD，合约行权价是315，到期日为2026/07/10
2026-06-25,US.AAPL,,PUT,300.0,2026-06-26,5416,11292360.0,BUY,06-26 02:58,6.26 02:58，出现一笔买入看跌期权交易，成交量为5416张，未平仓数为4810张，V/OI值为1.3，交易金额为11292360USD，合约行权价是300，到期日为2026/06/26
2026-06-25,US.AAPL,,PUT,320.0,2026-07-17,2120,8480000.0,SELL,06-26 02:58,6.26 02:58，出现一笔卖出看跌期权交易，成交量为2120张，未平仓数为3270张，V/OI值为3，交易金额为8480000USD，合约行权价是320，到期日为2026/07/17
2026-06-25,US.AAPL,,PUT,310.0,2026-07-02,4072,12358520.0,SELL,06-26 02:58,6.26 02:58，出现一笔卖出看跌期权交易，成交量为4072张，未平仓数为3435张，V/OI值为3.5，交易金额为12358520USD，合约行权价是310，到期日为2026/07/02
2026-06-25,US.AAPL,,PUT,295.0,2026-06-26,9393,15038193.0,BUY,06-26 02:58,6.26 02:58，出现一笔买入看跌期权交易，成交量为9393张，未平仓数为6262张，V/OI值为1.8，交易金额为15038193USD，合约行权价是295，到期日为2026/06/26
2026-06-25,US.AAPL,,PUT,297.5,2026-06-26,5301,9833355.0,BUY,06-26 02:58,6.26 02:58，出现一笔买入看跌期权交易，成交量为5301张，未平仓数为6433张，V/OI值为1.6，交易金额为9833355USD，合约行权价是297.5，到期日为2026/06/26
2026-06-25,US.AAPL,,PUT,297.5,2026-06-26,4092,7586568.0,BUY,06-26 02:58,6.26 02:58，出现一笔买入看跌期权交易，成交量为4092张，未平仓数为6433张，V/OI值为0.8，交易金额为7586568USD，合约行权价是297.5，到期日为2026/06/26
2026-06-25,US.AAPL,,PUT,320.0,2026-07-17,4460,18352900.0,BUY,06-26 02:51,6.26 02:51，出现一笔买入看跌期权交易，成交量为4460张，未平仓数为3270张，V/OI值为2.4，交易金额为18352900USD，合约行权价是320，到期日为2026/07/17
2026-06-25,US.AAPL,,PUT,320.0,2026-07-17,3250,13370500.0,BUY,06-26 02:51,6.26 02:51，出现一笔买入看跌期权交易，成交量为3250张，未平仓数为3270张，V/OI值为1，交易金额为13370500USD，合约行权价是320，到期日为2026/07/17
2026-06-25,US.AAPL,,PUT,310.0,2026-07-02,7710,23823900.0,BUY,06-26 02:51,6.26 02:51，出现一笔买入看跌期权交易，成交量为7710张，未平仓数为3435张，V/OI值为2.3，交易金额为23823900USD，合约行权价是310，到期日为2026/07/02
2026-06-25,US.AAPL,,CALL,310.0,2026-08-21,2000,632000.0,SELL,06-26 02:36,6.26 02:36，出现一笔卖出看涨期权交易，成交量为2000张，未平仓数为24755张，V/OI值为0.2，交易金额为632000USD，合约行权价是310，到期日为2026/08/21
2026-06-25,US.AAPL,,PUT,290.0,2026-12-18,1400,3505600.0,BUY,06-26 02:33,6.26 02:33，出现一笔买入看跌期权交易，成交量为1400张，未平仓数为3971张，V/OI值为0.5，交易金额为3505600USD，合约行权价是290，到期日为2026/12/18
2026-06-25,US.AAPL,,CALL,280.0,2026-06-26,1070,237541.0,SELL,06-26 02:22,6.26 02:22，出现一笔卖出看涨期权交易，成交量为1070张，未平仓数为469张，V/OI值为169.9，交易金额为237541USD，合约行权价是280，到期日为2026/06/26
2026-06-25,US.AAPL,,CALL,305.0,2026-09-18,1479,976140.0,SELL,06-26 02:21,6.26 02:21，出现一笔卖出看涨期权交易，成交量为1479张，未平仓数为8329张，V/OI值为0.9，交易金额为976140USD，合约行权价是305，到期日为2026/09/18
2026-06-25,US.AAPL,,CALL,305.0,2026-09-18,1500,930000.0,BUY,06-26 02:13,6.26 02:13，出现一笔买入看涨期权交易，成交量为1500张，未平仓数为8329张，V/OI值为0.5，交易金额为930000USD，合约行权价是305，到期日为2026/09/18
2026-06-25,US.AAPL,,CALL,305.0,2026-09-18,1500,935920.0,BUY,06-26 02:13,6.26 02:13，出现一笔买入看涨期权交易，成交量为1500张，未平仓数为8329张，V/OI值为0.3，交易金额为935920USD，合约行权价是305，到期日为2026/09/18
2026-06-25,US.AAPL,,CALL,280.0,2026-06-26,1595,282426.0,SELL,06-26 02:11,6.26 02:11，出现一笔卖出看涨期权交易，成交量为1595张，未平仓数为469张，V/OI值为156.6，交易金额为282426USD，合约行权价是280，到期日为2026/06/26
2026-06-25,US.AAPL,,CALL,277.5,2026-06-26,1453,380686.0,SELL,06-26 01:11,6.26 01:11，出现一笔卖出看涨期权交易，成交量为1453张，未平仓数为79张，V/OI值为374.5，交易金额为380686USD，合约行权价是277.5，到期日为2026/06/26
2026-06-25,US.AAPL,,CALL,277.5,2026-06-26,1546,278279.0,SELL,06-26 01:01,6.26 01:01，出现一笔卖出看涨期权交易，成交量为1546张，未平仓数为79张，V/OI值为295.8，交易金额为278279USD，合约行权价是277.5，到期日为2026/06/26
2026-06-25,US.AAPL,,CALL,320.0,2026-09-18,5817,1588041.0,BUY,06-26 01:00,6.26 01:00，出现一笔买入看涨期权交易，成交量为5817张，未平仓数为37562张，V/OI值为0.4，交易金额为1588041USD，合约行权价是320，到期日为2026/09/18
2026-06-25,US.AAPL,,CALL,300.0,2026-07-24,1029,144060.0,BUY,06-26 00:53,6.26 00:53，出现一笔买入看涨期权交易，成交量为1029张，未平仓数为1283张，V/OI值为1.6，交易金额为144060USD，合约行权价是300，到期日为2026/07/24
2026-06-25,US.AAPL,,CALL,370.0,2026-11-20,1345,161100.0,BUY,06-26 00:39,6.26 00:39，出现一笔买入看涨期权交易，成交量为1345张，未平仓数为2541张，V/OI值为1.3，交易金额为161100USD，合约行权价是370，到期日为2026/11/20
2026-06-25,US.AAPL,,CALL,320.0,2026-09-18,3116,856900.0,BUY,06-26 00:23,6.26 00:23，出现一笔买入看涨期权交易，成交量为3116张，未平仓数为37562张，V/OI值为0.2，交易金额为856900USD，合约行权价是320，到期日为2026/09/18
2026-06-25,US.AAPL,,PUT,275.0,2026-06-26,1001,262311.0,SELL,06-26 00:22,6.26 00:22，出现一笔卖出看跌期权交易，成交量为1001张，未平仓数为3476张，V/OI值为11.9，交易金额为262311USD，合约行权价是275，到期日为2026/06/26
2026-06-25,US.AAPL,,CALL,320.0,2026-09-18,1801,495275.0,BUY,06-26 00:21,6.26 00:21，出现一笔买入看涨期权交易，成交量为1801张，未平仓数为37562张，V/OI值为0.1，交易金额为495275USD，合约行权价是320，到期日为2026/09/18
2026-06-25,US.AAPL,,CALL,350.0,2026-09-18,6000,334929.0,SELL,06-26 00:21,6.26 00:21，出现一笔卖出看涨期权交易，成交量为6000张，未平仓数为45262张，V/OI值为0.8，交易金额为334929USD，合约行权价是350，到期日为2026/09/18
2026-06-25,US.AAPL,,PUT,270.0,2026-06-26,1001,86085.0,BUY,06-26 00:19,6.26 00:19，出现一笔买入看跌期权交易，成交量为1001张，未平仓数为3455张，V/OI值为6.2，交易金额为86085USD，合约行权价是270，到期日为2026/06/26
2026-06-25,US.AAPL,,CALL,350.0,2026-09-18,2882,158510.0,SELL,06-26 00:15,6.26 00:15，出现一笔卖出看涨期权交易，成交量为2882张，未平仓数为45262张，V/OI值为0.6，交易金额为158510USD，合约行权价是350，到期日为2026/09/18
2026-06-25,US.AAPL,,CALL,350.0,2026-09-18,1660,91611.0,SELL,06-26 00:15,6.26 00:15，出现一笔卖出看涨期权交易，成交量为1660张，未平仓数为45262张，V/OI值为0.5，交易金额为91611USD，合约行权价是350，到期日为2026/09/18
2026-06-25,US.AAPL,,CALL,350.0,2026-09-18,1662,91410.0,BUY,06-26 00:15,6.26 00:15，出现一笔买入看涨期权交易，成交量为1662张，未平仓数为45262张，V/OI值为0.6，交易金额为91410USD，合约行权价是350，到期日为2026/09/18
2026-06-25,US.AAPL,,CALL,350.0,2026-09-18,3084,173984.0,SELL,06-26 00:15,6.26 00:15，出现一笔卖出看涨期权交易，成交量为3084张，未平仓数为45262张，V/OI值为0.5，交易金额为173984USD，合约行权价是350，到期日为2026/09/18
2026-06-25,US.AAPL,,CALL,350.0,2026-09-18,2901,174060.0,SELL,06-26 00:13,6.26 00:13，出现一笔卖出看涨期权交易，成交量为2901张，未平仓数为45262张，V/OI值为0.3，交易金额为174060USD，合约行权价是350，到期日为2026/09/18
2026-06-25,US.AAPL,,CALL,310.0,2026-07-24,1200,84000.0,BUY,06-26 00:12,6.26 00:12，出现一笔买入看涨期权交易，成交量为1200张，未平仓数为2985张，V/OI值为0.7，交易金额为84000USD，合约行权价是310，到期日为2026/07/24
2026-06-25,US.AAPL,,CALL,350.0,2026-09-18,5156,340365.0,SELL,06-26 00:12,6.26 00:12，出现一笔卖出看涨期权交易，成交量为5156张，未平仓数为45262张，V/OI值为0.3，交易金额为340365USD，合约行权价是350，到期日为2026/09/18
2026-06-25,US.AAPL,,CALL,310.0,2026-07-17,4000,128163.0,SELL,06-26 00:11,6.26 00:11，出现一笔卖出看涨期权交易，成交量为4000张，未平仓数为60595张，V/OI值为0.7，交易金额为128163USD，合约行权价是310，到期日为2026/07/17
2026-06-25,US.AAPL,,CALL,277.5,2026-06-26,1732,483288.0,SELL,06-26 00:07,6.26 00:07，出现一笔卖出看涨期权交易，成交量为1732张，未平仓数为79张，V/OI值为200.9，交易金额为483288USD，合约行权价是277.5，到期日为2026/06/26
2026-06-25,US.AMD,,PUT,390.0,2026-07-02,2518,137747.0,SELL,06-26 00:40,6.26 00:40，出现一笔卖出看跌期权交易，成交量为2518张，未平仓数为16466张，V/OI值为0.6，交易金额为137747USD，合约行权价是390，到期日为2026/07/02
2026-06-25,US.AMKR,,CALL,100.0,2026-09-18,200,238836.0,BUY,06-26 00:28,6.26 00:28，出现一笔买入看涨期权交易，成交量为200张，未平仓数为1153张，V/OI值为0.4，交易金额为238836USD，合约行权价是100，到期日为2026/09/18
2026-06-25,US.AMKR,,CALL,100.0,2026-09-18,200,235498.0,BUY,06-26 00:27,6.26 00:27，出现一笔买入看涨期权交易，成交量为200张，未平仓数为1153张，V/OI值为0.3，交易金额为235498USD，合约行权价是100，到期日为2026/09/18
2026-06-25,US.AMZN,,PUT,222.5,2026-06-26,1232,87472.0,BUY,06-26 03:56,6.26 03:56，出现一笔买入看跌期权交易，成交量为1232张，未平仓数为7348张，V/OI值为2.3，交易金额为87472USD，合约行权价是222.5，到期日为2026/06/26
2026-06-25,US.AMZN,,PUT,225.0,2026-06-26,1414,173294.0,SELL,06-26 03:47,6.26 03:47，出现一笔卖出看跌期权交易，成交量为1414张，未平仓数为5232张，V/OI值为7.9，交易金额为173294USD，合约行权价是225，到期日为2026/06/26
2026-06-25,US.AMZN,,PUT,247.5,2026-06-26,3000,5916000.0,SELL,06-26 03:45,6.26 03:45，出现一笔卖出看跌期权交易，成交量为3000张，未平仓数为1708张，V/OI值为3.2，交易金额为5916000USD，合约行权价是247.5，到期日为2026/06/26
2026-06-25,US.AMZN,,PUT,250.0,2026-06-26,3000,6666000.0,BUY,06-26 03:45,6.26 03:45，出现一笔买入看跌期权交易，成交量为3000张，未平仓数为2802张，V/OI值为2.7，交易金额为6666000USD，合约行权价是250，到期日为2026/06/26
2026-06-25,US.AMZN,,CALL,230.0,2026-07-02,1351,472862.0,SELL,06-26 03:34,6.26 03:34，出现一笔卖出看涨期权交易，成交量为1351张，未平仓数为859张，V/OI值为10.2，交易金额为472862USD，合约行权价是230，到期日为2026/07/02
2026-06-25,US.AMZN,,PUT,225.0,2026-06-26,1917,177871.0,SELL,06-26 03:23,6.26 03:23，出现一笔卖出看跌期权交易，成交量为1917张，未平仓数为5232张，V/OI值为7，交易金额为177871USD，合约行权价是225，到期日为2026/06/26
2026-06-25,US.AMZN,,CALL,235.0,2026-07-01,1018,185204.0,BUY,06-26 03:11,6.26 03:11，出现一笔买入看涨期权交易，成交量为1018张，未平仓数为368张，V/OI值为4.6，交易金额为185204USD，合约行权价是235，到期日为2026/07/01
2026-06-25,US.AMZN,,CALL,232.5,2026-07-01,1039,270080.0,BUY,06-26 03:11,6.26 03:11，出现一笔买入看涨期权交易，成交量为1039张，未平仓数为48张，V/OI值为34.9，交易金额为270080USD，合约行权价是232.5，到期日为2026/07/01
2026-06-25,US.AMZN,,PUT,275.0,2026-07-17,2073,9577260.0,BUY,06-26 02:59,6.26 02:59，出现一笔买入看跌期权交易，成交量为2073张，未平仓数为6617张，V/OI值为1.7，交易金额为9577260USD，合约行权价是275，到期日为2026/07/17
2026-06-25,US.AMZN,,PUT,247.5,2026-06-26,2073,3876510.0,BUY,06-26 02:59,6.26 02:59，出现一笔买入看跌期权交易，成交量为2073张，未平仓数为1708张，V/OI值为1.4，交易金额为3876510USD，合约行权价是247.5，到期日为2026/06/26
2026-06-25,US.AMZN,,PUT,275.0,2026-07-17,3650,16863000.0,BUY,06-26 02:58,6.26 02:58，出现一笔买入看跌期权交易，成交量为3650张，未平仓数为6617张，V/OI值为1.4，交易金额为16863000USD，合约行权价是275，到期日为2026/07/17
2026-06-25,US.AMZN,,PUT,245.0,2026-06-26,3650,5913000.0,BUY,06-26 02:58,6.26 02:58，出现一笔买入看跌期权交易，成交量为3650张，未平仓数为2433张，V/OI值为1.7，交易金额为5913000USD，合约行权价是245，到期日为2026/06/26
2026-06-25,US.AMZN,,PUT,250.0,2026-06-26,4203,8910360.0,BUY,06-26 02:58,6.26 02:58，出现一笔买入看跌期权交易，成交量为4203张，未平仓数为2802张，V/OI值为1.7，交易金额为8910360USD，合约行权价是250，到期日为2026/06/26
2026-06-25,US.AMZN,,PUT,275.0,2026-07-17,4203,19417860.0,BUY,06-26 02:58,6.26 02:58，出现一笔买入看跌期权交易，成交量为4203张，未平仓数为6617张，V/OI值为0.9，交易金额为19417860USD，合约行权价是275，到期日为2026/07/17
2026-06-25,US.AMZN,,PUT,210.0,2026-07-17,1200,180000.0,BUY,06-26 02:42,6.26 02:42，出现一笔买入看跌期权交易，成交量为1200张，未平仓数为8305张，V/OI值为0.3，交易金额为180000USD，合约行权价是210，到期日为2026/07/17
2026-06-25,US.AMZN,,CALL,300.0,2026-08-21,1636,140696.0,SELL,06-26 01:52,6.26 01:52，出现一笔卖出看涨期权交易，成交量为1636张，未平仓数为19624张，V/OI值为0.1，交易金额为140696USD，合约行权价是300，到期日为2026/08/21
2026-06-25,US.AMZN,,CALL,230.0,2026-07-02,1809,678499.0,SELL,06-26 00:46,6.26 00:46，出现一笔卖出看涨期权交易，成交量为1809张，未平仓数为859张，V/OI值为5.9，交易金额为678499USD，合约行权价是230，到期日为2026/07/02
2026-06-25,US.ASX,,PUT,35.0,2026-07-17,467,39695.0,BUY,06-26 02:35,6.26 02:35，出现一笔买入看跌期权交易，成交量为467张，未平仓数为718张，V/OI值为3.5，交易金额为39695USD，合约行权价是35，到期日为2026/07/17
2026-06-25,US.ASX,,CALL,40.0,2027-01-15,120,130800.0,BUY,06-26 02:01,6.26 02:01，出现一笔买入看涨期权交易，成交量为120张，未平仓数为797张，V/OI值为0.2，交易金额为130800USD，合约行权价是40，到期日为2027/01/15
2026-06-25,US.AVGO,,PUT,310.0,2026-10-16,1352,1818427.0,BUY,06-26 03:41,6.26 03:41，出现一笔买入看跌期权交易，成交量为1352张，未平仓数为946张，V/OI值为1.5，交易金额为1818427USD，合约行权价是310，到期日为2026/10/16
2026-06-25,US.AVGO,,CALL,390.0,2026-09-18,1500,5050500.0,BUY,06-26 03:17,6.26 03:17，出现一笔买入看涨期权交易，成交量为1500张，未平仓数为2085张，V/OI值为0.8，交易金额为5050500USD，合约行权价是390，到期日为2026/09/18
2026-06-25,US.AVGO,,CALL,390.0,2027-01-15,1500,8230500.0,SELL,06-26 03:17,6.26 03:17，出现一笔卖出看涨期权交易，成交量为1500张，未平仓数为4578张，V/OI值为0.3，交易金额为8230500USD，合约行权价是390，到期日为2027/01/15
2026-06-25,US.AVGO,,CALL,370.0,2026-06-29,1000,1195000.0,BUY,06-26 03:16,6.26 03:16，出现一笔买入看涨期权交易，成交量为1000张，未平仓数为130张，V/OI值为7.9，交易金额为1195000USD，合约行权价是370，到期日为2026/06/29
2026-06-25,US.AVGO,,CALL,380.0,2026-06-29,1000,595000.0,SELL,06-26 03:16,6.26 03:16，出现一笔卖出看涨期权交易，成交量为1000张，未平仓数为1121张，V/OI值为1.1，交易金额为595000USD，合约行权价是380，到期日为2026/06/29
2026-06-25,US.AVGO,,PUT,415.0,2026-06-26,1212,4273512.0,SELL,06-26 02:59,6.26 02:59，出现一笔卖出看跌期权交易，成交量为1212张，未平仓数为808张，V/OI值为1.5，交易金额为4273512USD，合约行权价是415，到期日为2026/06/26
2026-06-25,US.AVGO,,PUT,410.0,2026-06-26,1418,4140560.0,SELL,06-26 02:59,6.26 02:59，出现一笔卖出看跌期权交易，成交量为1418张，未平仓数为1546张，V/OI值为0.9，交易金额为4140560USD，合约行权价是410，到期日为2026/06/26
2026-06-25,US.BABA,,PUT,140.0,2026-07-17,6660,29670300.0,BUY,06-26 03:29,6.26 03:29，出现一笔买入看跌期权交易，成交量为6660张，未平仓数为2272张，V/OI值为2.9，交易金额为29670300USD，合约行权价是140，到期日为2026/07/17
2026-06-25,US.BABA,,PUT,155.0,2026-07-17,7380,43947900.0,SELL,06-26 03:29,6.26 03:29，出现一笔卖出看跌期权交易，成交量为7380张，未平仓数为3000张，V/OI值为6.4，交易金额为43947900USD，合约行权价是155，到期日为2026/07/17
2026-06-25,US.BABA,,PUT,130.0,2026-07-17,4500,15696000.0,BUY,06-26 02:58,6.26 02:58，出现一笔买入看跌期权交易，成交量为4500张，未平仓数为8535张，V/OI值为2.6，交易金额为15696000USD，合约行权价是130，到期日为2026/07/17
2026-06-25,US.BABA,,PUT,155.0,2026-07-17,2790,16809750.0,BUY,06-26 02:58,6.26 02:58，出现一笔买入看跌期权交易，成交量为2790张，未平仓数为3000张，V/OI值为4，交易金额为16809750USD，合约行权价是155，到期日为2026/07/17
2026-06-25,US.BABA,,PUT,130.0,2026-07-17,5913,20695500.0,BUY,06-26 02:58,6.26 02:58，出现一笔买入看跌期权交易，成交量为5913张，未平仓数为8535张，V/OI值为2.1，交易金额为20695500USD，合约行权价是130，到期日为2026/07/17
2026-06-25,US.BABA,,PUT,106.0,2026-06-26,5724,6450948.0,BUY,06-26 02:58,6.26 02:58，出现一笔买入看跌期权交易，成交量为5724张，未平仓数为3942张，V/OI值为1.5，交易金额为6450948USD，合约行权价是106，到期日为2026/06/26
2026-06-25,US.BABA,,PUT,130.0,2026-07-17,9980,34800260.0,BUY,06-26 02:51,6.26 02:51，出现一笔买入看跌期权交易，成交量为9980张，未平仓数为8535张，V/OI值为1.2，交易金额为34800260USD，合约行权价是130，到期日为2026/07/17
2026-06-25,US.BABA,,PUT,155.0,2026-07-17,2190,13194750.0,BUY,06-26 02:51,6.26 02:51，出现一笔买入看跌期权交易，成交量为2190张，未平仓数为3000张，V/OI值为2.5，交易金额为13194750USD，合约行权价是155，到期日为2026/07/17
2026-06-25,US.BABA,,PUT,155.0,2026-07-17,5190,31264560.0,BUY,06-26 02:51,6.26 02:51，出现一笔买入看跌期权交易，成交量为5190张，未平仓数为3000张，V/OI值为1.7，交易金额为31264560USD，合约行权价是155，到期日为2026/07/17
2026-06-25,US.BABA,,PUT,110.0,2026-12-18,1000,2030000.0,BUY,06-26 00:34,6.26 00:34，出现一笔买入看跌期权交易，成交量为1000张，未平仓数为8695张，V/OI值为0.2，交易金额为2030000USD，合约行权价是110，到期日为2026/12/18
2026-06-25,US.BABA,,CALL,150.0,2026-12-18,1000,190000.0,SELL,06-26 00:34,6.26 00:34，出现一笔卖出看涨期权交易，成交量为1000张，未平仓数为4558张，V/OI值为0.3，交易金额为190000USD，合约行权价是150，到期日为2026/12/18
2026-06-25,US.BABA,,PUT,120.0,2026-12-18,1000,2770000.0,BUY,06-26 00:34,6.26 00:34，出现一笔买入看跌期权交易，成交量为1000张，未平仓数为8140张，V/OI值为0.1，交易金额为2770000USD，合约行权价是120，到期日为2026/12/18
2026-06-25,US.BMNR,,PUT,15.5,2026-06-26,2343,485001.0,SELL,06-26 03:04,6.26 03:04，出现一笔卖出看跌期权交易，成交量为2343张，未平仓数为1562张，V/OI值为1.6，交易金额为485001USD，合约行权价是15.5，到期日为2026/06/26
2026-06-25,US.BMNR,,PUT,16.0,2026-06-26,2343,602151.0,SELL,06-26 03:04,6.26 03:04，出现一笔卖出看跌期权交易，成交量为2343张，未平仓数为4044张，V/OI值为1.5，交易金额为602151USD，合约行权价是16，到期日为2026/06/26
2026-06-25,US.BMNR,,PUT,16.0,2026-06-26,2814,759780.0,BUY,06-26 03:04,6.26 03:04，出现一笔买入看跌期权交易，成交量为2814张，未平仓数为4044张，V/OI值为1，交易金额为759780USD，合约行权价是16，到期日为2026/06/26
2026-06-25,US.BMNR,,PUT,17.0,2026-06-26,2244,841500.0,BUY,06-26 03:04,6.26 03:04，出现一笔买入看跌期权交易，成交量为2244张，未平仓数为1876张，V/OI值为1.6，交易金额为841500USD，合约行权价是17，到期日为2026/06/26
2026-06-25,US.BMNR,,CALL,13.0,2026-08-21,2466,500598.0,BUY,06-26 03:03,6.26 03:03，出现一笔买入看涨期权交易，成交量为2466张，未平仓数为241张，V/OI值为41.7，交易金额为500598USD，合约行权价是13，到期日为2026/08/21
2026-06-25,US.BMNR,,PUT,17.5,2026-06-26,1016,430784.0,BUY,06-26 02:59,6.26 02:59，出现一笔买入看跌期权交易，成交量为1016张，未平仓数为1332张，V/OI值为0.9，交易金额为430784USD，合约行权价是17.5，到期日为2026/06/26
2026-06-25,US.BMNR,,PUT,16.5,2026-06-26,1490,484250.0,BUY,06-26 02:59,6.26 02:59，出现一笔买入看跌期权交易，成交量为1490张，未平仓数为993张，V/OI值为1.5，交易金额为484250USD，合约行权价是16.5，到期日为2026/06/26
2026-06-25,US.BMNR,,CALL,13.0,2026-08-21,2133,441531.0,BUY,06-26 01:36,6.26 01:36，出现一笔买入看涨期权交易，成交量为2133张，未平仓数为241张，V/OI值为20.8，交易金额为441531USD，合约行权价是13，到期日为2026/08/21
2026-06-25,US.BMNR,,CALL,13.0,2026-08-21,1582,327474.0,BUY,06-26 01:36,6.26 01:36，出现一笔买入看涨期权交易，成交量为1582张，未平仓数为241张，V/OI值为8.4，交易金额为327474USD，合约行权价是13，到期日为2026/08/21
2026-06-25,US.CBRS,,CALL,220.0,2027-01-15,3000,10500000.0,SELL,06-26 03:29,6.26 03:29，出现一笔卖出看涨期权交易，成交量为3000张，未平仓数为103张，V/OI值为29.3，交易金额为10500000USD，合约行权价是220，到期日为2027/01/15
2026-06-25,US.CBRS,,CALL,460.0,2026-10-16,816,701726.0,BUY,06-26 02:35,6.26 02:35，出现一笔买入看涨期权交易，成交量为816张，未平仓数为934张，V/OI值为1.6，交易金额为701726USD，合约行权价是460，到期日为2026/10/16
2026-06-25,US.CBRS,,CALL,320.0,2026-10-16,698,1060940.0,BUY,06-26 01:52,6.26 01:52，出现一笔买入看涨期权交易，成交量为698张，未平仓数为1073张，V/OI值为1.6，交易金额为1060940USD，合约行权价是320，到期日为2026/10/16
2026-06-25,US.CBRS,,CALL,460.0,2026-10-16,595,523586.0,BUY,06-26 01:40,6.26 01:40，出现一笔买入看涨期权交易，成交量为595张，未平仓数为934张，V/OI值为0.7，交易金额为523586USD，合约行权价是460，到期日为2026/10/16
2026-06-25,US.CBRS,,CALL,180.0,2026-07-02,1017,559350.0,SELL,06-26 00:10,6.26 00:10，出现一笔卖出看涨期权交易，成交量为1017张，未平仓数为37张，V/OI值为30.9，交易金额为559350USD，合约行权价是180，到期日为2026/07/02
2026-06-25,US.CBRS,,CALL,187.5,2026-07-02,1017,427140.0,BUY,06-26 00:10,6.26 00:10，出现一笔买入看涨期权交易，成交量为1017张，未平仓数为20张，V/OI值为58.4，交易金额为427140USD，合约行权价是187.5，到期日为2026/07/02
2026-06-25,US.CBRS,,CALL,320.0,2026-10-16,976,1395654.0,BUY,06-26 00:09,6.26 00:09，出现一笔买入看涨期权交易，成交量为976张，未平仓数为1073张，V/OI值为0.9，交易金额为1395654USD，合约行权价是320，到期日为2026/10/16
2026-06-25,US.COHR,,PUT,440.0,2026-09-18,177,1773542.0,SELL,06-26 00:48,6.26 00:48，出现一笔卖出看跌期权交易，成交量为177张，未平仓数为2张，V/OI值为88.5，交易金额为1773542USD，合约行权价是440，到期日为2026/09/18
2026-06-25,US.COHR,,PUT,430.0,2026-09-18,476,4469640.0,BUY,06-26 00:40,6.26 00:40，出现一笔买入看跌期权交易，成交量为476张，未平仓数为475张，V/OI值为1.1，交易金额为4469640USD，合约行权价是430，到期日为2026/09/18
2026-06-25,US.COHR,,PUT,420.0,2026-08-21,168,1246560.0,BUY,06-26 00:32,6.26 00:32，出现一笔买入看跌期权交易，成交量为168张，未平仓数为44张，V/OI值为23.4，交易金额为1246560USD，合约行权价是420，到期日为2026/08/21
2026-06-25,US.COHR,,PUT,420.0,2026-08-21,272,2018244.0,SELL,06-26 00:32,6.26 00:32，出现一笔卖出看跌期权交易，成交量为272张，未平仓数为44张，V/OI值为19.6，交易金额为2018244USD，合约行权价是420，到期日为2026/08/21
2026-06-25,US.COHR,,PUT,420.0,2026-08-21,277,2083290.0,SELL,06-26 00:31,6.26 00:31，出现一笔卖出看跌期权交易，成交量为277张，未平仓数为44张，V/OI值为8.9，交易金额为2083290USD，合约行权价是420，到期日为2026/08/21
2026-06-25,US.COIN,,CALL,152.5,2026-07-02,1000,193000.0,BUY,06-26 03:47,6.26 03:47，出现一笔买入看涨期权交易，成交量为1000张，未平仓数为87张，V/OI值为13.3，交易金额为193000USD，合约行权价是152.5，到期日为2026/07/02
2026-06-25,US.COIN,,CALL,145.0,2026-07-02,1000,419000.0,SELL,06-26 03:47,6.26 03:47，出现一笔卖出看涨期权交易，成交量为1000张，未平仓数为64张，V/OI值为17.7，交易金额为419000USD，合约行权价是145，到期日为2026/07/02
2026-06-25,US.COIN,,PUT,175.0,2026-06-26,1807,5945030.0,BUY,06-26 03:13,6.26 03:13，出现一笔买入看跌期权交易，成交量为1807张，未平仓数为5089张，V/OI值为1.7，交易金额为5945030USD，合约行权价是175，到期日为2026/06/26
2026-06-25,US.COIN,,PUT,162.5,2026-06-26,1807,3686280.0,BUY,06-26 03:13,6.26 03:13，出现一笔买入看跌期权交易，成交量为1807张，未平仓数为1707张，V/OI值为1.2，交易金额为3686280USD，合约行权价是162.5，到期日为2026/06/26
2026-06-25,US.COIN,,PUT,175.0,2026-06-26,2301,7570290.0,BUY,06-26 03:12,6.26 03:12，出现一笔买入看跌期权交易，成交量为2301张，未平仓数为5089张，V/OI值为1.4，交易金额为7570290USD，合约行权价是175，到期日为2026/06/26
2026-06-25,US.COIN,,PUT,165.0,2026-06-26,2991,6819480.0,BUY,06-26 03:12,6.26 03:12，出现一笔买入看跌期权交易，成交量为2991张，未平仓数为1994张，V/OI值为1.6，交易金额为6819480USD，合约行权价是165，到期日为2026/06/26
2026-06-25,US.COIN,,PUT,175.0,2026-06-26,2836,9069528.0,SELL,06-26 03:12,6.26 03:12，出现一笔卖出看跌期权交易，成交量为2836张，未平仓数为5089张，V/OI值为0.8，交易金额为9069528USD，合约行权价是175，到期日为2026/06/26
2026-06-25,US.COIN,,PUT,170.0,2026-06-26,1948,5103760.0,SELL,06-26 03:12,6.26 03:12，出现一笔卖出看跌期权交易，成交量为1948张，未平仓数为1891张，V/OI值为1.1，交易金额为5103760USD，合约行权价是170，到期日为2026/06/26
2026-06-25,US.CRCL,,PUT,65.0,2026-09-18,2500,2250000.0,SELL,06-26 03:26,6.26 03:26，出现一笔卖出看跌期权交易，成交量为2500张，未平仓数为2535张，V/OI值为1，交易金额为2250000USD，合约行权价是65，到期日为2026/09/18
2026-06-25,US.CRCL,,PUT,130.0,2026-07-17,1068,6410136.0,SELL,06-26 03:12,6.26 03:12，出现一笔卖出看跌期权交易，成交量为1068张，未平仓数为1001张，V/OI值为2.2，交易金额为6410136USD，合约行权价是130，到期日为2026/07/17
2026-06-25,US.CRCL,,PUT,90.0,2026-06-26,1312,2722400.0,SELL,06-26 03:12,6.26 03:12，出现一笔卖出看跌期权交易，成交量为1312张，未平仓数为875张，V/OI值为1.5，交易金额为2722400USD，合约行权价是90，到期日为2026/06/26
2026-06-25,US.CRM,,PUT,270.0,2027-01-15,1166,14091110.0,BUY,06-26 03:13,6.26 03:13，出现一笔买入看跌期权交易，成交量为1166张，未平仓数为1037张，V/OI值为1.2，交易金额为14091110USD，合约行权价是270，到期日为2027/01/15
2026-06-25,US.CRM,,PUT,155.0,2026-08-21,247,300105.0,SELL,06-26 02:58,6.26 02:58，出现一笔卖出看跌期权交易，成交量为247张，未平仓数为2242张，V/OI值为0.1，交易金额为300105USD，合约行权价是155，到期日为2026/08/21
2026-06-25,US.CRM,,CALL,150.0,2026-09-18,2000,2900000.0,SELL,06-26 02:08,6.26 02:08，出现一笔卖出看涨期权交易，成交量为2000张，未平仓数为372张，V/OI值为5.5，交易金额为2900000USD，合约行权价是150，到期日为2026/09/18
2026-06-25,US.CRM,,PUT,160.0,2026-09-18,284,526904.0,SELL,06-26 02:06,6.26 02:06，出现一笔卖出看跌期权交易，成交量为284张，未平仓数为8013张，V/OI值为0，交易金额为526904USD，合约行权价是160，到期日为2026/09/18
2026-06-25,US.CRWV,,PUT,120.0,2026-06-26,1200,2412000.0,SELL,06-26 03:13,6.26 03:13，出现一笔卖出看跌期权交易，成交量为1200张，未平仓数为942张，V/OI值为1.4，交易金额为2412000USD，合约行权价是120，到期日为2026/06/26
2026-06-25,US.DDOG,,PUT,215.0,2026-06-26,758,60476.0,SELL,06-26 03:44,6.26 03:44，出现一笔卖出看跌期权交易，成交量为758张，未平仓数为177张，V/OI值为4.6，交易金额为60476USD，合约行权价是215，到期日为2026/06/26
2026-06-25,US.DDOG,,PUT,217.5,2026-06-26,643,99022.0,SELL,06-26 03:44,6.26 03:44，出现一笔卖出看跌期权交易，成交量为643张，未平仓数为116张，V/OI值为10，交易金额为99022USD，合约行权价是217.5，到期日为2026/06/26
2026-06-25,US.DDOG,,PUT,220.0,2027-01-15,2679,10769580.0,SELL,06-26 00:10,6.26 00:10，出现一笔卖出看跌期权交易，成交量为2679张，未平仓数为2798张，V/OI值为1，交易金额为10769580USD，合约行权价是220，到期日为2027/01/15
2026-06-25,US.DDOG,,CALL,230.0,2026-08-21,219,459900.0,BUY,06-26 00:06,6.26 00:06，出现一笔买入看涨期权交易，成交量为219张，未平仓数为594张，V/OI值为0.4，交易金额为459900USD，合约行权价是230，到期日为2026/08/21
2026-06-25,US.DRAM,,CALL,80.0,2026-07-17,1006,623720.0,SELL,06-26 02:29,6.26 02:29，出现一笔卖出看涨期权交易，成交量为1006张，未平仓数为18390张，V/OI值为0.5，交易金额为623720USD，合约行权价是80，到期日为2026/07/17
2026-06-25,US.EWT,,PUT,95.0,2026-07-17,1000,113004.0,SELL,06-26 03:28,6.26 03:28，出现一笔卖出看跌期权交易，成交量为1000张，未平仓数为4432张，V/OI值为0.2，交易金额为113004USD，合约行权价是95，到期日为2026/07/17
2026-06-25,US.FCX,,PUT,70.0,2026-06-26,1074,850608.0,BUY,06-26 03:03,6.26 03:03，出现一笔买入看跌期权交易，成交量为1074张，未平仓数为716张，V/OI值为1.5，交易金额为850608USD，合约行权价是70，到期日为2026/06/26
2026-06-25,US.FCX,,PUT,45.0,2027-03-19,1200,372000.0,SELL,06-26 02:41,6.26 02:41，出现一笔卖出看跌期权交易，成交量为1200张，未平仓数为986张，V/OI值为1.2，交易金额为372000USD，合约行权价是45，到期日为2027/03/19
2026-06-25,US.FIG,,CALL,25.0,2028-01-21,1495,837200.0,SELL,06-26 03:55,6.26 03:55，出现一笔卖出看涨期权交易，成交量为1495张，未平仓数为4071张，V/OI值为0.4，交易金额为837200USD，合约行权价是25，到期日为2028/01/21
2026-06-25,US.FIG,,CALL,25.0,2026-09-18,1000,98000.0,SELL,06-26 03:01,6.26 03:01，出现一笔卖出看涨期权交易，成交量为1000张，未平仓数为11536张，V/OI值为0.5，交易金额为98000USD，合约行权价是25，到期日为2026/09/18
2026-06-25,US.FIG,,CALL,25.0,2026-09-18,1000,99000.0,SELL,06-26 03:01,6.26 03:01，出现一笔卖出看涨期权交易，成交量为1000张，未平仓数为11536张，V/OI值为0.4，交易金额为99000USD，合约行权价是25，到期日为2026/09/18
2026-06-25,US.FIG,,CALL,25.0,2026-09-18,1999,199900.0,SELL,06-26 02:53,6.26 02:53，出现一笔卖出看涨期权交易，成交量为1999张，未平仓数为11536张，V/OI值为0.4，交易金额为199900USD，合约行权价是25，到期日为2026/09/18
2026-06-25,US.FIG,,CALL,25.0,2026-09-18,1000,101000.0,SELL,06-26 02:02,6.26 02:02，出现一笔卖出看涨期权交易，成交量为1000张，未平仓数为11536张，V/OI值为0.2，交易金额为101000USD，合约行权价是25，到期日为2026/09/18
2026-06-25,US.GDS,,PUT,27.0,2026-07-17,780,66207.0,BUY,06-26 01:40,6.26 01:40，出现一笔买入看跌期权交易，成交量为780张，未平仓数为7张，V/OI值为126.1，交易金额为66207USD，合约行权价是27，到期日为2026/07/17
2026-06-25,US.GEV,,CALL,1035.0,2026-07-31,150,1770000.0,BUY,06-26 01:03,6.26 01:03，出现一笔买入看涨期权交易，成交量为150张，未平仓数为3张，V/OI值为100，交易金额为1770000USD，合约行权价是1035，到期日为2026/07/31
2026-06-25,US.GFS,,CALL,85.0,2026-08-21,141,167786.0,BUY,06-26 03:47,6.26 03:47，出现一笔买入看涨期权交易，成交量为141张，未平仓数为51张，V/OI值为2.9，交易金额为167786USD，合约行权价是85，到期日为2026/08/21
2026-06-25,US.GFS,,PUT,80.0,2026-08-21,212,169600.0,BUY,06-26 03:02,6.26 03:02，出现一笔买入看跌期权交易，成交量为212张，未平仓数为66张，V/OI值为3.3，交易金额为169600USD，合约行权价是80，到期日为2026/08/21
2026-06-25,US.GFS,,CALL,100.0,2026-07-17,300,69000.0,SELL,06-26 01:54,6.26 01:54，出现一笔卖出看涨期权交易，成交量为300张，未平仓数为18676张，V/OI值为0.3，交易金额为69000USD，合约行权价是100，到期日为2026/07/17
2026-06-25,US.GOOGL,,PUT,360.0,2026-06-26,1760,3104640.0,BUY,06-26 03:13,6.26 03:13，出现一笔买入看跌期权交易，成交量为1760张，未平仓数为4017张，V/OI值为1.3，交易金额为3104640USD，合约行权价是360，到期日为2026/06/26
2026-06-25,US.GOOGL,,PUT,360.0,2026-06-26,1998,3546450.0,BUY,06-26 03:13,6.26 03:13，出现一笔买入看跌期权交易，成交量为1998张，未平仓数为4017张，V/OI值为0.9，交易金额为3546450USD，合约行权价是360，到期日为2026/06/26
2026-06-25,US.HOOD,,CALL,106.0,2026-07-17,1089,217800.0,SELL,06-26 03:46,6.26 03:46，出现一笔卖出看涨期权交易，成交量为1089张，未平仓数为107张，V/OI值为10.9，交易金额为217800USD，合约行权价是106，到期日为2026/07/17
2026-06-25,US.HOOD,,CALL,102.0,2026-07-02,1000,101000.0,BUY,06-26 03:40,6.26 03:40，出现一笔买入看涨期权交易，成交量为1000张，未平仓数为2570张，V/OI值为1.9，交易金额为101000USD，合约行权价是102，到期日为2026/07/02
2026-06-25,US.HOOD,,CALL,100.0,2026-07-17,1000,408005.0,BUY,06-26 01:47,6.26 01:47，出现一笔买入看涨期权交易，成交量为1000张，未平仓数为17004张，V/OI值为0.2，交易金额为408005USD，合约行权价是100，到期日为2026/07/17
2026-06-25,US.HOOD,,CALL,94.0,2026-06-26,1059,207564.0,SELL,06-26 00:54,6.26 00:54，出现一笔卖出看涨期权交易，成交量为1059张，未平仓数为329张，V/OI值为6.2，交易金额为207564USD，合约行权价是94，到期日为2026/06/26
2026-06-25,US.HPE,,CALL,55.0,2027-01-15,289,200855.0,SELL,06-26 03:37,6.26 03:37，出现一笔卖出看涨期权交易，成交量为289张，未平仓数为1781张，V/OI值为0.3，交易金额为200855USD，合约行权价是55，到期日为2027/01/15
2026-06-25,US.IBIT,,CALL,34.0,2026-06-26,5530,94010.0,BUY,06-26 03:43,6.26 03:43，出现一笔买入看涨期权交易，成交量为5530张，未平仓数为2152张，V/OI值为8.3，交易金额为94010USD，合约行权价是34，到期日为2026/06/26
2026-06-25,US.IBIT,,PUT,45.0,2026-07-17,5000,5725000.0,SELL,06-26 03:41,6.26 03:41，出现一笔卖出看跌期权交易，成交量为5000张，未平仓数为3221张，V/OI值为4.2，交易金额为5725000USD，合约行权价是45，到期日为2026/07/17
2026-06-25,US.IBIT,,PUT,46.0,2026-07-17,8000,9960000.0,SELL,06-26 03:41,6.26 03:41，出现一笔卖出看跌期权交易，成交量为8000张，未平仓数为5149张，V/OI值为4.8，交易金额为9960000USD，合约行权价是46，到期日为2026/07/17
2026-06-25,US.IBIT,,PUT,42.0,2026-07-17,10500,8715000.0,SELL,06-26 03:11,6.26 03:11，出现一笔卖出看跌期权交易，成交量为10500张，未平仓数为11824张，V/OI值为2.4，交易金额为8715000USD，合约行权价是42，到期日为2026/07/17
2026-06-25,US.IBIT,,PUT,65.0,2027-06-17,9780,30542940.0,SELL,06-26 03:11,6.26 03:11，出现一笔卖出看跌期权交易，成交量为9780张，未平仓数为12672张，V/OI值为0.8，交易金额为30542940USD，合约行权价是65，到期日为2027/06/17
2026-06-25,US.IBIT,,CALL,35.0,2026-07-02,2999,92969.0,SELL,06-26 02:56,6.26 02:56，出现一笔卖出看涨期权交易，成交量为2999张，未平仓数为5246张，V/OI值为6.8，交易金额为92969USD，合约行权价是35，到期日为2026/07/02
2026-06-25,US.IBIT,,PUT,40.0,2026-06-30,8200,5207000.0,SELL,06-26 02:52,6.26 02:52，出现一笔卖出看跌期权交易，成交量为8200张，未平仓数为4083张，V/OI值为2.2，交易金额为5207000USD，合约行权价是40，到期日为2026/06/30
2026-06-25,US.IBIT,,PUT,42.0,2026-07-17,8200,6847000.0,SELL,06-26 02:52,6.26 02:52，出现一笔卖出看跌期权交易，成交量为8200张，未平仓数为11824张，V/OI值为1.5，交易金额为6847000USD，合约行权价是42，到期日为2026/07/17
2026-06-25,US.IBIT,,PUT,46.0,2026-07-17,9930,12352920.0,BUY,06-26 02:51,6.26 02:51，出现一笔买入看跌期权交易，成交量为9930张，未平仓数为5149张，V/OI值为1.9，交易金额为12352920USD，合约行权价是46，到期日为2026/07/17
2026-06-25,US.IBIT,,PUT,42.0,2026-07-17,3800,3230000.0,BUY,06-26 02:51,6.26 02:51，出现一笔买入看跌期权交易，成交量为3800张，未平仓数为11824张，V/OI值为0.8，交易金额为3230000USD，合约行权价是42，到期日为2026/07/17
2026-06-25,US.IBIT,,PUT,42.0,2026-07-17,6130,5204370.0,BUY,06-26 02:51,6.26 02:51，出现一笔买入看跌期权交易，成交量为6130张，未平仓数为11824张，V/OI值为0.5，交易金额为5204370USD，合约行权价是42，到期日为2026/07/17
2026-06-25,US.IBIT,,CALL,36.0,2026-08-21,2500,347500.0,SELL,06-26 02:40,6.26 02:40，出现一笔卖出看涨期权交易，成交量为2500张，未平仓数为8423张，V/OI值为0.5，交易金额为347500USD，合约行权价是36，到期日为2026/08/21
2026-06-25,US.IBIT,,CALL,33.0,2026-08-21,2500,717500.0,BUY,06-26 02:40,6.26 02:40，出现一笔买入看涨期权交易，成交量为2500张，未平仓数为550张，V/OI值为4.8，交易金额为717500USD，合约行权价是33，到期日为2026/08/21
2026-06-25,US.IBIT,,PUT,31.0,2026-07-10,3914,172216.0,SELL,06-26 02:32,6.26 02:32，出现一笔卖出看跌期权交易，成交量为3914张，未平仓数为6167张，V/OI值为0.9，交易金额为172216USD，合约行权价是31，到期日为2026/07/10
2026-06-25,US.IBIT,,PUT,33.0,2026-07-10,6018,605889.0,BUY,06-26 00:33,6.26 00:33，出现一笔买入看跌期权交易，成交量为6018张，未平仓数为2938张，V/OI值为21.3，交易金额为605889USD，合约行权价是33，到期日为2026/07/10
2026-06-25,US.IBIT,,PUT,32.0,2026-09-18,3819,798171.0,BUY,06-26 00:30,6.26 00:30，出现一笔买入看跌期权交易，成交量为3819张，未平仓数为11805张，V/OI值为0.8，交易金额为798171USD，合约行权价是32，到期日为2026/09/18
2026-06-25,US.IBIT,,PUT,33.0,2026-07-10,2744,252448.0,BUY,06-26 00:27,6.26 00:27，出现一笔买入看跌期权交易，成交量为2744张，未平仓数为2938张，V/OI值为5.3，交易金额为252448USD，合约行权价是33，到期日为2026/07/10
2026-06-25,US.IBIT,,CALL,40.0,2026-08-21,7100,373058.0,BUY,06-26 00:17,6.26 00:17，出现一笔买入看涨期权交易，成交量为7100张，未平仓数为12555张，V/OI值为0.6，交易金额为373058USD，合约行权价是40，到期日为2026/08/21
2026-06-25,US.IBM,,PUT,250.0,2026-12-18,200,535400.0,SELL,06-26 02:37,6.26 02:37，出现一笔卖出看跌期权交易，成交量为200张，未平仓数为2931张，V/OI值为0.4，交易金额为535400USD，合约行权价是250，到期日为2026/12/18
2026-06-25,US.IBM,,CALL,300.0,2026-12-18,200,379600.0,SELL,06-26 02:37,6.26 02:37，出现一笔卖出看涨期权交易，成交量为200张，未平仓数为1864张，V/OI值为0.6，交易金额为379600USD，合约行权价是300，到期日为2026/12/18
2026-06-25,US.IBM,,PUT,250.0,2026-12-18,200,540000.0,BUY,06-26 01:36,6.26 01:36，出现一笔买入看跌期权交易，成交量为200张，未平仓数为2931张，V/OI值为0.2，交易金额为540000USD，合约行权价是250，到期日为2026/12/18
2026-06-25,US.IBM,,CALL,300.0,2026-12-18,200,375000.0,BUY,06-26 01:36,6.26 01:36，出现一笔买入看涨期权交易，成交量为200张，未平仓数为1864张，V/OI值为0.4，交易金额为375000USD，合约行权价是300，到期日为2026/12/18
2026-06-25,US.IBM,,PUT,170.0,2027-01-15,3046,974720.0,SELL,06-26 00:07,6.26 00:07，出现一笔卖出看跌期权交易，成交量为3046张，未平仓数为3837张，V/OI值为0.8，交易金额为974720USD，合约行权价是170，到期日为2027/01/15
2026-06-25,US.IBM,,PUT,230.0,2027-01-15,3046,5680790.0,BUY,06-26 00:07,6.26 00:07，出现一笔买入看跌期权交易，成交量为3046张，未平仓数为4628张，V/OI值为0.7，交易金额为5680790USD，合约行权价是230，到期日为2027/01/15
2026-06-25,US.IGV,,PUT,80.0,2026-08-21,1271,310124.0,SELL,06-26 01:11,6.26 01:11，出现一笔卖出看跌期权交易，成交量为1271张，未平仓数为79163张，V/OI值为0，交易金额为310124USD，合约行权价是80，到期日为2026/08/21
2026-06-25,US.IGV,,PUT,80.0,2026-08-21,1146,279624.0,SELL,06-26 01:11,6.26 01:11，出现一笔卖出看跌期权交易，成交量为1146张，未平仓数为79163张，V/OI值为0，交易金额为279624USD，合约行权价是80，到期日为2026/08/21
2026-06-25,US.IGV,,PUT,90.0,2026-08-21,1271,934185.0,SELL,06-26 01:11,6.26 01:11，出现一笔卖出看跌期权交易，成交量为1271张，未平仓数为123600张，V/OI值为0，交易金额为934185USD，合约行权价是90，到期日为2026/08/21
2026-06-25,US.IGV,,PUT,90.0,2026-08-21,1146,842310.0,SELL,06-26 01:11,6.26 01:11，出现一笔卖出看跌期权交易，成交量为1146张，未平仓数为123600张，V/OI值为0，交易金额为842310USD，合约行权价是90，到期日为2026/08/21
2026-06-25,US.IGV,,PUT,85.5,2026-06-26,1246,161980.0,SELL,06-26 00:52,6.26 00:52，出现一笔卖出看跌期权交易，成交量为1246张，未平仓数为823张，V/OI值为2.6，交易金额为161980USD，合约行权价是85.5，到期日为2026/06/26
2026-06-25,US.IGV,,PUT,75.0,2028-01-21,3510,2976480.0,SELL,06-26 00:24,6.26 00:24，出现一笔卖出看跌期权交易，成交量为3510张，未平仓数为7862张，V/OI值为0.4，交易金额为2976480USD，合约行权价是75，到期日为2028/01/21
2026-06-25,US.IGV,,PUT,75.0,2026-09-18,3510,642330.0,BUY,06-26 00:24,6.26 00:24，出现一笔买入看跌期权交易，成交量为3510张，未平仓数为1511张，V/OI值为2.4，交易金额为642330USD，合约行权价是75，到期日为2026/09/18
2026-06-25,US.INTC,,PUT,130.0,2026-07-17,1000,1080000.0,BUY,06-26 03:15,6.26 03:15，出现一笔买入看跌期权交易，成交量为1000张，未平仓数为2782张，V/OI值为4.5，交易金额为1080000USD，合约行权价是130，到期日为2026/07/17
2026-06-25,US.INTC,,PUT,130.0,2026-07-17,1237,1323590.0,BUY,06-26 03:04,6.26 03:04，出现一笔买入看跌期权交易，成交量为1237张，未平仓数为2782张，V/OI值为4.2，交易金额为1323590USD，合约行权价是130，到期日为2026/07/17
2026-06-25,US.INTC,,PUT,130.0,2026-07-17,1000,1055000.0,BUY,06-26 03:02,6.26 03:02，出现一笔买入看跌期权交易，成交量为1000张，未平仓数为2782张，V/OI值为3.7，交易金额为1055000USD，合约行权价是130，到期日为2026/07/17
2026-06-25,US.INTC,,PUT,130.0,2026-07-17,1250,1312500.0,BUY,06-26 03:01,6.26 03:01，出现一笔买入看跌期权交易，成交量为1250张，未平仓数为2782张，V/OI值为3.3，交易金额为1312500USD，合约行权价是130，到期日为2026/07/17
2026-06-25,US.INTC,,PUT,50.0,2027-01-15,5000,945000.0,SELL,06-26 02:53,6.26 02:53，出现一笔卖出看跌期权交易，成交量为5000张，未平仓数为11876张，V/OI值为0.4，交易金额为945000USD，合约行权价是50，到期日为2027/01/15
2026-06-25,US.INTC,,CALL,140.0,2027-01-15,1250,3960000.0,SELL,06-26 01:31,6.26 01:31，出现一笔卖出看涨期权交易，成交量为1250张，未平仓数为8296张，V/OI值为0.2，交易金额为3960000USD，合约行权价是140，到期日为2027/01/15
2026-06-25,US.INTC,,CALL,140.0,2026-06-26,2000,94000.0,SELL,06-26 00:55,6.26 00:55，出现一笔卖出看涨期权交易，成交量为2000张，未平仓数为15662张，V/OI值为1，交易金额为94000USD，合约行权价是140，到期日为2026/06/26
2026-06-25,US.INTU,,PUT,300.0,2027-01-15,1853,12600400.0,SELL,06-26 00:34,6.26 00:34，出现一笔卖出看跌期权交易，成交量为1853张，未平仓数为2501张，V/OI值为0.7，交易金额为12600400USD，合约行权价是300，到期日为2027/01/15
2026-06-25,US.INTU,,PUT,390.0,2027-01-15,1853,25756700.0,SELL,06-26 00:33,6.26 00:33，出现一笔卖出看跌期权交易，成交量为1853张，未平仓数为1888张，V/OI值为1，交易金额为25756700USD，合约行权价是390，到期日为2027/01/15
2026-06-25,US.INTU,,PUT,260.0,2026-10-16,170,593301.0,SELL,06-26 00:25,6.26 00:25，出现一笔卖出看跌期权交易，成交量为170张，未平仓数为77张，V/OI值为2.4，交易金额为593301USD，合约行权价是260，到期日为2026/10/16
2026-06-25,US.IREN,,CALL,100.0,2027-01-15,2000,1034000.0,BUY,06-26 03:59,6.26 03:59，出现一笔买入看涨期权交易，成交量为2000张，未平仓数为21425张，V/OI值为0.1，交易金额为1034000USD，合约行权价是100，到期日为2027/01/15
2026-06-25,US.IREN,,PUT,61.0,2026-06-26,1152,1524096.0,SELL,06-26 03:12,6.26 03:12，出现一笔卖出看跌期权交易，成交量为1152张，未平仓数为5197张，V/OI值为0.8，交易金额为1524096USD，合约行权价是61，到期日为2026/06/26
2026-06-25,US.IREN,,PUT,61.0,2026-06-26,2432,3215104.0,SELL,06-26 03:12,6.26 03:12，出现一笔卖出看跌期权交易，成交量为2432张，未平仓数为5197张，V/OI值为0.5，交易金额为3215104USD，合约行权价是61，到期日为2026/06/26
2026-06-25,US.IREN,,PUT,60.0,2026-06-26,2624,3214400.0,SELL,06-26 03:12,6.26 03:12，出现一笔卖出看跌期权交易，成交量为2624张，未平仓数为1749张，V/OI值为1.6，交易金额为3214400USD，合约行权价是60，到期日为2026/06/26
2026-06-25,US.IREN,,PUT,34.0,2026-08-21,12350,2926950.0,SELL,06-26 02:55,6.26 02:55，出现一笔卖出看跌期权交易，成交量为12350张，未平仓数为1273张，V/OI值为10.3，交易金额为2926950USD，合约行权价是34，到期日为2026/08/21
2026-06-25,US.IREN,,PUT,35.0,2026-08-21,1300,327600.0,BUY,06-26 02:18,6.26 02:18，出现一笔买入看跌期权交易，成交量为1300张，未平仓数为1870张，V/OI值为6.4，交易金额为327600USD，合约行权价是35，到期日为2026/08/21
2026-06-25,US.IREN,,CALL,54.0,2026-07-02,3499,325407.0,BUY,06-26 02:02,6.26 02:02，出现一笔买入看涨期权交易，成交量为3499张，未平仓数为4060张，V/OI值为1，交易金额为325407USD，合约行权价是54，到期日为2026/07/02
2026-06-25,US.IREN,,PUT,47.5,2026-07-02,3499,804770.0,SELL,06-26 02:02,6.26 02:02，出现一笔卖出看跌期权交易，成交量为3499张，未平仓数为3759张，V/OI值为1，交易金额为804770USD，合约行权价是47.5，到期日为2026/07/02
2026-06-25,US.IREN,,CALL,56.0,2026-07-02,3499,213439.0,BUY,06-26 02:02,6.26 02:02，出现一笔买入看涨期权交易，成交量为3499张，未平仓数为960张，V/OI值为3.8，交易金额为213439USD，合约行权价是56，到期日为2026/07/02
2026-06-25,US.IREN,,PUT,45.0,2026-07-02,3499,528349.0,BUY,06-26 02:02,6.26 02:02，出现一笔买入看跌期权交易，成交量为3499张，未平仓数为4046张，V/OI值为1.4，交易金额为528349USD，合约行权价是45，到期日为2026/07/02
2026-06-25,US.IREN,,CALL,49.5,2026-07-02,3499,846758.0,SELL,06-26 02:02,6.26 02:02，出现一笔卖出看涨期权交易，成交量为3499张，未平仓数为31张，V/OI值为116，交易金额为846758USD，合约行权价是49.5，到期日为2026/07/02
2026-06-25,US.IREN,,PUT,35.0,2026-08-21,10000,2450000.0,BUY,06-26 01:54,6.26 01:54，出现一笔买入看跌期权交易，成交量为10000张，未平仓数为1870张，V/OI值为10.7，交易金额为2450000USD，合约行权价是35，到期日为2026/08/21
2026-06-25,US.IREN,,PUT,35.0,2026-08-21,10000,2500000.0,BUY,06-26 01:53,6.26 01:53，出现一笔买入看跌期权交易，成交量为10000张，未平仓数为1870张，V/OI值为5.4，交易金额为2500000USD，合约行权价是35，到期日为2026/08/21
2026-06-25,US.IREN,,PUT,30.0,2026-08-21,1000,140000.0,BUY,06-26 01:23,6.26 01:23，出现一笔买入看跌期权交易，成交量为1000张，未平仓数为762张，V/OI值为1.3，交易金额为140000USD，合约行权价是30，到期日为2026/08/21
2026-06-25,US.IREN,,PUT,41.0,2026-07-17,25000,5200000.0,BUY,06-26 01:06,6.26 01:06，出现一笔买入看跌期权交易，成交量为25000张，未平仓数为585张，V/OI值为42.9，交易金额为5200000USD，合约行权价是41，到期日为2026/07/17
2026-06-25,US.IREN,,PUT,42.0,2026-06-26,7500,112500.0,BUY,06-26 00:39,6.26 00:39，出现一笔买入看跌期权交易，成交量为7500张，未平仓数为18375张，V/OI值为0.4，交易金额为112500USD，合约行权价是42，到期日为2026/06/26
2026-06-25,US.IREN,,PUT,45.0,2026-06-26,5000,175000.0,SELL,06-26 00:39,6.26 00:39，出现一笔卖出看跌期权交易，成交量为5000张，未平仓数为26028张，V/OI值为0.3，交易金额为175000USD，合约行权价是45，到期日为2026/06/26
2026-06-25,US.IREN,,PUT,40.0,2026-06-26,20000,200000.0,SELL,06-26 00:39,6.26 00:39，出现一笔卖出看跌期权交易，成交量为20000张，未平仓数为39490张，V/OI值为0.6，交易金额为200000USD，合约行权价是40，到期日为2026/06/26
2026-06-25,US.IWM,,PUT,284.0,2026-07-17,6000,1331764.0,BUY,06-26 04:09,6.26 04:09，出现一笔买入看跌期权交易，成交量为6000张，未平仓数为4730张，V/OI值为6.9，交易金额为1331764USD，合约行权价是284，到期日为2026/07/17
2026-06-25,US.IWM,,PUT,290.0,2026-06-30,5999,425929.0,BUY,06-26 04:08,6.26 04:08，出现一笔买入看跌期权交易，成交量为5999张，未平仓数为14593张，V/OI值为3，交易金额为425929USD，合约行权价是290，到期日为2026/06/30
2026-06-25,US.IWM,,PUT,292.0,2026-06-30,11998,1139810.0,SELL,06-26 04:08,6.26 04:08，出现一笔卖出看跌期权交易，成交量为11998张，未平仓数为3613张，V/OI值为22.2，交易金额为1139810USD，合约行权价是292，到期日为2026/06/30
2026-06-25,US.IWM,,PUT,285.0,2026-07-17,12000,2832000.0,SELL,06-26 04:06,6.26 04:06，出现一笔卖出看跌期权交易，成交量为12000张，未平仓数为77894张，V/OI值为0.4，交易金额为2832000USD，合约行权价是285，到期日为2026/07/17
2026-06-25,US.IWM,,CALL,303.0,2026-07-06,3139,590132.0,SELL,06-26 03:13,6.26 03:13，出现一笔卖出看涨期权交易，成交量为3139张，未平仓数为89张，V/OI值为35.7，交易金额为590132USD，合约行权价是303，到期日为2026/07/06
2026-06-25,US.IWM,,PUT,260.0,2027-06-17,3000,3330000.0,SELL,06-26 02:41,6.26 02:41，出现一笔卖出看跌期权交易，成交量为3000张，未平仓数为7413张，V/OI值为0.4，交易金额为3330000USD，合约行权价是260，到期日为2027/06/17
2026-06-25,US.IWM,,PUT,290.0,2026-06-30,6000,497863.0,BUY,06-26 01:58,6.26 01:58，出现一笔买入看跌期权交易，成交量为6000张，未平仓数为14593张，V/OI值为2.4，交易金额为497863USD，合约行权价是290，到期日为2026/06/30
2026-06-25,US.IWM,,PUT,292.0,2026-06-30,8572,1002924.0,SELL,06-26 01:56,6.26 01:56，出现一笔卖出看跌期权交易，成交量为8572张，未平仓数为3613张，V/OI值为18.6，交易金额为1002924USD，合约行权价是292，到期日为2026/06/30
2026-06-25,US.IWM,,PUT,300.0,2026-06-25,3027,508536.0,BUY,06-26 01:29,6.26 01:29，出现一笔买入看跌期权交易，成交量为3027张，未平仓数为2034张，V/OI值为28.4，交易金额为508536USD，合约行权价是300，到期日为2026/06/25
2026-06-25,US.IWM,,CALL,304.0,2026-07-02,5880,929040.0,SELL,06-26 00:40,6.26 00:40，出现一笔卖出看涨期权交易，成交量为5880张，未平仓数为3556张，V/OI值为1.9，交易金额为929040USD，合约行权价是304，到期日为2026/07/02
2026-06-25,US.IWM,,PUT,284.0,2026-06-30,3057,91710.0,SELL,06-26 00:28,6.26 00:28，出现一笔卖出看跌期权交易，成交量为3057张，未平仓数为815张，V/OI值为3.8，交易金额为91710USD，合约行权价是284，到期日为2026/06/30
2026-06-25,US.IWM,,PUT,290.0,2026-06-30,3582,290142.0,BUY,06-26 00:27,6.26 00:27，出现一笔买入看跌期权交易，成交量为3582张，未平仓数为14593张，V/OI值为1，交易金额为290142USD，合约行权价是290，到期日为2026/06/30
2026-06-25,US.JD,,PUT,28.0,2026-06-26,1592,434616.0,SELL,06-26 03:12,6.26 03:12，出现一笔卖出看跌期权交易，成交量为1592张，未平仓数为1457张，V/OI值为2.3，交易金额为434616USD，合约行权价是28，到期日为2026/06/26
2026-06-25,US.JD,,PUT,27.0,2026-06-26,1592,300888.0,SELL,06-26 03:12,6.26 03:12，出现一笔卖出看跌期权交易，成交量为1592张，未平仓数为1061张，V/OI值为2，交易金额为300888USD，合约行权价是27，到期日为2026/06/26
2026-06-25,US.JD,,CALL,25.0,2027-01-15,1000,326000.0,BUY,06-26 00:45,6.26 00:45，出现一笔买入看涨期权交易，成交量为1000张，未平仓数为6392张，V/OI值为0.2，交易金额为326000USD，合约行权价是25，到期日为2027/01/15
2026-06-25,US.JD,,CALL,24.0,2027-01-15,1000,376000.0,SELL,06-26 00:45,6.26 00:45，出现一笔卖出看涨期权交易，成交量为1000张，未平仓数为18张，V/OI值为55.6，交易金额为376000USD，合约行权价是24，到期日为2027/01/15
2026-06-25,US.LI,,PUT,14.5,2026-06-26,834,216840.0,BUY,06-26 03:03,6.26 03:03，出现一笔买入看跌期权交易，成交量为834张，未平仓数为593张，V/OI值为1.4，交易金额为216840USD，合约行权价是14.5，到期日为2026/06/26
2026-06-25,US.LITE,,PUT,785.0,2026-07-02,300,627000.0,BUY,06-26 02:11,6.26 02:11，出现一笔买入看跌期权交易，成交量为300张，未平仓数为30张，V/OI值为10.6，交易金额为627000USD，合约行权价是785，到期日为2026/07/02
2026-06-25,US.MARA,,CALL,14.5,2026-06-26,9800,107800.0,SELL,06-26 02:01,6.26 02:01，出现一笔卖出看涨期权交易，成交量为9800张，未平仓数为61489张，V/OI值为0.2，交易金额为107800USD，合约行权价是14.5，到期日为2026/06/26
2026-06-25,US.MARA,,CALL,14.0,2026-07-02,9800,637000.0,SELL,06-26 02:01,6.26 02:01，出现一笔卖出看涨期权交易，成交量为9800张，未平仓数为1999张，V/OI值为5.5，交易金额为637000USD，合约行权价是14，到期日为2026/07/02
2026-06-25,US.MARA,,CALL,15.0,2026-07-02,9800,294000.0,SELL,06-26 02:01,6.26 02:01，出现一笔卖出看涨期权交易，成交量为9800张，未平仓数为1793张，V/OI值为6.5，交易金额为294000USD，合约行权价是15，到期日为2026/07/02
2026-06-25,US.META,,CALL,570.0,2026-07-01,2183,481731.0,BUY,06-26 03:51,6.26 03:51，出现一笔买入看涨期权交易，成交量为2183张，未平仓数为178张，V/OI值为13.4，交易金额为481731USD，合约行权价是570，到期日为2026/07/01
2026-06-25,US.META,,CALL,635.0,2026-11-20,2000,5960000.0,BUY,06-26 03:27,6.26 03:27，出现一笔买入看涨期权交易，成交量为2000张，未平仓数为283张，V/OI值为7.3，交易金额为5960000USD，合约行权价是635，到期日为2026/11/20
2026-06-25,US.META,,PUT,595.0,2026-06-26,1610,7655550.0,SELL,06-26 02:52,6.26 02:52，出现一笔卖出看跌期权交易，成交量为1610张，未平仓数为652张，V/OI值为4.3，交易金额为7655550USD，合约行权价是595，到期日为2026/06/26
2026-06-25,US.META,,PUT,680.0,2026-07-17,1280,17098240.0,BUY,06-26 02:52,6.26 02:52，出现一笔买入看跌期权交易，成交量为1280张，未平仓数为430张，V/OI值为3，交易金额为17098240USD，合约行权价是680，到期日为2026/07/17
2026-06-25,US.META,,PUT,675.0,2026-07-17,1750,22793750.0,BUY,06-26 02:52,6.26 02:52，出现一笔买入看跌期权交易，成交量为1750张，未平仓数为549张，V/OI值为3.2，交易金额为22793750USD，合约行权价是675，到期日为2026/07/17
2026-06-25,US.META,,PUT,600.0,2026-06-26,1880,9898200.0,SELL,06-26 02:52,6.26 02:52，出现一笔卖出看跌期权交易，成交量为1880张，未平仓数为909张，V/OI值为4.7，交易金额为9898200USD，合约行权价是600，到期日为2026/06/26
2026-06-25,US.META,,PUT,590.0,2026-06-26,1332,5674320.0,SELL,06-26 02:46,6.26 02:46，出现一笔卖出看跌期权交易，成交量为1332张，未平仓数为888张，V/OI值为1.7，交易金额为5674320USD，合约行权价是590，到期日为2026/06/26
2026-06-25,US.META,,PUT,580.0,2026-06-26,1344,4388160.0,SELL,06-26 02:46,6.26 02:46，出现一笔卖出看跌期权交易，成交量为1344张，未平仓数为896张，V/OI值为1.7，交易金额为4388160USD，合约行权价是580，到期日为2026/06/26
2026-06-25,US.META,,PUT,585.0,2026-06-26,1112,4375720.0,BUY,06-26 02:46,6.26 02:46，出现一笔买入看跌期权交易，成交量为1112张，未平仓数为741张，V/OI值为1.8，交易金额为4375720USD，合约行权价是585，到期日为2026/06/26
2026-06-25,US.META,,PUT,500.0,2026-07-17,2000,800000.0,SELL,06-26 01:11,6.26 01:11，出现一笔卖出看跌期权交易，成交量为2000张，未平仓数为3350张，V/OI值为0.9，交易金额为800000USD，合约行权价是500，到期日为2026/07/17
2026-06-25,US.MRNA,,CALL,60.0,2026-08-21,355,266250.0,SELL,06-26 03:18,6.26 03:18，出现一笔卖出看涨期权交易，成交量为355张，未平仓数为1055张，V/OI值为0.4，交易金额为266250USD，合约行权价是60，到期日为2026/08/21
2026-06-25,US.MRVL,,PUT,300.0,2027-06-17,1000,10280000.0,BUY,06-26 01:48,6.26 01:48，出现一笔买入看跌期权交易，成交量为1000张，未平仓数为64张，V/OI值为15.6，交易金额为10280000USD，合约行权价是300，到期日为2027/06/17
2026-06-25,US.MSFT,,CALL,347.5,2026-06-26,1941,1329559.0,BUY,06-26 03:39,6.26 03:39，出现一笔买入看涨期权交易，成交量为1941张，未平仓数为15张，V/OI值为170.5，交易金额为1329559USD，合约行权价是347.5，到期日为2026/06/26
2026-06-25,US.MSFT,,PUT,355.0,2026-06-26,1411,493875.0,SELL,06-26 03:14,6.26 03:14，出现一笔卖出看跌期权交易，成交量为1411张，未平仓数为2277张，V/OI值为8.3，交易金额为493875USD，合约行权价是355，到期日为2026/06/26
2026-06-25,US.MSFT,,CALL,500.0,2026-09-18,2000,434000.0,SELL,06-26 03:06,6.26 03:06，出现一笔卖出看涨期权交易，成交量为2000张，未平仓数为18451张，V/OI值为0.3，交易金额为434000USD，合约行权价是500，到期日为2026/09/18
2026-06-25,US.MSFT,,CALL,575.0,2027-01-15,10000,3800000.0,SELL,06-26 02:57,6.26 02:57，出现一笔卖出看涨期权交易，成交量为10000张，未平仓数为25753张，V/OI值为0.4，交易金额为3800000USD，合约行权价是575，到期日为2027/01/15
2026-06-25,US.MSFT,,PUT,440.0,2026-07-17,4610,39991750.0,BUY,06-26 02:51,6.26 02:51，出现一笔买入看跌期权交易，成交量为4610张，未平仓数为2020张，V/OI值为4，交易金额为39991750USD，合约行权价是440，到期日为2026/07/17
2026-06-25,US.MSFT,,PUT,410.0,2026-07-02,2870,15598450.0,SELL,06-26 02:51,6.26 02:51，出现一笔卖出看跌期权交易，成交量为2870张，未平仓数为986张，V/OI值为5.5，交易金额为15598450USD，合约行权价是410，到期日为2026/07/02
2026-06-25,US.MSFT,,PUT,405.0,2026-06-26,2190,11223750.0,BUY,06-26 02:51,6.26 02:51，出现一笔买入看跌期权交易，成交量为2190张，未平仓数为762张，V/OI值为5.4，交易金额为11223750USD，合约行权价是405，到期日为2026/06/26
2026-06-25,US.MSFT,,PUT,450.0,2026-07-17,2870,27724200.0,BUY,06-26 02:51,6.26 02:51，出现一笔买入看跌期权交易，成交量为2870张，未平仓数为1019张，V/OI值为4.3，交易金额为27724200USD，合约行权价是450，到期日为2026/07/17
2026-06-25,US.MSFT,,PUT,390.0,2026-06-26,4530,15922950.0,BUY,06-26 02:51,6.26 02:51，出现一笔买入看跌期权交易，成交量为4530张，未平仓数为1843张，V/OI值为5.1，交易金额为15922950USD，合约行权价是390，到期日为2026/06/26
2026-06-25,US.MSFT,,PUT,395.0,2026-06-26,2190,8562900.0,SELL,06-26 02:51,6.26 02:51，出现一笔卖出看跌期权交易，成交量为2190张，未平仓数为736张，V/OI值为5.7，交易金额为8562900USD，合约行权价是395，到期日为2026/06/26
2026-06-25,US.MSFT,,CALL,420.0,2026-08-21,2000,1220000.0,BUY,06-26 02:45,6.26 02:45，出现一笔买入看涨期权交易，成交量为2000张，未平仓数为10060张，V/OI值为0.5，交易金额为1220000USD，合约行权价是420，到期日为2026/08/21
2026-06-25,US.MSFT,,PUT,380.0,2026-06-26,2400,5424000.0,SELL,06-26 02:43,6.26 02:43，出现一笔卖出看跌期权交易，成交量为2400张，未平仓数为1600张，V/OI值为1.7，交易金额为5424000USD，合约行权价是380，到期日为2026/06/26
2026-06-25,US.MSFT,,PUT,382.5,2026-06-26,1148,3128300.0,BUY,06-26 02:43,6.26 02:43，出现一笔买入看跌期权交易，成交量为1148张，未平仓数为790张，V/OI值为1.7，交易金额为3128300USD，合约行权价是382.5，到期日为2026/06/26
2026-06-25,US.MSFT,,PUT,440.0,2026-07-17,1032,8772000.0,BUY,06-26 02:43,6.26 02:43，出现一笔买入看跌期权交易，成交量为1032张，未平仓数为2020张，V/OI值为1.5，交易金额为8772000USD，合约行权价是440，到期日为2026/07/17
2026-06-25,US.MSFT,,PUT,440.0,2026-07-17,1996,16964004.0,BUY,06-26 02:43,6.26 02:43，出现一笔买入看跌期权交易，成交量为1996张，未平仓数为2020张，V/OI值为1，交易金额为16964004USD，合约行权价是440，到期日为2026/07/17
2026-06-25,US.MSFT,,PUT,385.0,2026-06-26,2664,7339320.0,SELL,06-26 02:43,6.26 02:43，出现一笔卖出看跌期权交易，成交量为2664张，未平仓数为1776张，V/OI值为1.8，交易金额为7339320USD，合约行权价是385，到期日为2026/06/26
2026-06-25,US.MSFT,,PUT,390.0,2026-06-26,2764,8999584.0,SELL,06-26 02:43,6.26 02:43，出现一笔卖出看跌期权交易，成交量为2764张，未平仓数为1843张，V/OI值为2.6，交易金额为8999584USD，合约行权价是390，到期日为2026/06/26
2026-06-25,US.MSFT,,PUT,395.0,2026-06-26,1104,4140000.0,SELL,06-26 02:43,6.26 02:43，出现一笔卖出看跌期权交易，成交量为1104张，未平仓数为736张，V/OI值为2.7，交易金额为4140000USD，合约行权价是395，到期日为2026/06/26
2026-06-25,US.MSFT,,CALL,360.0,2026-06-26,1554,326340.0,BUY,06-26 02:28,6.26 02:28，出现一笔买入看涨期权交易，成交量为1554张，未平仓数为145张，V/OI值为177.3，交易金额为326340USD，合约行权价是360，到期日为2026/06/26
2026-06-25,US.MSFT,,PUT,410.0,2026-07-02,1000,5525000.0,BUY,06-26 02:24,6.26 02:24，出现一笔买入看跌期权交易，成交量为1000张，未平仓数为986张，V/OI值为1.1，交易金额为5525000USD，合约行权价是410，到期日为2026/07/02
2026-06-25,US.MSFT,,PUT,390.0,2026-06-26,1850,6521250.0,BUY,06-26 02:24,6.26 02:24，出现一笔买入看跌期权交易，成交量为1850张，未平仓数为1843张，V/OI值为1.1，交易金额为6521250USD，合约行权价是390，到期日为2026/06/26
2026-06-25,US.MSFT,,PUT,332.5,2026-07-02,2077,317469.0,SELL,06-26 01:42,6.26 01:42，出现一笔卖出看跌期权交易，成交量为2077张，未平仓数为12张，V/OI值为204.2，交易金额为317469USD，合约行权价是332.5，到期日为2026/07/02
2026-06-25,US.MSFT,,CALL,355.0,2026-06-26,1760,320320.0,SELL,06-26 01:37,6.26 01:37，出现一笔卖出看涨期权交易，成交量为1760张，未平仓数为42张，V/OI值为361，交易金额为320320USD，合约行权价是355，到期日为2026/06/26
2026-06-25,US.MSFT,,PUT,335.0,2026-07-02,1735,265585.0,SELL,06-26 01:35,6.26 01:35，出现一笔卖出看跌期权交易，成交量为1735张，未平仓数为177张，V/OI值为15.6，交易金额为265585USD，合约行权价是335，到期日为2026/07/02
2026-06-25,US.MSFT,,CALL,400.0,2027-01-15,2500,5935000.0,BUY,06-26 00:37,6.26 00:37，出现一笔买入看涨期权交易，成交量为2500张，未平仓数为10537张，V/OI值为0.4，交易金额为5935000USD，合约行权价是400，到期日为2027/01/15
2026-06-25,US.MSFT,,CALL,460.0,2026-08-21,2000,514000.0,BUY,06-26 00:15,6.26 00:15，出现一笔买入看涨期权交易，成交量为2000张，未平仓数为74737张，V/OI值为0，交易金额为514000USD，合约行权价是460，到期日为2026/08/21
2026-06-25,US.MSTR,,PUT,125.0,2026-06-26,3583,14188680.0,BUY,06-26 02:46,6.26 02:46，出现一笔买入看跌期权交易，成交量为3583张，未平仓数为4916张，V/OI值为0.8，交易金额为14188680USD，合约行权价是125，到期日为2026/06/26
2026-06-25,US.MSTR,,PUT,123.0,2026-06-26,3583,13472080.0,BUY,06-26 02:46,6.26 02:46，出现一笔买入看跌期权交易，成交量为3583张，未平仓数为3583张，V/OI值为1，交易金额为13472080USD，合约行权价是123，到期日为2026/06/26
2026-06-25,US.MSTR,,PUT,120.0,2026-06-26,1675,5753625.0,BUY,06-26 02:45,6.26 02:45，出现一笔买入看跌期权交易，成交量为1675张，未平仓数为1797张，V/OI值为1.2，交易金额为5753625USD，合约行权价是120，到期日为2026/06/26
2026-06-25,US.MSTR,,PUT,130.0,2026-06-26,2000,8734000.0,SELL,06-26 02:45,6.26 02:45，出现一笔卖出看跌期权交易，成交量为2000张，未平仓数为3480张，V/OI值为0.6，交易金额为8734000USD，合约行权价是130，到期日为2026/06/26
2026-06-25,US.MSTR,,PUT,50.0,2026-09-18,1600,512000.0,SELL,06-26 01:43,6.26 01:43，出现一笔卖出看跌期权交易，成交量为1600张，未平仓数为16179张，V/OI值为0.2，交易金额为512000USD，合约行权价是50，到期日为2026/09/18
2026-06-25,US.MSTR,,PUT,80.0,2026-07-02,2000,580000.0,SELL,06-26 01:14,6.26 01:14，出现一笔卖出看跌期权交易，成交量为2000张，未平仓数为8796张，V/OI值为1.8，交易金额为580000USD，合约行权价是80，到期日为2026/07/02
2026-06-25,US.MSTR,,PUT,80.0,2026-06-26,1460,167832.0,SELL,06-26 00:45,6.26 00:45，出现一笔卖出看跌期权交易，成交量为1460张，未平仓数为7794张，V/OI值为2.2，交易金额为167832USD，合约行权价是80，到期日为2026/06/26
2026-06-25,US.NBIS,,PUT,165.0,2026-07-17,5600,1932000.0,BUY,06-26 02:46,6.26 02:46，出现一笔买入看跌期权交易，成交量为5600张，未平仓数为909张，V/OI值为6.2，交易金额为1932000USD，合约行权价是165，到期日为2026/07/17
2026-06-25,US.NBIS,,CALL,250.0,2028-01-21,3000,42237000.0,BUY,06-26 02:01,6.26 02:01，出现一笔买入看涨期权交易，成交量为3000张，未平仓数为10815张，V/OI值为0.5，交易金额为42237000USD，合约行权价是250，到期日为2028/01/21
2026-06-25,US.NBIS,,CALL,350.0,2028-01-21,3000,35847000.0,SELL,06-26 02:01,6.26 02:01，出现一笔卖出看涨期权交易，成交量为3000张，未平仓数为12290张，V/OI值为0.4，交易金额为35847000USD，合约行权价是350，到期日为2028/01/21
2026-06-25,US.NET,,CALL,165.0,2027-01-15,200,1587068.0,SELL,06-26 03:26,6.26 03:26，出现一笔卖出看涨期权交易，成交量为200张，未平仓数为2166张，V/OI值为0.4，交易金额为1587068USD，合约行权价是165，到期日为2027/01/15
2026-06-25,US.NET,,CALL,165.0,2027-01-15,200,1560593.0,SELL,06-26 01:15,6.26 01:15，出现一笔卖出看涨期权交易，成交量为200张，未平仓数为2166张，V/OI值为0.3，交易金额为1560593USD，合约行权价是165，到期日为2027/01/15
2026-06-25,US.NET,,PUT,225.0,2026-07-17,1000,1350000.0,BUY,06-26 01:00,6.26 01:00，出现一笔买入看跌期权交易，成交量为1000张，未平仓数为19张，V/OI值为58.1，交易金额为1350000USD，合约行权价是225，到期日为2026/07/17
2026-06-25,US.NOK,,PUT,27.0,2028-01-21,4100,6031100.0,SELL,06-26 03:12,6.26 03:12，出现一笔卖出看跌期权交易，成交量为4100张，未平仓数为8张，V/OI值为512.5，交易金额为6031100USD，合约行权价是27，到期日为2028/01/21
2026-06-25,US.NOK,,PUT,17.0,2026-06-26,2415,729330.0,BUY,06-26 02:45,6.26 02:45，出现一笔买入看跌期权交易，成交量为2415张，未平仓数为1610张，V/OI值为1.5，交易金额为729330USD，合约行权价是17，到期日为2026/06/26
2026-06-25,US.NOK,,PUT,17.5,2026-06-26,1986,703044.0,BUY,06-26 02:45,6.26 02:45，出现一笔买入看跌期权交易，成交量为1986张，未平仓数为1452张，V/OI值为1.5，交易金额为703044USD，合约行权价是17.5，到期日为2026/06/26
2026-06-25,US.NOK,,CALL,14.0,2026-07-02,1476,90036.0,SELL,06-26 01:11,6.26 01:11，出现一笔卖出看涨期权交易，成交量为1476张，未平仓数为4103张，V/OI值为2.6，交易金额为90036USD，合约行权价是14，到期日为2026/07/02
2026-06-25,US.NOK,,CALL,20.0,2028-01-21,2498,999198.0,BUY,06-26 00:13,6.26 00:13，出现一笔买入看涨期权交易，成交量为2498张，未平仓数为26067张，V/OI值为0.1，交易金额为999198USD，合约行权价是20，到期日为2028/01/21
2026-06-25,US.NOW,,PUT,101.0,2026-06-26,1386,1510740.0,BUY,06-26 02:46,6.26 02:46，出现一笔买入看跌期权交易，成交量为1386张，未平仓数为924张，V/OI值为1.5，交易金额为1510740USD，合约行权价是101，到期日为2026/06/26
2026-06-25,US.NOW,,PUT,105.0,2026-06-26,1506,2078280.0,SELL,06-26 02:46,6.26 02:46，出现一笔卖出看跌期权交易，成交量为1506张，未平仓数为1052张，V/OI值为1.6，交易金额为2078280USD，合约行权价是105，到期日为2026/06/26
2026-06-25,US.NOW,,CALL,110.0,2027-03-19,2000,2726000.0,SELL,06-26 01:30,6.26 01:30，出现一笔卖出看涨期权交易，成交量为2000张，未平仓数为762张，V/OI值为2.6，交易金额为2726000USD，合约行权价是110，到期日为2027/03/19
2026-06-25,US.NVDA,,CALL,235.0,2026-07-24,3710,178080.0,SELL,06-26 03:47,6.26 03:47，出现一笔卖出看涨期权交易，成交量为3710张，未平仓数为3637张，V/OI值为1.3，交易金额为178080USD，合约行权价是235，到期日为2026/07/24
2026-06-25,US.NVDA,,PUT,130.0,2026-11-20,3000,615000.0,BUY,06-26 03:38,6.26 03:38，出现一笔买入看跌期权交易，成交量为3000张，未平仓数为4880张，V/OI值为0.6，交易金额为615000USD，合约行权价是130，到期日为2026/11/20
2026-06-25,US.NVDA,,CALL,200.0,2026-07-02,3990,762090.0,SELL,06-26 03:15,6.26 03:15，出现一笔卖出看涨期权交易，成交量为3990张，未平仓数为7511张，V/OI值为5.5，交易金额为762090USD，合约行权价是200，到期日为2026/07/02
2026-06-25,US.NVDA,,CALL,207.5,2026-07-02,3990,223440.0,SELL,06-26 03:15,6.26 03:15，出现一笔卖出看涨期权交易，成交量为3990张，未平仓数为17029张，V/OI值为1.7，交易金额为223440USD，合约行权价是207.5，到期日为2026/07/02
2026-06-25,US.NVDA,,PUT,185.0,2026-07-24,2383,977030.0,BUY,06-26 03:03,6.26 03:03，出现一笔买入看跌期权交易，成交量为2383张，未平仓数为2356张，V/OI值为2，交易金额为977030USD，合约行权价是185，到期日为2026/07/24
2026-06-25,US.NVDA,,PUT,215.0,2026-06-26,7660,15396600.0,SELL,06-26 02:52,6.26 02:52，出现一笔卖出看跌期权交易，成交量为7660张，未平仓数为4157张，V/OI值为3.1，交易金额为15396600USD，合约行权价是215，到期日为2026/06/26
2026-06-25,US.NVDA,,PUT,240.0,2026-07-17,4280,19431200.0,BUY,06-26 02:43,6.26 02:43，出现一笔买入看跌期权交易，成交量为4280张，未平仓数为4704张，V/OI值为1.5，交易金额为19431200USD，合约行权价是240，到期日为2026/07/17
2026-06-25,US.NVDA,,PUT,210.0,2026-06-26,4000,5920000.0,SELL,06-26 02:43,6.26 02:43，出现一笔卖出看跌期权交易，成交量为4000张，未平仓数为16276张，V/OI值为0.6，交易金额为5920000USD，合约行权价是210，到期日为2026/06/26
2026-06-25,US.NVDA,,PUT,215.0,2026-06-26,4000,8100000.0,BUY,06-26 02:43,6.26 02:43，出现一笔买入看跌期权交易，成交量为4000张，未平仓数为4157张，V/OI值为1.2，交易金额为8100000USD，合约行权价是215，到期日为2026/06/26
2026-06-25,US.NVDA,,PUT,220.0,2026-07-02,5000,12510000.0,SELL,06-26 02:43,6.26 02:43，出现一笔卖出看跌期权交易，成交量为5000张，未平仓数为7116张，V/OI值为0.7，交易金额为12510000USD，合约行权价是220，到期日为2026/07/02
2026-06-25,US.NVDA,,CALL,230.0,2027-01-15,2500,3602500.0,SELL,06-26 01:36,6.26 01:36，出现一笔卖出看涨期权交易，成交量为2500张，未平仓数为29749张，V/OI值为0.1，交易金额为3602500USD，合约行权价是230，到期日为2027/01/15
2026-06-25,US.NVDA,,CALL,205.0,2026-07-06,3622,499836.0,SELL,06-26 00:51,6.26 00:51，出现一笔卖出看涨期权交易，成交量为3622张，未平仓数为1078张，V/OI值为4.9，交易金额为499836USD，合约行权价是205，到期日为2026/07/06
2026-06-25,US.NVDA,,CALL,205.0,2026-07-02,2682,295020.0,SELL,06-26 00:43,6.26 00:43，出现一笔卖出看涨期权交易，成交量为2682张，未平仓数为14992张，V/OI值为1.8，交易金额为295020USD，合约行权价是205，到期日为2026/07/02
2026-06-25,US.NVDA,,CALL,300.0,2026-12-18,3262,1092770.0,BUY,06-26 00:22,6.26 00:22，出现一笔买入看涨期权交易，成交量为3262张，未平仓数为35965张，V/OI值为0.2，交易金额为1092770USD，合约行权价是300，到期日为2026/12/18
2026-06-25,US.OKLO,,PUT,50.0,2026-11-20,250,263250.0,SELL,06-26 03:52,6.26 03:52，出现一笔卖出看跌期权交易，成交量为250张，未平仓数为1787张，V/OI值为0.3，交易金额为263250USD，合约行权价是50，到期日为2026/11/20
2026-06-25,US.OKLO,,PUT,50.0,2026-11-20,250,263250.0,SELL,06-26 03:52,6.26 03:52，出现一笔卖出看跌期权交易，成交量为250张，未平仓数为1787张，V/OI值为0.1，交易金额为263250USD，合约行权价是50，到期日为2026/11/20
2026-06-25,US.OKLO,,PUT,58.0,2026-07-31,250,257250.0,BUY,06-26 03:52,6.26 03:52，出现一笔买入看跌期权交易，成交量为250张，未平仓数为570张，V/OI值为0.9，交易金额为257250USD，合约行权价是58，到期日为2026/07/31
2026-06-25,US.OKLO,,PUT,58.0,2026-07-31,250,257250.0,BUY,06-26 03:52,6.26 03:52，出现一笔买入看跌期权交易，成交量为250张，未平仓数为570张，V/OI值为0.4，交易金额为257250USD，合约行权价是58，到期日为2026/07/31
2026-06-25,US.OPEN,,PUT,5.0,2026-06-26,1185,86505.0,SELL,06-26 02:58,6.26 02:58，出现一笔卖出看跌期权交易，成交量为1185张，未平仓数为2316张，V/OI值为0.7，交易金额为86505USD，合约行权价是5，到期日为2026/06/26
2026-06-25,US.OPEN,,CALL,10.0,2026-12-18,6483,188007.0,BUY,06-26 01:34,6.26 01:34，出现一笔买入看涨期权交易，成交量为6483张，未平仓数为3477张，V/OI值为4.3，交易金额为188007USD，合约行权价是10，到期日为2026/12/18
2026-06-25,US.OPEN,,CALL,10.0,2026-12-18,8467,245543.0,BUY,06-26 01:34,6.26 01:34，出现一笔买入看涨期权交易，成交量为8467张，未平仓数为3477张，V/OI值为2.5，交易金额为245543USD，合约行权价是10，到期日为2026/12/18
2026-06-25,US.ORCL,,PUT,185.0,2026-06-26,1602,5302620.0,BUY,06-26 02:52,6.26 02:52，出现一笔买入看跌期权交易，成交量为1602张，未平仓数为771张，V/OI值为3.2，交易金额为5302620USD，合约行权价是185，到期日为2026/06/26
2026-06-25,US.ORCL,,PUT,175.0,2026-06-26,4056,8943480.0,SELL,06-26 02:43,6.26 02:43，出现一笔卖出看跌期权交易，成交量为4056张，未平仓数为3064张，V/OI值为1.4，交易金额为8943480USD，合约行权价是175，到期日为2026/06/26
2026-06-25,US.ORCL,,PUT,172.5,2026-06-26,3912,7667520.0,SELL,06-26 02:43,6.26 02:43，出现一笔卖出看跌期权交易，成交量为3912张，未平仓数为2608张，V/OI值为1.5，交易金额为7667520USD，合约行权价是172.5，到期日为2026/06/26
2026-06-25,US.ORCL,,PUT,177.5,2026-06-26,3651,8981460.0,SELL,06-26 02:42,6.26 02:42，出现一笔卖出看跌期权交易，成交量为3651张，未平仓数为2524张，V/OI值为1.5，交易金额为8981460USD，合约行权价是177.5，到期日为2026/06/26
2026-06-25,US.ORCL,,PUT,180.0,2026-06-26,3651,9894210.0,SELL,06-26 02:42,6.26 02:42，出现一笔卖出看跌期权交易，成交量为3651张，未平仓数为2434张，V/OI值为1.6，交易金额为9894210USD，合约行权价是180，到期日为2026/06/26
2026-06-25,US.ORCL,,PUT,155.0,2026-07-02,1529,917914.0,SELL,06-26 01:12,6.26 01:12，出现一笔卖出看跌期权交易，成交量为1529张，未平仓数为2019张，V/OI值为1.6，交易金额为917914USD，合约行权价是155，到期日为2026/07/02
2026-06-25,US.PDD,,PUT,100.0,2026-07-17,1570,4089850.0,SELL,06-26 03:30,6.26 03:30，出现一笔卖出看跌期权交易，成交量为1570张，未平仓数为1048张，V/OI值为3.6，交易金额为4089850USD，合约行权价是100，到期日为2026/07/17
2026-06-25,US.PDD,,PUT,90.0,2026-07-17,1676,2614560.0,SELL,06-26 02:45,6.26 02:45，出现一笔卖出看跌期权交易，成交量为1676张，未平仓数为5599张，V/OI值为1.4，交易金额为2614560USD，合约行权价是90，到期日为2026/07/17
2026-06-25,US.PDD,,PUT,130.0,2027-01-15,1362,7511430.0,SELL,06-26 02:45,6.26 02:45，出现一笔卖出看跌期权交易，成交量为1362张，未平仓数为1015张，V/OI值为1.3，交易金额为7511430USD，合约行权价是130，到期日为2027/01/15
2026-06-25,US.PDD,,PUT,100.0,2026-07-17,1572,4220820.0,BUY,06-26 02:43,6.26 02:43，出现一笔买入看跌期权交易，成交量为1572张，未平仓数为1048张，V/OI值为2.1，交易金额为4220820USD，合约行权价是100，到期日为2026/07/17
2026-06-25,US.PDD,,PUT,79.0,2026-06-26,1032,577920.0,BUY,06-26 02:43,6.26 02:43，出现一笔买入看跌期权交易，成交量为1032张，未平仓数为688张，V/OI值为1.5，交易金额为577920USD，合约行权价是79，到期日为2026/06/26
2026-06-25,US.PDD,,PUT,80.0,2026-06-26,2844,1877040.0,BUY,06-26 02:43,6.26 02:43，出现一笔买入看跌期权交易，成交量为2844张，未平仓数为1896张，V/OI值为1.6，交易金额为1877040USD，合约行权价是80，到期日为2026/06/26
2026-06-25,US.PDD,,PUT,90.0,2026-07-17,1386,2338182.0,BUY,06-26 02:43,6.26 02:43，出现一笔买入看跌期权交易，成交量为1386张，未平仓数为5599张，V/OI值为1.1，交易金额为2338182USD，合约行权价是90，到期日为2026/07/17
2026-06-25,US.PDD,,PUT,90.0,2026-07-17,4548,7667928.0,BUY,06-26 02:43,6.26 02:43，出现一笔买入看跌期权交易，成交量为4548张，未平仓数为5599张，V/OI值为0.8，交易金额为7667928USD，合约行权价是90，到期日为2026/07/17
2026-06-25,US.PLTR,,CALL,110.0,2026-07-02,2415,572355.0,BUY,06-26 03:53,6.26 03:53，出现一笔买入看涨期权交易，成交量为2415张，未平仓数为393张，V/OI值为45.2，交易金额为572355USD，合约行权价是110，到期日为2026/07/02
2026-06-25,US.PLTR,,PUT,155.0,2026-07-17,3310,15639750.0,BUY,06-26 02:52,6.26 02:52，出现一笔买入看跌期权交易，成交量为3310张，未平仓数为1428张，V/OI值为3.8，交易金额为15639750USD，合约行权价是155，到期日为2026/07/17
2026-06-25,US.PLTR,,PUT,124.0,2026-06-26,2613,4219995.0,BUY,06-26 02:43,6.26 02:43，出现一笔买入看跌期权交易，成交量为2613张，未平仓数为1742张，V/OI值为1.8，交易金额为4219995USD，合约行权价是124，到期日为2026/06/26
2026-06-25,US.PLTR,,PUT,121.0,2026-06-26,2613,3344640.0,SELL,06-26 02:43,6.26 02:43，出现一笔卖出看跌期权交易，成交量为2613张，未平仓数为2432张，V/OI值为1.2，交易金额为3344640USD，合约行权价是121，到期日为2026/06/26
2026-06-25,US.PLTR,,PUT,125.0,2026-06-26,2772,4676364.0,SELL,06-26 02:43,6.26 02:43，出现一笔卖出看跌期权交易，成交量为2772张，未平仓数为3753张，V/OI值为1.6，交易金额为4676364USD，合约行权价是125，到期日为2026/06/26
2026-06-25,US.PLTR,,PUT,120.0,2026-06-26,7330,8854640.0,BUY,06-26 02:43,6.26 02:43，出现一笔买入看跌期权交易，成交量为7330张，未平仓数为4940张，V/OI值为1.7，交易金额为8854640USD，合约行权价是120，到期日为2026/06/26
2026-06-25,US.PLTR,,PUT,123.0,2026-06-26,5240,7964800.0,BUY,06-26 02:43,6.26 02:43，出现一笔买入看跌期权交易，成交量为5240张，未平仓数为4067张，V/OI值为1.5，交易金额为7964800USD，合约行权价是123，到期日为2026/06/26
2026-06-25,US.PLTR,,PUT,130.0,2026-06-26,1416,3188832.0,BUY,06-26 02:42,6.26 02:42，出现一笔买入看跌期权交易，成交量为1416张，未平仓数为1696张，V/OI值为1.6，交易金额为3188832USD，合约行权价是130，到期日为2026/06/26
2026-06-25,US.PLTR,,PUT,130.0,2026-06-26,1128,2539128.0,BUY,06-26 02:42,6.26 02:42，出现一笔买入看跌期权交易，成交量为1128张，未平仓数为1696张，V/OI值为0.8，交易金额为2539128USD，合约行权价是130，到期日为2026/06/26
2026-06-25,US.PLTR,,PUT,125.0,2026-06-26,2544,4362960.0,BUY,06-26 02:42,6.26 02:42，出现一笔买入看跌期权交易，成交量为2544张，未平仓数为3753张，V/OI值为0.8，交易金额为4362960USD，合约行权价是125，到期日为2026/06/26
2026-06-25,US.PLTR,,PUT,126.0,2026-06-26,1620,2948400.0,BUY,06-26 02:42,6.26 02:42，出现一笔买入看跌期权交易，成交量为1620张，未平仓数为1239张，V/OI值为1.4，交易金额为2948400USD，合约行权价是126，到期日为2026/06/26
2026-06-25,US.PLTR,,PUT,200.0,2026-09-18,1552,14247360.0,SELL,06-26 02:42,6.26 02:42，出现一笔卖出看跌期权交易，成交量为1552张，未平仓数为1035张，V/OI值为1.5，交易金额为14247360USD，合约行权价是200，到期日为2026/09/18
2026-06-25,US.PLTR,,CALL,110.0,2026-07-02,2098,440580.0,SELL,06-26 02:08,6.26 02:08，出现一笔卖出看涨期权交易，成交量为2098张，未平仓数为393张，V/OI值为27.5，交易金额为440580USD，合约行权价是110，到期日为2026/07/02
2026-06-25,US.PLTR,,PUT,105.0,2026-07-02,2098,467854.0,SELL,06-26 02:08,6.26 02:08，出现一笔卖出看跌期权交易，成交量为2098张，未平仓数为3621张，V/OI值为1.8，交易金额为467854USD，合约行权价是105，到期日为2026/07/02
2026-06-25,US.PLTR,,CALL,130.0,2026-07-17,1500,83998.0,BUY,06-26 02:00,6.26 02:00，出现一笔买入看涨期权交易，成交量为1500张，未平仓数为14159张，V/OI值为0.2，交易金额为83998USD，合约行权价是130，到期日为2026/07/17
2026-06-25,US.PLTR,,CALL,140.0,2027-03-19,2400,2954400.0,BUY,06-26 01:25,6.26 01:25，出现一笔买入看涨期权交易，成交量为2400张，未平仓数为865张，V/OI值为3.4，交易金额为2954400USD，合约行权价是140，到期日为2027/03/19
2026-06-25,US.PLTR,,PUT,106.0,2026-06-26,1500,118525.0,SELL,06-26 00:21,6.26 00:21，出现一笔卖出看跌期权交易，成交量为1500张，未平仓数为711张，V/OI值为17.6，交易金额为118525USD，合约行权价是106，到期日为2026/06/26
2026-06-25,US.QCOM,,CALL,220.0,2026-06-26,1000,280000.0,BUY,06-26 00:28,6.26 00:28，出现一笔买入看涨期权交易，成交量为1000张，未平仓数为5379张，V/OI值为2.2，交易金额为280000USD，合约行权价是220，到期日为2026/06/26
2026-06-25,US.QQQ,,PUT,350.0,2028-12-15,3600,4186800.0,BUY,06-26 03:39,6.26 03:39，出现一笔买入看跌期权交易，成交量为3600张，未平仓数为10228张，V/OI值为0.4，交易金额为4186800USD，合约行权价是350，到期日为2028/12/15
2026-06-25,US.QQQ,,PUT,500.0,2028-12-15,3075,9397200.0,BUY,06-26 03:39,6.26 03:39，出现一笔买入看跌期权交易，成交量为3075张，未平仓数为2764张，V/OI值为1.1，交易金额为9397200USD，合约行权价是500，到期日为2028/12/15
2026-06-25,US.QQQ,,CALL,717.0,2026-06-25,3048,82296.0,SELL,06-26 03:20,6.26 03:20，出现一笔卖出看涨期权交易，成交量为3048张，未平仓数为1717张，V/OI值为143.6，交易金额为82296USD，合约行权价是717，到期日为2026/06/25
2026-06-25,US.QQQ,,CALL,730.0,2026-07-17,4000,5540000.0,BUY,06-26 02:13,6.26 02:13，出现一笔买入看涨期权交易，成交量为4000张，未平仓数为8372张，V/OI值为0.6，交易金额为5540000USD，合约行权价是730，到期日为2026/07/17
2026-06-25,US.QQQ,,PUT,610.0,2026-09-18,3900,3233100.0,BUY,06-26 02:00,6.26 02:00，出现一笔买入看跌期权交易，成交量为3900张，未平仓数为12735张，V/OI值为0.3，交易金额为3233100USD，合约行权价是610，到期日为2026/09/18
2026-06-25,US.QQQ,,PUT,705.0,2026-06-30,3000,1548000.0,SELL,06-26 01:59,6.26 01:59，出现一笔卖出看跌期权交易，成交量为3000张，未平仓数为16030张，V/OI值为0.7，交易金额为1548000USD，合约行权价是705，到期日为2026/06/30
2026-06-25,US.QQQ,,PUT,650.0,2026-06-30,3000,147000.0,BUY,06-26 01:59,6.26 01:59，出现一笔买入看跌期权交易，成交量为3000张，未平仓数为12845张，V/OI值为0.3，交易金额为147000USD，合约行权价是650，到期日为2026/06/30
2026-06-25,US.QQQ,,PUT,690.0,2026-07-17,4000,4316000.0,SELL,06-26 01:03,6.26 01:03，出现一笔卖出看跌期权交易，成交量为4000张，未平仓数为29422张，V/OI值为0.2，交易金额为4316000USD，合约行权价是690，到期日为2026/07/17
2026-06-25,US.QQQ,,PUT,700.0,2026-08-21,4000,9000000.0,BUY,06-26 01:03,6.26 01:03，出现一笔买入看跌期权交易，成交量为4000张，未平仓数为35853张，V/OI值为0.2，交易金额为9000000USD，合约行权价是700，到期日为2026/08/21
2026-06-25,US.QQQ,,PUT,720.0,2026-06-25,3123,981534.0,SELL,06-26 00:17,6.26 00:17，出现一笔卖出看跌期权交易，成交量为3123张，未平仓数为896张，V/OI值为36.8，交易金额为981534USD，合约行权价是720，到期日为2026/06/25
2026-06-25,US.RBRK,,CALL,90.0,2026-08-21,600,114000.0,BUY,06-26 01:43,6.26 01:43，出现一笔买入看涨期权交易，成交量为600张，未平仓数为559张，V/OI值为1.1，交易金额为114000USD，合约行权价是90，到期日为2026/08/21
2026-06-25,US.RBRK,,CALL,75.0,2026-08-21,600,334800.0,BUY,06-26 01:43,6.26 01:43，出现一笔买入看涨期权交易，成交量为600张，未平仓数为15张，V/OI值为40.6，交易金额为334800USD，合约行权价是75，到期日为2026/08/21
2026-06-25,US.RDDT,,PUT,145.0,2026-07-31,300,299100.0,SELL,06-26 03:36,6.26 03:36，出现一笔卖出看跌期权交易，成交量为300张，未平仓数为63张，V/OI值为4.9，交易金额为299100USD，合约行权价是145，到期日为2026/07/31
2026-06-25,US.SAP,,PUT,175.0,2028-01-21,394,1668590.0,BUY,06-26 03:18,6.26 03:18，出现一笔买入看跌期权交易，成交量为394张，未平仓数为42张，V/OI值为13.8，交易金额为1668590USD，合约行权价是175，到期日为2028/01/21
2026-06-25,US.SAP,,CALL,180.0,2028-01-21,394,912110.0,BUY,06-26 03:18,6.26 03:18，出现一笔买入看涨期权交易，成交量为394张，未平仓数为198张，V/OI值为3.1，交易金额为912110USD，合约行权价是180，到期日为2028/01/21
2026-06-25,US.SAP,,PUT,145.0,2026-08-07,150,103050.0,SELL,06-26 02:56,6.26 02:56，出现一笔卖出看跌期权交易，成交量为150张，未平仓数为0张，V/OI值为0，交易金额为103050USD，合约行权价是145，到期日为2026/08/07
2026-06-25,US.SAP,,PUT,130.0,2027-01-15,2268,1905120.0,SELL,06-26 00:26,6.26 00:26，出现一笔卖出看跌期权交易，成交量为2268张，未平仓数为2291张，V/OI值为2，交易金额为1905120USD，合约行权价是130，到期日为2027/01/15
2026-06-25,US.SAP,,PUT,170.0,2027-01-15,2268,6441120.0,SELL,06-26 00:26,6.26 00:26，出现一笔卖出看跌期权交易，成交量为2268张，未平仓数为2334张，V/OI值为1.9，交易金额为6441120USD，合约行权价是170，到期日为2027/01/15
2026-06-25,US.SAP,,PUT,170.0,2027-01-15,2268,6420708.0,SELL,06-26 00:21,6.26 00:21，出现一笔卖出看跌期权交易，成交量为2268张，未平仓数为2334张，V/OI值为1，交易金额为6420708USD，合约行权价是170，到期日为2027/01/15
2026-06-25,US.SAP,,PUT,130.0,2027-01-15,2268,1927800.0,SELL,06-26 00:21,6.26 00:21，出现一笔卖出看跌期权交易，成交量为2268张，未平仓数为2291张，V/OI值为1，交易金额为1927800USD，合约行权价是130，到期日为2027/01/15
2026-06-25,US.SBET,,PUT,4.5,2026-07-10,2769,71994.0,SELL,06-26 02:55,6.26 02:55，出现一笔卖出看跌期权交易，成交量为2769张，未平仓数为379张，V/OI值为7.3，交易金额为71994USD，合约行权价是4.5，到期日为2026/07/10
2026-06-25,US.SBET,,PUT,2.0,2027-01-15,16600,199200.0,BUY,06-26 00:30,6.26 00:30，出现一笔买入看跌期权交易，成交量为16600张，未平仓数为604张，V/OI值为27.5，交易金额为199200USD，合约行权价是2，到期日为2027/01/15
2026-06-25,US.SMCI,,PUT,31.5,2026-07-17,1265,299805.0,SELL,06-26 02:42,6.26 02:42，出现一笔卖出看跌期权交易，成交量为1265张，未平仓数为217张，V/OI值为7.5，交易金额为299805USD，合约行权价是31.5，到期日为2026/07/17
2026-06-25,US.SMCI,,CALL,33.5,2026-07-02,4114,456654.0,SELL,06-26 00:23,6.26 00:23，出现一笔卖出看涨期权交易，成交量为4114张，未平仓数为696张，V/OI值为6.3，交易金额为456654USD，合约行权价是33.5，到期日为2026/07/02
2026-06-25,US.SMCI,,CALL,30.5,2026-06-26,4114,851598.0,BUY,06-26 00:23,6.26 00:23，出现一笔买入看涨期权交易，成交量为4114张，未平仓数为9927张，V/OI值为0.9，交易金额为851598USD，合约行权价是30.5，到期日为2026/06/26
2026-06-25,US.SMCI,,CALL,36.0,2026-07-02,4114,197472.0,BUY,06-26 00:23,6.26 00:23，出现一笔买入看涨期权交易，成交量为4114张，未平仓数为2871张，V/OI值为1.5，交易金额为197472USD，合约行权价是36，到期日为2026/07/02
2026-06-25,US.SMCI,,CALL,33.0,2026-06-26,4114,197472.0,SELL,06-26 00:23,6.26 00:23，出现一笔卖出看涨期权交易，成交量为4114张，未平仓数为12541张，V/OI值为0.9，交易金额为197472USD，合约行权价是33，到期日为2026/06/26
2026-06-25,US.SNOW,,CALL,250.0,2027-01-15,299,1079390.0,SELL,06-26 00:15,6.26 00:15，出现一笔卖出看涨期权交易，成交量为299张，未平仓数为2515张，V/OI值为0.1，交易金额为1079390USD，合约行权价是250，到期日为2027/01/15
2026-06-25,US.SNOW,,CALL,260.0,2027-03-19,299,1193907.0,BUY,06-26 00:15,6.26 00:15，出现一笔买入看涨期权交易，成交量为299张，未平仓数为1097张，V/OI值为0.3，交易金额为1193907USD，合约行权价是260，到期日为2027/03/19
2026-06-25,US.SOXS,,CALL,6.0,2026-08-21,1990,119400.0,BUY,06-26 03:03,6.26 03:03，出现一笔买入看涨期权交易，成交量为1990张，未平仓数为11671张，V/OI值为0.6，交易金额为119400USD，合约行权价是6，到期日为2026/08/21
2026-06-25,US.SPY,,PUT,716.0,2026-06-30,4313,444239.0,BUY,06-26 04:03,6.26 04:03，出现一笔买入看跌期权交易，成交量为4313张，未平仓数为8866张，V/OI值为2.8，交易金额为444239USD，合约行权价是716，到期日为2026/06/30
2026-06-25,US.SPY,,PUT,698.0,2026-07-17,4499,1295712.0,BUY,06-26 04:03,6.26 04:03，出现一笔买入看跌期权交易，成交量为4499张，未平仓数为5655张，V/OI值为1.9，交易金额为1295712USD，合约行权价是698，到期日为2026/07/17
2026-06-25,US.SPY,,CALL,735.0,2026-06-25,3500,189000.0,BUY,06-26 02:51,6.26 02:51，出现一笔买入看涨期权交易，成交量为3500张，未平仓数为8067张，V/OI值为73，交易金额为189000USD，合约行权价是735，到期日为2026/06/25
2026-06-25,US.SPY,,CALL,735.0,2026-06-25,3089,241722.0,SELL,06-26 02:36,6.26 02:36，出现一笔卖出看涨期权交易，成交量为3089张，未平仓数为8067张，V/OI值为67.1，交易金额为241722USD，合约行权价是735，到期日为2026/06/25
2026-06-25,US.SPY,,PUT,600.0,2026-07-06,74166,519162.0,BUY,06-26 02:24,6.26 02:24，出现一笔买入看跌期权交易，成交量为74166张，未平仓数为124张，V/OI值为645.2，交易金额为519162USD，合约行权价是600，到期日为2026/07/06
2026-06-25,US.SPY,,CALL,735.0,2026-06-25,3474,166752.0,SELL,06-26 01:39,6.26 01:39，出现一笔卖出看涨期权交易，成交量为3474张，未平仓数为8067张，V/OI值为50.9，交易金额为166752USD，合约行权价是735，到期日为2026/06/25
2026-06-25,US.SPY,,PUT,732.0,2026-06-25,3001,327932.0,SELL,06-26 01:23,6.26 01:23，出现一笔卖出看跌期权交易，成交量为3001张，未平仓数为6113张，V/OI值为64.8，交易金额为327932USD，合约行权价是732，到期日为2026/06/25
2026-06-25,US.SPY,,CALL,734.0,2026-06-25,3647,313642.0,SELL,06-26 01:21,6.26 01:21，出现一笔卖出看涨期权交易，成交量为3647张，未平仓数为4864张，V/OI值为54.3，交易金额为313642USD，合约行权价是734，到期日为2026/06/25
2026-06-25,US.SPY,,CALL,735.0,2026-06-25,4621,318981.0,SELL,06-26 00:50,6.26 00:50，出现一笔卖出看涨期权交易，成交量为4621张，未平仓数为8067张，V/OI值为41.7，交易金额为318981USD，合约行权价是735，到期日为2026/06/25
2026-06-25,US.SPY,,CALL,736.0,2026-06-25,3398,193686.0,SELL,06-26 00:36,6.26 00:36，出现一笔卖出看涨期权交易，成交量为3398张，未平仓数为4462张，V/OI值为67.1，交易金额为193686USD，合约行权价是736，到期日为2026/06/25
2026-06-25,US.SPY,,CALL,736.0,2026-06-25,4296,292191.0,SELL,06-26 00:31,6.26 00:31，出现一笔卖出看涨期权交易，成交量为4296张，未平仓数为4462张，V/OI值为65.2，交易金额为292191USD，合约行权价是736，到期日为2026/06/25
2026-06-25,US.SQQQ,,CALL,45.0,2026-07-02,1973,142056.0,BUY,06-26 03:24,6.26 03:24，出现一笔买入看涨期权交易，成交量为1973张，未平仓数为1682张，V/OI值为1.6，交易金额为142056USD，合约行权价是45，到期日为2026/07/02
2026-06-25,US.TEAM,,PUT,75.0,2026-12-18,200,286000.0,BUY,06-26 03:21,6.26 03:21，出现一笔买入看跌期权交易，成交量为200张，未平仓数为133张，V/OI值为1.5，交易金额为286000USD，合约行权价是75，到期日为2026/12/18
2026-06-25,US.TNA,,CALL,75.0,2027-01-15,150,212250.0,BUY,06-26 00:11,6.26 00:11，出现一笔买入看涨期权交易，成交量为150张，未平仓数为1071张，V/OI值为0.1，交易金额为212250USD，合约行权价是75，到期日为2027/01/15
2026-06-25,US.TSLA,,CALL,392.5,2026-07-01,1666,416500.0,SELL,06-26 03:52,6.26 03:52，出现一笔卖出看涨期权交易，成交量为1666张，未平仓数为352张，V/OI值为6.9，交易金额为416500USD，合约行权价是392.5，到期日为2026/07/01
2026-06-25,US.TSLA,,PUT,420.0,2026-06-26,1020,4667520.0,SELL,06-26 02:52,6.26 02:52，出现一笔卖出看跌期权交易，成交量为1020张，未平仓数为992张，V/OI值为5.9，交易金额为4667520USD，合约行权价是420，到期日为2026/06/26
2026-06-25,US.TSLA,,PUT,420.0,2026-06-26,2210,10110750.0,SELL,06-26 02:52,6.26 02:52，出现一笔卖出看跌期权交易，成交量为2210张，未平仓数为992张，V/OI值为4.9，交易金额为10110750USD，合约行权价是420，到期日为2026/06/26
2026-06-25,US.TSLA,,PUT,415.0,2026-06-26,2680,11014800.0,BUY,06-26 02:52,6.26 02:52，出现一笔买入看跌期权交易，成交量为2680张，未平仓数为1070张，V/OI值为5，交易金额为11014800USD，合约行权价是415，到期日为2026/06/26
2026-06-25,US.TSLA,,PUT,412.5,2026-06-26,1810,6923250.0,SELL,06-26 02:52,6.26 02:52，出现一笔卖出看跌期权交易，成交量为1810张，未平仓数为691张，V/OI值为4.3，交易金额为6923250USD，合约行权价是412.5，到期日为2026/06/26
2026-06-25,US.TSLA,,PUT,425.0,2026-06-26,1130,5769780.0,BUY,06-26 02:52,6.26 02:52，出现一笔买入看跌期权交易，成交量为1130张，未平仓数为343张，V/OI值为5.5，交易金额为5769780USD，合约行权价是425，到期日为2026/06/26
2026-06-25,US.TSLA,,PUT,407.5,2026-06-26,1986,6756372.0,SELL,06-26 02:45,6.26 02:45，出现一笔卖出看跌期权交易，成交量为1986张，未平仓数为1324张，V/OI值为1.5，交易金额为6756372USD，合约行权价是407.5，到期日为2026/06/26
2026-06-25,US.TSLA,,PUT,402.5,2026-06-26,1904,5502560.0,SELL,06-26 02:45,6.26 02:45，出现一笔卖出看跌期权交易，成交量为1904张，未平仓数为1415张，V/OI值为2，交易金额为5502560USD，合约行权价是402.5，到期日为2026/06/26
2026-06-25,US.TSLA,,PUT,412.5,2026-06-26,1036,3983420.0,SELL,06-26 02:43,6.26 02:43，出现一笔卖出看跌期权交易，成交量为1036张，未平仓数为691张，V/OI值为1.6，交易金额为3983420USD，合约行权价是412.5，到期日为2026/06/26
2026-06-25,US.TSLA,,PUT,410.0,2026-06-26,2528,9115968.0,SELL,06-26 02:43,6.26 02:43，出现一笔卖出看跌期权交易，成交量为2528张，未平仓数为2676张，V/OI值为1.6，交易金额为9115968USD，合约行权价是410，到期日为2026/06/26
2026-06-25,US.TSLA,,PUT,410.0,2026-06-26,1396,5032580.0,SELL,06-26 02:43,6.26 02:43，出现一笔卖出看跌期权交易，成交量为1396张，未平仓数为2676张，V/OI值为0.6，交易金额为5032580USD，合约行权价是410，到期日为2026/06/26
2026-06-25,US.TSLA,,PUT,420.0,2026-06-26,1488,6904320.0,BUY,06-26 02:43,6.26 02:43，出现一笔买入看跌期权交易，成交量为1488张，未平仓数为992张，V/OI值为2.6，交易金额为6904320USD，合约行权价是420，到期日为2026/06/26
2026-06-25,US.TSLA,,PUT,415.0,2026-06-26,1488,6093360.0,SELL,06-26 02:43,6.26 02:43，出现一笔卖出看跌期权交易，成交量为1488张，未平仓数为1070张，V/OI值为2.5，交易金额为6093360USD，合约行权价是415，到期日为2026/06/26
2026-06-25,US.TSLA,,PUT,405.0,2026-06-26,2776,8711088.0,BUY,06-26 02:43,6.26 02:43，出现一笔买入看跌期权交易，成交量为2776张，未平仓数为1851张，V/OI值为32.5，交易金额为8711088USD，合约行权价是405，到期日为2026/06/26
2026-06-25,US.TSLA,,PUT,415.0,2026-06-26,1100,4433000.0,BUY,06-26 02:24,6.26 02:24，出现一笔买入看跌期权交易，成交量为1100张，未平仓数为1070张，V/OI值为1.1，交易金额为4433000USD，合约行权价是415，到期日为2026/06/26
2026-06-25,US.TSLA,,CALL,375.0,2026-06-26,1850,702975.0,BUY,06-26 01:10,6.26 01:10，出现一笔买入看涨期权交易，成交量为1850张，未平仓数为2031张，V/OI值为20.5，交易金额为702975USD，合约行权价是375，到期日为2026/06/26
2026-06-25,US.TSM,,PUT,400.0,2026-08-21,1000,1650000.0,SELL,06-26 02:49,6.26 02:49，出现一笔卖出看跌期权交易，成交量为1000张，未平仓数为4994张，V/OI值为0.3，交易金额为1650000USD，合约行权价是400，到期日为2026/08/21
2026-06-25,US.TSM,,CALL,580.0,2026-08-21,1000,575000.0,BUY,06-26 02:49,6.26 02:49，出现一笔买入看涨期权交易，成交量为1000张，未平仓数为37张，V/OI值为27.1，交易金额为575000USD，合约行权价是580，到期日为2026/08/21
2026-06-25,US.TSM,,PUT,380.0,2026-07-17,1000,380436.0,SELL,06-26 02:33,6.26 02:33，出现一笔卖出看跌期权交易，成交量为1000张，未平仓数为18369张，V/OI值为0.3，交易金额为380436USD，合约行权价是380，到期日为2026/07/17
2026-06-25,US.TSM,,PUT,390.0,2026-07-17,1002,501010.0,BUY,06-26 02:03,6.26 02:03，出现一笔买入看跌期权交易，成交量为1002张，未平仓数为13301张，V/OI值为0.4，交易金额为501010USD，合约行权价是390，到期日为2026/07/17
2026-06-25,US.TSM,,PUT,390.0,2026-07-17,1000,501288.0,SELL,06-26 02:03,6.26 02:03，出现一笔卖出看跌期权交易，成交量为1000张，未平仓数为13301张，V/OI值为0.4，交易金额为501288USD，合约行权价是390，到期日为2026/07/17
2026-06-25,US.TSM,,PUT,390.0,2026-07-17,1000,506026.0,SELL,06-26 02:02,6.26 02:02，出现一笔卖出看跌期权交易，成交量为1000张，未平仓数为13301张，V/OI值为0.3，交易金额为506026USD，合约行权价是390，到期日为2026/07/17
2026-06-25,US.TSM,,PUT,390.0,2026-07-17,1000,500000.0,SELL,06-26 02:02,6.26 02:02，出现一笔卖出看跌期权交易，成交量为1000张，未平仓数为13301张，V/OI值为0.2，交易金额为500000USD，合约行权价是390，到期日为2026/07/17
2026-06-25,US.UVXY,,CALL,24.0,2026-06-26,1000,290000.0,BUY,06-26 02:38,6.26 02:38，出现一笔买入看涨期权交易，成交量为1000张，未平仓数为3547张，V/OI值为0.3，交易金额为290000USD，合约行权价是24，到期日为2026/06/26
2026-06-25,US.WDAY,,PUT,90.0,2027-01-15,3056,2353120.0,BUY,06-26 00:05,6.26 00:05，出现一笔买入看跌期权交易，成交量为3056张，未平仓数为3183张，V/OI值为1，交易金额为2353120USD，合约行权价是90，到期日为2027/01/15
2026-06-25,US.XOM,,PUT,138.0,2026-07-17,541,202885.0,SELL,06-26 02:31,6.26 02:31，出现一笔卖出看跌期权交易，成交量为541张，未平仓数为244张，V/OI值为4.8，交易金额为202885USD，合约行权价是138，到期日为2026/07/17
2026-06-26,US.AAPL,,PUT,275.0,2026-07-01,1000,96000.0,SELL,06-27 03:58,6.27 03:58，出现一笔卖出看跌期权交易，成交量为1000张，未平仓数为2959张，V/OI值为2.4，交易金额为96000USD，合约行权价是275，到期日为2026/07/01
2026-06-26,US.AAPL,,CALL,305.0,2026-07-31,1615,559263.0,SELL,06-27 03:57,6.27 03:57，出现一笔卖出看涨期权交易，成交量为1615张，未平仓数为738张，V/OI值为4.2，交易金额为559263USD，合约行权价是305，到期日为2026/07/31
2026-06-26,US.AAPL,,CALL,285.0,2026-06-29,2000,530000.0,SELL,06-27 03:56,6.27 03:56，出现一笔卖出看涨期权交易，成交量为2000张，未平仓数为2634张，V/OI值为13.6，交易金额为530000USD，合约行权价是285，到期日为2026/06/29
2026-06-26,US.AAPL,,CALL,285.0,2026-06-26,2000,180000.0,BUY,06-27 03:56,6.27 03:56，出现一笔买入看涨期权交易，成交量为2000张，未平仓数为18789张，V/OI值为4.5，交易金额为180000USD，合约行权价是285，到期日为2026/06/26
2026-06-26,US.AAPL,,CALL,282.5,2026-07-01,2562,1414224.0,SELL,06-27 03:55,6.27 03:55，出现一笔卖出看涨期权交易，成交量为2562张，未平仓数为449张，V/OI值为10.3，交易金额为1414224USD，合约行权价是282.5，到期日为2026/07/01
2026-06-26,US.AAPL,,CALL,282.5,2026-06-26,2562,914634.0,BUY,06-27 03:55,6.27 03:55，出现一笔买入看涨期权交易，成交量为2562张，未平仓数为7760张，V/OI值为20.4，交易金额为914634USD，合约行权价是282.5，到期日为2026/06/26
2026-06-26,US.AAPL,,PUT,275.0,2026-07-01,2002,187581.0,BUY,06-27 03:53,6.27 03:53，出现一笔买入看跌期权交易，成交量为2002张，未平仓数为2959张，V/OI值为2，交易金额为187581USD，合约行权价是275，到期日为2026/07/01
2026-06-26,US.AAPL,,CALL,287.5,2026-07-17,1121,638970.0,BUY,06-27 03:50,6.27 03:50，出现一笔买入看涨期权交易，成交量为1121张，未平仓数为658张，V/OI值为2.2，交易金额为638970USD，合约行权价是287.5，到期日为2026/07/17
2026-06-26,US.AAPL,,CALL,292.5,2026-07-02,1000,85000.0,BUY,06-27 03:03,6.27 03:03，出现一笔买入看涨期权交易，成交量为1000张，未平仓数为1609张，V/OI值为4，交易金额为85000USD，合约行权价是292.5，到期日为2026/07/02
2026-06-26,US.AAPL,,CALL,320.0,2026-09-18,1500,554986.0,BUY,06-27 02:45,6.27 02:45，出现一笔买入看涨期权交易，成交量为1500张，未平仓数为21706张，V/OI值为0.5，交易金额为554986USD，合约行权价是320，到期日为2026/09/18
2026-06-26,US.AAPL,,CALL,320.0,2026-09-18,1000,370000.0,BUY,06-27 02:44,6.27 02:44，出现一笔买入看涨期权交易，成交量为1000张，未平仓数为21706张，V/OI值为0.4，交易金额为370000USD，合约行权价是320，到期日为2026/09/18
2026-06-26,US.AAPL,,CALL,320.0,2026-09-18,1425,505875.0,SELL,06-27 02:14,6.27 02:14，出现一笔卖出看涨期权交易，成交量为1425张，未平仓数为21706张，V/OI值为0.3，交易金额为505875USD，合约行权价是320，到期日为2026/09/18
2026-06-26,US.AAPL,,CALL,320.0,2026-09-18,1986,720414.0,BUY,06-27 02:12,6.27 02:12，出现一笔买入看涨期权交易，成交量为1986张，未平仓数为21706张，V/OI值为0.2，交易金额为720414USD，合约行权价是320，到期日为2026/09/18
2026-06-26,US.AAPL,,CALL,320.0,2026-09-18,1961,696155.0,SELL,06-27 02:12,6.27 02:12，出现一笔卖出看涨期权交易，成交量为1961张，未平仓数为21706张，V/OI值为0.1，交易金额为696155USD，合约行权价是320，到期日为2026/09/18
2026-06-26,US.AAPL,,PUT,265.0,2026-07-17,2350,451819.0,SELL,06-27 02:04,6.27 02:04，出现一笔卖出看跌期权交易，成交量为2350张，未平仓数为16855张，V/OI值为0.4，交易金额为451819USD，合约行权价是265，到期日为2026/07/17
2026-06-26,US.AAPL,,CALL,282.5,2026-06-29,1037,109922.0,BUY,06-27 02:03,6.27 02:03，出现一笔买入看涨期权交易，成交量为1037张，未平仓数为1851张，V/OI值为6，交易金额为109922USD，合约行权价是282.5，到期日为2026/06/29
2026-06-26,US.AAPL,,PUT,280.0,2026-06-26,1383,167342.0,BUY,06-27 01:34,6.27 01:34，出现一笔买入看跌期权交易，成交量为1383张，未平仓数为7064张，V/OI值为3.9，交易金额为167342USD，合约行权价是280，到期日为2026/06/26
2026-06-26,US.AAPL,,CALL,305.0,2026-08-21,1000,355000.0,SELL,06-27 00:43,6.27 00:43，出现一笔卖出看涨期权交易，成交量为1000张，未平仓数为6902张，V/OI值为0.2，交易金额为355000USD，合约行权价是305，到期日为2026/08/21
2026-06-26,US.AAPL,,PUT,280.0,2026-06-26,1216,468192.0,SELL,06-27 00:05,6.27 00:05，出现一笔卖出看跌期权交易，成交量为1216张，未平仓数为7064张，V/OI值为2.8，交易金额为468192USD，合约行权价是280，到期日为2026/06/26
2026-06-26,US.ADSK,,PUT,195.0,2026-07-31,123,113160.0,SELL,06-27 02:07,6.27 02:07，出现一笔卖出看跌期权交易，成交量为123张，未平仓数为6张，V/OI值为20.5，交易金额为113160USD，合约行权价是195，到期日为2026/07/31
2026-06-26,US.AEHR,,CALL,145.0,2028-01-21,211,949500.0,BUY,06-27 03:59,6.27 03:59，出现一笔买入看涨期权交易，成交量为211张，未平仓数为313张，V/OI值为0.7，交易金额为949500USD，合约行权价是145，到期日为2028/01/21
2026-06-26,US.AEHR,,PUT,100.0,2026-07-02,100,123000.0,SELL,06-27 03:27,6.27 03:27，出现一笔卖出看跌期权交易，成交量为100张，未平仓数为59张，V/OI值为4.1，交易金额为123000USD，合约行权价是100，到期日为2026/07/02
2026-06-26,US.AEHR,,PUT,100.0,2026-06-26,100,103000.0,SELL,06-27 03:27,6.27 03:27，出现一笔卖出看跌期权交易，成交量为100张，未平仓数为531张，V/OI值为0.5，交易金额为103000USD，合约行权价是100，到期日为2026/06/26
2026-06-26,US.AEHR,,CALL,100.0,2026-07-02,321,89880.0,BUY,06-27 03:17,6.27 03:17，出现一笔买入看涨期权交易，成交量为321张，未平仓数为28张，V/OI值为12.5，交易金额为89880USD，合约行权价是100，到期日为2026/07/02
2026-06-26,US.AEHR,,PUT,80.0,2026-07-17,187,156310.0,SELL,06-27 02:47,6.27 02:47，出现一笔卖出看跌期权交易，成交量为187张，未平仓数为240张，V/OI值为0.9，交易金额为156310USD，合约行权价是80，到期日为2026/07/17
2026-06-26,US.AEHR,,PUT,77.0,2026-07-10,288,106560.0,BUY,06-27 02:47,6.27 02:47，出现一笔买入看跌期权交易，成交量为288张，未平仓数为0张，V/OI值为0，交易金额为106560USD，合约行权价是77，到期日为2026/07/10
2026-06-26,US.AMD,,PUT,400.0,2026-07-31,1000,740030.0,SELL,06-27 01:17,6.27 01:17，出现一笔卖出看跌期权交易，成交量为1000张，未平仓数为559张，V/OI值为15.2，交易金额为740030USD，合约行权价是400，到期日为2026/07/31
2026-06-26,US.AMD,,PUT,400.0,2026-07-31,2470,1951300.0,BUY,06-27 00:12,6.27 00:12，出现一笔买入看跌期权交易，成交量为2470张，未平仓数为559张，V/OI值为11.4，交易金额为1951300USD，合约行权价是400，到期日为2026/07/31
2026-06-26,US.AMZN,,PUT,232.5,2026-06-26,2986,233704.0,SELL,06-27 03:57,6.27 03:57，出现一笔卖出看跌期权交易，成交量为2986张，未平仓数为3794张，V/OI值为3.4，交易金额为233704USD，合约行权价是232.5，到期日为2026/06/26
2026-06-26,US.AMZN,,PUT,170.0,2027-06-17,1215,952560.0,BUY,06-27 03:54,6.27 03:54，出现一笔买入看跌期权交易，成交量为1215张，未平仓数为5786张，V/OI值为0.3，交易金额为952560USD，合约行权价是170，到期日为2027/06/17
2026-06-26,US.AMZN,,CALL,265.0,2026-07-31,1500,279000.0,SELL,06-27 03:30,6.27 03:30，出现一笔卖出看涨期权交易，成交量为1500张，未平仓数为796张，V/OI值为2.2，交易金额为279000USD，合约行权价是265，到期日为2026/07/31
2026-06-26,US.AMZN,,CALL,235.0,2026-07-31,1500,1329000.0,BUY,06-27 03:30,6.27 03:30，出现一笔买入看涨期权交易，成交量为1500张，未平仓数为938张，V/OI值为1.9，交易金额为1329000USD，合约行权价是235，到期日为2026/07/31
2026-06-26,US.AVGO,,PUT,320.0,2026-12-18,1260,3294900.0,BUY,06-27 03:37,6.27 03:37，出现一笔买入看跌期权交易，成交量为1260张，未平仓数为5564张，V/OI值为0.2，交易金额为3294900USD，合约行权价是320，到期日为2026/12/18
2026-06-26,US.AVGO,,PUT,240.0,2026-08-21,1000,98000.0,BUY,06-27 01:23,6.27 01:23，出现一笔买入看跌期权交易，成交量为1000张，未平仓数为2445张，V/OI值为0.4，交易金额为98000USD，合约行权价是240，到期日为2026/08/21
2026-06-26,US.AVGO,,PUT,280.0,2026-07-17,1500,94500.0,BUY,06-27 00:46,6.27 00:46，出现一笔买入看跌期权交易，成交量为1500张，未平仓数为4034张，V/OI值为0.4，交易金额为94500USD，合约行权价是280，到期日为2026/07/17
2026-06-26,US.BABA,,PUT,155.0,2026-07-17,1078,6588736.0,BUY,06-27 03:31,6.27 03:31，出现一笔买入看跌期权交易，成交量为1078张，未平仓数为3000张，V/OI值为3.1，交易金额为6588736USD，合约行权价是155，到期日为2026/07/17
2026-06-26,US.BABA,,PUT,155.0,2026-07-17,2200,13266000.0,BUY,06-27 03:30,6.27 03:30，出现一笔买入看跌期权交易，成交量为2200张，未平仓数为3000张，V/OI值为2.6，交易金额为13266000USD，合约行权价是155，到期日为2026/07/17
2026-06-26,US.BABA,,PUT,140.0,2026-07-17,2330,10566550.0,BUY,06-27 03:30,6.27 03:30，出现一笔买入看跌期权交易，成交量为2330张，未平仓数为2252张，V/OI值为3.6，交易金额为10566550USD，合约行权价是140，到期日为2026/07/17
2026-06-26,US.BABA,,PUT,140.0,2026-07-17,3378,15589470.0,BUY,06-27 03:30,6.27 03:30，出现一笔买入看跌期权交易，成交量为3378张，未平仓数为2252张，V/OI值为2.5，交易金额为15589470USD，合约行权价是140，到期日为2026/07/17
2026-06-26,US.BABA,,PUT,155.0,2026-07-17,3378,20656470.0,BUY,06-27 03:30,6.27 03:30，出现一笔买入看跌期权交易，成交量为3378张，未平仓数为3000张，V/OI值为1.9，交易金额为20656470USD，合约行权价是155，到期日为2026/07/17
2026-06-26,US.BABA,,PUT,155.0,2026-07-17,2330,14247950.0,BUY,06-27 03:22,6.27 03:22，出现一笔买入看跌期权交易，成交量为2330张，未平仓数为3000张，V/OI值为0.8，交易金额为14247950USD，合约行权价是155，到期日为2026/07/17
2026-06-26,US.BABA,,PUT,140.0,2026-07-17,2330,10752950.0,BUY,06-27 03:22,6.27 03:22，出现一笔买入看跌期权交易，成交量为2330张，未平仓数为2252张，V/OI值为1，交易金额为10752950USD，合约行权价是140，到期日为2026/07/17
2026-06-26,US.BABA,,PUT,98.0,2026-07-02,1250,488750.0,SELL,06-27 00:25,6.27 00:25，出现一笔卖出看跌期权交易，成交量为1250张，未平仓数为687张，V/OI值为2.3，交易金额为488750USD，合约行权价是98，到期日为2026/07/02
2026-06-26,US.BABA,,CALL,140.0,2027-01-15,4000,1284000.0,SELL,06-27 00:10,6.27 00:10，出现一笔卖出看涨期权交易，成交量为4000张，未平仓数为8830张，V/OI值为0.5，交易金额为1284000USD，合约行权价是140，到期日为2027/01/15
2026-06-26,US.BABA,,CALL,105.0,2027-01-15,4000,3980000.0,BUY,06-27 00:10,6.27 00:10，出现一笔买入看涨期权交易，成交量为4000张，未平仓数为2473张，V/OI值为1.7，交易金额为3980000USD，合约行权价是105，到期日为2027/01/15
2026-06-26,US.CBRS,,PUT,185.0,2026-06-26,1001,320320.0,BUY,06-27 02:06,6.27 02:06，出现一笔买入看跌期权交易，成交量为1001张，未平仓数为1568张，V/OI值为1.1，交易金额为320320USD，合约行权价是185，到期日为2026/06/26
2026-06-26,US.CBRS,,PUT,220.0,2026-06-26,200,830000.0,SELL,06-27 01:28,6.27 01:28，出现一笔卖出看跌期权交易，成交量为200张，未平仓数为588张，V/OI值为0.4，交易金额为830000USD，合约行权价是220，到期日为2026/06/26
2026-06-26,US.COHR,,CALL,380.0,2026-07-02,166,298800.0,SELL,06-27 03:08,6.27 03:08，出现一笔卖出看涨期权交易，成交量为166张，未平仓数为37张，V/OI值为13.7，交易金额为298800USD，合约行权价是380，到期日为2026/07/02
2026-06-26,US.COHR,,CALL,600.0,2026-08-21,151,197830.0,SELL,06-27 00:34,6.27 00:34，出现一笔卖出看涨期权交易，成交量为151张，未平仓数为26张，V/OI值为6，交易金额为197830USD，合约行权价是600，到期日为2026/08/21
2026-06-26,US.COHR,,CALL,402.5,2026-07-02,239,207928.0,BUY,06-27 00:13,6.27 00:13，出现一笔买入看涨期权交易，成交量为239张，未平仓数为26张，V/OI值为9.4，交易金额为207928USD，合约行权价是402.5，到期日为2026/07/02
2026-06-26,US.COHR,,PUT,340.0,2026-07-02,970,572300.0,SELL,06-27 00:01,6.27 00:01，出现一笔卖出看跌期权交易，成交量为970张，未平仓数为344张，V/OI值为3，交易金额为572300USD，合约行权价是340，到期日为2026/07/02
2026-06-26,US.COHR,,CALL,390.0,2026-07-02,970,1231900.0,BUY,06-27 00:01,6.27 00:01，出现一笔买入看涨期权交易，成交量为970张，未平仓数为183张，V/OI值为5.8，交易金额为1231900USD，合约行权价是390，到期日为2026/07/02
2026-06-26,US.CRCL,,CALL,120.0,2027-12-17,200,409000.0,BUY,06-27 01:08,6.27 01:08，出现一笔买入看涨期权交易，成交量为200张，未平仓数为93张，V/OI值为5.3，交易金额为409000USD，合约行权价是120，到期日为2027/12/17
2026-06-26,US.CRCL,,CALL,95.0,2026-08-21,1301,546390.0,BUY,06-27 01:07,6.27 01:07，出现一笔买入看涨期权交易，成交量为1301张，未平仓数为937张，V/OI值为1.5，交易金额为546390USD，合约行权价是95，到期日为2026/08/21
2026-06-26,US.CRCL,,PUT,75.0,2026-08-21,238,245080.0,BUY,06-27 01:07,6.27 01:07，出现一笔买入看跌期权交易，成交量为238张，未平仓数为3288张，V/OI值为0.1，交易金额为245080USD，合约行权价是75，到期日为2026/08/21
2026-06-26,US.CRM,,CALL,165.0,2026-07-02,1681,162999.0,SELL,06-27 03:38,6.27 03:38，出现一笔卖出看涨期权交易，成交量为1681张，未平仓数为568张，V/OI值为7.6，交易金额为162999USD，合约行权价是165，到期日为2026/07/02
2026-06-26,US.CRWV,,CALL,97.0,2026-06-26,1000,81006.0,SELL,06-27 03:53,6.27 03:53，出现一笔卖出看涨期权交易，成交量为1000张，未平仓数为112张，V/OI值为95.5，交易金额为81006USD，合约行权价是97，到期日为2026/06/26
2026-06-26,US.DDOG,,CALL,240.0,2026-06-26,880,110000.0,SELL,06-27 03:59,6.27 03:59，出现一笔卖出看涨期权交易，成交量为880张，未平仓数为1689张，V/OI值为0.7，交易金额为110000USD，合约行权价是240，到期日为2026/06/26
2026-06-26,US.DDOG,,CALL,255.0,2026-06-26,880,96800.0,BUY,06-27 03:59,6.27 03:59，出现一笔买入看涨期权交易，成交量为880张，未平仓数为1983张，V/OI值为0.4，交易金额为96800USD，合约行权价是255，到期日为2026/06/26
2026-06-26,US.DDOG,,CALL,300.0,2028-06-16,1000,6720000.0,SELL,06-27 01:57,6.27 01:57，出现一笔卖出看涨期权交易，成交量为1000张，未平仓数为1051张，V/OI值为1，交易金额为6720000USD，合约行权价是300，到期日为2028/06/16
2026-06-26,US.DDOG,,CALL,300.0,2026-09-18,300,342000.0,SELL,06-27 00:09,6.27 00:09，出现一笔卖出看涨期权交易，成交量为300张，未平仓数为156张，V/OI值为1.9，交易金额为342000USD，合约行权价是300，到期日为2026/09/18
2026-06-26,US.DDOG,,PUT,217.5,2026-07-17,293,178730.0,SELL,06-27 00:04,6.27 00:04，出现一笔卖出看跌期权交易，成交量为293张，未平仓数为147张，V/OI值为2.2，交易金额为178730USD，合约行权价是217.5，到期日为2026/07/17
2026-06-26,US.DDOG,,CALL,245.0,2026-07-17,188,173895.0,SELL,06-27 00:00,6.27 00:00，出现一笔卖出看涨期权交易，成交量为188张，未平仓数为16张，V/OI值为12.1，交易金额为173895USD，合约行权价是245，到期日为2026/07/17
2026-06-26,US.DELL,,PUT,405.0,2026-07-17,388,1326960.0,SELL,06-27 03:20,6.27 03:20，出现一笔卖出看跌期权交易，成交量为388张，未平仓数为161张，V/OI值为2.5，交易金额为1326960USD，合约行权价是405，到期日为2026/07/17
2026-06-26,US.DELL,,CALL,350.0,2026-08-21,401,2586450.0,BUY,06-27 00:21,6.27 00:21，出现一笔买入看涨期权交易，成交量为401张，未平仓数为734张，V/OI值为0.5，交易金额为2586450USD，合约行权价是350，到期日为2026/08/21
2026-06-26,US.DRAM,,CALL,85.0,2026-07-10,1728,236736.0,SELL,06-27 03:27,6.27 03:27，出现一笔卖出看涨期权交易，成交量为1728张，未平仓数为1513张，V/OI值为1.9，交易金额为236736USD，合约行权价是85，到期日为2026/07/10
2026-06-26,US.DRAM,,CALL,77.0,2026-07-02,1000,205000.0,SELL,06-27 01:40,6.27 01:40，出现一笔卖出看涨期权交易，成交量为1000张，未平仓数为1095张，V/OI值为2.8，交易金额为205000USD，合约行权价是77，到期日为2026/07/02
2026-06-26,US.DRAM,,CALL,77.0,2026-07-02,1000,210000.0,SELL,06-27 01:20,6.27 01:20，出现一笔卖出看涨期权交易，成交量为1000张，未平仓数为1095张，V/OI值为1.8，交易金额为210000USD，合约行权价是77，到期日为2026/07/02
2026-06-26,US.DRAM,,PUT,60.0,2026-07-17,1541,248101.0,BUY,06-27 01:07,6.27 01:07，出现一笔买入看跌期权交易，成交量为1541张，未平仓数为10061张，V/OI值为0.2，交易金额为248101USD，合约行权价是60，到期日为2026/07/17
2026-06-26,US.DRAM,,CALL,82.0,2026-07-17,1000,340000.0,SELL,06-27 00:09,6.27 00:09，出现一笔卖出看涨期权交易，成交量为1000张，未平仓数为2675张，V/OI值为0.8，交易金额为340000USD，合约行权价是82，到期日为2026/07/17
2026-06-26,US.EWT,,CALL,115.0,2026-07-17,1089,70883.0,SELL,06-27 02:25,6.27 02:25，出现一笔卖出看涨期权交易，成交量为1089张，未平仓数为361张，V/OI值为3.4，交易金额为70883USD，合约行权价是115，到期日为2026/07/17
2026-06-26,US.FCX,,PUT,45.0,2027-06-17,2250,922500.0,SELL,06-27 03:50,6.27 03:50，出现一笔卖出看跌期权交易，成交量为2250张，未平仓数为2802张，V/OI值为0.9，交易金额为922500USD，合约行权价是45，到期日为2027/06/17
2026-06-26,US.FCX,,CALL,70.0,2026-07-17,5000,465000.0,BUY,06-27 01:56,6.27 01:56，出现一笔买入看涨期权交易，成交量为5000张，未平仓数为36127张，V/OI值为0.5，交易金额为465000USD，合约行权价是70，到期日为2026/07/17
2026-06-26,US.FCX,,CALL,80.0,2026-08-21,10000,980000.0,BUY,06-27 01:48,6.27 01:48，出现一笔买入看涨期权交易，成交量为10000张，未平仓数为14455张，V/OI值为1.5，交易金额为980000USD，合约行权价是80，到期日为2026/08/21
2026-06-26,US.FCX,,CALL,95.0,2026-08-21,10000,250000.0,SELL,06-27 01:48,6.27 01:48，出现一笔卖出看涨期权交易，成交量为10000张，未平仓数为11970张，V/OI值为1.8，交易金额为250000USD，合约行权价是95，到期日为2026/08/21
2026-06-26,US.FCX,,CALL,80.0,2026-07-17,10000,110000.0,SELL,06-27 01:48,6.27 01:48，出现一笔卖出看涨期权交易，成交量为10000张，未平仓数为19200张，V/OI值为1.1，交易金额为110000USD，合约行权价是80，到期日为2026/07/17
2026-06-26,US.FCX,,CALL,70.0,2026-07-17,10000,890000.0,BUY,06-27 01:48,6.27 01:48，出现一笔买入看涨期权交易，成交量为10000张，未平仓数为36127张，V/OI值为0.6，交易金额为890000USD，合约行权价是70，到期日为2026/07/17
2026-06-26,US.FCX,,CALL,80.0,2026-08-21,10000,990000.0,BUY,06-27 01:47,6.27 01:47，出现一笔买入看涨期权交易，成交量为10000张，未平仓数为14455张，V/OI值为0.8，交易金额为990000USD，合约行权价是80，到期日为2026/08/21
2026-06-26,US.FCX,,CALL,95.0,2026-08-21,10000,240000.0,SELL,06-27 01:47,6.27 01:47，出现一笔卖出看涨期权交易，成交量为10000张，未平仓数为11970张，V/OI值为0.9，交易金额为240000USD，合约行权价是95，到期日为2026/08/21
2026-06-26,US.FCX,,CALL,80.0,2026-07-17,10000,200000.0,BUY,06-27 01:47,6.27 01:47，出现一笔买入看涨期权交易，成交量为10000张，未平仓数为19200张，V/OI值为0.6，交易金额为200000USD，合约行权价是80，到期日为2026/07/17
2026-06-26,US.FCX,,CALL,70.0,2026-07-17,10000,900000.0,BUY,06-27 01:47,6.27 01:47，出现一笔买入看涨期权交易，成交量为10000张，未平仓数为36127张，V/OI值为0.3，交易金额为900000USD，合约行权价是70，到期日为2026/07/17
2026-06-26,US.FCX,,CALL,80.0,2026-08-21,1000,99000.0,BUY,06-27 01:44,6.27 01:44，出现一笔买入看涨期权交易，成交量为1000张，未平仓数为14455张，V/OI值为0.1，交易金额为99000USD，合约行权价是80，到期日为2026/08/21
2026-06-26,US.FCX,,CALL,70.0,2026-07-17,1000,90000.0,BUY,06-27 01:44,6.27 01:44，出现一笔买入看涨期权交易，成交量为1000张，未平仓数为36127张，V/OI值为0.1，交易金额为90000USD，合约行权价是70，到期日为2026/07/17
2026-06-26,US.FIG,,CALL,18.5,2026-07-02,2000,116000.0,BUY,06-27 02:12,6.27 02:12，出现一笔买入看涨期权交易，成交量为2000张，未平仓数为136张，V/OI值为16，交易金额为116000USD，合约行权价是18.5，到期日为2026/07/02
2026-06-26,US.GEV,,PUT,900.0,2026-07-17,211,198338.0,BUY,06-27 02:55,6.27 02:55，出现一笔买入看跌期权交易，成交量为211张，未平仓数为1023张，V/OI值为0.2，交易金额为198338USD，合约行权价是900，到期日为2026/07/17
2026-06-26,US.GEV,,CALL,1035.0,2026-07-31,296,2633160.0,BUY,06-27 00:23,6.27 00:23，出现一笔买入看涨期权交易，成交量为296张，未平仓数为304张，V/OI值为1，交易金额为2633160USD，合约行权价是1035，到期日为2026/07/31
2026-06-26,US.GLW,,PUT,225.0,2026-06-26,642,336408.0,SELL,06-27 03:46,6.27 03:46，出现一笔卖出看跌期权交易，成交量为642张，未平仓数为1787张，V/OI值为0.6，交易金额为336408USD，合约行权价是225，到期日为2026/06/26
2026-06-26,US.GLW,,PUT,230.0,2026-07-31,200,591400.0,SELL,06-27 03:28,6.27 03:28，出现一笔卖出看跌期权交易，成交量为200张，未平仓数为9张，V/OI值为22.6，交易金额为591400USD，合约行权价是230，到期日为2026/07/31
2026-06-26,US.GLW,,CALL,180.0,2026-06-26,200,741000.0,SELL,06-27 03:19,6.27 03:19，出现一笔卖出看涨期权交易，成交量为200张，未平仓数为941张，V/OI值为0.2，交易金额为741000USD，合约行权价是180，到期日为2026/06/26
2026-06-26,US.GLW,,CALL,190.0,2026-07-02,200,574800.0,BUY,06-27 03:19,6.27 03:19，出现一笔买入看涨期权交易，成交量为200张，未平仓数为226张，V/OI值为0.9，交易金额为574800USD，合约行权价是190，到期日为2026/07/02
2026-06-26,US.GLW,,PUT,195.0,2026-07-17,300,235500.0,SELL,06-27 00:33,6.27 00:33，出现一笔卖出看跌期权交易，成交量为300张，未平仓数为2164张，V/OI值为0.7，交易金额为235500USD，合约行权价是195，到期日为2026/07/17
2026-06-26,US.GLW,,PUT,195.0,2026-07-17,588,458640.0,SELL,06-27 00:32,6.27 00:32，出现一笔卖出看跌期权交易，成交量为588张，未平仓数为2164张，V/OI值为0.3，交易金额为458640USD，合约行权价是195，到期日为2026/07/17
2026-06-26,US.GLW,,CALL,230.0,2026-07-17,294,326340.0,BUY,06-27 00:32,6.27 00:32，出现一笔买入看涨期权交易，成交量为294张，未平仓数为2632张，V/OI值为0.2，交易金额为326340USD，合约行权价是230，到期日为2026/07/17
2026-06-26,US.GOOGL,,PUT,337.5,2026-07-02,1135,737750.0,BUY,06-27 03:53,6.27 03:53，出现一笔买入看跌期权交易，成交量为1135张，未平仓数为1148张，V/OI值为1.2，交易金额为737750USD，合约行权价是337.5，到期日为2026/07/02
2026-06-26,US.GOOGL,,PUT,332.5,2026-07-02,1380,565695.0,SELL,06-27 03:52,6.27 03:52，出现一笔卖出看跌期权交易，成交量为1380张，未平仓数为579张，V/OI值为6.7，交易金额为565695USD，合约行权价是332.5，到期日为2026/07/02
2026-06-26,US.GOOGL,,PUT,332.5,2026-07-02,1183,438612.0,SELL,06-27 03:51,6.27 03:51，出现一笔卖出看跌期权交易，成交量为1183张，未平仓数为579张，V/OI值为4.3，交易金额为438612USD，合约行权价是332.5，到期日为2026/07/02
2026-06-26,US.GOOGL,,PUT,350.0,2026-06-26,1123,842240.0,SELL,06-27 03:49,6.27 03:49，出现一笔卖出看跌期权交易，成交量为1123张，未平仓数为7054张，V/OI值为0.4，交易金额为842240USD，合约行权价是350，到期日为2026/06/26
2026-06-26,US.GOOGL,,PUT,355.0,2026-06-26,1000,1250000.0,SELL,06-27 03:48,6.27 03:48，出现一笔卖出看跌期权交易，成交量为1000张，未平仓数为2228张，V/OI值为0.7，交易金额为1250000USD，合约行权价是355，到期日为2026/06/26
2026-06-26,US.GOOGL,,CALL,342.5,2026-06-26,1150,117300.0,BUY,06-27 03:08,6.27 03:08，出现一笔买入看涨期权交易，成交量为1150张，未平仓数为1261张，V/OI值为26，交易金额为117300USD，合约行权价是342.5，到期日为2026/06/26
2026-06-26,US.GOOGL,,CALL,350.0,2026-07-17,1506,1061760.0,SELL,06-27 01:32,6.27 01:32，出现一笔卖出看涨期权交易，成交量为1506张，未平仓数为6537张，V/OI值为1.9，交易金额为1061760USD，合约行权价是350，到期日为2026/07/17
2026-06-26,US.GOOGL,,PUT,345.0,2026-06-26,1149,396407.0,SELL,06-27 00:59,6.27 00:59，出现一笔卖出看跌期权交易，成交量为1149张，未平仓数为8560张，V/OI值为0.8，交易金额为396407USD，合约行权价是345，到期日为2026/06/26
2026-06-26,US.GOOGL,,PUT,345.0,2028-01-21,1000,5436000.0,SELL,06-27 00:41,6.27 00:41，出现一笔卖出看跌期权交易，成交量为1000张，未平仓数为277张，V/OI值为3.6，交易金额为5436000USD，合约行权价是345，到期日为2028/01/21
2026-06-26,US.GOOGL,,CALL,650.0,2028-01-21,8000,10200000.0,BUY,06-27 00:40,6.27 00:40，出现一笔买入看涨期权交易，成交量为8000张，未平仓数为20875张，V/OI值为0.4，交易金额为10200000USD，合约行权价是650，到期日为2028/01/21
2026-06-26,US.GOOGL,,CALL,345.0,2026-06-26,1053,233758.0,BUY,06-27 00:05,6.27 00:05，出现一笔买入看涨期权交易，成交量为1053张，未平仓数为4177张，V/OI值为6.1，交易金额为233758USD，合约行权价是345，到期日为2026/06/26
2026-06-26,US.HOOD,,CALL,97.0,2026-06-26,1000,195000.0,SELL,06-27 03:59,6.27 03:59，出现一笔卖出看涨期权交易，成交量为1000张，未平仓数为1498张，V/OI值为11.7，交易金额为195000USD，合约行权价是97，到期日为2026/06/26
2026-06-26,US.HOOD,,CALL,120.0,2026-07-17,1202,87746.0,SELL,06-27 03:24,6.27 03:24，出现一笔卖出看涨期权交易，成交量为1202张，未平仓数为28668张，V/OI值为0.3，交易金额为87746USD，合约行权价是120，到期日为2026/07/17
2026-06-26,US.HOOD,,CALL,109.0,2026-07-10,1132,149426.0,SELL,06-27 00:45,6.27 00:45，出现一笔卖出看涨期权交易，成交量为1132张，未平仓数为395张，V/OI值为3.1，交易金额为149426USD，合约行权价是109，到期日为2026/07/10
2026-06-26,US.HOOD,,PUT,90.0,2026-07-10,1000,210000.0,BUY,06-27 00:33,6.27 00:33，出现一笔买入看跌期权交易，成交量为1000张，未平仓数为483张，V/OI值为2.4，交易金额为210000USD，合约行权价是90，到期日为2026/07/10
2026-06-26,US.IBIT,,PUT,45.0,2026-07-17,2642,2945830.0,BUY,06-27 03:46,6.27 03:46，出现一笔买入看跌期权交易，成交量为2642张，未平仓数为3105张，V/OI值为0.9，交易金额为2945830USD，合约行权价是45，到期日为2026/07/17
2026-06-26,US.IBM,,CALL,300.0,2026-07-17,1198,299500.0,BUY,06-27 00:30,6.27 00:30，出现一笔买入看涨期权交易，成交量为1198张，未平仓数为14787张，V/OI值为0.7，交易金额为299500USD，合约行权价是300，到期日为2026/07/17
2026-06-26,US.IGV,,CALL,90.0,2026-07-02,2312,138720.0,SELL,06-27 02:36,6.27 02:36，出现一笔卖出看涨期权交易，成交量为2312张，未平仓数为2079张，V/OI值为1.7，交易金额为138720USD，合约行权价是90，到期日为2026/07/02
2026-06-26,US.IGV,,CALL,89.5,2026-07-02,2251,168825.0,SELL,06-27 01:49,6.27 01:49，出现一笔卖出看涨期权交易，成交量为2251张，未平仓数为33张，V/OI值为68.5，交易金额为168825USD，合约行权价是89.5，到期日为2026/07/02
2026-06-26,US.IGV,,CALL,110.0,2026-08-21,4000,127990.0,BUY,06-27 01:16,6.27 01:16，出现一笔买入看涨期权交易，成交量为4000张，未平仓数为10773张，V/OI值为0.4，交易金额为127990USD，合约行权价是110，到期日为2026/08/21
2026-06-26,US.IGV,,CALL,90.0,2026-07-17,2196,439200.0,BUY,06-27 01:11,6.27 01:11，出现一笔买入看涨期权交易，成交量为2196张，未平仓数为2817张，V/OI值为3.7，交易金额为439200USD，合约行权价是90，到期日为2026/07/17
2026-06-26,US.INTC,,PUT,130.0,2027-06-17,1530,5829300.0,SELL,06-27 03:53,6.27 03:53，出现一笔卖出看跌期权交易，成交量为1530张，未平仓数为168张，V/OI值为9.1，交易金额为5829300USD，合约行权价是130，到期日为2027/06/17
2026-06-26,US.INTC,,CALL,129.0,2026-06-26,1008,105840.0,SELL,06-27 01:31,6.27 01:31，出现一笔卖出看涨期权交易，成交量为1008张，未平仓数为1224张，V/OI值为8.5，交易金额为105840USD，合约行权价是129，到期日为2026/06/26
2026-06-26,US.INTC,,CALL,128.0,2026-06-26,1069,135763.0,SELL,06-27 00:47,6.27 00:47，出现一笔卖出看涨期权交易，成交量为1069张，未平仓数为1366张，V/OI值为7.2，交易金额为135763USD，合约行权价是128，到期日为2026/06/26
2026-06-26,US.INTC,,CALL,170.0,2026-07-17,6389,881682.0,SELL,06-27 00:43,6.27 00:43，出现一笔卖出看涨期权交易，成交量为6389张，未平仓数为10501张，V/OI值为0.6，交易金额为881682USD，合约行权价是170，到期日为2026/07/17
2026-06-26,US.INTC,,CALL,160.0,2026-07-24,6389,2715325.0,BUY,06-27 00:43,6.27 00:43，出现一笔买入看涨期权交易，成交量为6389张，未平仓数为1098张，V/OI值为5.9，交易金额为2715325USD，合约行权价是160，到期日为2026/07/24
2026-06-26,US.INTC,,CALL,140.0,2026-07-17,1500,984000.0,BUY,06-27 00:35,6.27 00:35，出现一笔买入看涨期权交易，成交量为1500张，未平仓数为17111张，V/OI值为0.2，交易金额为984000USD，合约行权价是140，到期日为2026/07/17
2026-06-26,US.INTC,,CALL,180.0,2026-09-18,2250,1860750.0,SELL,06-27 00:24,6.27 00:24，出现一笔卖出看涨期权交易，成交量为2250张，未平仓数为7213张，V/OI值为0.5，交易金额为1860750USD，合约行权价是180，到期日为2026/09/18
2026-06-26,US.INTC,,CALL,120.0,2026-07-02,1000,1083000.0,SELL,06-27 00:22,6.27 00:22，出现一笔卖出看涨期权交易，成交量为1000张，未平仓数为20915张，V/OI值为0.1，交易金额为1083000USD，合约行权价是120，到期日为2026/07/02
2026-06-26,US.INTC,,CALL,120.0,2026-06-26,1000,833000.0,BUY,06-27 00:22,6.27 00:22，出现一笔买入看涨期权交易，成交量为1000张，未平仓数为4015张，V/OI值为0.3，交易金额为833000USD，合约行权价是120，到期日为2026/06/26
2026-06-26,US.INTU,,CALL,270.0,2026-07-17,153,189720.0,SELL,06-27 03:42,6.27 03:42，出现一笔卖出看涨期权交易，成交量为153张，未平仓数为6002张，V/OI值为0.2，交易金额为189720USD，合约行权价是270，到期日为2026/07/17
2026-06-26,US.INTU,,CALL,270.0,2026-07-17,649,811321.0,SELL,06-27 03:42,6.27 03:42，出现一笔卖出看涨期权交易，成交量为649张，未平仓数为6002张，V/OI值为0.1，交易金额为811321USD，合约行权价是270，到期日为2026/07/17
2026-06-26,US.IREN,,PUT,40.0,2026-08-21,1173,557175.0,SELL,06-27 03:45,6.27 03:45，出现一笔卖出看跌期权交易，成交量为1173张，未平仓数为3874张，V/OI值为1.7，交易金额为557175USD，合约行权价是40，到期日为2026/08/21
2026-06-26,US.IREN,,PUT,40.0,2026-08-21,1023,485925.0,BUY,06-27 03:39,6.27 03:39，出现一笔买入看跌期权交易，成交量为1023张，未平仓数为3874张，V/OI值为1.3，交易金额为485925USD，合约行权价是40，到期日为2026/08/21
2026-06-26,US.IREN,,PUT,40.0,2026-08-21,1406,660820.0,SELL,06-27 03:39,6.27 03:39，出现一笔卖出看跌期权交易，成交量为1406张，未平仓数为3874张，V/OI值为1，交易金额为660820USD，合约行权价是40，到期日为2026/08/21
2026-06-26,US.IREN,,CALL,53.0,2026-07-10,1051,180702.0,BUY,06-27 03:34,6.27 03:34，出现一笔买入看涨期权交易，成交量为1051张，未平仓数为255张，V/OI值为5.5，交易金额为180702USD，合约行权价是53，到期日为2026/07/10
2026-06-26,US.IREN,,PUT,35.0,2026-07-17,1865,218205.0,BUY,06-27 03:17,6.27 03:17，出现一笔买入看跌期权交易，成交量为1865张，未平仓数为5842张，V/OI值为0.8，交易金额为218205USD，合约行权价是35，到期日为2026/07/17
2026-06-26,US.IREN,,CALL,56.0,2026-07-17,1541,280462.0,SELL,06-27 03:07,6.27 03:07，出现一笔卖出看涨期权交易，成交量为1541张，未平仓数为253张，V/OI值为6.6，交易金额为280462USD，合约行权价是56，到期日为2026/07/17
2026-06-26,US.IREN,,PUT,38.5,2026-07-10,1126,135120.0,BUY,06-27 03:05,6.27 03:05，出现一笔买入看跌期权交易，成交量为1126张，未平仓数为29张，V/OI值为156.8，交易金额为135120USD，合约行权价是38.5，到期日为2026/07/10
2026-06-26,US.IREN,,PUT,38.5,2026-07-10,1239,148680.0,BUY,06-27 03:05,6.27 03:05，出现一笔买入看跌期权交易，成交量为1239张，未平仓数为29张，V/OI值为114.5，交易金额为148680USD，合约行权价是38.5，到期日为2026/07/10
2026-06-26,US.IREN,,PUT,35.0,2026-07-17,1249,133643.0,BUY,06-27 02:53,6.27 02:53，出现一笔买入看跌期权交易，成交量为1249张，未平仓数为5842张，V/OI值为0.3，交易金额为133643USD，合约行权价是35，到期日为2026/07/17
2026-06-26,US.IREN,,PUT,40.0,2026-07-02,20000,1160000.0,BUY,06-27 02:43,6.27 02:43，出现一笔买入看跌期权交易，成交量为20000张，未平仓数为40624张，V/OI值为1.5，交易金额为1160000USD，合约行权价是40，到期日为2026/07/02
2026-06-26,US.IREN,,CALL,100.0,2027-06-17,2700,2583900.0,SELL,06-27 02:37,6.27 02:37，出现一笔卖出看涨期权交易，成交量为2700张，未平仓数为6221张，V/OI值为0.4，交易金额为2583900USD，合约行权价是100，到期日为2027/06/17
2026-06-26,US.IREN,,CALL,65.0,2026-09-18,2700,1355400.0,BUY,06-27 02:37,6.27 02:37，出现一笔买入看涨期权交易，成交量为2700张，未平仓数为61960张，V/OI值为0，交易金额为1355400USD，合约行权价是65，到期日为2026/09/18
2026-06-26,US.IREN,,PUT,43.0,2026-07-24,1226,422848.0,BUY,06-27 02:23,6.27 02:23，出现一笔买入看跌期权交易，成交量为1226张，未平仓数为624张，V/OI值为3.8，交易金额为422848USD，合约行权价是43，到期日为2026/07/24
2026-06-26,US.IREN,,PUT,43.0,2026-07-17,11250,3127500.0,BUY,06-27 02:12,6.27 02:12，出现一笔买入看跌期权交易，成交量为11250张，未平仓数为1710张，V/OI值为7.2，交易金额为3127500USD，合约行权价是43，到期日为2026/07/17
2026-06-26,US.IREN,,PUT,40.0,2026-08-21,1167,501778.0,BUY,06-27 01:45,6.27 01:45，出现一笔买入看跌期权交易，成交量为1167张，未平仓数为3874张，V/OI值为0.6，交易金额为501778USD，合约行权价是40，到期日为2026/08/21
2026-06-26,US.IREN,,PUT,38.0,2026-07-24,7300,1328600.0,BUY,06-27 01:04,6.27 01:04，出现一笔买入看跌期权交易，成交量为7300张，未平仓数为63张，V/OI值为116.6，交易金额为1328600USD，合约行权价是38，到期日为2026/07/24
2026-06-26,US.IREN,,PUT,30.0,2026-07-02,15500,201500.0,SELL,06-27 00:10,6.27 00:10，出现一笔卖出看跌期权交易，成交量为15500张，未平仓数为22414张，V/OI值为1.7，交易金额为201500USD，合约行权价是30，到期日为2026/07/02
2026-06-26,US.IWM,,PUT,284.0,2026-07-17,5999,1331778.0,SELL,06-27 04:07,6.27 04:07，出现一笔卖出看跌期权交易，成交量为5999张，未平仓数为34882张，V/OI值为2.1，交易金额为1331778USD，合约行权价是284，到期日为2026/07/17
2026-06-26,US.IWM,,PUT,283.0,2026-07-17,3348,659208.0,SELL,06-27 04:05,6.27 04:05，出现一笔卖出看跌期权交易，成交量为3348张，未平仓数为42220张，V/OI值为0.5，交易金额为659208USD，合约行权价是283，到期日为2026/07/17
2026-06-26,US.IWM,,PUT,282.0,2026-07-17,5843,1285460.0,SELL,06-27 03:32,6.27 03:32，出现一笔卖出看跌期权交易，成交量为5843张，未平仓数为32610张，V/OI值为2.1，交易金额为1285460USD，合约行权价是282，到期日为2026/07/17
2026-06-26,US.IWM,,CALL,305.0,2026-07-10,3892,665532.0,SELL,06-27 02:55,6.27 02:55，出现一笔卖出看涨期权交易，成交量为3892张，未平仓数为546张，V/OI值为7.4，交易金额为665532USD，合约行权价是305，到期日为2026/07/10
2026-06-26,US.IWM,,PUT,290.0,2026-07-17,4763,1690865.0,SELL,06-27 02:15,6.27 02:15，出现一笔卖出看跌期权交易，成交量为4763张，未平仓数为120051张，V/OI值为0.6，交易金额为1690865USD，合约行权价是290，到期日为2026/07/17
2026-06-26,US.IWM,,PUT,292.0,2026-06-30,4053,287763.0,BUY,06-27 02:14,6.27 02:14，出现一笔买入看跌期权交易，成交量为4053张，未平仓数为23946张，V/OI值为1.4，交易金额为287763USD，合约行权价是292，到期日为2026/06/30
2026-06-26,US.IWM,,PUT,297.5,2026-06-26,3700,159100.0,BUY,06-27 01:55,6.27 01:55，出现一笔买入看跌期权交易，成交量为3700张，未平仓数为2369张，V/OI值为22.5，交易金额为159100USD，合约行权价是297.5，到期日为2026/06/26
2026-06-26,US.IWM,,CALL,298.0,2026-06-26,4645,199748.0,SELL,06-27 01:50,6.27 01:50，出现一笔卖出看涨期权交易，成交量为4645张，未平仓数为2761张，V/OI值为19.3，交易金额为199748USD，合约行权价是298，到期日为2026/06/26
2026-06-26,US.IWM,,PUT,285.0,2026-07-31,6748,2570988.0,SELL,06-27 01:21,6.27 01:21，出现一笔卖出看跌期权交易，成交量为6748张，未平仓数为1713张，V/OI值为22.3，交易金额为2570988USD，合约行权价是285，到期日为2026/07/31
2026-06-26,US.IWM,,PUT,290.0,2026-07-17,7814,2773970.0,SELL,06-27 01:21,6.27 01:21，出现一笔卖出看跌期权交易，成交量为7814张，未平仓数为120051张，V/OI值为0.5，交易金额为2773970USD，合约行权价是290，到期日为2026/07/17
2026-06-26,US.IWM,,PUT,298.0,2026-06-26,6276,207087.0,BUY,06-27 01:06,6.27 01:06，出现一笔买入看跌期权交易，成交量为6276张，未平仓数为2987张，V/OI值为32.6，交易金额为207087USD，合约行权价是298，到期日为2026/06/26
2026-06-26,US.IWM,,PUT,295.0,2026-08-21,6000,5070000.0,SELL,06-27 00:48,6.27 00:48，出现一笔卖出看跌期权交易，成交量为6000张，未平仓数为15340张，V/OI值为0.4，交易金额为5070000USD，合约行权价是295，到期日为2026/08/21
2026-06-26,US.IWM,,PUT,285.0,2026-07-17,5500,1298000.0,BUY,06-27 00:39,6.27 00:39，出现一笔买入看跌期权交易，成交量为5500张，未平仓数为87518张，V/OI值为0.6，交易金额为1298000USD，合约行权价是285，到期日为2026/07/17
2026-06-26,US.IWM,,CALL,320.0,2026-08-21,3000,909000.0,BUY,06-27 00:39,6.27 00:39，出现一笔买入看涨期权交易，成交量为3000张，未平仓数为4384张，V/OI值为0.8，交易金额为909000USD，合约行权价是320，到期日为2026/08/21
2026-06-26,US.IWM,,PUT,285.0,2026-08-21,3000,1590000.0,SELL,06-27 00:39,6.27 00:39，出现一笔卖出看跌期权交易，成交量为3000张，未平仓数为8583张，V/OI值为0.4，交易金额为1590000USD，合约行权价是285，到期日为2026/08/21
2026-06-26,US.IWM,,PUT,285.0,2026-07-31,29174,10823554.0,BUY,06-27 00:37,6.27 00:37，出现一笔买入看跌期权交易，成交量为29174张，未平仓数为1713张，V/OI值为18.3，交易金额为10823554USD，合约行权价是285，到期日为2026/07/31
2026-06-26,US.IWM,,PUT,290.0,2026-07-17,39401,13317538.0,BUY,06-27 00:37,6.27 00:37，出现一笔买入看跌期权交易，成交量为39401张，未平仓数为120051张，V/OI值为0.4，交易金额为13317538USD，合约行权价是290，到期日为2026/07/17
2026-06-26,US.IWM,,CALL,295.0,2026-07-17,8250,7210500.0,BUY,06-27 00:22,6.27 00:22，出现一笔买入看涨期权交易，成交量为8250张，未平仓数为34960张，V/OI值为0.2，交易金额为7210500USD，合约行权价是295，到期日为2026/07/17
2026-06-26,US.IWM,,PUT,260.0,2026-09-18,8250,2458500.0,SELL,06-27 00:22,6.27 00:22，出现一笔卖出看跌期权交易，成交量为8250张，未平仓数为54099张，V/OI值为0.2，交易金额为2458500USD，合约行权价是260，到期日为2026/09/18
2026-06-26,US.LITE,,CALL,810.0,2026-06-26,394,327002.0,BUY,06-27 01:04,6.27 01:04，出现一笔买入看涨期权交易，成交量为394张，未平仓数为61张，V/OI值为13.4，交易金额为327002USD，合约行权价是810，到期日为2026/06/26
2026-06-26,US.LITE,,PUT,855.0,2026-07-17,306,2949917.0,SELL,06-27 00:45,6.27 00:45，出现一笔卖出看跌期权交易，成交量为306张，未平仓数为15张，V/OI值为20.4，交易金额为2949917USD，合约行权价是855，到期日为2026/07/17
2026-06-26,US.META,,CALL,570.0,2026-07-01,1972,493000.0,BUY,06-27 03:51,6.27 03:51，出现一笔买入看涨期权交易，成交量为1972张，未平仓数为2532张，V/OI值为1.2，交易金额为493000USD，合约行权价是570，到期日为2026/07/01
2026-06-26,US.META,,PUT,540.0,2026-06-29,1067,171787.0,SELL,06-27 03:47,6.27 03:47，出现一笔卖出看跌期权交易，成交量为1067张，未平仓数为575张，V/OI值为8.8，交易金额为171787USD，合约行权价是540，到期日为2026/06/29
2026-06-26,US.META,,CALL,555.0,2026-06-26,1872,281670.0,SELL,06-27 01:53,6.27 01:53，出现一笔卖出看涨期权交易，成交量为1872张，未平仓数为1251张，V/OI值为15.4，交易金额为281670USD，合约行权价是555，到期日为2026/06/26
2026-06-26,US.META,,CALL,700.0,2027-01-15,1990,4965050.0,SELL,06-27 00:44,6.27 00:44，出现一笔卖出看涨期权交易，成交量为1990张，未平仓数为112477张，V/OI值为0，交易金额为4965050USD，合约行权价是700，到期日为2027/01/15
2026-06-26,US.MP,,PUT,55.0,2027-03-19,600,711000.0,SELL,06-27 00:54,6.27 00:54，出现一笔卖出看跌期权交易，成交量为600张，未平仓数为118张，V/OI值为5.1，交易金额为711000USD，合约行权价是55，到期日为2027/03/19
2026-06-26,US.MRVL,,PUT,155.0,2026-07-02,9991,239783.0,BUY,06-27 00:20,6.27 00:20，出现一笔买入看跌期权交易，成交量为9991张，未平仓数为2332张，V/OI值为12.9，交易金额为239783USD，合约行权价是155，到期日为2026/07/02
2026-06-26,US.MRVL,,PUT,155.0,2026-07-02,19935,478439.0,BUY,06-27 00:20,6.27 00:20，出现一笔买入看跌期权交易，成交量为19935张，未平仓数为2332张，V/OI值为8.6，交易金额为478439USD，合约行权价是155，到期日为2026/07/02
2026-06-26,US.MSFT,,CALL,385.0,2026-07-01,1000,360000.0,SELL,06-27 03:57,6.27 03:57，出现一笔卖出看涨期权交易，成交量为1000张，未平仓数为353张，V/OI值为38.5，交易金额为360000USD，合约行权价是385，到期日为2026/07/01
2026-06-26,US.MSFT,,CALL,385.0,2026-07-01,1000,360000.0,SELL,06-27 03:57,6.27 03:57，出现一笔卖出看涨期权交易，成交量为1000张，未平仓数为353张，V/OI值为35.6，交易金额为360000USD，合约行权价是385，到期日为2026/07/01
2026-06-26,US.MSFT,,CALL,385.0,2026-07-01,1000,345000.0,SELL,06-27 03:57,6.27 03:57，出现一笔卖出看涨期权交易，成交量为1000张，未平仓数为353张，V/OI值为32.8，交易金额为345000USD，合约行权价是385，到期日为2026/07/01
2026-06-26,US.MSFT,,CALL,385.0,2026-07-01,4200,1533010.0,BUY,06-27 03:51,6.27 03:51，出现一笔买入看涨期权交易，成交量为4200张，未平仓数为353张，V/OI值为26.8，交易金额为1533010USD，合约行权价是385，到期日为2026/07/01
2026-06-26,US.MSFT,,CALL,390.0,2026-07-17,1500,1012330.0,BUY,06-27 03:49,6.27 03:49，出现一笔买入看涨期权交易，成交量为1500张，未平仓数为7565张，V/OI值为2.1，交易金额为1012330USD，合约行权价是390，到期日为2026/07/17
2026-06-26,US.MSFT,,CALL,385.0,2026-07-01,1000,284000.0,BUY,06-27 03:46,6.27 03:46，出现一笔买入看涨期权交易，成交量为1000张，未平仓数为353张，V/OI值为8.4，交易金额为284000USD，合约行权价是385，到期日为2026/07/01
2026-06-26,US.MSFT,,CALL,385.0,2026-07-01,1000,275000.0,BUY,06-27 03:46,6.27 03:46，出现一笔买入看涨期权交易，成交量为1000张，未平仓数为353张，V/OI值为5.6，交易金额为275000USD，合约行权价是385，到期日为2026/07/01
2026-06-26,US.MSFT,,CALL,390.0,2026-07-17,1500,937500.0,SELL,06-27 03:38,6.27 03:38，出现一笔卖出看涨期权交易，成交量为1500张，未平仓数为7565张，V/OI值为1.9，交易金额为937500USD，合约行权价是390，到期日为2026/07/17
2026-06-26,US.MSFT,,CALL,675.0,2026-12-18,15000,2355000.0,BUY,06-27 03:24,6.27 03:24，出现一笔买入看涨期权交易，成交量为15000张，未平仓数为37421张，V/OI值为0.4，交易金额为2355000USD，合约行权价是675，到期日为2026/12/18
2026-06-26,US.MSFT,,CALL,390.0,2026-07-17,1397,852170.0,SELL,06-27 03:23,6.27 03:23，出现一笔卖出看涨期权交易，成交量为1397张，未平仓数为7565张，V/OI值为1.7，交易金额为852170USD，合约行权价是390，到期日为2026/07/17
2026-06-26,US.MSFT,,CALL,390.0,2026-07-17,1500,907500.0,SELL,06-27 03:22,6.27 03:22，出现一笔卖出看涨期权交易，成交量为1500张，未平仓数为7565张，V/OI值为1.5，交易金额为907500USD，合约行权价是390，到期日为2026/07/17
2026-06-26,US.MSFT,,PUT,310.0,2026-09-18,1500,795000.0,SELL,06-27 03:15,6.27 03:15，出现一笔卖出看跌期权交易，成交量为1500张，未平仓数为4798张，V/OI值为0.3，交易金额为795000USD，合约行权价是310，到期日为2026/09/18
2026-06-26,US.MSFT,,CALL,380.0,2026-07-17,1500,1231124.0,SELL,06-27 02:58,6.27 02:58，出现一笔卖出看涨期权交易，成交量为1500张，未平仓数为10799张，V/OI值为1.2，交易金额为1231124USD，合约行权价是380，到期日为2026/07/17
2026-06-26,US.MSFT,,CALL,380.0,2026-07-17,1500,1237255.0,BUY,06-27 02:58,6.27 02:58，出现一笔买入看涨期权交易，成交量为1500张，未平仓数为10799张，V/OI值为1.1，交易金额为1237255USD，合约行权价是380，到期日为2026/07/17
2026-06-26,US.MSFT,,CALL,390.0,2026-07-17,1500,795000.0,SELL,06-27 02:58,6.27 02:58，出现一笔卖出看涨期权交易，成交量为1500张，未平仓数为7565张，V/OI值为1.3，交易金额为795000USD，合约行权价是390，到期日为2026/07/17
2026-06-26,US.MSFT,,CALL,390.0,2026-07-17,1431,815670.0,SELL,06-27 01:48,6.27 01:48，出现一笔卖出看涨期权交易，成交量为1431张，未平仓数为7565张，V/OI值为0.8，交易金额为815670USD，合约行权价是390，到期日为2026/07/17
2026-06-26,US.MSFT,,CALL,390.0,2026-07-17,1499,867036.0,BUY,06-27 01:47,6.27 01:47，出现一笔买入看涨期权交易，成交量为1499张，未平仓数为7565张，V/OI值为0.6，交易金额为867036USD，合约行权价是390，到期日为2026/07/17
2026-06-26,US.MSFT,,PUT,372.5,2026-06-26,1343,456580.0,BUY,06-27 00:57,6.27 00:57，出现一笔买入看跌期权交易，成交量为1343张，未平仓数为721张，V/OI值为5.9，交易金额为456580USD，合约行权价是372.5，到期日为2026/06/26
2026-06-26,US.MSFT,,CALL,390.0,2026-08-21,1000,1538743.0,BUY,06-27 00:19,6.27 00:19，出现一笔买入看涨期权交易，成交量为1000张，未平仓数为23787张，V/OI值为0.1，交易金额为1538743USD，合约行权价是390，到期日为2026/08/21
2026-06-26,US.MSFT,,PUT,440.0,2027-01-15,1150,9522000.0,SELL,06-27 00:15,6.27 00:15，出现一笔卖出看跌期权交易，成交量为1150张，未平仓数为4061张，V/OI值为0.3，交易金额为9522000USD，合约行权价是440，到期日为2027/01/15
2026-06-26,US.MSTR,,CALL,35.0,2026-06-26,4905,23445900.0,SELL,06-27 03:56,6.27 03:56，出现一笔卖出看涨期权交易，成交量为4905张，未平仓数为5114张，V/OI值为1，交易金额为23445900USD，合约行权价是35，到期日为2026/06/26
2026-06-26,US.MSTR,,CALL,67.0,2026-07-02,4522,7551740.0,SELL,06-27 03:56,6.27 03:56，出现一笔卖出看涨期权交易，成交量为4522张，未平仓数为23张，V/OI值为212.2，交易金额为7551740USD，合约行权价是67，到期日为2026/07/02
2026-06-26,US.MSTR,,CALL,86.0,2026-07-02,1770,596490.0,SELL,06-27 03:14,6.27 03:14，出现一笔卖出看涨期权交易，成交量为1770张，未平仓数为239张，V/OI值为47.7，交易金额为596490USD，合约行权价是86，到期日为2026/07/02
2026-06-26,US.MSTR,,CALL,85.0,2026-07-02,1770,667290.0,SELL,06-27 02:41,6.27 02:41，出现一笔卖出看涨期权交易，成交量为1770张，未平仓数为350张，V/OI值为14.7，交易金额为667290USD，合约行权价是85，到期日为2026/07/02
2026-06-26,US.MSTR,,CALL,91.0,2026-07-02,6950,1299650.0,SELL,06-27 02:36,6.27 02:36，出现一笔卖出看涨期权交易，成交量为6950张，未平仓数为3856张，V/OI值为2.5，交易金额为1299650USD，合约行权价是91，到期日为2026/07/02
2026-06-26,US.MSTR,,CALL,86.0,2026-07-02,6950,2376900.0,BUY,06-27 02:36,6.27 02:36，出现一笔买入看涨期权交易，成交量为6950张，未平仓数为239张，V/OI值为34.5，交易金额为2376900USD，合约行权价是86，到期日为2026/07/02
2026-06-26,US.MSTR,,CALL,92.0,2026-07-02,2368,452288.0,SELL,06-27 01:43,6.27 01:43，出现一笔卖出看涨期权交易，成交量为2368张，未平仓数为147张，V/OI值为49.8，交易金额为452288USD，合约行权价是92，到期日为2026/07/02
2026-06-26,US.MSTR,,CALL,92.0,2026-07-02,1598,305218.0,SELL,06-27 01:43,6.27 01:43，出现一笔卖出看涨期权交易，成交量为1598张，未平仓数为147张，V/OI值为33.7，交易金额为305218USD，合约行权价是92，到期日为2026/07/02
2026-06-26,US.MSTR,,CALL,87.0,2026-07-02,2368,835904.0,BUY,06-27 01:43,6.27 01:43，出现一笔买入看涨期权交易，成交量为2368张，未平仓数为333张，V/OI值为23.8，交易金额为835904USD，合约行权价是87，到期日为2026/07/02
2026-06-26,US.MSTR,,CALL,87.0,2026-07-02,1598,564094.0,BUY,06-27 01:43,6.27 01:43，出现一笔买入看涨期权交易，成交量为1598张，未平仓数为333张，V/OI值为16.7，交易金额为564094USD，合约行权价是87，到期日为2026/07/02
2026-06-26,US.MSTR,,PUT,50.0,2026-08-21,8545,1922625.0,BUY,06-27 01:39,6.27 01:39，出现一笔买入看跌期权交易，成交量为8545张，未平仓数为6485张，V/OI值为3.8，交易金额为1922625USD，合约行权价是50，到期日为2026/08/21
2026-06-26,US.MSTR,,PUT,50.0,2026-08-21,8545,1922625.0,BUY,06-27 01:36,6.27 01:36，出现一笔买入看跌期权交易，成交量为8545张，未平仓数为6485张，V/OI值为3.8，交易金额为1922625USD，合约行权价是50，到期日为2026/08/21
2026-06-26,US.MSTR,,PUT,50.0,2026-08-21,9000,2025000.0,BUY,06-27 01:16,6.27 01:16，出现一笔买入看跌期权交易，成交量为9000张，未平仓数为6485张，V/OI值为2.4，交易金额为2025000USD，合约行权价是50，到期日为2026/08/21
2026-06-26,US.NBIS,,PUT,160.0,2026-07-17,2500,925000.0,BUY,06-27 02:33,6.27 02:33，出现一笔买入看跌期权交易，成交量为2500张，未平仓数为836张，V/OI值为3，交易金额为925000USD，合约行权价是160，到期日为2026/07/17
2026-06-26,US.NBIS,,PUT,155.0,2026-07-17,2750,880000.0,BUY,06-27 00:00,6.27 00:00，出现一笔买入看跌期权交易，成交量为2750张，未平仓数为1812张，V/OI值为1.5，交易金额为880000USD，合约行权价是155，到期日为2026/07/17
2026-06-26,US.NET,,PUT,225.0,2026-07-17,173,188570.0,SELL,06-27 02:52,6.27 02:52，出现一笔卖出看跌期权交易，成交量为173张，未平仓数为1079张，V/OI值为0.2，交易金额为188570USD，合约行权价是225，到期日为2026/07/17
2026-06-26,US.NET,,PUT,220.0,2026-07-17,357,317735.0,SELL,06-27 02:52,6.27 02:52，出现一笔卖出看跌期权交易，成交量为357张，未平仓数为3128张，V/OI值为0.2，交易金额为317735USD，合约行权价是220，到期日为2026/07/17
2026-06-26,US.NOK,,PUT,11.0,2027-03-19,10000,2000000.0,SELL,06-27 00:18,6.27 00:18，出现一笔卖出看跌期权交易，成交量为10000张，未平仓数为2张，V/OI值为5000，交易金额为2000000USD，合约行权价是11，到期日为2027/03/19
2026-06-26,US.NOW,,CALL,100.0,2026-07-17,1150,575000.0,BUY,06-27 03:57,6.27 03:57，出现一笔买入看涨期权交易，成交量为1150张，未平仓数为14547张，V/OI值为0.7，交易金额为575000USD，合约行权价是100，到期日为2026/07/17
2026-06-26,US.NOW,,CALL,105.0,2026-07-02,1000,80000.0,BUY,06-27 03:56,6.27 03:56，出现一笔买入看涨期权交易，成交量为1000张，未平仓数为3861张，V/OI值为1，交易金额为80000USD，合约行权价是105，到期日为2026/07/02
2026-06-26,US.NOW,,CALL,100.0,2026-07-17,1500,697543.0,BUY,06-27 03:54,6.27 03:54，出现一笔买入看涨期权交易，成交量为1500张，未平仓数为14547张，V/OI值为0.6，交易金额为697543USD，合约行权价是100，到期日为2026/07/17
2026-06-26,US.NOW,,CALL,103.0,2026-07-02,1579,165789.0,BUY,06-27 03:37,6.27 03:37，出现一笔买入看涨期权交易，成交量为1579张，未平仓数为732张，V/OI值为3.7，交易金额为165789USD，合约行权价是103，到期日为2026/07/02
2026-06-26,US.NOW,,CALL,100.0,2026-07-10,1046,323208.0,BUY,06-27 03:11,6.27 03:11，出现一笔买入看涨期权交易，成交量为1046张，未平仓数为821张，V/OI值为5.2，交易金额为323208USD，合约行权价是100，到期日为2026/07/10
2026-06-26,US.NVDA,,PUT,182.5,2026-07-01,3503,91078.0,BUY,06-27 02:10,6.27 02:10，出现一笔买入看跌期权交易，成交量为3503张，未平仓数为468张，V/OI值为9.1，交易金额为91078USD，合约行权价是182.5，到期日为2026/07/01
2026-06-26,US.NVDA,,CALL,195.0,2026-06-26,3035,97087.0,SELL,06-27 01:21,6.27 01:21，出现一笔卖出看涨期权交易，成交量为3035张，未平仓数为15225张，V/OI值为15，交易金额为97087USD，合约行权价是195，到期日为2026/06/26
2026-06-26,US.NVDA,,PUT,170.0,2026-07-31,3133,504025.0,SELL,06-27 00:11,6.27 00:11，出现一笔卖出看跌期权交易，成交量为3133张，未平仓数为1071张，V/OI值为18.1，交易金额为504025USD，合约行权价是170，到期日为2026/07/31
2026-06-26,US.NVDA,,CALL,210.0,2026-09-18,20000,19340000.0,SELL,06-27 00:11,6.27 00:11，出现一笔卖出看涨期权交易，成交量为20000张，未平仓数为53375张，V/OI值为0.4，交易金额为19340000USD，合约行权价是210，到期日为2026/09/18
2026-06-26,US.NVDA,,CALL,220.0,2026-10-16,60000,55380000.0,BUY,06-27 00:11,6.27 00:11，出现一笔买入看涨期权交易，成交量为60000张，未平仓数为66052张，V/OI值为0.9，交易金额为55380000USD，合约行权价是220，到期日为2026/10/16
2026-06-26,US.OKLO,,CALL,70.0,2027-01-15,1450,1252800.0,BUY,06-27 00:25,6.27 00:25，出现一笔买入看涨期权交易，成交量为1450张，未平仓数为2598张，V/OI值为0.6，交易金额为1252800USD，合约行权价是70，到期日为2027/01/15
2026-06-26,US.PDD,,PUT,115.0,2026-09-18,1300,5070000.0,SELL,06-27 03:51,6.27 03:51，出现一笔卖出看跌期权交易，成交量为1300张，未平仓数为915张，V/OI值为2.8，交易金额为5070000USD，合约行权价是115，到期日为2026/09/18
2026-06-26,US.PDD,,PUT,100.0,2026-07-17,1554,3783990.0,SELL,06-27 03:51,6.27 03:51，出现一笔卖出看跌期权交易，成交量为1554张，未平仓数为979张，V/OI值为1.6，交易金额为3783990USD，合约行权价是100，到期日为2026/07/17
2026-06-26,US.PDD,,PUT,80.0,2026-08-21,319,207350.0,SELL,06-27 03:44,6.27 03:44，出现一笔卖出看跌期权交易，成交量为319张，未平仓数为4174张，V/OI值为0.1，交易金额为207350USD，合约行权价是80，到期日为2026/08/21
2026-06-26,US.PDD,,PUT,115.0,2026-09-18,1020,4080000.0,BUY,06-27 03:31,6.27 03:31，出现一笔买入看跌期权交易，成交量为1020张，未平仓数为915张，V/OI值为1.4，交易金额为4080000USD，合约行权价是115，到期日为2026/09/18
2026-06-26,US.PLTR,,CALL,115.0,2026-07-02,1853,419014.0,SELL,06-27 03:58,6.27 03:58，出现一笔卖出看涨期权交易，成交量为1853张，未平仓数为9658张，V/OI值为1.3，交易金额为419014USD，合约行权价是115，到期日为2026/07/02
2026-06-26,US.PLTR,,CALL,120.0,2026-07-02,1001,80080.0,SELL,06-27 03:50,6.27 03:50，出现一笔卖出看涨期权交易，成交量为1001张，未平仓数为4803张，V/OI值为2.3，交易金额为80080USD，合约行权价是120，到期日为2026/07/02
2026-06-26,US.PLTR,,PUT,92.5,2027-06-17,2700,3512700.0,BUY,06-27 03:49,6.27 03:49，出现一笔买入看跌期权交易，成交量为2700张，未平仓数为5099张，V/OI值为0.5，交易金额为3512700USD，合约行权价是92.5，到期日为2027/06/17
2026-06-26,US.PLTR,,PUT,125.0,2028-01-21,2160,7678800.0,SELL,06-27 03:49,6.27 03:49，出现一笔卖出看跌期权交易，成交量为2160张，未平仓数为2372张，V/OI值为1.5，交易金额为7678800USD，合约行权价是125，到期日为2028/01/21
2026-06-26,US.PLTR,,PUT,125.0,2028-01-21,1350,4797900.0,SELL,06-27 03:49,6.27 03:49，出现一笔卖出看跌期权交易，成交量为1350张，未平仓数为2372张，V/OI值为0.6，交易金额为4797900USD，合约行权价是125，到期日为2028/01/21
2026-06-26,US.PLTR,,PUT,100.0,2026-12-18,1500,1498500.0,BUY,06-27 00:40,6.27 00:40，出现一笔买入看跌期权交易，成交量为1500张，未平仓数为13400张，V/OI值为0.1，交易金额为1498500USD，合约行权价是100，到期日为2026/12/18
2026-06-26,US.PLTR,,CALL,110.0,2026-07-02,1421,738920.0,BUY,06-27 00:34,6.27 00:34，出现一笔买入看涨期权交易，成交量为1421张，未平仓数为8516张，V/OI值为2.3，交易金额为738920USD，合约行权价是110，到期日为2026/07/02
2026-06-26,US.QQQ,,PUT,670.0,2026-07-02,3000,537000.0,SELL,06-27 04:09,6.27 04:09，出现一笔卖出看跌期权交易，成交量为3000张，未平仓数为2644张，V/OI值为2.8，交易金额为537000USD，合约行权价是670，到期日为2026/07/02
2026-06-26,US.QQQ,,PUT,676.0,2026-07-02,3180,785460.0,BUY,06-27 04:09,6.27 04:09，出现一笔买入看跌期权交易，成交量为3180张，未平仓数为225张，V/OI值为29.1，交易金额为785460USD，合约行权价是676，到期日为2026/07/02
2026-06-26,US.QQQ,,PUT,695.0,2026-07-02,3000,1923000.0,BUY,06-27 04:09,6.27 04:09，出现一笔买入看跌期权交易，成交量为3000张，未平仓数为2195张，V/OI值为2.4，交易金额为1923000USD，合约行权价是695，到期日为2026/07/02
2026-06-26,US.QQQ,,CALL,950.0,2027-03-19,3000,2043000.0,BUY,06-27 04:00,6.27 04:00，出现一笔买入看涨期权交易，成交量为3000张，未平仓数为592张，V/OI值为5.1，交易金额为2043000USD，合约行权价是950，到期日为2027/03/19
2026-06-26,US.QQQ,,PUT,708.0,2026-06-26,3827,440724.0,SELL,06-27 03:59,6.27 03:59，出现一笔卖出看跌期权交易，成交量为3827张，未平仓数为2549张，V/OI值为79.1，交易金额为440724USD，合约行权价是708，到期日为2026/06/26
2026-06-26,US.QQQ,,CALL,711.0,2026-07-17,27000,52434000.0,SELL,06-27 03:17,6.27 03:17，出现一笔卖出看涨期权交易，成交量为27000张，未平仓数为631张，V/OI值为43.6，交易金额为52434000USD，合约行权价是711，到期日为2026/07/17
2026-06-26,US.QQQ,,PUT,475.0,2026-07-02,21000,84000.0,BUY,06-27 02:53,6.27 02:53，出现一笔买入看跌期权交易，成交量为21000张，未平仓数为362张，V/OI值为64.5，交易金额为84000USD，合约行权价是475，到期日为2026/07/02
2026-06-26,US.QQQ,,CALL,711.0,2026-07-17,27000,51570000.0,BUY,06-27 02:51,6.27 02:51，出现一笔买入看涨期权交易，成交量为27000张，未平仓数为631张，V/OI值为43.4，交易金额为51570000USD，合约行权价是711，到期日为2026/07/17
2026-06-26,US.QQQ,,PUT,708.0,2026-06-26,3925,395303.0,BUY,06-27 02:50,6.27 02:50，出现一笔买入看跌期权交易，成交量为3925张，未平仓数为2549张，V/OI值为49.8，交易金额为395303USD，合约行权价是708，到期日为2026/06/26
2026-06-26,US.QQQ,,PUT,712.0,2026-06-26,3802,765195.0,SELL,06-27 02:16,6.27 02:16，出现一笔卖出看跌期权交易，成交量为3802张，未平仓数为3092张，V/OI值为77.5，交易金额为765195USD，合约行权价是712，到期日为2026/06/26
2026-06-26,US.QQQ,,PUT,712.0,2026-06-26,3582,419090.0,BUY,06-27 01:22,6.27 01:22，出现一笔买入看跌期权交易，成交量为3582张，未平仓数为3092张，V/OI值为55.8，交易金额为419090USD，合约行权价是712，到期日为2026/06/26
2026-06-26,US.QQQ,,CALL,900.0,2026-12-18,4000,2104000.0,SELL,06-27 01:14,6.27 01:14，出现一笔卖出看涨期权交易，成交量为4000张，未平仓数为2615张，V/OI值为1.5，交易金额为2104000USD，合约行权价是900，到期日为2026/12/18
2026-06-26,US.QQQ,,CALL,880.0,2026-12-18,3000,2124000.0,BUY,06-27 01:00,6.27 01:00，出现一笔买入看涨期权交易，成交量为3000张，未平仓数为15263张，V/OI值为0.2，交易金额为2124000USD，合约行权价是880，到期日为2026/12/18
2026-06-26,US.SMCI,,CALL,31.5,2026-07-02,1200,109200.0,SELL,06-27 02:05,6.27 02:05，出现一笔卖出看涨期权交易，成交量为1200张，未平仓数为1406张，V/OI值为12.5，交易金额为109200USD，合约行权价是31.5，到期日为2026/07/02
2026-06-26,US.SMCI,,CALL,31.5,2026-07-02,1200,109200.0,SELL,06-27 02:05,6.27 02:05，出现一笔卖出看涨期权交易，成交量为1200张，未平仓数为1406张，V/OI值为11.6，交易金额为109200USD，合约行权价是31.5，到期日为2026/07/02
2026-06-26,US.SMCI,,CALL,31.5,2026-07-02,1250,113750.0,SELL,06-27 02:05,6.27 02:05，出现一笔卖出看涨期权交易，成交量为1250张，未平仓数为1406张，V/OI值为10.8，交易金额为113750USD，合约行权价是31.5，到期日为2026/07/02
2026-06-26,US.SMCI,,CALL,31.5,2026-07-02,1250,113750.0,SELL,06-27 02:05,6.27 02:05，出现一笔卖出看涨期权交易，成交量为1250张，未平仓数为1406张，V/OI值为9.9，交易金额为113750USD，合约行权价是31.5，到期日为2026/07/02
2026-06-26,US.SMCI,,CALL,34.0,2026-07-02,5000,150000.0,BUY,06-27 01:06,6.27 01:06，出现一笔买入看涨期权交易，成交量为5000张，未平仓数为1624张，V/OI值为7.1，交易金额为150000USD，合约行权价是34，到期日为2026/07/02
2026-06-26,US.SMCI,,CALL,31.0,2026-06-26,5000,85000.0,BUY,06-27 01:06,6.27 01:06，出现一笔买入看涨期权交易，成交量为5000张，未平仓数为15371张，V/OI值为0.6，交易金额为85000USD，合约行权价是31，到期日为2026/06/26
2026-06-26,US.SMCI,,CALL,31.5,2026-07-02,5000,465000.0,SELL,06-27 01:06,6.27 01:06，出现一笔卖出看涨期权交易，成交量为5000张，未平仓数为1406张，V/OI值为8.3，交易金额为465000USD，合约行权价是31.5，到期日为2026/07/02
2026-06-26,US.SMCI,,CALL,31.5,2026-07-02,2799,263106.0,SELL,06-27 00:27,6.27 00:27，出现一笔卖出看涨期权交易，成交量为2799张，未平仓数为1406张，V/OI值为4.3，交易金额为263106USD，合约行权价是31.5，到期日为2026/07/02
2026-06-26,US.SMCI,,CALL,31.5,2026-07-02,1200,112800.0,SELL,06-27 00:27,6.27 00:27，出现一笔卖出看涨期权交易，成交量为1200张，未平仓数为1406张，V/OI值为2.3，交易金额为112800USD，合约行权价是31.5，到期日为2026/07/02
2026-06-26,US.SMCI,,CALL,31.5,2026-07-02,1200,112800.0,SELL,06-27 00:27,6.27 00:27，出现一笔卖出看涨期权交易，成交量为1200张，未平仓数为1406张，V/OI值为1.5，交易金额为112800USD，合约行权价是31.5，到期日为2026/07/02
2026-06-26,US.SMCI,,PUT,31.0,2027-01-15,3500,2656500.0,SELL,06-27 00:13,6.27 00:13，出现一笔卖出看跌期权交易，成交量为3500张，未平仓数为4679张，V/OI值为0.7，交易金额为2656500USD，合约行权价是31，到期日为2027/01/15
2026-06-26,US.SMCI,,PUT,15.0,2027-01-15,3500,413000.0,BUY,06-27 00:13,6.27 00:13，出现一笔买入看跌期权交易，成交量为3500张，未平仓数为26335张，V/OI值为0.4，交易金额为413000USD，合约行权价是15，到期日为2027/01/15
2026-06-26,US.SMCI,,PUT,15.0,2027-01-15,7000,833000.0,BUY,06-27 00:13,6.27 00:13，出现一笔买入看跌期权交易，成交量为7000张，未平仓数为26335张，V/OI值为0.3，交易金额为833000USD，合约行权价是15，到期日为2027/01/15
2026-06-26,US.SMCI,,CALL,33.0,2026-07-31,1000,238000.0,BUY,06-27 00:10,6.27 00:10，出现一笔买入看涨期权交易，成交量为1000张，未平仓数为606张，V/OI值为2，交易金额为238000USD，合约行权价是33，到期日为2026/07/31
2026-06-26,US.SNOW,,CALL,250.0,2026-07-02,500,222500.0,SELL,06-27 03:41,6.27 03:41，出现一笔卖出看涨期权交易，成交量为500张，未平仓数为2038张，V/OI值为1.3，交易金额为222500USD，合约行权价是250，到期日为2026/07/02
2026-06-26,US.SNOW,,PUT,227.5,2026-07-17,329,259910.0,SELL,06-27 00:03,6.27 00:03，出现一笔卖出看跌期权交易，成交量为329张，未平仓数为193张，V/OI值为1.7，交易金额为259910USD，合约行权价是227.5，到期日为2026/07/17
2026-06-26,US.SOXS,,PUT,4.0,2026-08-21,5421,623415.0,BUY,06-27 02:19,6.27 02:19，出现一笔买入看跌期权交易，成交量为5421张，未平仓数为3748张，V/OI值为1.5，交易金额为623415USD，合约行权价是4，到期日为2026/08/21
2026-06-26,US.SPY,,PUT,696.0,2026-07-17,9000,2322000.0,BUY,06-27 04:03,6.27 04:03，出现一笔买入看跌期权交易，成交量为9000张，未平仓数为9135张，V/OI值为2.4，交易金额为2322000USD，合约行权价是696，到期日为2026/07/17
2026-06-26,US.SPY,,PUT,696.0,2026-07-17,9000,2322000.0,BUY,06-27 04:03,6.27 04:03，出现一笔买入看跌期权交易，成交量为9000张，未平仓数为9135张，V/OI值为1.5，交易金额为2322000USD，合约行权价是696，到期日为2026/07/17
2026-06-26,US.SPY,,PUT,698.0,2026-07-17,9000,2493000.0,SELL,06-27 04:03,6.27 04:03，出现一笔卖出看跌期权交易，成交量为9000张，未平仓数为19934张，V/OI值为2.8，交易金额为2493000USD，合约行权价是698，到期日为2026/07/17
2026-06-26,US.SPY,,PUT,698.0,2026-07-17,9000,2493000.0,SELL,06-27 04:03,6.27 04:03，出现一笔卖出看跌期权交易，成交量为9000张，未平仓数为19934张，V/OI值为2.3，交易金额为2493000USD，合约行权价是698，到期日为2026/07/17
2026-06-26,US.SPY,,PUT,705.0,2026-07-01,3920,148960.0,BUY,06-27 04:01,6.27 04:01，出现一笔买入看跌期权交易，成交量为3920张，未平仓数为712张，V/OI值为68.9，交易金额为148960USD，合约行权价是705，到期日为2026/07/01
2026-06-26,US.SPY,,PUT,711.0,2026-07-01,6088,541038.0,BUY,06-27 04:00,6.27 04:00，出现一笔买入看跌期权交易，成交量为6088张，未平仓数为609张，V/OI值为11，交易金额为541038USD，合约行权价是711，到期日为2026/07/01
2026-06-26,US.SPY,,PUT,665.0,2026-07-17,3000,279000.0,BUY,06-27 03:52,6.27 03:52，出现一笔买入看跌期权交易，成交量为3000张，未平仓数为10901张，V/OI值为0.8，交易金额为279000USD，合约行权价是665，到期日为2026/07/17
2026-06-26,US.SPY,,CALL,733.0,2026-06-26,3966,178469.0,BUY,06-27 03:33,6.27 03:33，出现一笔买入看涨期权交易，成交量为3966张，未平仓数为13400张，V/OI值为32.9，交易金额为178469USD，合约行权价是733，到期日为2026/06/26
2026-06-26,US.SPY,,PUT,731.0,2026-06-26,3002,128827.0,SELL,06-27 03:30,6.27 03:30，出现一笔卖出看跌期权交易，成交量为3002张，未平仓数为9958张，V/OI值为46.1，交易金额为128827USD，合约行权价是731，到期日为2026/06/26
2026-06-26,US.SPY,,PUT,730.0,2026-06-26,11020,187304.0,BUY,06-27 03:29,6.27 03:29，出现一笔买入看跌期权交易，成交量为11020张，未平仓数为23065张，V/OI值为25.3，交易金额为187304USD，合约行权价是730，到期日为2026/06/26
2026-06-26,US.SPY,,CALL,735.0,2026-06-26,14522,101430.0,BUY,06-27 02:57,6.27 02:57，出现一笔买入看涨期权交易，成交量为14522张，未平仓数为19306张，V/OI值为32.7，交易金额为101430USD，合约行权价是735，到期日为2026/06/26
2026-06-26,US.SPY,,PUT,700.0,2027-03-31,3412,9527215.0,BUY,06-27 02:36,6.27 02:36，出现一笔买入看跌期权交易，成交量为3412张，未平仓数为1084张，V/OI值为3.2，交易金额为9527215USD，合约行权价是700，到期日为2027/03/31
2026-06-26,US.SPY,,PUT,465.0,2026-08-21,5852,187264.0,SELL,06-27 02:17,6.27 02:17，出现一笔卖出看跌期权交易，成交量为5852张，未平仓数为2521张，V/OI值为2.4，交易金额为187264USD，合约行权价是465，到期日为2026/08/21
2026-06-26,US.SPY,,PUT,665.0,2026-07-17,5048,494704.0,BUY,06-27 02:16,6.27 02:16，出现一笔买入看跌期权交易，成交量为5048张，未平仓数为10901张，V/OI值为0.5，交易金额为494704USD，合约行权价是665，到期日为2026/07/17
2026-06-26,US.SPY,,PUT,734.0,2026-06-26,4063,426571.0,BUY,06-27 01:49,6.27 01:49，出现一笔买入看跌期权交易，成交量为4063张，未平仓数为7852张，V/OI值为55.4，交易金额为426571USD，合约行权价是734，到期日为2026/06/26
2026-06-26,US.SPY,,CALL,735.0,2026-06-26,4183,343050.0,SELL,06-27 01:22,6.27 01:22，出现一笔卖出看涨期权交易，成交量为4183张，未平仓数为19306张，V/OI值为22.9，交易金额为343050USD，合约行权价是735，到期日为2026/06/26
2026-06-26,US.SPY,,CALL,736.0,2026-06-26,3362,144570.0,SELL,06-27 00:23,6.27 00:23，出现一笔卖出看涨期权交易，成交量为3362张，未平仓数为10560张，V/OI值为23.8，交易金额为144570USD，合约行权价是736，到期日为2026/06/26
2026-06-26,US.SPY,,CALL,736.0,2026-06-26,3606,252454.0,SELL,06-27 00:09,6.27 00:09，出现一笔卖出看涨期权交易，成交量为3606张，未平仓数为10560张，V/OI值为21.2，交易金额为252454USD，合约行权价是736，到期日为2026/06/26
2026-06-26,US.SQQQ,,PUT,35.0,2026-07-10,4269,162222.0,SELL,06-27 03:43,6.27 03:43，出现一笔卖出看跌期权交易，成交量为4269张，未平仓数为269张，V/OI值为16，交易金额为162222USD，合约行权价是35，到期日为2026/07/10
2026-06-26,US.TNA,,PUT,73.0,2026-07-02,700,163800.0,BUY,06-27 02:16,6.27 02:16，出现一笔买入看跌期权交易，成交量为700张，未平仓数为48张，V/OI值为29.9，交易金额为163800USD，合约行权价是73，到期日为2026/07/02
2026-06-26,US.TSLA,,CALL,392.5,2026-07-01,2047,583395.0,BUY,06-27 03:50,6.27 03:50，出现一笔买入看涨期权交易，成交量为2047张，未平仓数为2342张，V/OI值为1.6，交易金额为583395USD，合约行权价是392.5，到期日为2026/07/01
2026-06-26,US.TSLA,,PUT,377.5,2026-06-29,1800,683969.0,BUY,06-27 03:41,6.27 03:41，出现一笔买入看跌期权交易，成交量为1800张，未平仓数为481张，V/OI值为29.4，交易金额为683969USD，合约行权价是377.5，到期日为2026/06/29
2026-06-26,US.TSLA,,PUT,380.0,2026-06-29,1206,542700.0,BUY,06-27 02:47,6.27 02:47，出现一笔买入看跌期权交易，成交量为1206张，未平仓数为2207张，V/OI值为11.3，交易金额为542700USD，合约行权价是380，到期日为2026/06/29
2026-06-26,US.TSLA,,PUT,310.0,2026-07-01,6000,84000.0,BUY,06-27 01:02,6.27 01:02，出现一笔买入看跌期权交易，成交量为6000张，未平仓数为34张，V/OI值为178.4，交易金额为84000USD，合约行权价是310，到期日为2026/07/01
2026-06-26,US.TSLA,,CALL,387.5,2026-06-26,1846,239940.0,BUY,06-27 01:01,6.27 01:01，出现一笔买入看涨期权交易，成交量为1846张，未平仓数为3223张，V/OI值为26.1，交易金额为239940USD，合约行权价是387.5，到期日为2026/06/26
2026-06-26,US.TSLA,,CALL,387.5,2026-06-26,1005,130648.0,BUY,06-27 01:01,6.27 01:01，出现一笔买入看涨期权交易，成交量为1005张，未平仓数为3223张，V/OI值为25.6，交易金额为130648USD，合约行权价是387.5，到期日为2026/06/26
2026-06-26,US.TSM,,PUT,400.0,2026-09-18,5560,12232000.0,SELL,06-27 01:19,6.27 01:19，出现一笔卖出看跌期权交易，成交量为5560张，未平仓数为7607张，V/OI值为1.1，交易金额为12232000USD，合约行权价是400，到期日为2026/09/18
2026-06-26,US.TSM,,PUT,400.0,2026-09-18,1283,2912424.0,SELL,06-27 01:18,6.27 01:18，出现一笔卖出看跌期权交易，成交量为1283张，未平仓数为7607张，V/OI值为0.2，交易金额为2912424USD，合约行权价是400，到期日为2026/09/18
2026-06-26,US.TSM,,PUT,290.0,2026-07-17,1500,115500.0,BUY,06-27 01:13,6.27 01:13，出现一笔买入看跌期权交易，成交量为1500张，未平仓数为4071张，V/OI值为0.4，交易金额为115500USD，合约行权价是290，到期日为2026/07/17
2026-06-26,US.XOM,,PUT,135.0,2026-08-21,945,505628.0,SELL,06-27 03:14,6.27 03:14，出现一笔卖出看跌期权交易，成交量为945张，未平仓数为2452张，V/OI值为0.4，交易金额为505628USD，合约行权价是135，到期日为2026/08/21
2026-06-26,US.XOM,,PUT,130.0,2026-09-18,865,371994.0,SELL,06-27 02:19,6.27 02:19，出现一笔卖出看跌期权交易，成交量为865张，未平仓数为5284张，V/OI值为0.2，交易金额为371994USD，合约行权价是130，到期日为2026/09/18
2026-06-26,US.XOM,,CALL,170.0,2028-12-15,240,291600.0,BUY,06-27 01:48,6.27 01:48，出现一笔买入看涨期权交易，成交量为240张，未平仓数为6709张，V/OI值为0，交易金额为291600USD，合约行权价是170，到期日为2028/12/15
2026-06-26,US.XOM,,CALL,170.0,2028-01-21,240,209040.0,SELL,06-27 01:44,6.27 01:44，出现一笔卖出看涨期权交易，成交量为240张，未平仓数为1500张，V/OI值为0.2，交易金额为209040USD，合约行权价是170，到期日为2028/01/21
2026-06-26,US.MARA,,CALL,14.0,2026-07-02,1097,84469.0,BUY,06-27 03:42,6.27 03:42，出现一笔买入看涨期权交易，成交量为1097张，未平仓数为12349张，V/OI值为1.2，交易金额为84469USD，合约行权价是14，到期日为2026/07/02
2026-06-26,US.MARA,,CALL,14.5,2026-07-02,1810,114030.0,SELL,06-27 03:12,6.27 03:12，出现一笔卖出看涨期权交易，成交量为1810张，未平仓数为5996张，V/OI值为7.1，交易金额为114030USD，合约行权价是14.5，到期日为2026/07/02
2026-06-26,US.MARA,,CALL,14.5,2026-07-02,1811,114093.0,SELL,06-27 03:12,6.27 03:12，出现一笔卖出看涨期权交易，成交量为1811张，未平仓数为5996张，V/OI值为6.8，交易金额为114093USD，合约行权价是14.5，到期日为2026/07/02
2026-06-26,US.MARA,,CALL,14.5,2026-07-02,1811,114093.0,SELL,06-27 03:12,6.27 03:12，出现一笔卖出看涨期权交易，成交量为1811张，未平仓数为5996张，V/OI值为6.5，交易金额为114093USD，合约行权价是14.5，到期日为2026/07/02
2026-06-26,US.MARA,,CALL,14.5,2026-07-02,3621,228123.0,SELL,06-27 03:12,6.27 03:12，出现一笔卖出看涨期权交易，成交量为3621张，未平仓数为5996张，V/OI值为6.2，交易金额为228123USD，合约行权价是14.5，到期日为2026/07/02
2026-06-26,US.MARA,,CALL,15.5,2026-07-02,3621,108630.0,BUY,06-27 03:12,6.27 03:12，出现一笔买入看涨期权交易，成交量为3621张，未平仓数为5065张，V/OI值为7.1，交易金额为108630USD，合约行权价是15.5，到期日为2026/07/02
2026-06-26,US.MARA,,CALL,14.5,2026-07-02,8500,518500.0,SELL,06-27 02:53,6.27 02:53，出现一笔卖出看涨期权交易，成交量为8500张，未平仓数为5996张，V/OI值为5.5，交易金额为518500USD，合约行权价是14.5，到期日为2026/07/02
2026-06-26,US.MARA,,CALL,15.5,2026-07-02,8500,229500.0,SELL,06-27 02:53,6.27 02:53，出现一笔卖出看涨期权交易，成交量为8500张，未平仓数为5065张，V/OI值为6.4，交易金额为229500USD，合约行权价是15.5，到期日为2026/07/02
2026-06-26,US.MARA,,CALL,14.5,2026-07-02,5000,335000.0,SELL,06-27 02:46,6.27 02:46，出现一笔卖出看涨期权交易，成交量为5000张，未平仓数为5996张，V/OI值为4.1，交易金额为335000USD，合约行权价是14.5，到期日为2026/07/02
2026-06-26,US.MARA,,CALL,14.5,2026-07-02,5000,335000.0,SELL,06-27 02:46,6.27 02:46，出现一笔卖出看涨期权交易，成交量为5000张，未平仓数为5996张，V/OI值为3.2，交易金额为335000USD，合约行权价是14.5，到期日为2026/07/02
2026-06-26,US.MARA,,CALL,15.5,2026-07-02,5000,160000.0,BUY,06-27 02:46,6.27 02:46，出现一笔买入看涨期权交易，成交量为5000张，未平仓数为5065张，V/OI值为4.7，交易金额为160000USD，合约行权价是15.5，到期日为2026/07/02
2026-06-26,US.MARA,,CALL,15.5,2026-07-02,5000,160000.0,BUY,06-27 02:46,6.27 02:46，出现一笔买入看涨期权交易，成交量为5000张，未平仓数为5065张，V/OI值为3.7，交易金额为160000USD，合约行权价是15.5，到期日为2026/07/02
2026-06-26,US.MARA,,CALL,14.5,2026-06-26,4999,114977.0,BUY,06-27 02:37,6.27 02:37，出现一笔买入看涨期权交易，成交量为4999张，未平仓数为51942张，V/OI值为0.7，交易金额为114977USD，合约行权价是14.5，到期日为2026/06/26
2026-06-26,US.MARA,,CALL,14.5,2026-06-26,4999,114977.0,BUY,06-27 02:37,6.27 02:37，出现一笔买入看涨期权交易，成交量为4999张，未平仓数为51942张，V/OI值为0.6，交易金额为114977USD，合约行权价是14.5，到期日为2026/06/26
2026-06-26,US.MARA,,CALL,14.5,2026-07-02,4999,379924.0,SELL,06-27 02:37,6.27 02:37，出现一笔卖出看涨期权交易，成交量为4999张，未平仓数为5996张，V/OI值为2.4，交易金额为379924USD，合约行权价是14.5，到期日为2026/07/02
2026-06-26,US.MARA,,CALL,14.5,2026-07-02,4999,379924.0,SELL,06-27 02:37,6.27 02:37，出现一笔卖出看涨期权交易，成交量为4999张，未平仓数为5996张，V/OI值为1.6，交易金额为379924USD，合约行权价是14.5，到期日为2026/07/02
2026-06-26,US.MARA,,PUT,14.0,2026-07-10,4161,245499.0,SELL,06-27 02:05,6.27 02:05，出现一笔卖出看跌期权交易，成交量为4161张，未平仓数为316张，V/OI值为14.7，交易金额为245499USD，合约行权价是14，到期日为2026/07/10
2026-06-26,US.MARA,,PUT,15.0,2026-07-10,4161,416100.0,SELL,06-27 02:05,6.27 02:05，出现一笔卖出看跌期权交易，成交量为4161张，未平仓数为1072张，V/OI值为3.9，交易金额为416100USD，合约行权价是15，到期日为2026/07/10
2026-06-29,US.AAPL,,CALL,282.5,2026-07-02,1182,360451.0,BUY,06-30 01:36,6.30 01:36，出现一笔买入看涨期权交易，成交量为1182张，未平仓数为5624张，V/OI值为1.4，交易金额为360451USD，合约行权价是282.5，到期日为2026/07/02
2026-06-29,US.AAPL,,CALL,282.5,2026-07-01,1100,251900.0,BUY,06-30 01:26,6.30 01:26，出现一笔买入看涨期权交易，成交量为1100张，未平仓数为3507张，V/OI值为3，交易金额为251900USD，合约行权价是282.5，到期日为2026/07/01
2026-06-29,US.AAPL,,CALL,280.0,2026-06-29,1330,109060.0,BUY,06-30 01:13,6.30 01:13，出现一笔买入看涨期权交易，成交量为1330张，未平仓数为4796张，V/OI值为4.7，交易金额为109060USD，合约行权价是280，到期日为2026/06/29
2026-06-29,US.AAPL,,CALL,300.0,2026-08-21,1000,500000.0,BUY,06-30 01:10,6.30 01:10，出现一笔买入看涨期权交易，成交量为1000张，未平仓数为15996张，V/OI值为0.1，交易金额为500000USD，合约行权价是300，到期日为2026/08/21
2026-06-29,US.AAPL,,PUT,282.5,2026-06-29,1382,334445.0,SELL,06-30 01:04,6.30 01:04，出现一笔卖出看跌期权交易，成交量为1382张，未平仓数为1902张，V/OI值为17.6，交易金额为334445USD，合约行权价是282.5，到期日为2026/06/29
2026-06-29,US.AAPL,,PUT,280.0,2026-06-29,1309,99487.0,SELL,06-30 00:32,6.30 00:32，出现一笔卖出看跌期权交易，成交量为1309张，未平仓数为3250张，V/OI值为21.8，交易金额为99487USD，合约行权价是280，到期日为2026/06/29
2026-06-29,US.AAPL,,CALL,320.0,2026-09-18,1999,589705.0,BUY,06-30 00:14,6.30 00:14，出现一笔买入看涨期权交易，成交量为1999张，未平仓数为29920张，V/OI值为0.2，交易金额为589705USD，合约行权价是320，到期日为2026/09/18
2026-06-29,US.AAPL,,CALL,305.0,2026-09-18,2000,1190000.0,SELL,06-30 00:14,6.30 00:14，出现一笔卖出看涨期权交易，成交量为2000张，未平仓数为22818张，V/OI值为0.2，交易金额为1190000USD，合约行权价是305，到期日为2026/09/18
2026-06-29,US.AAPL,,CALL,305.0,2026-09-18,2000,1190000.0,SELL,06-30 00:14,6.30 00:14，出现一笔卖出看涨期权交易，成交量为2000张，未平仓数为22818张，V/OI值为0.1，交易金额为1190000USD，合约行权价是305，到期日为2026/09/18
2026-06-29,US.AMD,,PUT,390.0,2026-07-02,8519,127785.0,BUY,06-30 03:26,6.30 03:26，出现一笔买入看跌期权交易，成交量为8519张，未平仓数为9246张，V/OI值为1.2，交易金额为127785USD，合约行权价是390，到期日为2026/07/02
2026-06-29,US.AMD,,CALL,530.0,2026-07-02,1500,3255019.0,SELL,06-30 02:46,6.30 02:46，出现一笔卖出看涨期权交易，成交量为1500张，未平仓数为1200张，V/OI值为13，交易金额为3255019USD，合约行权价是530，到期日为2026/07/02
2026-06-29,US.AMD,,PUT,535.0,2026-07-02,1074,1525002.0,BUY,06-30 02:25,6.30 02:25，出现一笔买入看跌期权交易，成交量为1074张，未平仓数为388张，V/OI值为4，交易金额为1525002USD，合约行权价是535，到期日为2026/07/02
2026-06-29,US.AMD,,PUT,510.0,2026-07-17,1181,2432860.0,SELL,06-30 02:01,6.30 02:01，出现一笔卖出看跌期权交易，成交量为1181张，未平仓数为2673张，V/OI值为1.1，交易金额为2432860USD，合约行权价是510，到期日为2026/07/17
2026-06-29,US.AMD,,PUT,480.0,2026-07-02,1052,166216.0,BUY,06-30 01:56,6.30 01:56，出现一笔买入看跌期权交易，成交量为1052张，未平仓数为1780张，V/OI值为2.2，交易金额为166216USD，合约行权价是480，到期日为2026/07/02
2026-06-29,US.AMD,,PUT,530.0,2026-07-02,1500,1885500.0,SELL,06-30 01:24,6.30 01:24，出现一笔卖出看跌期权交易，成交量为1500张，未平仓数为314张，V/OI值为18，交易金额为1885500USD，合约行权价是530，到期日为2026/07/02
2026-06-29,US.AMD,,PUT,530.0,2026-07-02,1504,1910080.0,SELL,06-30 01:19,6.30 01:19，出现一笔卖出看跌期权交易，成交量为1504张，未平仓数为314张，V/OI值为12.7，交易金额为1910080USD，合约行权价是530，到期日为2026/07/02
2026-06-29,US.AMZN,,CALL,242.5,2026-07-02,1155,307230.0,SELL,06-30 03:49,6.30 03:49，出现一笔卖出看涨期权交易，成交量为1155张，未平仓数为4336张，V/OI值为2，交易金额为307230USD，合约行权价是242.5，到期日为2026/07/02
2026-06-29,US.AMZN,,CALL,300.0,2026-09-18,3130,838840.0,SELL,06-30 03:37,6.30 03:37，出现一笔卖出看涨期权交易，成交量为3130张，未平仓数为13313张，V/OI值为0.3，交易金额为838840USD，合约行权价是300，到期日为2026/09/18
2026-06-29,US.AMZN,,CALL,242.5,2026-07-02,1000,324917.0,BUY,06-30 01:35,6.30 01:35，出现一笔买入看涨期权交易，成交量为1000张，未平仓数为4336张，V/OI值为1.4，交易金额为324917USD，合约行权价是242.5，到期日为2026/07/02
2026-06-29,US.AMZN,,CALL,252.5,2026-07-17,1000,340000.0,BUY,06-30 01:13,6.30 01:13，出现一笔买入看涨期权交易，成交量为1000张，未平仓数为2240张，V/OI值为0.8，交易金额为340000USD，合约行权价是252.5，到期日为2026/07/17
2026-06-29,US.AMZN,,PUT,232.5,2026-07-17,1000,385000.0,BUY,06-30 01:13,6.30 01:13，出现一笔买入看跌期权交易，成交量为1000张，未平仓数为1516张，V/OI值为0.7，交易金额为385000USD，合约行权价是232.5，到期日为2026/07/17
2026-06-29,US.AMZN,,CALL,320.0,2026-09-18,1390,202939.0,BUY,06-30 00:59,6.30 00:59，出现一笔买入看涨期权交易，成交量为1390张，未平仓数为7195张，V/OI值为0.2，交易金额为202939USD，合约行权价是320，到期日为2026/09/18
2026-06-29,US.AMZN,,CALL,370.0,2027-01-15,1344,388416.0,SELL,06-30 00:56,6.30 00:56，出现一笔卖出看涨期权交易，成交量为1344张，未平仓数为8773张，V/OI值为0.2，交易金额为388416USD，合约行权价是370，到期日为2027/01/15
2026-06-29,US.AMZN,,CALL,250.0,2026-07-24,1214,619044.0,BUY,06-30 00:47,6.30 00:47，出现一笔买入看涨期权交易，成交量为1214张，未平仓数为6356张，V/OI值为0.6，交易金额为619044USD，合约行权价是250，到期日为2026/07/24
2026-06-29,US.AMZN,,CALL,220.0,2026-09-18,6650,20814500.0,BUY,06-30 00:04,6.30 00:04，出现一笔买入看涨期权交易，成交量为6650张，未平仓数为5578张，V/OI值为1.2，交易金额为20814500USD，合约行权价是220，到期日为2026/09/18
2026-06-29,US.APLD,,CALL,75.0,2027-01-15,587,234800.0,SELL,06-30 03:55,6.30 03:55，出现一笔卖出看涨期权交易，成交量为587张，未平仓数为5872张，V/OI值为0.3，交易金额为234800USD，合约行权价是75，到期日为2027/01/15
2026-06-29,US.APLD,,CALL,45.5,2026-07-31,1000,249000.0,BUY,06-30 01:16,6.30 01:16，出现一笔买入看涨期权交易，成交量为1000张，未平仓数为89张，V/OI值为11.3，交易金额为249000USD，合约行权价是45.5，到期日为2026/07/31
2026-06-29,US.APLD,,CALL,39.5,2026-08-07,1000,490000.0,BUY,06-30 00:48,6.30 00:48，出现一笔买入看涨期权交易，成交量为1000张，未平仓数为5张，V/OI值为200，交易金额为490000USD，合约行权价是39.5，到期日为2026/08/07
2026-06-29,US.APLD,,CALL,25.0,2028-01-21,200,457120.0,BUY,06-30 00:16,6.30 00:16，出现一笔买入看涨期权交易，成交量为200张，未平仓数为1181张，V/OI值为0.2，交易金额为457120USD，合约行权价是25，到期日为2028/01/21
2026-06-29,US.AVGO,,CALL,385.0,2026-07-02,1004,316409.0,SELL,06-30 03:40,6.30 03:40，出现一笔卖出看涨期权交易，成交量为1004张，未平仓数为636张，V/OI值为7.2，交易金额为316409USD，合约行权价是385，到期日为2026/07/02
2026-06-29,US.AVGO,,PUT,300.0,2027-03-19,1250,3200000.0,SELL,06-30 03:26,6.30 03:26，出现一笔卖出看跌期权交易，成交量为1250张，未平仓数为2810张，V/OI值为0.4，交易金额为3200000USD，合约行权价是300，到期日为2027/03/19
2026-06-29,US.AVGO,,PUT,260.0,2026-11-20,1000,690000.0,BUY,06-30 02:15,6.30 02:15，出现一笔买入看跌期权交易，成交量为1000张，未平仓数为2086张，V/OI值为0.5，交易金额为690000USD，合约行权价是260，到期日为2026/11/20
2026-06-29,US.AVGO,,CALL,570.0,2026-09-18,1500,357000.0,BUY,06-30 01:06,6.30 01:06，出现一笔买入看涨期权交易，成交量为1500张，未平仓数为2335张，V/OI值为0.9，交易金额为357000USD，合约行权价是570，到期日为2026/09/18
2026-06-29,US.AVGO,,PUT,360.0,2026-07-17,1264,1339801.0,BUY,06-30 00:21,6.30 00:21，出现一笔买入看跌期权交易，成交量为1264张，未平仓数为8892张，V/OI值为0.4，交易金额为1339801USD，合约行权价是360，到期日为2026/07/17
2026-06-29,US.BABA,,CALL,100.0,2026-09-18,1110,754766.0,BUY,06-30 00:57,6.30 00:57，出现一笔买入看涨期权交易，成交量为1110张，未平仓数为2187张，V/OI值为23.6，交易金额为754766USD，合约行权价是100，到期日为2026/09/18
2026-06-29,US.BABA,,PUT,100.0,2026-09-18,50000,55000000.0,SELL,06-30 00:39,6.30 00:39，出现一笔卖出看跌期权交易，成交量为50000张，未平仓数为13633张，V/OI值为3.7，交易金额为55000000USD，合约行权价是100，到期日为2026/09/18
2026-06-29,US.BE,,CALL,350.0,2026-07-17,2500,1992500.0,SELL,06-30 01:26,6.30 01:26，出现一笔卖出看涨期权交易，成交量为2500张，未平仓数为10892张，V/OI值为0.2，交易金额为1992500USD，合约行权价是350，到期日为2026/07/17
2026-06-29,US.BE,,PUT,180.0,2026-07-17,2500,867500.0,BUY,06-30 01:26,6.30 01:26，出现一笔买入看跌期权交易，成交量为2500张，未平仓数为9408张，V/OI值为0.3，交易金额为867500USD，合约行权价是180，到期日为2026/07/17
2026-06-29,US.CBRS,,CALL,200.0,2026-07-02,250,550000.0,BUY,06-30 03:47,6.30 03:47，出现一笔买入看涨期权交易，成交量为250张，未平仓数为930张，V/OI值为2.6，交易金额为550000USD，合约行权价是200，到期日为2026/07/02
2026-06-29,US.CBRS,,CALL,200.0,2026-07-02,250,562500.0,SELL,06-30 03:29,6.30 03:29，出现一笔卖出看涨期权交易，成交量为250张，未平仓数为930张，V/OI值为2.3，交易金额为562500USD，合约行权价是200，到期日为2026/07/02
2026-06-29,US.CBRS,,CALL,227.5,2026-07-02,1013,721256.0,SELL,06-30 03:20,6.30 03:20，出现一笔卖出看涨期权交易，成交量为1013张，未平仓数为28张，V/OI值为40.8，交易金额为721256USD，合约行权价是227.5，到期日为2026/07/02
2026-06-29,US.CBRS,,CALL,222.5,2026-07-02,1013,903596.0,BUY,06-30 03:20,6.30 03:20，出现一笔买入看涨期权交易，成交量为1013张，未平仓数为323张，V/OI值为3.8，交易金额为903596USD，合约行权价是222.5，到期日为2026/07/02
2026-06-29,US.CBRS,,CALL,200.0,2026-07-02,332,581009.0,SELL,06-30 02:02,6.30 02:02，出现一笔卖出看涨期权交易，成交量为332张，未平仓数为930张，V/OI值为1.9，交易金额为581009USD，合约行权价是200，到期日为2026/07/02
2026-06-29,US.CBRS,,CALL,210.0,2026-07-02,2300,2980800.0,SELL,06-30 01:55,6.30 01:55，出现一笔卖出看涨期权交易，成交量为2300张，未平仓数为296张，V/OI值为23.4，交易金额为2980800USD，合约行权价是210，到期日为2026/07/02
2026-06-29,US.CBRS,,CALL,250.0,2026-07-02,2300,512900.0,SELL,06-30 01:55,6.30 01:55，出现一笔卖出看涨期权交易，成交量为2300张，未平仓数为219张，V/OI值为21.9，交易金额为512900USD，合约行权价是250，到期日为2026/07/02
2026-06-29,US.CBRS,,CALL,220.0,2026-07-02,2300,1971100.0,BUY,06-30 01:55,6.30 01:55，出现一笔买入看涨期权交易，成交量为2300张，未平仓数为297张，V/OI值为23，交易金额为1971100USD，合约行权价是220，到期日为2026/07/02
2026-06-29,US.CBRS,,CALL,230.0,2026-07-02,2300,1281100.0,BUY,06-30 01:55,6.30 01:55，出现一笔买入看涨期权交易，成交量为2300张，未平仓数为236张，V/OI值为16.3，交易金额为1281100USD，合约行权价是230，到期日为2026/07/02
2026-06-29,US.CBRS,,CALL,220.0,2027-06-17,200,1647398.0,BUY,06-30 01:20,6.30 01:20，出现一笔买入看涨期权交易，成交量为200张，未平仓数为35张，V/OI值为14.4，交易金额为1647398USD，合约行权价是220，到期日为2027/06/17
2026-06-29,US.CBRS,,CALL,220.0,2027-06-17,200,1621052.0,BUY,06-30 01:19,6.30 01:19，出现一笔买入看涨期权交易，成交量为200张，未平仓数为35张，V/OI值为5.7，交易金额为1621052USD，合约行权价是220，到期日为2027/06/17
2026-06-29,US.CBRS,,PUT,200.0,2026-08-21,350,1070810.0,BUY,06-30 00:20,6.30 00:20，出现一笔买入看跌期权交易，成交量为350张，未平仓数为248张，V/OI值为1.4，交易金额为1070810USD，合约行权价是200，到期日为2026/08/21
2026-06-29,US.COHR,,CALL,415.0,2026-07-10,300,468000.0,SELL,06-30 03:59,6.30 03:59，出现一笔卖出看涨期权交易，成交量为300张，未平仓数为174张，V/OI值为2.9，交易金额为468000USD，合约行权价是415，到期日为2026/07/10
2026-06-29,US.COHR,,CALL,440.0,2026-07-17,328,531360.0,BUY,06-30 02:42,6.30 02:42，出现一笔买入看涨期权交易，成交量为328张，未平仓数为992张，V/OI值为0.3，交易金额为531360USD，合约行权价是440，到期日为2026/07/17
2026-06-29,US.COHR,,CALL,470.0,2026-08-07,160,316800.0,BUY,06-30 00:37,6.30 00:37，出现一笔买入看涨期权交易，成交量为160张，未平仓数为0张，V/OI值为0，交易金额为316800USD，合约行权价是470，到期日为2026/08/07
2026-06-29,US.COIN,,PUT,150.0,2026-08-21,1500,2370000.0,SELL,06-30 03:38,6.30 03:38，出现一笔卖出看跌期权交易，成交量为1500张，未平仓数为5361张，V/OI值为0.6，交易金额为2370000USD，合约行权价是150，到期日为2026/08/21
2026-06-29,US.COIN,,PUT,90.0,2026-08-21,3000,330000.0,BUY,06-30 03:38,6.30 03:38，出现一笔买入看跌期权交易，成交量为3000张，未平仓数为7292张，V/OI值为0.8，交易金额为330000USD，合约行权价是90，到期日为2026/08/21
2026-06-29,US.COIN,,PUT,135.0,2026-07-10,2775,588300.0,BUY,06-30 01:39,6.30 01:39，出现一笔买入看跌期权交易，成交量为2775张，未平仓数为624张，V/OI值为4.6，交易金额为588300USD，合约行权价是135，到期日为2026/07/10
2026-06-29,US.COIN,,PUT,157.5,2026-07-10,2775,3152400.0,SELL,06-30 01:39,6.30 01:39，出现一笔卖出看跌期权交易，成交量为2775张，未平仓数为33张，V/OI值为84.1，交易金额为3152400USD，合约行权价是157.5，到期日为2026/07/10
2026-06-29,US.CRCL,,PUT,75.0,2027-06-17,2000,4450000.0,SELL,06-30 00:18,6.30 00:18，出现一笔卖出看跌期权交易，成交量为2000张，未平仓数为57张，V/OI值为35.1，交易金额为4450000USD，合约行权价是75，到期日为2027/06/17
2026-06-29,US.CRM,,CALL,165.0,2026-07-02,1407,111153.0,BUY,06-30 03:47,6.30 03:47，出现一笔买入看涨期权交易，成交量为1407张，未平仓数为3718张，V/OI值为0.8，交易金额为111153USD，合约行权价是165，到期日为2026/07/02
2026-06-29,US.CRWV,,CALL,150.0,2026-08-21,1000,175000.0,BUY,06-30 03:17,6.30 03:17，出现一笔买入看涨期权交易，成交量为1000张，未平仓数为3996张，V/OI值为0.4，交易金额为175000USD，合约行权价是150，到期日为2026/08/21
2026-06-29,US.CRWV,,CALL,140.0,2027-01-15,1055,1303185.0,SELL,06-30 03:07,6.30 03:07，出现一笔卖出看涨期权交易，成交量为1055张，未平仓数为10370张，V/OI值为0.4，交易金额为1303185USD，合约行权价是140，到期日为2027/01/15
2026-06-29,US.CRWV,,CALL,130.0,2026-09-18,1430,901373.0,SELL,06-30 01:14,6.30 01:14，出现一笔卖出看涨期权交易，成交量为1430张，未平仓数为10920张，V/OI值为0.2，交易金额为901373USD，合约行权价是130，到期日为2026/09/18
2026-06-29,US.CRWV,,CALL,97.0,2026-07-24,1500,1110000.0,SELL,06-30 00:47,6.30 00:47，出现一笔卖出看涨期权交易，成交量为1500张，未平仓数为78张，V/OI值为19.3，交易金额为1110000USD，合约行权价是97，到期日为2026/07/24
2026-06-29,US.CRWV,,PUT,75.0,2027-06-17,4000,7380000.0,BUY,06-30 00:43,6.30 00:43，出现一笔买入看跌期权交易，成交量为4000张，未平仓数为1808张，V/OI值为2.2，交易金额为7380000USD，合约行权价是75，到期日为2027/06/17
2026-06-29,US.CRWV,,CALL,95.0,2026-07-17,1012,688129.0,BUY,06-30 00:36,6.30 00:36，出现一笔买入看涨期权交易，成交量为1012张，未平仓数为1457张，V/OI值为0.9，交易金额为688129USD，合约行权价是95，到期日为2026/07/17
2026-06-29,US.DELL,,CALL,500.0,2026-09-18,225,800970.0,BUY,06-30 03:23,6.30 03:23，出现一笔买入看涨期权交易，成交量为225张，未平仓数为1200张，V/OI值为0.3，交易金额为800970USD，合约行权价是500，到期日为2026/09/18
2026-06-29,US.DELL,,PUT,400.0,2026-08-21,316,1265365.0,BUY,06-30 03:06,6.30 03:06，出现一笔买入看跌期权交易，成交量为316张，未平仓数为601张，V/OI值为0.6，交易金额为1265365USD，合约行权价是400，到期日为2026/08/21
2026-06-29,US.DELL,,CALL,410.0,2026-07-02,361,539795.0,BUY,06-30 02:11,6.30 02:11，出现一笔买入看涨期权交易，成交量为361张，未平仓数为829张，V/OI值为1.3，交易金额为539795USD，合约行权价是410，到期日为2026/07/02
2026-06-29,US.DELL,,CALL,450.0,2026-07-17,284,383299.0,BUY,06-30 02:07,6.30 02:07，出现一笔买入看涨期权交易，成交量为284张，未平仓数为2733张，V/OI值为0.2，交易金额为383299USD，合约行权价是450，到期日为2026/07/17
2026-06-29,US.DRAM,,CALL,78.0,2026-07-17,2000,700000.0,BUY,06-30 03:53,6.30 03:53，出现一笔买入看涨期权交易，成交量为2000张，未平仓数为3236张，V/OI值为0.8，交易金额为700000USD，合约行权价是78，到期日为2026/07/17
2026-06-29,US.DRAM,,CALL,70.0,2026-07-17,1000,700000.0,SELL,06-30 03:53,6.30 03:53，出现一笔卖出看涨期权交易，成交量为1000张，未平仓数为7661张，V/OI值为0.3，交易金额为700000USD，合约行权价是70，到期日为2026/07/17
2026-06-29,US.DRAM,,PUT,50.0,2026-08-21,5000,1140000.0,SELL,06-30 03:42,6.30 03:42，出现一笔卖出看跌期权交易，成交量为5000张，未平仓数为17031张，V/OI值为0.3，交易金额为1140000USD，合约行权价是50，到期日为2026/08/21
2026-06-29,US.DRAM,,PUT,70.0,2026-08-21,2500,2410000.0,BUY,06-30 03:24,6.30 03:24，出现一笔买入看跌期权交易，成交量为2500张，未平仓数为11114张，V/OI值为0.2，交易金额为2410000USD，合约行权价是70，到期日为2026/08/21
2026-06-29,US.DRAM,,CALL,105.0,2026-07-31,5222,475202.0,SELL,06-30 03:00,6.30 03:00，出现一笔卖出看涨期权交易，成交量为5222张，未平仓数为1132张，V/OI值为4.6，交易金额为475202USD，合约行权价是105，到期日为2026/07/31
2026-06-29,US.DRAM,,CALL,80.0,2026-07-31,2906,1467530.0,BUY,06-30 02:52,6.30 02:52，出现一笔买入看涨期权交易，成交量为2906张，未平仓数为2001张，V/OI值为4.8，交易金额为1467530USD，合约行权价是80，到期日为2026/07/31
2026-06-29,US.DRAM,,CALL,80.0,2026-07-31,5222,2715440.0,BUY,06-30 02:49,6.30 02:49，出现一笔买入看涨期权交易，成交量为5222张，未平仓数为2001张，V/OI值为3.3，交易金额为2715440USD，合约行权价是80，到期日为2026/07/31
2026-06-29,US.DRAM,,CALL,80.0,2026-09-18,1470,1425885.0,BUY,06-30 02:21,6.30 02:21，出现一笔买入看涨期权交易，成交量为1470张，未平仓数为24316张，V/OI值为0.1，交易金额为1425885USD，合约行权价是80，到期日为2026/09/18
2026-06-29,US.DRAM,,CALL,75.0,2027-01-15,3742,6836634.0,SELL,06-30 01:15,6.30 01:15，出现一笔卖出看涨期权交易，成交量为3742张，未平仓数为3691张，V/OI值为1.1，交易金额为6836634USD，合约行权价是75，到期日为2027/01/15
2026-06-29,US.DRAM,,CALL,70.0,2027-01-15,3742,7558840.0,SELL,06-30 01:15,6.30 01:15，出现一笔卖出看涨期权交易，成交量为3742张，未平仓数为6525张，V/OI值为2.1，交易金额为7558840USD，合约行权价是70，到期日为2027/01/15
2026-06-29,US.FIG,,PUT,17.5,2026-09-18,2000,480000.0,BUY,06-30 01:42,6.30 01:42，出现一笔买入看跌期权交易，成交量为2000张，未平仓数为6863张，V/OI值为0.3，交易金额为480000USD，合约行权价是17.5，到期日为2026/09/18
2026-06-29,US.GDS,,CALL,35.0,2026-12-18,330,135300.0,BUY,06-30 03:32,6.30 03:32，出现一笔买入看涨期权交易，成交量为330张，未平仓数为1张，V/OI值为3358，交易金额为135300USD，合约行权价是35，到期日为2026/12/18
2026-06-29,US.GDS,,CALL,35.0,2026-12-18,950,384744.0,SELL,06-30 03:27,6.30 03:27，出现一笔卖出看涨期权交易，成交量为950张，未平仓数为1张，V/OI值为2828，交易金额为384744USD，合约行权价是35，到期日为2026/12/18
2026-06-29,US.GDS,,CALL,35.0,2026-12-18,500,195000.0,SELL,06-30 02:57,6.30 02:57，出现一笔卖出看涨期权交易，成交量为500张，未平仓数为1张，V/OI值为1878，交易金额为195000USD，合约行权价是35，到期日为2026/12/18
2026-06-29,US.GDS,,CALL,35.0,2026-12-18,359,140010.0,SELL,06-30 02:50,6.30 02:50，出现一笔卖出看涨期权交易，成交量为359张，未平仓数为1张，V/OI值为1378，交易金额为140010USD，合约行权价是35，到期日为2026/12/18
2026-06-29,US.GDS,,CALL,35.0,2026-12-18,374,142120.0,SELL,06-30 02:35,6.30 02:35，出现一笔卖出看涨期权交易，成交量为374张，未平仓数为1张，V/OI值为1019，交易金额为142120USD，合约行权价是35，到期日为2026/12/18
2026-06-29,US.GEV,,CALL,1200.0,2026-07-10,199,218900.0,SELL,06-30 01:58,6.30 01:58，出现一笔卖出看涨期权交易，成交量为199张，未平仓数为66张，V/OI值为3.4，交易金额为218900USD，合约行权价是1200，到期日为2026/07/10
2026-06-29,US.GEV,,CALL,1500.0,2026-08-21,311,323437.0,BUY,06-30 01:02,6.30 01:02，出现一笔买入看涨期权交易，成交量为311张，未平仓数为122张，V/OI值为2.9，交易金额为323437USD，合约行权价是1500，到期日为2026/08/21
2026-06-29,US.GFS,,PUT,85.0,2026-08-21,400,500000.0,SELL,06-30 00:37,6.30 00:37，出现一笔卖出看跌期权交易，成交量为400张，未平仓数为162张，V/OI值为2.5，交易金额为500000USD，合约行权价是85，到期日为2026/08/21
2026-06-29,US.GLW,,PUT,260.0,2026-12-18,600,3708000.0,SELL,06-30 03:25,6.30 03:25，出现一笔卖出看跌期权交易，成交量为600张，未平仓数为1张，V/OI值为620，交易金额为3708000USD，合约行权价是260，到期日为2026/12/18
2026-06-29,US.GLW,,CALL,240.0,2026-07-02,200,380000.0,BUY,06-30 03:22,6.30 03:22，出现一笔买入看涨期权交易，成交量为200张，未平仓数为1096张，V/OI值为1.9，交易金额为380000USD，合约行权价是240，到期日为2026/07/02
2026-06-29,US.GLW,,CALL,230.0,2026-07-02,201,525440.0,SELL,06-30 03:20,6.30 03:20，出现一笔卖出看涨期权交易，成交量为201张，未平仓数为5832张，V/OI值为0.4，交易金额为525440USD，合约行权价是230，到期日为2026/07/02
2026-06-29,US.GLW,,CALL,262.5,2026-07-02,305,207379.0,BUY,06-30 02:40,6.30 02:40，出现一笔买入看涨期权交易，成交量为305张，未平仓数为0张，V/OI值为0，交易金额为207379USD，合约行权价是262.5，到期日为2026/07/02
2026-06-29,US.GLW,,CALL,300.0,2026-08-21,202,383800.0,BUY,06-30 01:33,6.30 01:33，出现一笔买入看涨期权交易，成交量为202张，未平仓数为1792张，V/OI值为1.3，交易金额为383800USD，合约行权价是300，到期日为2026/08/21
2026-06-29,US.GLW,,CALL,260.0,2026-07-17,500,884011.0,SELL,06-30 00:56,6.30 00:56，出现一笔卖出看涨期权交易，成交量为500张，未平仓数为774张，V/OI值为1.6，交易金额为884011USD，合约行权价是260，到期日为2026/07/17
2026-06-29,US.GLW,,CALL,250.0,2026-07-17,201,458050.0,SELL,06-30 00:25,6.30 00:25，出现一笔卖出看涨期权交易，成交量为201张，未平仓数为8804张，V/OI值为0.4，交易金额为458050USD，合约行权价是250，到期日为2026/07/17
2026-06-29,US.GLW,,CALL,240.0,2026-08-21,299,1255800.0,BUY,06-30 00:20,6.30 00:20，出现一笔买入看涨期权交易，成交量为299张，未平仓数为2008张，V/OI值为1.3，交易金额为1255800USD，合约行权价是240，到期日为2026/08/21
2026-06-29,US.GLW,,CALL,260.0,2026-07-17,500,895880.0,BUY,06-30 00:17,6.30 00:17，出现一笔买入看涨期权交易，成交量为500张，未平仓数为774张，V/OI值为0.8，交易金额为895880USD，合约行权价是260，到期日为2026/07/17
2026-06-29,US.GLW,,CALL,280.0,2026-07-17,200,216000.0,SELL,06-30 00:16,6.30 00:16，出现一笔卖出看涨期权交易，成交量为200张，未平仓数为575张，V/OI值为1，交易金额为216000USD，合约行权价是280，到期日为2026/07/17
2026-06-29,US.GLW,,PUT,250.0,2026-09-18,250,1025000.0,BUY,06-30 00:12,6.30 00:12，出现一笔买入看跌期权交易，成交量为250张，未平仓数为14张，V/OI值为17.9，交易金额为1025000USD，合约行权价是250，到期日为2026/09/18
2026-06-29,US.GLW,,CALL,250.0,2026-07-02,382,411035.0,SELL,06-30 00:09,6.30 00:09，出现一笔卖出看涨期权交易，成交量为382张，未平仓数为6223张，V/OI值为0.6，交易金额为411035USD，合约行权价是250，到期日为2026/07/02
2026-06-29,US.GLW,,CALL,240.0,2026-08-21,300,1260000.0,BUY,06-30 00:08,6.30 00:08，出现一笔买入看涨期权交易，成交量为300张，未平仓数为2008张，V/OI值为1.1，交易金额为1260000USD，合约行权价是240，到期日为2026/08/21
2026-06-29,US.GLW,,CALL,250.0,2026-07-17,400,848399.0,SELL,06-30 00:05,6.30 00:05，出现一笔卖出看涨期权交易，成交量为400张，未平仓数为8804张，V/OI值为0.3，交易金额为848399USD，合约行权价是250，到期日为2026/07/17
2026-06-29,US.HOOD,,PUT,102.0,2026-07-02,1847,552248.0,BUY,06-30 01:37,6.30 01:37，出现一笔买入看跌期权交易，成交量为1847张，未平仓数为362张，V/OI值为6，交易金额为552248USD，合约行权价是102，到期日为2026/07/02
2026-06-29,US.HOOD,,PUT,98.0,2026-07-02,1000,165000.0,BUY,06-30 00:24,6.30 00:24，出现一笔买入看跌期权交易，成交量为1000张，未平仓数为485张，V/OI值为3.1，交易金额为165000USD，合约行权价是98，到期日为2026/07/02
2026-06-29,US.IBIT,,PUT,34.0,2026-07-17,4331,472079.0,SELL,06-30 03:47,6.30 03:47，出现一笔卖出看跌期权交易，成交量为4331张，未平仓数为37440张，V/OI值为0.2，交易金额为472079USD，合约行权价是34，到期日为2026/07/17
2026-06-29,US.IBIT,,CALL,35.0,2026-07-10,5577,340197.0,SELL,06-30 03:31,6.30 03:31，出现一笔卖出看涨期权交易，成交量为5577张，未平仓数为5215张，V/OI值为1.2，交易金额为340197USD，合约行权价是35，到期日为2026/07/10
2026-06-29,US.IBIT,,PUT,30.0,2026-07-17,4000,80002.0,SELL,06-30 03:30,6.30 03:30，出现一笔卖出看跌期权交易，成交量为4000张，未平仓数为36244张，V/OI值为0.4，交易金额为80002USD，合约行权价是30，到期日为2026/07/17
2026-06-29,US.IBIT,,PUT,30.0,2026-07-17,4000,80002.0,SELL,06-30 03:29,6.30 03:29，出现一笔卖出看跌期权交易，成交量为4000张，未平仓数为36244张，V/OI值为0.3，交易金额为80002USD，合约行权价是30，到期日为2026/07/17
2026-06-29,US.IBIT,,CALL,35.0,2026-09-18,2812,674880.0,BUY,06-30 02:47,6.30 02:47，出现一笔买入看涨期权交易，成交量为2812张，未平仓数为3048张，V/OI值为1，交易金额为674880USD，合约行权价是35，到期日为2026/09/18
2026-06-29,US.IBIT,,PUT,35.0,2026-08-21,2602,627082.0,BUY,06-30 01:55,6.30 01:55，出现一笔买入看跌期权交易，成交量为2602张，未平仓数为24899张，V/OI值为0.1，交易金额为627082USD，合约行权价是35，到期日为2026/08/21
2026-06-29,US.IBIT,,CALL,34.0,2026-06-30,3690,103320.0,SELL,06-30 00:55,6.30 00:55，出现一笔卖出看涨期权交易，成交量为3690张，未平仓数为4113张，V/OI值为3.5，交易金额为103320USD，合约行权价是34，到期日为2026/06/30
2026-06-29,US.IBIT,,CALL,34.0,2026-06-30,4624,138720.0,SELL,06-30 00:48,6.30 00:48，出现一笔卖出看涨期权交易，成交量为4624张，未平仓数为4113张，V/OI值为2.6，交易金额为138720USD，合约行权价是34，到期日为2026/06/30
2026-06-29,US.IBIT,,PUT,33.0,2026-07-10,3716,253748.0,SELL,06-30 00:04,6.30 00:04，出现一笔卖出看跌期权交易，成交量为3716张，未平仓数为52744张，V/OI值为0.6，交易金额为253748USD，合约行权价是33，到期日为2026/07/10
2026-06-29,US.IBIT,,PUT,33.0,2026-07-10,11002,776035.0,SELL,06-30 00:04,6.30 00:04，出现一笔卖出看跌期权交易，成交量为11002张，未平仓数为52744张，V/OI值为0.6，交易金额为776035USD，合约行权价是33，到期日为2026/07/10
2026-06-29,US.IBM,,PUT,275.0,2026-07-02,448,210544.0,BUY,06-30 00:39,6.30 00:39，出现一笔买入看跌期权交易，成交量为448张，未平仓数为265张，V/OI值为2.3，交易金额为210544USD，合约行权价是275，到期日为2026/07/02
2026-06-29,US.IBM,,PUT,270.0,2026-07-17,500,372977.0,BUY,06-30 00:38,6.30 00:38，出现一笔买入看跌期权交易，成交量为500张，未平仓数为1467张，V/OI值为0.5，交易金额为372977USD，合约行权价是270，到期日为2026/07/17
2026-06-29,US.IGV,,PUT,90.0,2027-06-17,5000,5460000.0,BUY,06-30 03:54,6.30 03:54，出现一笔买入看跌期权交易，成交量为5000张，未平仓数为204张，V/OI值为24.5，交易金额为5460000USD，合约行权价是90，到期日为2027/06/17
2026-06-29,US.INTC,,PUT,125.0,2026-07-02,1427,318201.0,BUY,06-30 02:32,6.30 02:32，出现一笔买入看跌期权交易，成交量为1427张，未平仓数为3968张，V/OI值为1.5，交易金额为318201USD，合约行权价是125，到期日为2026/07/02
2026-06-29,US.INTC,,CALL,125.0,2026-07-02,1049,765865.0,SELL,06-30 01:24,6.30 01:24，出现一笔卖出看涨期权交易，成交量为1049张，未平仓数为1533张，V/OI值为10.4，交易金额为765865USD，合约行权价是125，到期日为2026/07/02
2026-06-29,US.INTC,,CALL,130.0,2026-07-02,1500,660000.0,SELL,06-30 01:24,6.30 01:24，出现一笔卖出看涨期权交易，成交量为1500张，未平仓数为8164张，V/OI值为2.5，交易金额为660000USD，合约行权价是130，到期日为2026/07/02
2026-06-29,US.INTC,,PUT,130.0,2027-03-19,3000,10485000.0,BUY,06-30 00:29,6.30 00:29，出现一笔买入看跌期权交易，成交量为3000张，未平仓数为1241张，V/OI值为2.4，交易金额为10485000USD，合约行权价是130，到期日为2027/03/19
2026-06-29,US.INTC,,CALL,130.0,2026-07-02,1500,494990.0,BUY,06-30 00:02,6.30 00:02，出现一笔买入看涨期权交易，成交量为1500张，未平仓数为8164张，V/OI值为1.8，交易金额为494990USD，合约行权价是130，到期日为2026/07/02
2026-06-29,US.IREN,,CALL,60.0,2026-07-17,1526,134288.0,SELL,06-30 03:13,6.30 03:13，出现一笔卖出看涨期权交易，成交量为1526张，未平仓数为14814张，V/OI值为0.2，交易金额为134288USD，合约行权价是60，到期日为2026/07/17
2026-06-29,US.IREN,,CALL,50.0,2026-07-17,1060,318000.0,BUY,06-30 00:50,6.30 00:50，出现一笔买入看涨期权交易，成交量为1060张，未平仓数为5349张，V/OI值为0.4，交易金额为318000USD，合约行权价是50，到期日为2026/07/17
2026-06-29,US.IREN,,CALL,53.0,2026-07-17,1734,315588.0,BUY,06-30 00:24,6.30 00:24，出现一笔买入看涨期权交易，成交量为1734张，未平仓数为240张，V/OI值为7.6，交易金额为315588USD，合约行权价是53，到期日为2026/07/17
2026-06-29,US.IWM,,PUT,284.0,2026-07-17,12000,1908000.0,BUY,06-30 04:10,6.30 04:10，出现一笔买入看跌期权交易，成交量为12000张，未平仓数为61662张，V/OI值为2.2，交易金额为1908000USD，合约行权价是284，到期日为2026/07/17
2026-06-29,US.IWM,,PUT,284.0,2026-07-17,15000,2385000.0,BUY,06-30 04:10,6.30 04:10，出现一笔买入看跌期权交易，成交量为15000张，未平仓数为61662张，V/OI值为2，交易金额为2385000USD，合约行权价是284，到期日为2026/07/17
2026-06-29,US.IWM,,PUT,275.0,2026-08-21,3400,962200.0,SELL,06-30 03:27,6.30 03:27，出现一笔卖出看跌期权交易，成交量为3400张，未平仓数为17892张，V/OI值为0.2，交易金额为962200USD，合约行权价是275，到期日为2026/08/21
2026-06-29,US.IWM,,PUT,265.0,2026-10-16,4100,1697400.0,SELL,06-30 03:27,6.30 03:27，出现一笔卖出看跌期权交易，成交量为4100张，未平仓数为3047张，V/OI值为1.6，交易金额为1697400USD，合约行权价是265，到期日为2026/10/16
2026-06-29,US.IWM,,PUT,265.0,2026-09-18,6000,1800000.0,SELL,06-30 03:27,6.30 03:27，出现一笔卖出看跌期权交易，成交量为6000张，未平仓数为25094张，V/OI值为0.2，交易金额为1800000USD，合约行权价是265，到期日为2026/09/18
2026-06-29,US.IWM,,PUT,270.0,2026-08-21,4000,888000.0,BUY,06-30 03:27,6.30 03:27，出现一笔买入看跌期权交易，成交量为4000张，未平仓数为26504张，V/OI值为0.2，交易金额为888000USD，合约行权价是270，到期日为2026/08/21
2026-06-29,US.IWM,,PUT,284.0,2026-07-17,4963,799041.0,BUY,06-30 03:19,6.30 03:19，出现一笔买入看跌期权交易，成交量为4963张，未平仓数为61662张，V/OI值为1.7，交易金额为799041USD，合约行权价是284，到期日为2026/07/17
2026-06-29,US.IWM,,PUT,282.0,2026-07-17,3407,453131.0,SELL,06-30 03:19,6.30 03:19，出现一笔卖出看跌期权交易，成交量为3407张，未平仓数为50895张，V/OI值为1.1，交易金额为453131USD，合约行权价是282，到期日为2026/07/17
2026-06-29,US.IWM,,PUT,250.0,2027-12-17,3000,3648000.0,SELL,06-30 03:12,6.30 03:12，出现一笔卖出看跌期权交易，成交量为3000张，未平仓数为23329张，V/OI值为0.1，交易金额为3648000USD，合约行权价是250，到期日为2027/12/17
2026-06-29,US.IWM,,PUT,250.0,2026-12-18,3000,1314000.0,BUY,06-30 03:12,6.30 03:12，出现一笔买入看跌期权交易，成交量为3000张，未平仓数为52361张，V/OI值为0.1，交易金额为1314000USD，合约行权价是250，到期日为2026/12/18
2026-06-29,US.IWM,,PUT,290.0,2026-07-01,5557,144482.0,BUY,06-30 02:57,6.30 02:57，出现一笔买入看跌期权交易，成交量为5557张，未平仓数为879张，V/OI值为9.5，交易金额为144482USD，合约行权价是290，到期日为2026/07/01
2026-06-29,US.IWM,,PUT,300.0,2026-09-18,4000,4880000.0,BUY,06-30 02:39,6.30 02:39，出现一笔买入看跌期权交易，成交量为4000张，未平仓数为8819张，V/OI值为0.8，交易金额为4880000USD，合约行权价是300，到期日为2026/09/18
2026-06-29,US.IWM,,PUT,288.0,2026-07-06,4571,278831.0,BUY,06-30 02:11,6.30 02:11，出现一笔买入看跌期权交易，成交量为4571张，未平仓数为616张，V/OI值为8.1，交易金额为278831USD，合约行权价是288，到期日为2026/07/06
2026-06-29,US.IWM,,PUT,260.0,2026-08-21,3150,441000.0,SELL,06-30 01:48,6.30 01:48，出现一笔卖出看跌期权交易，成交量为3150张，未平仓数为53035张，V/OI值为0.1，交易金额为441000USD，合约行权价是260，到期日为2026/08/21
2026-06-29,US.IWM,,PUT,284.0,2026-07-17,3753,664174.0,BUY,06-30 01:46,6.30 01:46，出现一笔买入看跌期权交易，成交量为3753张，未平仓数为61662张，V/OI值为1.5，交易金额为664174USD，合约行权价是284，到期日为2026/07/17
2026-06-29,US.IWM,,PUT,284.0,2026-07-17,4000,700000.0,BUY,06-30 01:45,6.30 01:45，出现一笔买入看跌期权交易，成交量为4000张，未平仓数为61662张，V/OI值为1.5，交易金额为700000USD，合约行权价是284，到期日为2026/07/17
2026-06-29,US.IWM,,PUT,285.0,2026-08-21,3582,1740770.0,BUY,06-30 01:44,6.30 01:44，出现一笔买入看跌期权交易，成交量为3582张，未平仓数为12307张，V/OI值为0.4，交易金额为1740770USD，合约行权价是285，到期日为2026/08/21
2026-06-29,US.IWM,,PUT,282.0,2026-07-17,5107,736410.0,SELL,06-30 01:43,6.30 01:43，出现一笔卖出看跌期权交易，成交量为5107张，未平仓数为50895张，V/OI值为0.9，交易金额为736410USD，合约行权价是282，到期日为2026/07/17
2026-06-29,US.IWM,,PUT,282.0,2026-07-17,7860,1145688.0,SELL,06-30 01:43,6.30 01:43，出现一笔卖出看跌期权交易，成交量为7860张，未平仓数为50895张，V/OI值为0.7，交易金额为1145688USD，合约行权价是282，到期日为2026/07/17
2026-06-29,US.IWM,,PUT,289.0,2026-07-01,4552,118352.0,BUY,06-30 01:30,6.30 01:30，出现一笔买入看跌期权交易，成交量为4552张，未平仓数为568张，V/OI值为8.5，交易金额为118352USD，合约行权价是289，到期日为2026/07/01
2026-06-29,US.IWM,,PUT,287.0,2026-07-01,6177,105008.0,BUY,06-30 00:54,6.30 00:54，出现一笔买入看跌期权交易，成交量为6177张，未平仓数为299张，V/OI值为24.4，交易金额为105008USD，合约行权价是287，到期日为2026/07/01
2026-06-29,US.IWM,,CALL,290.0,2026-07-17,3100,3217800.0,BUY,06-30 00:33,6.30 00:33，出现一笔买入看涨期权交易，成交量为3100张，未平仓数为16365张，V/OI值为0.2，交易金额为3217800USD，合约行权价是290，到期日为2026/07/17
2026-06-29,US.IWM,,PUT,290.0,2026-07-17,3100,1010600.0,SELL,06-30 00:33,6.30 00:33，出现一笔卖出看跌期权交易，成交量为3100张，未平仓数为162302张，V/OI值为0，交易金额为1010600USD，合约行权价是290，到期日为2026/07/17
2026-06-29,US.IWM,,CALL,298.0,2026-06-29,7497,134946.0,SELL,06-30 00:18,6.30 00:18，出现一笔卖出看涨期权交易，成交量为7497张，未平仓数为1812张，V/OI值为49.1，交易金额为134946USD，合约行权价是298，到期日为2026/06/29
2026-06-29,US.LITE,,CALL,950.0,2026-07-02,500,235000.0,SELL,06-30 03:28,6.30 03:28，出现一笔卖出看涨期权交易，成交量为500张，未平仓数为219张，V/OI值为23.2，交易金额为235000USD，合约行权价是950，到期日为2026/07/02
2026-06-29,US.MARA,,CALL,19.0,2026-08-21,1889,145453.0,BUY,06-30 03:44,6.30 03:44，出现一笔买入看涨期权交易，成交量为1889张，未平仓数为1344张，V/OI值为1.5，交易金额为145453USD，合约行权价是19，到期日为2026/08/21
2026-06-29,US.MDB,,CALL,370.0,2026-07-17,1500,1102500.0,BUY,06-30 00:21,6.30 00:21，出现一笔买入看涨期权交易，成交量为1500张，未平仓数为363张，V/OI值为4.1，交易金额为1102500USD，合约行权价是370，到期日为2026/07/17
2026-06-29,US.MDB,,CALL,310.0,2026-07-17,1500,4942500.0,BUY,06-30 00:21,6.30 00:21，出现一笔买入看涨期权交易，成交量为1500张，未平仓数为187张，V/OI值为8，交易金额为4942500USD，合约行权价是310，到期日为2026/07/17
2026-06-29,US.META,,CALL,800.0,2028-01-21,1100,6297500.0,SELL,06-30 03:11,6.30 03:11，出现一笔卖出看涨期权交易，成交量为1100张，未平仓数为2486张，V/OI值为0.4，交易金额为6297500USD，合约行权价是800，到期日为2028/01/21
2026-06-29,US.META,,CALL,780.0,2027-03-19,1000,2411000.0,SELL,06-30 02:02,6.30 02:02，出现一笔卖出看涨期权交易，成交量为1000张，未平仓数为221张，V/OI值为4.5，交易金额为2411000USD，合约行权价是780，到期日为2027/03/19
2026-06-29,US.META,,PUT,537.5,2026-07-02,1137,119385.0,BUY,06-30 00:08,6.30 00:08，出现一笔买入看跌期权交易，成交量为1137张，未平仓数为175张，V/OI值为7.2，交易金额为119385USD，合约行权价是537.5，到期日为2026/07/02
2026-06-29,US.MRVL,,CALL,320.0,2026-07-17,1016,924553.0,BUY,06-30 03:59,6.30 03:59，出现一笔买入看涨期权交易，成交量为1016张，未平仓数为5981张，V/OI值为0.5，交易金额为924553USD，合约行权价是320，到期日为2026/07/17
2026-06-29,US.MRVL,,CALL,300.0,2026-07-02,3002,750500.0,BUY,06-30 02:09,6.30 02:09，出现一笔买入看涨期权交易，成交量为3002张，未平仓数为3446张，V/OI值为2.7，交易金额为750500USD，合约行权价是300，到期日为2026/07/02
2026-06-29,US.MSFT,,CALL,450.0,2026-08-21,1510,671950.0,SELL,06-30 03:26,6.30 03:26，出现一笔卖出看涨期权交易，成交量为1510张，未平仓数为29300张，V/OI值为0.2，交易金额为671950USD，合约行权价是450，到期日为2026/08/21
2026-06-29,US.MSFT,,CALL,470.0,2026-09-18,1510,687050.0,SELL,06-30 03:26,6.30 03:26，出现一笔卖出看涨期权交易，成交量为1510张，未平仓数为7067张，V/OI值为0.2，交易金额为687050USD，合约行权价是470，到期日为2026/09/18
2026-06-29,US.MSFT,,CALL,400.0,2026-08-21,1510,1925250.0,BUY,06-30 03:26,6.30 03:26，出现一笔买入看涨期权交易，成交量为1510张，未平仓数为14205张，V/OI值为0.5，交易金额为1925250USD，合约行权价是400，到期日为2026/08/21
2026-06-29,US.MSFT,,CALL,390.0,2026-07-02,1279,124063.0,SELL,06-30 02:30,6.30 02:30，出现一笔卖出看涨期权交易，成交量为1279张，未平仓数为3932张，V/OI值为2.3，交易金额为124063USD，合约行权价是390，到期日为2026/07/02
2026-06-29,US.MSFT,,CALL,450.0,2027-01-15,1000,1750000.0,BUY,06-30 02:16,6.30 02:16，出现一笔买入看涨期权交易，成交量为1000张，未平仓数为20743张，V/OI值为0.1，交易金额为1750000USD，合约行权价是450，到期日为2027/01/15
2026-06-29,US.MSFT,,PUT,370.0,2026-06-29,1042,333450.0,SELL,06-30 00:44,6.30 00:44，出现一笔卖出看跌期权交易，成交量为1042张，未平仓数为2029张，V/OI值为10.7，交易金额为333450USD，合约行权价是370，到期日为2026/06/29
2026-06-29,US.MSFT,,CALL,370.0,2026-06-29,1351,149211.0,SELL,06-30 00:10,6.30 00:10，出现一笔卖出看涨期权交易，成交量为1351张，未平仓数为2535张，V/OI值为2.9，交易金额为149211USD，合约行权价是370，到期日为2026/06/29
2026-06-29,US.MSTR,,CALL,95.0,2026-07-02,1494,500490.0,SELL,06-30 03:50,6.30 03:50，出现一笔卖出看涨期权交易，成交量为1494张，未平仓数为8203张，V/OI值为1.9，交易金额为500490USD，合约行权价是95，到期日为2026/07/02
2026-06-29,US.MSTR,,PUT,100.0,2026-07-10,2150,2272550.0,BUY,06-30 01:19,6.30 01:19，出现一笔买入看跌期权交易，成交量为2150张，未平仓数为1624张，V/OI值为1.4，交易金额为2272550USD，合约行权价是100，到期日为2026/07/10
2026-06-29,US.MSTR,,PUT,80.0,2026-07-10,2150,380550.0,SELL,06-30 01:19,6.30 01:19，出现一笔卖出看跌期权交易，成交量为2150张，未平仓数为6142张，V/OI值为0.7，交易金额为380550USD，合约行权价是80，到期日为2026/07/10
2026-06-29,US.MSTR,,PUT,75.0,2026-07-02,3050,122000.0,BUY,06-30 00:49,6.30 00:49，出现一笔买入看跌期权交易，成交量为3050张，未平仓数为14557张，V/OI值为0.7，交易金额为122000USD，合约行权价是75，到期日为2026/07/02
2026-06-29,US.NBIS,,PUT,170.0,2026-07-02,6667,166675.0,SELL,06-30 00:35,6.30 00:35，出现一笔卖出看跌期权交易，成交量为6667张，未平仓数为39794张，V/OI值为0.3，交易金额为166675USD，合约行权价是170，到期日为2026/07/02
2026-06-29,US.NET,,CALL,300.0,2026-08-21,199,207955.0,SELL,06-30 00:04,6.30 00:04，出现一笔卖出看涨期权交易，成交量为199张，未平仓数为842张，V/OI值为1.3，交易金额为207955USD，合约行权价是300，到期日为2026/08/21
2026-06-29,US.NOK,,PUT,12.5,2026-07-24,1954,181722.0,BUY,06-30 02:35,6.30 02:35，出现一笔买入看跌期权交易，成交量为1954张，未平仓数为600张，V/OI值为6.1，交易金额为181722USD，合约行权价是12.5，到期日为2026/07/24
2026-06-29,US.NOK,,PUT,12.5,2026-07-24,1422,133668.0,BUY,06-30 01:57,6.30 01:57，出现一笔买入看跌期权交易，成交量为1422张，未平仓数为600张，V/OI值为2.7，交易金额为133668USD，合约行权价是12.5，到期日为2026/07/24
2026-06-29,US.NOK,,PUT,12.0,2026-07-24,1827,133371.0,BUY,06-30 00:31,6.30 00:31，出现一笔买入看跌期权交易，成交量为1827张，未平仓数为1151张，V/OI值为1.8，交易金额为133371USD，合约行权价是12，到期日为2026/07/24
2026-06-29,US.NOK,,PUT,11.0,2026-08-21,5000,340000.0,BUY,06-30 00:16,6.30 00:16，出现一笔买入看跌期权交易，成交量为5000张，未平仓数为2600张，V/OI值为2，交易金额为340000USD，合约行权价是11，到期日为2026/08/21
2026-06-29,US.NOW,,CALL,105.0,2026-07-10,1000,205000.0,SELL,06-30 03:25,6.30 03:25，出现一笔卖出看涨期权交易，成交量为1000张，未平仓数为560张，V/OI值为14.3，交易金额为205000USD，合约行权价是105，到期日为2026/07/10
2026-06-29,US.NOW,,CALL,100.0,2026-07-17,1499,779480.0,SELL,06-30 02:48,6.30 02:48，出现一笔卖出看涨期权交易，成交量为1499张，未平仓数为19975张，V/OI值为0.3，交易金额为779480USD，合约行权价是100，到期日为2026/07/17
2026-06-29,US.NOW,,PUT,110.0,2026-12-18,5469,11982579.0,BUY,06-30 02:46,6.30 02:46，出现一笔买入看跌期权交易，成交量为5469张，未平仓数为649张，V/OI值为8.4，交易金额为11982579USD，合约行权价是110，到期日为2026/12/18
2026-06-29,US.NOW,,PUT,120.0,2026-12-18,3284,9454636.0,SELL,06-30 02:46,6.30 02:46，出现一笔卖出看跌期权交易，成交量为3284张，未平仓数为5818张，V/OI值为0.8，交易金额为9454636USD，合约行权价是120，到期日为2026/12/18
2026-06-29,US.NOW,,PUT,120.0,2026-12-18,1091,3139898.0,SELL,06-30 02:46,6.30 02:46，出现一笔卖出看跌期权交易，成交量为1091张，未平仓数为5818张，V/OI值为0.2，交易金额为3139898USD，合约行权价是120，到期日为2026/12/18
2026-06-29,US.NOW,,CALL,100.0,2026-07-17,1157,613210.0,BUY,06-30 02:43,6.30 02:43，出现一笔买入看涨期权交易，成交量为1157张，未平仓数为19975张，V/OI值为0.2，交易金额为613210USD，合约行权价是100，到期日为2026/07/17
2026-06-29,US.NOW,,CALL,100.0,2026-07-17,1500,767767.0,SELL,06-30 02:39,6.30 02:39，出现一笔卖出看涨期权交易，成交量为1500张，未平仓数为19975张，V/OI值为0.2，交易金额为767767USD，合约行权价是100，到期日为2026/07/17
2026-06-29,US.NVDA,,CALL,200.0,2026-07-02,5819,558624.0,SELL,06-30 03:46,6.30 03:46，出现一笔卖出看涨期权交易，成交量为5819张，未平仓数为39539张，V/OI值为1.5，交易金额为558624USD，合约行权价是200，到期日为2026/07/02
2026-06-29,US.NVDA,,CALL,205.0,2026-07-02,3855,88665.0,SELL,06-30 03:07,6.30 03:07，出现一笔卖出看涨期权交易，成交量为3855张，未平仓数为33178张，V/OI值为1.3，交易金额为88665USD，合约行权价是205，到期日为2026/07/02
2026-06-29,US.NVDA,,CALL,225.0,2026-07-17,2737,111148.0,BUY,06-30 01:14,6.30 01:14，出现一笔买入看涨期权交易，成交量为2737张，未平仓数为40839张，V/OI值为0.1，交易金额为111148USD，合约行权价是225，到期日为2026/07/17
2026-06-29,US.NVDA,,PUT,170.0,2026-09-18,4000,2140000.0,BUY,06-30 00:53,6.30 00:53，出现一笔买入看跌期权交易，成交量为4000张，未平仓数为27110张，V/OI值为0.2，交易金额为2140000USD，合约行权价是170，到期日为2026/09/18
2026-06-29,US.NVDA,,CALL,195.0,2026-07-02,2869,593883.0,SELL,06-30 00:43,6.30 00:43，出现一笔卖出看涨期权交易，成交量为2869张，未平仓数为9248张，V/OI值为2.7，交易金额为593883USD，合约行权价是195，到期日为2026/07/02
2026-06-29,US.NVDA,,CALL,197.5,2026-07-02,2869,358625.0,BUY,06-30 00:43,6.30 00:43，出现一笔买入看涨期权交易，成交量为2869张，未平仓数为12598张，V/OI值为1.2，交易金额为358625USD，合约行权价是197.5，到期日为2026/07/02
2026-06-29,US.NVDA,,CALL,215.0,2026-07-17,2403,213867.0,SELL,06-30 00:24,6.30 00:24，出现一笔卖出看涨期权交易，成交量为2403张，未平仓数为34838张，V/OI值为0.2，交易金额为213867USD，合约行权价是215，到期日为2026/07/17
2026-06-29,US.NVDA,,PUT,150.0,2026-09-18,4000,784000.0,SELL,06-30 00:21,6.30 00:21，出现一笔卖出看跌期权交易，成交量为4000张，未平仓数为34825张，V/OI值为0.1，交易金额为784000USD，合约行权价是150，到期日为2026/09/18
2026-06-29,US.NVDA,,PUT,135.0,2026-08-21,2478,106554.0,BUY,06-30 00:14,6.30 00:14，出现一笔买入看跌期权交易，成交量为2478张，未平仓数为7768张，V/OI值为0.3，交易金额为106554USD，合约行权价是135，到期日为2026/08/21
2026-06-29,US.ORCL,,CALL,200.0,2027-03-19,1500,2461500.0,SELL,06-30 03:45,6.30 03:45，出现一笔卖出看涨期权交易，成交量为1500张，未平仓数为4888张，V/OI值为0.3，交易金额为2461500USD，合约行权价是200，到期日为2027/03/19
2026-06-29,US.ORCL,,PUT,140.0,2027-03-19,1500,3561000.0,SELL,06-30 03:45,6.30 03:45，出现一笔卖出看跌期权交易，成交量为1500张，未平仓数为5365张，V/OI值为0.3，交易金额为3561000USD，合约行权价是140，到期日为2027/03/19
2026-06-29,US.ORCL,,CALL,190.0,2026-07-24,2496,162240.0,SELL,06-30 01:30,6.30 01:30，出现一笔卖出看涨期权交易，成交量为2496张，未平仓数为2061张，V/OI值为3.2，交易金额为162240USD，合约行权价是190，到期日为2026/07/24
2026-06-29,US.ORCL,,PUT,170.0,2026-10-16,1000,3180000.0,SELL,06-30 01:25,6.30 01:25，出现一笔卖出看跌期权交易，成交量为1000张，未平仓数为2898张，V/OI值为0.4，交易金额为3180000USD，合约行权价是170，到期日为2026/10/16
2026-06-29,US.ORCL,,CALL,270.0,2026-09-18,2038,187493.0,BUY,06-30 01:08,6.30 01:08，出现一笔买入看涨期权交易，成交量为2038张，未平仓数为5495张，V/OI值为0.4，交易金额为187493USD，合约行权价是270，到期日为2026/09/18
2026-06-29,US.ORCL,,PUT,140.0,2026-09-18,1000,1223000.0,BUY,06-30 00:03,6.30 00:03，出现一笔买入看跌期权交易，成交量为1000张，未平仓数为5492张，V/OI值为0.2，交易金额为1223000USD，合约行权价是140，到期日为2026/09/18
2026-06-29,US.ORCL,,PUT,100.0,2028-09-15,1500,3007500.0,SELL,06-30 00:02,6.30 00:02，出现一笔卖出看跌期权交易，成交量为1500张，未平仓数为499张，V/OI值为3，交易金额为3007500USD，合约行权价是100，到期日为2028/09/15
2026-06-29,US.PANW,,PUT,300.0,2026-08-21,297,403920.0,BUY,06-30 03:50,6.30 03:50，出现一笔买入看跌期权交易，成交量为297张，未平仓数为139张，V/OI值为8.7，交易金额为403920USD，合约行权价是300，到期日为2026/08/21
2026-06-29,US.PLTR,,PUT,112.0,2026-07-02,1015,100295.0,SELL,06-30 03:56,6.30 03:56，出现一笔卖出看跌期权交易，成交量为1015张，未平仓数为1892张，V/OI值为4.9，交易金额为100295USD，合约行权价是112，到期日为2026/07/02
2026-06-29,US.PLTR,,PUT,110.0,2026-12-18,1350,1779300.0,SELL,06-30 01:56,6.30 01:56，出现一笔卖出看跌期权交易，成交量为1350张，未平仓数为13106张，V/OI值为0.1，交易金额为1779300USD，合约行权价是110，到期日为2026/12/18
2026-06-29,US.PLTR,,PUT,110.0,2026-09-18,2250,1892250.0,BUY,06-30 01:56,6.30 01:56，出现一笔买入看跌期权交易，成交量为2250张，未平仓数为21793张，V/OI值为0.1，交易金额为1892250USD，合约行权价是110，到期日为2026/09/18
2026-06-29,US.PLTR,,PUT,120.0,2026-08-21,1080,1262520.0,BUY,06-30 01:54,6.30 01:54，出现一笔买入看跌期权交易，成交量为1080张，未平仓数为8502张，V/OI值为0.2，交易金额为1262520USD，合约行权价是120，到期日为2026/08/21
2026-06-29,US.PLTR,,PUT,90.0,2028-12-15,1500,3172500.0,BUY,06-30 00:22,6.30 00:22，出现一笔买入看跌期权交易，成交量为1500张，未平仓数为12375张，V/OI值为0.1，交易金额为3172500USD，合约行权价是90，到期日为2028/12/15
2026-06-29,US.SMCI,,CALL,29.0,2026-07-02,1197,113715.0,BUY,06-30 02:18,6.30 02:18，出现一笔买入看涨期权交易，成交量为1197张，未平仓数为487张，V/OI值为16.8，交易金额为113715USD，合约行权价是29，到期日为2026/07/02
2026-06-29,US.SMCI,,PUT,15.0,2027-01-15,1750,252000.0,SELL,06-30 02:07,6.30 02:07，出现一笔卖出看跌期权交易，成交量为1750张，未平仓数为36835张，V/OI值为0，交易金额为252000USD，合约行权价是15，到期日为2027/01/15
2026-06-29,US.SMCI,,CALL,60.0,2028-01-21,3000,1750915.0,SELL,06-30 02:05,6.30 02:05，出现一笔卖出看涨期权交易，成交量为3000张，未平仓数为6463张，V/OI值为0.5，交易金额为1750915USD，合约行权价是60，到期日为2028/01/21
2026-06-29,US.SMCI,,CALL,30.0,2026-07-02,1000,108000.0,BUY,06-30 02:02,6.30 02:02，出现一笔买入看涨期权交易，成交量为1000张，未平仓数为2274张，V/OI值为1.5，交易金额为108000USD，合约行权价是30，到期日为2026/07/02
2026-06-29,US.SMCI,,CALL,29.0,2026-07-02,1104,208656.0,BUY,06-30 01:07,6.30 01:07，出现一笔买入看涨期权交易，成交量为1104张，未平仓数为487张，V/OI值为10.3，交易金额为208656USD，合约行权价是29，到期日为2026/07/02
2026-06-29,US.TSLA,,PUT,412.5,2026-06-29,1201,111816.0,SELL,06-30 03:43,6.30 03:43，出现一笔卖出看跌期权交易，成交量为1201张，未平仓数为25张，V/OI值为902.9，交易金额为111816USD，合约行权价是412.5，到期日为2026/06/29
2026-06-29,US.TSLA,,CALL,412.5,2026-06-29,1785,141015.0,SELL,06-30 03:31,6.30 03:31，出现一笔卖出看涨期权交易，成交量为1785张，未平仓数为435张，V/OI值为287.5，交易金额为141015USD，合约行权价是412.5，到期日为2026/06/29
2026-06-29,US.TSLA,,CALL,417.5,2026-07-01,1098,417271.0,SELL,06-30 03:10,6.30 03:10，出现一笔卖出看涨期权交易，成交量为1098张，未平仓数为791张，V/OI值为5.3，交易金额为417271USD，合约行权价是417.5，到期日为2026/07/01
2026-06-29,US.TSLA,,CALL,420.0,2026-07-02,1053,500208.0,SELL,06-30 02:50,6.30 02:50，出现一笔卖出看涨期权交易，成交量为1053张，未平仓数为5347张，V/OI值为2.5，交易金额为500208USD，合约行权价是420，到期日为2026/07/02
2026-06-29,US.TSLA,,CALL,415.0,2026-07-01,1056,417158.0,SELL,06-30 02:11,6.30 02:11，出现一笔卖出看涨期权交易，成交量为1056张，未平仓数为2075张，V/OI值为4.6，交易金额为417158USD，合约行权价是415，到期日为2026/07/01
2026-06-29,US.TSLA,,CALL,520.0,2026-08-07,2847,831324.0,BUY,06-30 01:51,6.30 01:51，出现一笔买入看涨期权交易，成交量为2847张，未平仓数为1张，V/OI值为3011，交易金额为831324USD，合约行权价是520，到期日为2026/08/07
2026-06-29,US.TSLA,,CALL,500.0,2026-07-17,2847,261924.0,SELL,06-30 01:51,6.30 01:51，出现一笔卖出看涨期权交易，成交量为2847张，未平仓数为27063张，V/OI值为0.2，交易金额为261924USD，合约行权价是500，到期日为2026/07/17
2026-06-29,US.TSLA,,CALL,410.0,2026-07-02,1194,608877.0,BUY,06-30 00:44,6.30 00:44，出现一笔买入看涨期权交易，成交量为1194张，未平仓数为5290张，V/OI值为2.2，交易金额为608877USD，合约行权价是410，到期日为2026/07/02
2026-06-29,US.TSLA,,CALL,405.0,2026-06-29,1509,135810.0,BUY,06-30 00:17,6.30 00:17，出现一笔买入看涨期权交易，成交量为1509张，未平仓数为3379张，V/OI值为21.7，交易金额为135810USD，合约行权价是405，到期日为2026/06/29
2026-06-29,US.TSM,,CALL,400.0,2026-09-18,8000,62400000.0,BUY,06-30 03:29,6.30 03:29，出现一笔买入看涨期权交易，成交量为8000张，未平仓数为6724张，V/OI值为1.2，交易金额为62400000USD，合约行权价是400，到期日为2026/09/18
2026-06-29,US.TSM,,CALL,480.0,2026-07-10,1800,952200.0,BUY,06-30 00:38,6.30 00:38，出现一笔买入看涨期权交易，成交量为1800张，未平仓数为5967张，V/OI值为0.3，交易金额为952200USD，合约行权价是480，到期日为2026/07/10
2026-06-29,US.DDOG,,PUT,232.5,2026-07-17,326,248640.0,BUY,06-30 02:20,6.30 02:20，出现一笔买入看跌期权交易，成交量为326张，未平仓数为14张，V/OI值为23.4，交易金额为248640USD，合约行权价是232.5，到期日为2026/07/17
2026-06-29,US.INTU,,PUT,270.0,2026-07-02,300,225000.0,SELL,06-30 00:29,6.30 00:29，出现一笔卖出看跌期权交易，成交量为300张，未平仓数为114张，V/OI值为5.4，交易金额为225000USD，合约行权价是270，到期日为2026/07/02
2026-06-30,US.AAPL,,CALL,290.0,2026-07-01,1000,95000.0,SELL,07-01 03:47,7.1 03:47，出现一笔卖出看涨期权交易，成交量为1000张，未平仓数为4530张，V/OI值为25.6，交易金额为95000USD，合约行权价是290，到期日为2026/07/01
2026-06-30,US.AAPL,,PUT,287.5,2026-07-01,1685,269600.0,SELL,07-01 03:43,7.1 03:43，出现一笔卖出看跌期权交易，成交量为1685张，未平仓数为175张，V/OI值为198.1，交易金额为269600USD，合约行权价是287.5，到期日为2026/07/01
2026-06-30,US.AAPL,,CALL,287.5,2026-07-01,1663,340915.0,BUY,07-01 03:34,7.1 03:34，出现一笔买入看涨期权交易，成交量为1663张，未平仓数为3068张，V/OI值为20.3，交易金额为340915USD，合约行权价是287.5，到期日为2026/07/01
2026-06-30,US.AAPL,,PUT,287.5,2026-07-01,2067,343122.0,SELL,07-01 03:27,7.1 03:27，出现一笔卖出看跌期权交易，成交量为2067张，未平仓数为175张，V/OI值为184.4，交易金额为343122USD，合约行权价是287.5，到期日为2026/07/01
2026-06-30,US.AAPL,,CALL,285.0,2026-07-01,1661,589654.0,BUY,07-01 03:10,7.1 03:10，出现一笔买入看涨期权交易，成交量为1661张，未平仓数为3923张，V/OI值为10，交易金额为589654USD，合约行权价是285，到期日为2026/07/01
2026-06-30,US.AAPL,,CALL,290.0,2026-07-01,1345,104910.0,SELL,07-01 02:48,7.1 02:48，出现一笔卖出看涨期权交易，成交量为1345张，未平仓数为4530张，V/OI值为23.2，交易金额为104910USD，合约行权价是290，到期日为2026/07/01
2026-06-30,US.AAPL,,CALL,290.0,2026-07-02,1055,211000.0,BUY,07-01 01:40,7.1 01:40，出现一笔买入看涨期权交易，成交量为1055张，未平仓数为7640张，V/OI值为2.9，交易金额为211000USD，合约行权价是290，到期日为2026/07/02
2026-06-30,US.AAPL,,PUT,290.0,2026-07-10,1492,775840.0,BUY,07-01 01:18,7.1 01:18，出现一笔买入看跌期权交易，成交量为1492张，未平仓数为1814张，V/OI值为1.4，交易金额为775840USD，合约行权价是290，到期日为2026/07/10
2026-06-30,US.AAPL,,CALL,295.0,2026-07-02,1000,83000.0,BUY,07-01 01:06,7.1 01:06，出现一笔买入看涨期权交易，成交量为1000张，未平仓数为13628张，V/OI值为1，交易金额为83000USD，合约行权价是295，到期日为2026/07/02
2026-06-30,US.AAPL,,CALL,290.0,2026-07-06,2244,751651.0,BUY,07-01 01:02,7.1 01:02，出现一笔买入看涨期权交易，成交量为2244张，未平仓数为1040张，V/OI值为5.9，交易金额为751651USD，合约行权价是290，到期日为2026/07/06
2026-06-30,US.AAPL,,CALL,290.0,2026-07-01,1366,202168.0,BUY,07-01 00:49,7.1 00:49，出现一笔买入看涨期权交易，成交量为1366张，未平仓数为4530张，V/OI值为19.2，交易金额为202168USD，合约行权价是290，到期日为2026/07/01
2026-06-30,US.AAPL,,PUT,285.0,2026-07-02,2000,230000.0,SELL,07-01 00:46,7.1 00:46，出现一笔卖出看跌期权交易，成交量为2000张，未平仓数为3939张，V/OI值为1.8，交易金额为230000USD，合约行权价是285，到期日为2026/07/02
2026-06-30,US.AAPL,,CALL,290.0,2026-07-01,1100,129800.0,BUY,07-01 00:27,7.1 00:27，出现一笔买入看涨期权交易，成交量为1100张，未平仓数为4530张，V/OI值为17.6，交易金额为129800USD，合约行权价是290，到期日为2026/07/01
2026-06-30,US.AAPL,,CALL,282.5,2026-07-02,1190,792540.0,SELL,07-01 00:16,7.1 00:16，出现一笔卖出看涨期权交易，成交量为1190张，未平仓数为6634张，V/OI值为0.5，交易金额为792540USD，合约行权价是282.5，到期日为2026/07/02
2026-06-30,US.AAPL,,CALL,287.5,2026-07-02,1190,374850.0,SELL,07-01 00:16,7.1 00:16，出现一笔卖出看涨期权交易，成交量为1190张，未平仓数为7122张，V/OI值为1.3，交易金额为374850USD，合约行权价是287.5，到期日为2026/07/02
2026-06-30,US.AAPL,,CALL,297.5,2026-07-10,1190,208250.0,BUY,07-01 00:16,7.1 00:16，出现一笔买入看涨期权交易，成交量为1190张，未平仓数为6456张，V/OI值为0.4，交易金额为208250USD，合约行权价是297.5，到期日为2026/07/10
2026-06-30,US.AAPL,,CALL,290.0,2026-09-18,2000,3010000.0,SELL,07-01 00:14,7.1 00:14，出现一笔卖出看涨期权交易，成交量为2000张，未平仓数为9857张，V/OI值为0.2，交易金额为3010000USD，合约行权价是290，到期日为2026/09/18
2026-06-30,US.AAPL,,PUT,290.0,2026-07-01,1976,622455.0,SELL,07-01 00:14,7.1 00:14，出现一笔卖出看跌期权交易，成交量为1976张，未平仓数为163张，V/OI值为43.5，交易金额为622455USD，合约行权价是290，到期日为2026/07/01
2026-06-30,US.AMZN,,CALL,245.0,2026-07-17,1500,751502.0,BUY,07-01 03:24,7.1 03:24，出现一笔买入看涨期权交易，成交量为1500张，未平仓数为26592张，V/OI值为0.3，交易金额为751502USD，合约行权价是245，到期日为2026/07/17
2026-06-30,US.AMZN,,CALL,245.0,2026-07-17,1500,742500.0,BUY,07-01 03:23,7.1 03:23，出现一笔买入看涨期权交易，成交量为1500张，未平仓数为26592张，V/OI值为0.2，交易金额为742500USD，合约行权价是245，到期日为2026/07/17
2026-06-30,US.AMZN,,CALL,240.0,2026-07-06,1441,504340.0,BUY,07-01 03:23,7.1 03:23，出现一笔买入看涨期权交易，成交量为1441张，未平仓数为756张，V/OI值为6.4，交易金额为504340USD，合约行权价是240，到期日为2026/07/06
2026-06-30,US.AMZN,,CALL,245.0,2026-07-17,1500,735000.0,BUY,07-01 03:23,7.1 03:23，出现一笔买入看涨期权交易，成交量为1500张，未平仓数为26592张，V/OI值为0.1，交易金额为735000USD，合约行权价是245，到期日为2026/07/17
2026-06-30,US.AMZN,,CALL,240.0,2026-07-02,1000,249000.0,BUY,07-01 02:19,7.1 02:19，出现一笔买入看涨期权交易，成交量为1000张，未平仓数为9964张，V/OI值为1.1，交易金额为249000USD，合约行权价是240，到期日为2026/07/02
2026-06-30,US.AMZN,,PUT,240.0,2026-07-02,2500,755000.0,SELL,07-01 01:53,7.1 01:53，出现一笔卖出看跌期权交易，成交量为2500张，未平仓数为3966张，V/OI值为1.4，交易金额为755000USD，合约行权价是240，到期日为2026/07/02
2026-06-30,US.AMZN,,PUT,240.0,2026-07-17,2500,1745000.0,SELL,07-01 01:52,7.1 01:52，出现一笔卖出看跌期权交易，成交量为2500张，未平仓数为16586张，V/OI值为0.2，交易金额为1745000USD，合约行权价是240，到期日为2026/07/17
2026-06-30,US.AMZN,,CALL,235.0,2026-08-07,1200,1860000.0,SELL,07-01 01:39,7.1 01:39，出现一笔卖出看涨期权交易，成交量为1200张，未平仓数为231张，V/OI值为6.7，交易金额为1860000USD，合约行权价是235，到期日为2026/08/07
2026-06-30,US.AMZN,,PUT,240.0,2026-07-17,3000,2094000.0,SELL,07-01 01:13,7.1 01:13，出现一笔卖出看跌期权交易，成交量为3000张，未平仓数为16586张，V/OI值为0.2，交易金额为2094000USD，合约行权价是240，到期日为2026/07/17
2026-06-30,US.AMZN,,PUT,240.0,2026-07-02,3000,906000.0,BUY,07-01 01:13,7.1 01:13，出现一笔买入看跌期权交易，成交量为3000张，未平仓数为3966张，V/OI值为1.4，交易金额为906000USD，合约行权价是240，到期日为2026/07/02
2026-06-30,US.AMZN,,CALL,245.0,2026-07-01,1795,141805.0,BUY,07-01 00:53,7.1 00:53，出现一笔买入看涨期权交易，成交量为1795张，未平仓数为3653张，V/OI值为5.4，交易金额为141805USD，合约行权价是245，到期日为2026/07/01
2026-06-30,US.AMZN,,CALL,240.0,2026-07-01,1342,383812.0,SELL,07-01 00:47,7.1 00:47，出现一笔卖出看涨期权交易，成交量为1342张，未平仓数为3314张，V/OI值为7.3，交易金额为383812USD，合约行权价是240，到期日为2026/07/01
2026-06-30,US.BABA,,PUT,90.0,2026-12-18,2000,1600000.0,SELL,07-01 00:20,7.1 00:20，出现一笔卖出看跌期权交易，成交量为2000张，未平仓数为7190张，V/OI值为0.3，交易金额为1600000USD，合约行权价是90，到期日为2026/12/18
2026-06-30,US.BABA,,CALL,100.0,2026-12-18,2000,2310000.0,SELL,07-01 00:20,7.1 00:20，出现一笔卖出看涨期权交易，成交量为2000张，未平仓数为27778张，V/OI值为0.1，交易金额为2310000USD，合约行权价是100，到期日为2026/12/18
2026-06-30,US.BBAI,,CALL,5.0,2026-09-18,2974,77324.0,SELL,07-01 03:24,7.1 03:24，出现一笔卖出看涨期权交易，成交量为2974张，未平仓数为15072张，V/OI值为0.3，交易金额为77324USD，合约行权价是5，到期日为2026/09/18
2026-06-30,US.BE,,CALL,325.0,2026-07-02,1600,796800.0,BUY,07-01 03:23,7.1 03:23，出现一笔买入看涨期权交易，成交量为1600张，未平仓数为6287张，V/OI值为0.7，交易金额为796800USD，合约行权价是325，到期日为2026/07/02
2026-06-30,US.BE,,CALL,320.0,2026-07-02,1600,1004800.0,SELL,07-01 03:23,7.1 03:23，出现一笔卖出看涨期权交易，成交量为1600张，未平仓数为4848张，V/OI值为1，交易金额为1004800USD，合约行权价是320，到期日为2026/07/02
2026-06-30,US.BE,,CALL,350.0,2026-07-17,1109,1757735.0,BUY,07-01 00:46,7.1 00:46，出现一笔买入看涨期权交易，成交量为1109张，未平仓数为13476张，V/OI值为0.1，交易金额为1757735USD，合约行权价是350，到期日为2026/07/17
2026-06-30,US.COHR,,PUT,370.0,2026-07-24,204,607920.0,SELL,07-01 00:03,7.1 00:03，出现一笔卖出看跌期权交易，成交量为204张，未平仓数为67张，V/OI值为3.1，交易金额为607920USD，合约行权价是370，到期日为2026/07/24
2026-06-30,US.COIN,,PUT,40.0,2028-06-16,1000,550000.0,BUY,07-01 03:29,7.1 03:29，出现一笔买入看跌期权交易，成交量为1000张，未平仓数为60张，V/OI值为16.7，交易金额为550000USD，合约行权价是40，到期日为2028/06/16
2026-06-30,US.CRCL,,PUT,50.0,2027-01-15,500,402500.0,BUY,07-01 01:54,7.1 01:54，出现一笔买入看跌期权交易，成交量为500张，未平仓数为1963张，V/OI值为0.3，交易金额为402500USD，合约行权价是50，到期日为2027/01/15
2026-06-30,US.CRCL,,PUT,90.0,2027-12-17,270,1116450.0,BUY,07-01 00:44,7.1 00:44，出现一笔买入看跌期权交易，成交量为270张，未平仓数为140张，V/OI值为2.1，交易金额为1116450USD，合约行权价是90，到期日为2027/12/17
2026-06-30,US.CRCL,,PUT,65.0,2026-08-21,351,308887.0,SELL,07-01 00:38,7.1 00:38，出现一笔卖出看跌期权交易，成交量为351张，未平仓数为1169张，V/OI值为1.3，交易金额为308887USD，合约行权价是65，到期日为2026/08/21
2026-06-30,US.CRCL,,PUT,65.0,2026-08-21,414,364720.0,SELL,07-01 00:38,7.1 00:38，出现一笔卖出看跌期权交易，成交量为414张，未平仓数为1169张，V/OI值为0.8，交易金额为364720USD，合约行权价是65，到期日为2026/08/21
2026-06-30,US.CRCL,,CALL,65.0,2026-07-17,668,357380.0,SELL,07-01 00:16,7.1 00:16，出现一笔卖出看涨期权交易，成交量为668张，未平仓数为188张，V/OI值为4，交易金额为357380USD，合约行权价是65，到期日为2026/07/17
2026-06-30,US.CRCL,,CALL,66.0,2026-07-10,514,205694.0,SELL,07-01 00:07,7.1 00:07，出现一笔卖出看涨期权交易，成交量为514张，未平仓数为0张，V/OI值为0，交易金额为205694USD，合约行权价是66，到期日为2026/07/10
2026-06-30,US.CRM,,CALL,162.5,2026-07-02,1481,106632.0,SELL,07-01 03:23,7.1 03:23，出现一笔卖出看涨期权交易，成交量为1481张，未平仓数为4814张，V/OI值为1.5，交易金额为106632USD，合约行权价是162.5，到期日为2026/07/02
2026-06-30,US.DDOG,,PUT,160.0,2026-09-18,595,164815.0,SELL,07-01 03:11,7.1 03:11，出现一笔卖出看跌期权交易，成交量为595张，未平仓数为259张，V/OI值为2.3，交易金额为164815USD，合约行权价是160，到期日为2026/09/18
2026-06-30,US.DDOG,,CALL,260.0,2026-07-10,300,319500.0,SELL,07-01 00:44,7.1 00:44，出现一笔卖出看涨期权交易，成交量为300张，未平仓数为246张，V/OI值为2.5，交易金额为319500USD，合约行权价是260，到期日为2026/07/10
2026-06-30,US.DDOG,,CALL,257.5,2026-07-10,359,416145.0,BUY,07-01 00:43,7.1 00:43，出现一笔买入看涨期权交易，成交量为359张，未平仓数为151张，V/OI值为2.5，交易金额为416145USD，合约行权价是257.5，到期日为2026/07/10
2026-06-30,US.DDOG,,CALL,260.0,2026-07-10,250,257500.0,BUY,07-01 00:43,7.1 00:43，出现一笔买入看涨期权交易，成交量为250张，未平仓数为246张，V/OI值为1.3，交易金额为257500USD，合约行权价是260，到期日为2026/07/10
2026-06-30,US.DDOG,,CALL,262.5,2026-07-10,200,179000.0,BUY,07-01 00:42,7.1 00:42，出现一笔买入看涨期权交易，成交量为200张，未平仓数为52张，V/OI值为4.8，交易金额为179000USD，合约行权价是262.5，到期日为2026/07/10
2026-06-30,US.DDOG,,PUT,150.0,2026-10-16,509,152707.0,SELL,07-01 00:23,7.1 00:23，出现一笔卖出看跌期权交易，成交量为509张，未平仓数为11张，V/OI值为46.4，交易金额为152707USD，合约行权价是150，到期日为2026/10/16
2026-06-30,US.DELL,,PUT,400.0,2026-07-17,300,503473.0,BUY,07-01 03:11,7.1 03:11，出现一笔买入看跌期权交易，成交量为300张，未平仓数为1374张，V/OI值为0.5，交易金额为503473USD，合约行权价是400，到期日为2026/07/17
2026-06-30,US.DELL,,PUT,400.0,2026-07-17,200,333400.0,BUY,07-01 03:11,7.1 03:11，出现一笔买入看跌期权交易，成交量为200张，未平仓数为1374张，V/OI值为0.3，交易金额为333400USD，合约行权价是400，到期日为2026/07/17
2026-06-30,US.DELL,,CALL,440.0,2026-09-18,200,1183000.0,SELL,07-01 03:09,7.1 03:09，出现一笔卖出看涨期权交易，成交量为200张，未平仓数为116张，V/OI值为47.3，交易金额为1183000USD，合约行权价是440，到期日为2026/09/18
2026-06-30,US.DELL,,CALL,400.0,2026-09-18,200,1548000.0,BUY,07-01 03:09,7.1 03:09，出现一笔买入看涨期权交易，成交量为200张，未平仓数为377张，V/OI值为14.4，交易金额为1548000USD，合约行权价是400，到期日为2026/09/18
2026-06-30,US.DELL,,CALL,440.0,2026-09-18,200,1255000.0,SELL,07-01 02:48,7.1 02:48，出现一笔卖出看涨期权交易，成交量为200张，未平仓数为116张，V/OI值为45.6，交易金额为1255000USD，合约行权价是440，到期日为2026/09/18
2026-06-30,US.DELL,,CALL,400.0,2026-09-18,200,1630000.0,BUY,07-01 02:48,7.1 02:48，出现一笔买入看涨期权交易，成交量为200张，未平仓数为377张，V/OI值为13.9，交易金额为1630000USD，合约行权价是400，到期日为2026/09/18
2026-06-30,US.DELL,,CALL,440.0,2026-09-18,200,1257000.0,SELL,07-01 02:47,7.1 02:47，出现一笔卖出看涨期权交易，成交量为200张，未平仓数为116张，V/OI值为43.9，交易金额为1257000USD，合约行权价是440，到期日为2026/09/18
2026-06-30,US.DELL,,CALL,400.0,2026-09-18,200,1632000.0,BUY,07-01 02:47,7.1 02:47，出现一笔买入看涨期权交易，成交量为200张，未平仓数为377张，V/OI值为13.3，交易金额为1632000USD，合约行权价是400，到期日为2026/09/18
2026-06-30,US.DELL,,CALL,440.0,2026-09-18,200,1146000.0,SELL,07-01 00:59,7.1 00:59，出现一笔卖出看涨期权交易，成交量为200张，未平仓数为116张，V/OI值为40.4，交易金额为1146000USD，合约行权价是440，到期日为2026/09/18
2026-06-30,US.DELL,,CALL,400.0,2026-09-18,200,1506000.0,BUY,07-01 00:59,7.1 00:59，出现一笔买入看涨期权交易，成交量为200张，未平仓数为377张，V/OI值为12.3，交易金额为1506000USD，合约行权价是400，到期日为2026/09/18
2026-06-30,US.DELL,,CALL,620.0,2026-09-18,487,805955.0,BUY,07-01 00:56,7.1 00:56，出现一笔买入看涨期权交易，成交量为487张，未平仓数为35张，V/OI值为13.9，交易金额为805955USD，合约行权价是620，到期日为2026/09/18
2026-06-30,US.DELL,,CALL,600.0,2026-09-18,472,892050.0,SELL,07-01 00:56,7.1 00:56，出现一笔卖出看涨期权交易，成交量为472张，未平仓数为2732张，V/OI值为0.3，交易金额为892050USD，合约行权价是600，到期日为2026/09/18
2026-06-30,US.DELL,,CALL,600.0,2026-09-18,349,684040.0,BUY,07-01 00:55,7.1 00:55，出现一笔买入看涨期权交易，成交量为349张，未平仓数为2732张，V/OI值为0.1，交易金额为684040USD，合约行权价是600，到期日为2026/09/18
2026-06-30,US.DRAM,,CALL,72.0,2026-07-10,1000,540000.0,SELL,07-01 03:59,7.1 03:59，出现一笔卖出看涨期权交易，成交量为1000张，未平仓数为602张，V/OI值为3.6，交易金额为540000USD，合约行权价是72，到期日为2026/07/10
2026-06-30,US.DRAM,,CALL,72.0,2026-07-10,1000,540000.0,BUY,07-01 03:59,7.1 03:59，出现一笔买入看涨期权交易，成交量为1000张，未平仓数为602张，V/OI值为2，交易金额为540000USD，合约行权价是72，到期日为2026/07/10
2026-06-30,US.DRAM,,PUT,69.0,2026-07-10,1479,362355.0,BUY,07-01 02:25,7.1 02:25，出现一笔买入看跌期权交易，成交量为1479张，未平仓数为651张，V/OI值为2.4，交易金额为362355USD，合约行权价是69，到期日为2026/07/10
2026-06-30,US.DRAM,,CALL,75.0,2026-07-10,1625,609376.0,SELL,07-01 02:02,7.1 02:02，出现一笔卖出看涨期权交易，成交量为1625张，未平仓数为3192张，V/OI值为0.8，交易金额为609376USD，合约行权价是75，到期日为2026/07/10
2026-06-30,US.DRAM,,CALL,71.0,2026-07-02,2100,808500.0,BUY,07-01 02:01,7.1 02:01，出现一笔买入看涨期权交易，成交量为2100张，未平仓数为2891张，V/OI值为0.9，交易金额为808500USD，合约行权价是71，到期日为2026/07/02
2026-06-30,US.DUOL,,PUT,114.0,2026-07-24,246,155900.0,SELL,07-01 03:15,7.1 03:15，出现一笔卖出看跌期权交易，成交量为246张，未平仓数为3张，V/OI值为83.3，交易金额为155900USD，合约行权价是114，到期日为2026/07/24
2026-06-30,US.DUOL,,CALL,119.0,2026-07-24,200,121997.0,BUY,07-01 03:15,7.1 03:15，出现一笔买入看涨期权交易，成交量为200张，未平仓数为4张，V/OI值为50，交易金额为121997USD，合约行权价是119，到期日为2026/07/24
2026-06-30,US.FIG,,CALL,22.5,2027-01-15,1197,389328.0,SELL,07-01 00:02,7.1 00:02，出现一笔卖出看涨期权交易，成交量为1197张，未平仓数为8008张，V/OI值为0.2，交易金额为389328USD，合约行权价是22.5，到期日为2027/01/15
2026-06-30,US.GEV,,CALL,800.0,2026-09-18,200,7600000.0,BUY,07-01 01:20,7.1 01:20，出现一笔买入看涨期权交易，成交量为200张，未平仓数为726张，V/OI值为0.3，交易金额为7600000USD，合约行权价是800，到期日为2026/09/18
2026-06-30,US.GLW,,CALL,250.0,2026-07-17,377,833141.0,BUY,07-01 03:02,7.1 03:02，出现一笔买入看涨期权交易，成交量为377张，未平仓数为7049张，V/OI值为0.4，交易金额为833141USD，合约行权价是250，到期日为2026/07/17
2026-06-30,US.GLW,,CALL,250.0,2026-07-17,327,719376.0,BUY,07-01 02:39,7.1 02:39，出现一笔买入看涨期权交易，成交量为327张，未平仓数为7049张，V/OI值为0.3，交易金额为719376USD，合约行权价是250，到期日为2026/07/17
2026-06-30,US.GLW,,CALL,250.0,2026-07-17,464,1032369.0,BUY,07-01 00:27,7.1 00:27，出现一笔买入看涨期权交易，成交量为464张，未平仓数为7049张，V/OI值为0.2，交易金额为1032369USD，合约行权价是250，到期日为2026/07/17
2026-06-30,US.GLW,,PUT,140.0,2026-09-18,702,221134.0,SELL,07-01 00:13,7.1 00:13，出现一笔卖出看跌期权交易，成交量为702张，未平仓数为985张，V/OI值为0.7，交易金额为221134USD，合约行权价是140，到期日为2026/09/18
2026-06-30,US.GLW,,CALL,300.0,2026-07-17,365,259880.0,SELL,07-01 00:11,7.1 00:11，出现一笔卖出看涨期权交易，成交量为365张，未平仓数为3433张，V/OI值为0.2，交易金额为259880USD，合约行权价是300，到期日为2026/07/17
2026-06-30,US.GOOGL,,CALL,377.5,2026-07-17,2000,576000.0,SELL,07-01 03:54,7.1 03:54，出现一笔卖出看涨期权交易，成交量为2000张，未平仓数为1363张，V/OI值为1.6，交易金额为576000USD，合约行权价是377.5，到期日为2026/07/17
2026-06-30,US.GOOGL,,CALL,347.5,2026-07-02,1574,1714086.0,SELL,07-01 03:31,7.1 03:31，出现一笔卖出看涨期权交易，成交量为1574张，未平仓数为7008张，V/OI值为0.3，交易金额为1714086USD，合约行权价是347.5，到期日为2026/07/02
2026-06-30,US.GOOGL,,CALL,372.5,2026-07-10,1574,371464.0,SELL,07-01 03:31,7.1 03:31，出现一笔卖出看涨期权交易，成交量为1574张，未平仓数为267张，V/OI值为6.3，交易金额为371464USD，合约行权价是372.5，到期日为2026/07/10
2026-06-30,US.GOOGL,,CALL,360.0,2026-07-24,2100,2499000.0,BUY,07-01 00:32,7.1 00:32，出现一笔买入看涨期权交易，成交量为2100张，未平仓数为2575张，V/OI值为0.9，交易金额为2499000USD，合约行权价是360，到期日为2026/07/24
2026-06-30,US.GOOGL,,CALL,400.0,2027-06-17,1000,4071000.0,SELL,07-01 00:18,7.1 00:18，出现一笔卖出看涨期权交易，成交量为1000张，未平仓数为2079张，V/OI值为0.5，交易金额为4071000USD，合约行权价是400，到期日为2027/06/17
2026-06-30,US.GOOGL,,CALL,357.5,2026-07-01,1005,263311.0,SELL,07-01 00:08,7.1 00:08，出现一笔卖出看涨期权交易，成交量为1005张，未平仓数为805张，V/OI值为10，交易金额为263311USD，合约行权价是357.5，到期日为2026/07/01
2026-06-30,US.GOOGL,,CALL,355.0,2026-07-01,1300,521300.0,SELL,07-01 00:08,7.1 00:08，出现一笔卖出看涨期权交易，成交量为1300张，未平仓数为948张，V/OI值为14，交易金额为521300USD，合约行权价是355，到期日为2026/07/01
2026-06-30,US.HOOD,,CALL,97.0,2026-07-02,1476,764568.0,BUY,07-01 03:25,7.1 03:25，出现一笔买入看涨期权交易，成交量为1476张，未平仓数为4332张，V/OI值为0.4，交易金额为764568USD，合约行权价是97，到期日为2026/07/02
2026-06-30,US.HOOD,,CALL,102.0,2026-07-02,1476,308484.0,SELL,07-01 03:25,7.1 03:25，出现一笔卖出看涨期权交易，成交量为1476张，未平仓数为6978张，V/OI值为0.8，交易金额为308484USD，合约行权价是102，到期日为2026/07/02
2026-06-30,US.HOOD,,CALL,104.0,2026-07-02,1476,193356.0,SELL,07-01 03:25,7.1 03:25，出现一笔卖出看涨期权交易，成交量为1476张，未平仓数为2356张，V/OI值为1.3，交易金额为193356USD，合约行权价是104，到期日为2026/07/02
2026-06-30,US.HOOD,,CALL,105.0,2026-11-20,1500,2595000.0,BUY,07-01 00:00,7.1 00:00，出现一笔买入看涨期权交易，成交量为1500张，未平仓数为1243张，V/OI值为1.2，交易金额为2595000USD，合约行权价是105，到期日为2026/11/20
2026-06-30,US.HPE,,PUT,46.0,2026-07-24,1588,651080.0,SELL,07-01 00:48,7.1 00:48，出现一笔卖出看跌期权交易，成交量为1588张，未平仓数为48张，V/OI值为33.1，交易金额为651080USD，合约行权价是46，到期日为2026/07/24
2026-06-30,US.HPE,,CALL,44.0,2026-07-17,896,216832.0,BUY,07-01 00:15,7.1 00:15，出现一笔买入看涨期权交易，成交量为896张，未平仓数为387张，V/OI值为2.6，交易金额为216832USD，合约行权价是44，到期日为2026/07/17
2026-06-30,US.IBIT,,CALL,36.0,2026-08-21,5000,470000.0,SELL,07-01 02:19,7.1 02:19，出现一笔卖出看涨期权交易，成交量为5000张，未平仓数为15684张，V/OI值为0.9，交易金额为470000USD，合约行权价是36，到期日为2026/08/21
2026-06-30,US.IBIT,,PUT,32.0,2026-07-24,5536,559136.0,SELL,07-01 01:41,7.1 01:41，出现一笔卖出看跌期权交易，成交量为5536张，未平仓数为6861张，V/OI值为0.9，交易金额为559136USD，合约行权价是32，到期日为2026/07/24
2026-06-30,US.IBIT,,PUT,29.0,2026-09-18,3000,340500.0,BUY,07-01 01:31,7.1 01:31，出现一笔买入看跌期权交易，成交量为3000张，未平仓数为7323张，V/OI值为0.4，交易金额为340500USD，合约行权价是29，到期日为2026/09/18
2026-06-30,US.IBIT,,PUT,29.0,2026-09-18,3000,339000.0,BUY,07-01 01:29,7.1 01:29，出现一笔买入看跌期权交易，成交量为3000张，未平仓数为7323张，V/OI值为0.4，交易金额为339000USD，合约行权价是29，到期日为2026/09/18
2026-06-30,US.IBIT,,CALL,40.0,2026-09-18,3407,197606.0,BUY,07-01 01:14,7.1 01:14，出现一笔买入看涨期权交易，成交量为3407张，未平仓数为21740张，V/OI值为0.2，交易金额为197606USD，合约行权价是40，到期日为2026/09/18
2026-06-30,US.IBM,,CALL,285.0,2026-07-17,1000,871000.0,SELL,07-01 02:42,7.1 02:42，出现一笔卖出看涨期权交易，成交量为1000张，未平仓数为2359张，V/OI值为0.7，交易金额为871000USD，合约行权价是285，到期日为2026/07/17
2026-06-30,US.IBM,,PUT,190.0,2026-10-16,1509,331982.0,SELL,07-01 02:37,7.1 02:37，出现一笔卖出看跌期权交易，成交量为1509张，未平仓数为308张，V/OI值为4.9，交易金额为331982USD，合约行权价是190，到期日为2026/10/16
2026-06-30,US.IGV,,CALL,90.0,2026-07-02,1505,188125.0,SELL,07-01 02:07,7.1 02:07，出现一笔卖出看涨期权交易，成交量为1505张，未平仓数为4662张，V/OI值为0.5，交易金额为188125USD，合约行权价是90，到期日为2026/07/02
2026-06-30,US.IGV,,CALL,95.0,2026-07-10,4000,200000.0,SELL,07-01 01:08,7.1 01:08，出现一笔卖出看涨期权交易，成交量为4000张，未平仓数为5525张，V/OI值为0.7，交易金额为200000USD，合约行权价是95，到期日为2026/07/10
2026-06-30,US.IGV,,CALL,93.0,2026-07-10,2000,204000.0,BUY,07-01 01:08,7.1 01:08，出现一笔买入看涨期权交易，成交量为2000张，未平仓数为2381张，V/OI值为0.8，交易金额为204000USD，合约行权价是93，到期日为2026/07/10
2026-06-30,US.INTC,,PUT,135.0,2026-07-02,2900,556800.0,SELL,07-01 03:59,7.1 03:59，出现一笔卖出看跌期权交易，成交量为2900张，未平仓数为1184张，V/OI值为6.3，交易金额为556800USD，合约行权价是135，到期日为2026/07/02
2026-06-30,US.INTC,,PUT,120.0,2027-06-17,1300,3802500.0,SELL,07-01 03:51,7.1 03:51，出现一笔卖出看跌期权交易，成交量为1300张，未平仓数为139张，V/OI值为9.5，交易金额为3802500USD，合约行权价是120，到期日为2027/06/17
2026-06-30,US.INTC,,PUT,120.0,2026-12-18,1200,2388000.0,SELL,07-01 03:50,7.1 03:50，出现一笔卖出看跌期权交易，成交量为1200张，未平仓数为1868张，V/OI值为0.7，交易金额为2388000USD，合约行权价是120，到期日为2026/12/18
2026-06-30,US.INTC,,CALL,120.0,2026-07-02,2000,4060000.0,BUY,07-01 03:40,7.1 03:40，出现一笔买入看涨期权交易，成交量为2000张，未平仓数为22572张，V/OI值为0.9，交易金额为4060000USD，合约行权价是120，到期日为2026/07/02
2026-06-30,US.INTC,,CALL,120.0,2026-07-02,2000,4080000.0,BUY,07-01 03:33,7.1 03:33，出现一笔买入看涨期权交易，成交量为2000张，未平仓数为22572张，V/OI值为0.8，交易金额为4080000USD，合约行权价是120，到期日为2026/07/02
2026-06-30,US.INTC,,CALL,120.0,2026-07-02,2000,4100000.0,BUY,07-01 03:07,7.1 03:07，出现一笔买入看涨期权交易，成交量为2000张，未平仓数为22572张，V/OI值为0.7，交易金额为4100000USD，合约行权价是120，到期日为2026/07/02
2026-06-30,US.INTC,,CALL,150.0,2026-07-02,1398,143941.0,SELL,07-01 03:05,7.1 03:05，出现一笔卖出看涨期权交易，成交量为1398张，未平仓数为10253张，V/OI值为2，交易金额为143941USD，合约行权价是150，到期日为2026/07/02
2026-06-30,US.INTC,,CALL,120.0,2026-07-02,2000,4240000.0,BUY,07-01 02:32,7.1 02:32，出现一笔买入看涨期权交易，成交量为2000张，未平仓数为22572张，V/OI值为0.6，交易金额为4240000USD，合约行权价是120，到期日为2026/07/02
2026-06-30,US.INTC,,CALL,120.0,2026-07-02,1000,2120000.0,BUY,07-01 02:20,7.1 02:20，出现一笔买入看涨期权交易，成交量为1000张，未平仓数为22572张，V/OI值为0.5，交易金额为2120000USD，合约行权价是120，到期日为2026/07/02
2026-06-30,US.INTC,,CALL,120.0,2026-07-02,2500,5300000.0,BUY,07-01 02:14,7.1 02:14，出现一笔买入看涨期权交易，成交量为2500张，未平仓数为22572张，V/OI值为0.5，交易金额为5300000USD，合约行权价是120，到期日为2026/07/02
2026-06-30,US.INTC,,CALL,120.0,2026-07-02,2000,4510000.0,BUY,07-01 01:48,7.1 01:48，出现一笔买入看涨期权交易，成交量为2000张，未平仓数为22572张，V/OI值为0.4，交易金额为4510000USD，合约行权价是120，到期日为2026/07/02
2026-06-30,US.INTC,,CALL,180.0,2026-11-20,1800,3645000.0,SELL,07-01 01:45,7.1 01:45，出现一笔卖出看涨期权交易，成交量为1800张，未平仓数为1419张，V/OI值为2.7，交易金额为3645000USD，合约行权价是180，到期日为2026/11/20
2026-06-30,US.INTC,,CALL,120.0,2026-07-02,2000,4480000.0,BUY,07-01 01:43,7.1 01:43，出现一笔买入看涨期权交易，成交量为2000张，未平仓数为22572张，V/OI值为0.3，交易金额为4480000USD，合约行权价是120，到期日为2026/07/02
2026-06-30,US.INTC,,CALL,120.0,2026-07-02,3000,6660000.0,BUY,07-01 01:33,7.1 01:33，出现一笔买入看涨期权交易，成交量为3000张，未平仓数为22572张，V/OI值为0.2，交易金额为6660000USD，合约行权价是120，到期日为2026/07/02
2026-06-30,US.INTC,,PUT,150.0,2026-09-18,2002,5666607.0,SELL,07-01 00:22,7.1 00:22，出现一笔卖出看跌期权交易，成交量为2002张，未平仓数为1857张，V/OI值为1.1，交易金额为5666607USD，合约行权价是150，到期日为2026/09/18
2026-06-30,US.INTC,,PUT,145.0,2027-03-19,1500,5985000.0,SELL,07-01 00:04,7.1 00:04，出现一笔卖出看跌期权交易，成交量为1500张，未平仓数为370张，V/OI值为4.1，交易金额为5985000USD，合约行权价是145，到期日为2027/03/19
2026-06-30,US.IREN,,PUT,40.0,2026-07-17,1000,202000.0,BUY,07-01 03:55,7.1 03:55，出现一笔买入看跌期权交易，成交量为1000张，未平仓数为8519张，V/OI值为0.9，交易金额为202000USD，合约行权价是40，到期日为2026/07/17
2026-06-30,US.IREN,,PUT,27.0,2026-09-18,1200,198000.0,SELL,07-01 03:33,7.1 03:33，出现一笔卖出看跌期权交易，成交量为1200张，未平仓数为769张，V/OI值为1.6，交易金额为198000USD，合约行权价是27，到期日为2026/09/18
2026-06-30,US.IREN,,CALL,46.0,2026-07-10,1150,339249.0,BUY,07-01 02:35,7.1 02:35，出现一笔买入看涨期权交易，成交量为1150张，未平仓数为293张，V/OI值为5.3，交易金额为339249USD，合约行权价是46，到期日为2026/07/10
2026-06-30,US.IREN,,PUT,46.0,2026-07-17,1463,592618.0,SELL,07-01 02:10,7.1 02:10，出现一笔卖出看跌期权交易，成交量为1463张，未平仓数为1469张，V/OI值为1.3，交易金额为592618USD，合约行权价是46，到期日为2026/07/17
2026-06-30,US.IWM,,PUT,285.0,2026-07-17,23995,2735430.0,SELL,07-01 04:05,7.1 04:05，出现一笔卖出看跌期权交易，成交量为23995张，未平仓数为50972张，V/OI值为1，交易金额为2735430USD，合约行权价是285，到期日为2026/07/17
2026-06-30,US.IWM,,PUT,286.0,2026-07-17,23995,3071360.0,BUY,07-01 04:05,7.1 04:05，出现一笔买入看跌期权交易，成交量为23995张，未平仓数为9016张，V/OI值为5.4，交易金额为3071360USD，合约行权价是286，到期日为2026/07/17
2026-06-30,US.IWM,,PUT,284.0,2026-07-17,3222,331866.0,SELL,07-01 04:05,7.1 04:05，出现一笔卖出看跌期权交易，成交量为3222张，未平仓数为76980张，V/OI值为0.7，交易金额为331866USD，合约行权价是284，到期日为2026/07/17
2026-06-30,US.IWM,,PUT,284.0,2026-07-17,3223,331969.0,SELL,07-01 04:05,7.1 04:05，出现一笔卖出看跌期权交易，成交量为3223张，未平仓数为76980张，V/OI值为0.7，交易金额为331969USD，合约行权价是284，到期日为2026/07/17
2026-06-30,US.IWM,,PUT,284.0,2026-07-17,4800,494400.0,SELL,07-01 04:05,7.1 04:05，出现一笔卖出看跌期权交易，成交量为4800张，未平仓数为76980张，V/OI值为0.6，交易金额为494400USD，合约行权价是284，到期日为2026/07/17
2026-06-30,US.IWM,,PUT,286.0,2026-07-17,3222,405972.0,BUY,07-01 04:05,7.1 04:05，出现一笔买入看跌期权交易，成交量为3222张，未平仓数为9016张，V/OI值为2.7，交易金额为405972USD，合约行权价是286，到期日为2026/07/17
2026-06-30,US.IWM,,PUT,286.0,2026-07-17,3223,406098.0,BUY,07-01 04:05,7.1 04:05，出现一笔买入看跌期权交易，成交量为3223张，未平仓数为9016张，V/OI值为2.3，交易金额为406098USD，合约行权价是286，到期日为2026/07/17
2026-06-30,US.IWM,,PUT,286.0,2026-07-17,4800,604800.0,BUY,07-01 04:05,7.1 04:05，出现一笔买入看跌期权交易，成交量为4800张，未平仓数为9016张，V/OI值为1.9，交易金额为604800USD，合约行权价是286，到期日为2026/07/17
2026-06-30,US.IWM,,PUT,282.0,2026-07-17,3000,240000.0,SELL,07-01 03:13,7.1 03:13，出现一笔卖出看跌期权交易，成交量为3000张，未平仓数为43439张，V/OI值为0.1，交易金额为240000USD，合约行权价是282，到期日为2026/07/17
2026-06-30,US.IWM,,PUT,295.0,2027-06-17,10000,20250000.0,BUY,07-01 02:17,7.1 02:17，出现一笔买入看跌期权交易，成交量为10000张，未平仓数为619张，V/OI值为16.2，交易金额为20250000USD，合约行权价是295，到期日为2027/06/17
2026-06-30,US.IWM,,PUT,210.0,2027-01-15,4500,742500.0,BUY,07-01 01:19,7.1 01:19，出现一笔买入看跌期权交易，成交量为4500张，未平仓数为21649张，V/OI值为0.7，交易金额为742500USD，合约行权价是210，到期日为2027/01/15
2026-06-30,US.IWM,,PUT,210.0,2027-01-15,10000,1650000.0,BUY,07-01 01:14,7.1 01:14，出现一笔买入看跌期权交易，成交量为10000张，未平仓数为21649张，V/OI值为0.5，交易金额为1650000USD，合约行权价是210，到期日为2027/01/15
2026-06-30,US.IWM,,CALL,350.0,2027-01-15,5000,2285000.0,BUY,07-01 01:02,7.1 01:02，出现一笔买入看涨期权交易，成交量为5000张，未平仓数为2766张，V/OI值为1.8，交易金额为2285000USD，合约行权价是350，到期日为2027/01/15
2026-06-30,US.IWM,,CALL,400.0,2027-01-15,15000,1170000.0,SELL,07-01 01:02,7.1 01:02，出现一笔卖出看涨期权交易，成交量为15000张，未平仓数为791张，V/OI值为19，交易金额为1170000USD，合约行权价是400，到期日为2027/01/15
2026-06-30,US.IWM,,PUT,300.0,2026-06-30,4299,180605.0,BUY,07-01 00:50,7.1 00:50，出现一笔买入看跌期权交易，成交量为4299张，未平仓数为2331张，V/OI值为22.9，交易金额为180605USD，合约行权价是300，到期日为2026/06/30
2026-06-30,US.IWM,,CALL,308.0,2026-07-17,6073,1166016.0,SELL,07-01 00:39,7.1 00:39，出现一笔卖出看涨期权交易，成交量为6073张，未平仓数为2327张，V/OI值为2.6，交易金额为1166016USD，合约行权价是308，到期日为2026/07/17
2026-06-30,US.LITE,,CALL,865.0,2026-07-02,350,927500.0,SELL,07-01 02:06,7.1 02:06，出现一笔卖出看涨期权交易，成交量为350张，未平仓数为157张，V/OI值为2.3，交易金额为927500USD，合约行权价是865，到期日为2026/07/02
2026-06-30,US.MARA,,PUT,5.0,2027-01-15,3750,98372.0,SELL,07-01 02:27,7.1 02:27，出现一笔卖出看跌期权交易，成交量为3750张，未平仓数为49761张，V/OI值为0.1，交易金额为98372USD，合约行权价是5，到期日为2027/01/15
2026-06-30,US.MARA,,CALL,23.0,2026-09-18,4821,250692.0,BUY,07-01 00:58,7.1 00:58，出现一笔买入看涨期权交易，成交量为4821张，未平仓数为7287张，V/OI值为0.7，交易金额为250692USD，合约行权价是23，到期日为2026/09/18
2026-06-30,US.MARA,,PUT,12.0,2026-07-17,14000,574000.0,BUY,07-01 00:01,7.1 00:01，出现一笔买入看跌期权交易，成交量为14000张，未平仓数为6705张，V/OI值为2.1，交易金额为574000USD，合约行权价是12，到期日为2026/07/17
2026-06-30,US.META,,PUT,540.0,2026-07-17,1000,745000.0,BUY,07-01 03:54,7.1 03:54，出现一笔买入看跌期权交易，成交量为1000张，未平仓数为4355张，V/OI值为0.3，交易金额为745000USD，合约行权价是540，到期日为2026/07/17
2026-06-30,US.META,,CALL,560.0,2026-07-01,1071,455222.0,SELL,07-01 00:42,7.1 00:42，出现一笔卖出看涨期权交易，成交量为1071张，未平仓数为725张，V/OI值为11.5，交易金额为455222USD，合约行权价是560，到期日为2026/07/01
2026-06-30,US.META,,CALL,625.0,2026-07-17,1524,260604.0,BUY,07-01 00:21,7.1 00:21，出现一笔买入看涨期权交易，成交量为1524张，未平仓数为14035张，V/OI值为0.2，交易金额为260604USD，合约行权价是625，到期日为2026/07/17
2026-06-30,US.META,,PUT,480.0,2026-07-10,3100,96100.0,BUY,07-01 00:11,7.1 00:11，出现一笔买入看跌期权交易，成交量为3100张，未平仓数为3190张，V/OI值为1，交易金额为96100USD，合约行权价是480，到期日为2026/07/10
2026-06-30,US.META,,PUT,475.0,2026-07-17,3100,223200.0,SELL,07-01 00:11,7.1 00:11，出现一笔卖出看跌期权交易，成交量为3100张，未平仓数为328张，V/OI值为9.5，交易金额为223200USD，合约行权价是475，到期日为2026/07/17
2026-06-30,US.MRVL,,PUT,260.0,2028-01-21,1100,9988000.0,BUY,07-01 02:30,7.1 02:30，出现一笔买入看跌期权交易，成交量为1100张，未平仓数为92张，V/OI值为12，交易金额为9988000USD，合约行权价是260，到期日为2028/01/21
2026-06-30,US.MSFT,,CALL,390.0,2026-07-17,1500,660000.0,SELL,07-01 03:53,7.1 03:53，出现一笔卖出看涨期权交易，成交量为1500张，未平仓数为14722张，V/OI值为0.6，交易金额为660000USD，合约行权价是390，到期日为2026/07/17
2026-06-30,US.MSFT,,CALL,620.0,2026-10-16,2400,242400.0,SELL,07-01 00:47,7.1 00:47，出现一笔卖出看涨期权交易，成交量为2400张，未平仓数为634张，V/OI值为3.8，交易金额为242400USD，合约行权价是620，到期日为2026/10/16
2026-06-30,US.MSTR,,CALL,91.5,2026-07-10,2500,920000.0,BUY,07-01 03:31,7.1 03:31，出现一笔买入看涨期权交易，成交量为2500张，未平仓数为157张，V/OI值为17.1，交易金额为920000USD，合约行权价是91.5，到期日为2026/07/10
2026-06-30,US.MSTR,,PUT,35.0,2026-09-18,6750,621000.0,SELL,07-01 03:21,7.1 03:21，出现一笔卖出看跌期权交易，成交量为6750张，未平仓数为496张，V/OI值为22.7，交易金额为621000USD，合约行权价是35，到期日为2026/09/18
2026-06-30,US.MSTR,,PUT,60.0,2026-09-18,4500,2115000.0,BUY,07-01 03:21,7.1 03:21，出现一笔买入看跌期权交易，成交量为4500张，未平仓数为1948张，V/OI值为4，交易金额为2115000USD，合约行权价是60，到期日为2026/09/18
2026-06-30,US.MSTR,,PUT,110.0,2026-08-21,1500,4215000.0,SELL,07-01 03:21,7.1 03:21，出现一笔卖出看跌期权交易，成交量为1500张，未平仓数为5973张，V/OI值为0.4，交易金额为4215000USD，合约行权价是110，到期日为2026/08/21
2026-06-30,US.MSTR,,PUT,50.0,2026-08-21,1500,261000.0,BUY,07-01 03:21,7.1 03:21，出现一笔买入看跌期权交易，成交量为1500张，未平仓数为16702张，V/OI值为0.2，交易金额为261000USD，合约行权价是50，到期日为2026/08/21
2026-06-30,US.MSTR,,PUT,50.0,2026-09-18,1500,396000.0,BUY,07-01 03:21,7.1 03:21，出现一笔买入看跌期权交易，成交量为1500张，未平仓数为10051张，V/OI值为0.3，交易金额为396000USD，合约行权价是50，到期日为2026/09/18
2026-06-30,US.MSTR,,PUT,60.0,2026-09-18,3000,1440000.0,BUY,07-01 03:06,7.1 03:06，出现一笔买入看跌期权交易，成交量为3000张，未平仓数为1948张，V/OI值为1.7，交易金额为1440000USD，合约行权价是60，到期日为2026/09/18
2026-06-30,US.MSTR,,PUT,35.0,2026-09-18,4000,356000.0,SELL,07-01 03:06,7.1 03:06，出现一笔卖出看跌期权交易，成交量为4000张，未平仓数为496张，V/OI值为8.1，交易金额为356000USD，合约行权价是35，到期日为2026/09/18
2026-06-30,US.MSTR,,PUT,70.0,2026-10-16,2500,2362500.0,BUY,07-01 01:20,7.1 01:20，出现一笔买入看跌期权交易，成交量为2500张，未平仓数为1108张，V/OI值为2.3，交易金额为2362500USD，合约行权价是70，到期日为2026/10/16
2026-06-30,US.NBIS,,PUT,180.0,2026-07-17,10000,3150000.0,BUY,07-01 02:59,7.1 02:59，出现一笔买入看跌期权交易，成交量为10000张，未平仓数为4616张，V/OI值为2.4，交易金额为3150000USD，合约行权价是180，到期日为2026/07/17
2026-06-30,US.NBIS,,PUT,320.0,2027-01-15,1000,11602000.0,BUY,07-01 01:39,7.1 01:39，出现一笔买入看跌期权交易，成交量为1000张，未平仓数为104张，V/OI值为9.6，交易金额为11602000USD，合约行权价是320，到期日为2027/01/15
2026-06-30,US.NBIS,,PUT,150.0,2027-01-15,1000,2235000.0,SELL,07-01 01:39,7.1 01:39，出现一笔卖出看跌期权交易，成交量为1000张，未平仓数为2486张，V/OI值为0.6，交易金额为2235000USD，合约行权价是150，到期日为2027/01/15
2026-06-30,US.NBIS,,PUT,260.0,2026-07-10,1000,1239000.0,BUY,07-01 00:37,7.1 00:37，出现一笔买入看跌期权交易，成交量为1000张，未平仓数为212张，V/OI值为6.5，交易金额为1239000USD，合约行权价是260，到期日为2026/07/10
2026-06-30,US.NBIS,,PUT,250.0,2026-07-02,1000,239000.0,SELL,07-01 00:37,7.1 00:37，出现一笔卖出看跌期权交易，成交量为1000张，未平仓数为5006张，V/OI值为0.7，交易金额为239000USD，合约行权价是250，到期日为2026/07/02
2026-06-30,US.NET,,CALL,165.0,2027-01-15,180,1721554.0,SELL,07-01 03:36,7.1 03:36，出现一笔卖出看涨期权交易，成交量为180张，未平仓数为1767张，V/OI值为0.5，交易金额为1721554USD，合约行权价是165，到期日为2027/01/15
2026-06-30,US.NET,,PUT,170.0,2026-09-18,927,445066.0,SELL,07-01 01:01,7.1 01:01，出现一笔卖出看跌期权交易，成交量为927张，未平仓数为280张，V/OI值为3.3，交易金额为445066USD，合约行权价是170，到期日为2026/09/18
2026-06-30,US.NET,,CALL,165.0,2027-01-15,180,1731122.0,SELL,07-01 00:35,7.1 00:35，出现一笔卖出看涨期权交易，成交量为180张，未平仓数为1767张，V/OI值为0.3，交易金额为1731122USD，合约行权价是165，到期日为2027/01/15
2026-06-30,US.NET,,CALL,340.0,2026-08-21,749,277879.0,BUY,07-01 00:22,7.1 00:22，出现一笔买入看涨期权交易，成交量为749张，未平仓数为186张，V/OI值为4，交易金额为277879USD，合约行权价是340，到期日为2026/08/21
2026-06-30,US.NET,,CALL,280.0,2026-08-21,749,1047102.0,SELL,07-01 00:22,7.1 00:22，出现一笔卖出看涨期权交易，成交量为749张，未平仓数为363张，V/OI值为2.1，交易金额为1047102USD，合约行权价是280，到期日为2026/08/21
2026-06-30,US.NOK,,PUT,12.0,2026-08-21,15042,1413948.0,BUY,07-01 02:06,7.1 02:06，出现一笔买入看跌期权交易，成交量为15042张，未平仓数为8515张，V/OI值为1.8，交易金额为1413948USD，合约行权价是12，到期日为2026/08/21
2026-06-30,US.NOK,,CALL,25.0,2027-01-15,1363,117218.0,SELL,07-01 02:05,7.1 02:05，出现一笔卖出看涨期权交易，成交量为1363张，未平仓数为84714张，V/OI值为0，交易金额为117218USD，合约行权价是25，到期日为2027/01/15
2026-06-30,US.NOW,,CALL,104.0,2026-07-02,2140,111280.0,BUY,07-01 03:53,7.1 03:53，出现一笔买入看涨期权交易，成交量为2140张，未平仓数为869张，V/OI值为7.1，交易金额为111280USD，合约行权价是104，到期日为2026/07/02
2026-06-30,US.NOW,,CALL,104.0,2026-07-02,3210,166920.0,BUY,07-01 03:53,7.1 03:53，出现一笔买入看涨期权交易，成交量为3210张，未平仓数为869张，V/OI值为4.7，交易金额为166920USD，合约行权价是104，到期日为2026/07/02
2026-06-30,US.NOW,,CALL,102.0,2026-07-02,1200,108000.0,SELL,07-01 03:53,7.1 03:53，出现一笔卖出看涨期权交易，成交量为1200张，未平仓数为1499张，V/OI值为3.2，交易金额为108000USD，合约行权价是102，到期日为2026/07/02
2026-06-30,US.NOW,,CALL,103.0,2026-07-02,1200,82800.0,SELL,07-01 03:53,7.1 03:53，出现一笔卖出看涨期权交易，成交量为1200张，未平仓数为4969张，V/OI值为0.9，交易金额为82800USD，合约行权价是103，到期日为2026/07/02
2026-06-30,US.NOW,,CALL,102.0,2026-07-02,1751,129566.0,BUY,07-01 03:19,7.1 03:19，出现一笔买入看涨期权交易，成交量为1751张，未平仓数为1499张，V/OI值为1.7，交易金额为129566USD，合约行权价是102，到期日为2026/07/02
2026-06-30,US.NOW,,PUT,100.0,2026-07-02,1002,310660.0,SELL,07-01 02:18,7.1 02:18，出现一笔卖出看跌期权交易，成交量为1002张，未平仓数为2072张，V/OI值为1，交易金额为310660USD，合约行权价是100，到期日为2026/07/02
2026-06-30,US.NOW,,CALL,101.0,2026-07-02,2400,180014.0,SELL,07-01 01:42,7.1 01:42，出现一笔卖出看涨期权交易，成交量为2400张，未平仓数为3021张，V/OI值为4.5，交易金额为180014USD，合约行权价是101，到期日为2026/07/02
2026-06-30,US.NVDA,,PUT,190.0,2026-07-02,3795,83490.0,SELL,07-01 03:49,7.1 03:49，出现一笔卖出看跌期权交易，成交量为3795张，未平仓数为19328张，V/OI值为0.7，交易金额为83490USD，合约行权价是190，到期日为2026/07/02
2026-06-30,US.NVDA,,PUT,195.0,2026-07-01,6858,240030.0,SELL,07-01 03:30,7.1 03:30，出现一笔卖出看跌期权交易，成交量为6858张，未平仓数为5369张，V/OI值为15.4，交易金额为240030USD，合约行权价是195，到期日为2026/07/01
2026-06-30,US.NVDA,,CALL,260.0,2027-01-15,3642,3023086.0,SELL,07-01 01:48,7.1 01:48，出现一笔卖出看涨期权交易，成交量为3642张，未平仓数为19303张，V/OI值为0.2，交易金额为3023086USD，合约行权价是260，到期日为2027/01/15
2026-06-30,US.NVDA,,CALL,205.0,2026-07-06,2642,245706.0,BUY,07-01 00:53,7.1 00:53，出现一笔买入看涨期权交易，成交量为2642张，未平仓数为6247张，V/OI值为2.2，交易金额为245706USD，合约行权价是205，到期日为2026/07/06
2026-06-30,US.OKLO,,CALL,165.0,2026-10-16,1140,80933.0,BUY,07-01 02:25,7.1 02:25，出现一笔买入看涨期权交易，成交量为1140张，未平仓数为1542张，V/OI值为0.7，交易金额为80933USD，合约行权价是165，到期日为2026/10/16
2026-06-30,US.OPEN,,CALL,10.0,2028-01-21,1380,200100.0,BUY,07-01 02:30,7.1 02:30，出现一笔买入看涨期权交易，成交量为1380张，未平仓数为18931张，V/OI值为0.1，交易金额为200100USD，合约行权价是10，到期日为2028/01/21
2026-06-30,US.ORCL,,PUT,200.0,2026-07-17,2881,15701296.0,BUY,07-01 03:26,7.1 03:26，出现一笔买入看跌期权交易，成交量为2881张，未平仓数为8674张，V/OI值为0.4，交易金额为15701296USD，合约行权价是200，到期日为2026/07/17
2026-06-30,US.ORCL,,PUT,190.0,2026-07-17,1665,7242396.0,BUY,07-01 03:25,7.1 03:25，出现一笔买入看跌期权交易，成交量为1665张，未平仓数为9664张，V/OI值为0.4，交易金额为7242396USD，合约行权价是190，到期日为2026/07/17
2026-06-30,US.ORCL,,PUT,190.0,2026-07-17,1717,7503200.0,BUY,07-01 03:25,7.1 03:25，出现一笔买入看跌期权交易，成交量为1717张，未平仓数为9664张，V/OI值为0.2，交易金额为7503200USD，合约行权价是190，到期日为2026/07/17
2026-06-30,US.ORCL,,CALL,165.0,2026-07-17,2000,340000.0,SELL,07-01 01:05,7.1 01:05，出现一笔卖出看涨期权交易，成交量为2000张，未平仓数为3705张，V/OI值为1.2，交易金额为340000USD，合约行权价是165，到期日为2026/07/17
2026-06-30,US.ORCL,,CALL,250.0,2026-10-16,2000,410000.0,SELL,07-01 00:56,7.1 00:56，出现一笔卖出看涨期权交易，成交量为2000张，未平仓数为3613张，V/OI值为0.6，交易金额为410000USD，合约行权价是250，到期日为2026/10/16
2026-06-30,US.ORCL,,CALL,180.0,2026-10-16,1000,950000.0,BUY,07-01 00:56,7.1 00:56，出现一笔买入看涨期权交易，成交量为1000张，未平仓数为1523张，V/OI值为1，交易金额为950000USD，合约行权价是180，到期日为2026/10/16
2026-06-30,US.ORCL,,CALL,200.0,2027-01-15,1000,1184974.0,BUY,07-01 00:08,7.1 00:08，出现一笔买入看涨期权交易，成交量为1000张，未平仓数为12538张，V/OI值为0.4，交易金额为1184974USD，合约行权价是200，到期日为2027/01/15
2026-06-30,US.ORCL,,CALL,200.0,2027-01-15,3251,3836042.0,BUY,07-01 00:06,7.1 00:06，出现一笔买入看涨期权交易，成交量为3251张，未平仓数为12538张，V/OI值为0.3，交易金额为3836042USD，合约行权价是200，到期日为2027/01/15
2026-06-30,US.PANW,,CALL,285.0,2026-07-31,214,1298338.0,SELL,07-01 03:08,7.1 03:08，出现一笔卖出看涨期权交易，成交量为214张，未平仓数为245张，V/OI值为0.9，交易金额为1298338USD，合约行权价是285，到期日为2026/07/31
2026-06-30,US.PANW,,CALL,290.0,2026-07-31,214,1206318.0,SELL,07-01 03:08,7.1 03:08，出现一笔卖出看涨期权交易，成交量为214张，未平仓数为302张，V/OI值为0.7，交易金额为1206318USD，合约行权价是290，到期日为2026/07/31
2026-06-30,US.PLTR,,CALL,125.0,2026-08-21,1000,746000.0,BUY,07-01 02:56,7.1 02:56，出现一笔买入看涨期权交易，成交量为1000张，未平仓数为2691张，V/OI值为0.5，交易金额为746000USD，合约行权价是125，到期日为2026/08/21
2026-06-30,US.PLTR,,PUT,100.0,2026-08-21,1000,323000.0,SELL,07-01 02:56,7.1 02:56，出现一笔卖出看跌期权交易，成交量为1000张，未平仓数为11022张，V/OI值为0.1，交易金额为323000USD，合约行权价是100，到期日为2026/08/21
2026-06-30,US.PLTR,,PUT,80.0,2027-06-17,1100,825000.0,BUY,07-01 01:23,7.1 01:23，出现一笔买入看跌期权交易，成交量为1100张，未平仓数为7973张，V/OI值为0.1，交易金额为825000USD，合约行权价是80，到期日为2027/06/17
2026-06-30,US.PLTR,,PUT,90.0,2027-03-19,1250,1025000.0,BUY,07-01 01:15,7.1 01:15，出现一笔买入看跌期权交易，成交量为1250张，未平仓数为7942张，V/OI值为0.2，交易金额为1025000USD，合约行权价是90，到期日为2027/03/19
2026-06-30,US.PLTR,,PUT,85.0,2026-12-18,1000,429000.0,BUY,07-01 01:10,7.1 01:10，出现一笔买入看跌期权交易，成交量为1000张，未平仓数为1497张，V/OI值为0.7，交易金额为429000USD，合约行权价是85，到期日为2026/12/18
2026-06-30,US.PLTR,,PUT,118.0,2026-07-02,1000,186000.0,BUY,07-01 00:47,7.1 00:47，出现一笔买入看跌期权交易，成交量为1000张，未平仓数为1848张，V/OI值为1，交易金额为186000USD，合约行权价是118，到期日为2026/07/02
2026-06-30,US.RDDT,,PUT,160.0,2026-08-21,236,326860.0,SELL,07-01 03:28,7.1 03:28，出现一笔卖出看跌期权交易，成交量为236张，未平仓数为433张，V/OI值为0.6，交易金额为326860USD，合约行权价是160，到期日为2026/08/21
2026-06-30,US.RDDT,,PUT,140.0,2026-09-18,273,252525.0,SELL,07-01 01:13,7.1 01:13，出现一笔卖出看跌期权交易，成交量为273张，未平仓数为431张，V/OI值为0.7，交易金额为252525USD，合约行权价是140，到期日为2026/09/18
2026-06-30,US.RDDT,,PUT,120.0,2026-10-16,437,266570.0,SELL,07-01 00:40,7.1 00:40，出现一笔卖出看跌期权交易，成交量为437张，未平仓数为466张，V/OI值为1，交易金额为266570USD，合约行权价是120，到期日为2026/10/16
2026-06-30,US.SMCI,,CALL,33.0,2026-07-17,1500,141000.0,BUY,07-01 03:22,7.1 03:22，出现一笔买入看涨期权交易，成交量为1500张，未平仓数为2154张，V/OI值为1，交易金额为141000USD，合约行权价是33，到期日为2026/07/17
2026-06-30,US.SMCI,,CALL,30.0,2026-07-02,1800,106200.0,BUY,07-01 03:02,7.1 03:02，出现一笔买入看涨期权交易，成交量为1800张，未平仓数为4181张，V/OI值为4.4，交易金额为106200USD，合约行权价是30，到期日为2026/07/02
2026-06-30,US.SMCI,,CALL,31.0,2026-07-10,2899,330486.0,SELL,07-01 02:19,7.1 02:19，出现一笔卖出看涨期权交易，成交量为2899张，未平仓数为1069张，V/OI值为10.7，交易金额为330486USD，合约行权价是31，到期日为2026/07/10
2026-06-30,US.SMCI,,CALL,31.0,2026-07-10,2899,330486.0,SELL,07-01 02:19,7.1 02:19，出现一笔卖出看涨期权交易，成交量为2899张，未平仓数为1069张，V/OI值为8，交易金额为330486USD，合约行权价是31，到期日为2026/07/10
2026-06-30,US.SMCI,,CALL,33.0,2026-07-10,2899,173940.0,BUY,07-01 02:19,7.1 02:19，出现一笔买入看涨期权交易，成交量为2899张，未平仓数为979张，V/OI值为12，交易金额为173940USD，合约行权价是33，到期日为2026/07/10
2026-06-30,US.SMCI,,CALL,33.0,2026-07-10,2899,173940.0,BUY,07-01 02:19,7.1 02:19，出现一笔买入看涨期权交易，成交量为2899张，未平仓数为979张，V/OI值为9.1，交易金额为173940USD，合约行权价是33，到期日为2026/07/10
2026-06-30,US.SMCI,,CALL,31.0,2026-07-10,5000,545000.0,SELL,07-01 01:53,7.1 01:53，出现一笔卖出看涨期权交易，成交量为5000张，未平仓数为1069张，V/OI值为5.3，交易金额为545000USD，合约行权价是31，到期日为2026/07/10
2026-06-30,US.SMCI,,CALL,33.0,2026-07-10,5000,285000.0,SELL,07-01 01:53,7.1 01:53，出现一笔卖出看涨期权交易，成交量为5000张，未平仓数为979张，V/OI值为6，交易金额为285000USD，合约行权价是33，到期日为2026/07/10
2026-06-30,US.SMCI,,CALL,31.0,2026-08-21,4000,1524000.0,SELL,07-01 00:13,7.1 00:13，出现一笔卖出看涨期权交易，成交量为4000张，未平仓数为947张，V/OI值为10，交易金额为1524000USD，合约行权价是31，到期日为2026/08/21
2026-06-30,US.SNOW,,CALL,270.0,2026-07-17,875,603750.0,SELL,07-01 03:36,7.1 03:36，出现一笔卖出看涨期权交易，成交量为875张，未平仓数为6800张，V/OI值为0.7，交易金额为603750USD，合约行权价是270，到期日为2026/07/17
2026-06-30,US.SNOW,,CALL,270.0,2026-07-17,625,431250.0,SELL,07-01 03:35,7.1 03:35，出现一笔卖出看涨期权交易，成交量为625张，未平仓数为6800张，V/OI值为0.6，交易金额为431250USD，合约行权价是270，到期日为2026/07/17
2026-06-30,US.SNOW,,CALL,270.0,2026-07-17,1310,902767.0,BUY,07-01 03:35,7.1 03:35，出现一笔买入看涨期权交易，成交量为1310张，未平仓数为6800张，V/OI值为0.5，交易金额为902767USD，合约行权价是270，到期日为2026/07/17
2026-06-30,US.SNOW,,CALL,270.0,2026-07-17,1077,710820.0,BUY,07-01 03:34,7.1 03:34，出现一笔买入看涨期权交易，成交量为1077张，未平仓数为6800张，V/OI值为0.3，交易金额为710820USD，合约行权价是270，到期日为2026/07/17
2026-06-30,US.SNOW,,CALL,270.0,2026-07-17,423,279174.0,BUY,07-01 03:33,7.1 03:33，出现一笔买入看涨期权交易，成交量为423张，未平仓数为6800张，V/OI值为0.1，交易金额为279174USD，合约行权价是270，到期日为2026/07/17
2026-06-30,US.TEAM,,CALL,82.0,2026-07-02,1400,75598.0,BUY,07-01 03:25,7.1 03:25，出现一笔买入看涨期权交易，成交量为1400张，未平仓数为392张，V/OI值为4.3，交易金额为75598USD，合约行权价是82，到期日为2026/07/02
2026-06-30,US.TEAM,,CALL,81.0,2026-07-02,1100,71489.0,BUY,07-01 03:25,7.1 03:25，出现一笔买入看涨期权交易，成交量为1100张，未平仓数为288张，V/OI值为3.9，交易金额为71489USD，合约行权价是81，到期日为2026/07/02
2026-06-30,US.TSLA,,PUT,400.0,2026-10-16,1500,4395000.0,BUY,07-01 03:55,7.1 03:55，出现一笔买入看跌期权交易，成交量为1500张，未平仓数为2523张，V/OI值为0.6，交易金额为4395000USD，合约行权价是400，到期日为2026/10/16
2026-06-30,US.TSLA,,CALL,440.0,2026-07-01,2498,94924.0,SELL,07-01 03:53,7.1 03:53，出现一笔卖出看涨期权交易，成交量为2498张，未平仓数为2355张，V/OI值为9.6，交易金额为94924USD，合约行权价是440，到期日为2026/07/01
2026-06-30,US.TSLA,,CALL,425.0,2026-07-01,1055,358671.0,BUY,07-01 03:34,7.1 03:34，出现一笔买入看涨期权交易，成交量为1055张，未平仓数为2201张，V/OI值为32.3，交易金额为358671USD，合约行权价是425，到期日为2026/07/01
2026-06-30,US.TSLA,,CALL,462.5,2026-07-08,1945,283970.0,BUY,07-01 03:29,7.1 03:29，出现一笔买入看涨期权交易，成交量为1945张，未平仓数为52张，V/OI值为75.8，交易金额为283970USD，合约行权价是462.5，到期日为2026/07/08
2026-06-30,US.TSLA,,CALL,462.5,2026-07-08,1945,268410.0,SELL,07-01 03:23,7.1 03:23，出现一笔卖出看涨期权交易，成交量为1945张，未平仓数为52张，V/OI值为38.3，交易金额为268410USD，合约行权价是462.5，到期日为2026/07/08
2026-06-30,US.TSLA,,CALL,432.5,2026-07-02,4005,1381725.0,SELL,07-01 03:21,7.1 03:21，出现一笔卖出看涨期权交易，成交量为4005张，未平仓数为2707张，V/OI值为7.9，交易金额为1381725USD，合约行权价是432.5，到期日为2026/07/02
2026-06-30,US.TSLA,,CALL,432.5,2026-07-02,3415,850335.0,SELL,07-01 02:51,7.1 02:51，出现一笔卖出看涨期权交易，成交量为3415张，未平仓数为2707张，V/OI值为4.3，交易金额为850335USD，合约行权价是432.5，到期日为2026/07/02
2026-06-30,US.TSLA,,CALL,432.5,2026-07-02,3881,873225.0,BUY,07-01 02:48,7.1 02:48，出现一笔买入看涨期权交易，成交量为3881张，未平仓数为2707张，V/OI值为2.7，交易金额为873225USD，合约行权价是432.5，到期日为2026/07/02
2026-06-30,US.TSLA,,CALL,457.5,2026-07-08,2200,268400.0,BUY,07-01 02:00,7.1 02:00，出现一笔买入看涨期权交易，成交量为2200张，未平仓数为71张，V/OI值为62.6，交易金额为268400USD，合约行权价是457.5，到期日为2026/07/08
2026-06-30,US.TSLA,,CALL,425.0,2026-07-02,1999,689655.0,BUY,07-01 01:37,7.1 01:37，出现一笔买入看涨期权交易，成交量为1999张，未平仓数为8743张，V/OI值为2.1，交易金额为689655USD，合约行权价是425，到期日为2026/07/02
2026-06-30,US.TSLA,,CALL,427.5,2026-07-02,1997,629055.0,BUY,07-01 00:38,7.1 00:38，出现一笔买入看涨期权交易，成交量为1997张，未平仓数为1454张，V/OI值为4.5，交易金额为629055USD，合约行权价是427.5，到期日为2026/07/02
2026-06-30,US.TSLA,,PUT,417.5,2026-07-01,1126,602447.0,SELL,07-01 00:28,7.1 00:28，出现一笔卖出看跌期权交易，成交量为1126张，未平仓数为183张，V/OI值为54.8，交易金额为602447USD，合约行权价是417.5，到期日为2026/07/01
2026-06-30,US.TSLA,,PUT,415.0,2026-07-01,1193,477223.0,SELL,07-01 00:20,7.1 00:20，出现一笔卖出看跌期权交易，成交量为1193张，未平仓数为1364张，V/OI值为18.9，交易金额为477223USD，合约行权价是415，到期日为2026/07/01
2026-06-30,US.TSM,,PUT,360.0,2026-07-17,3300,452100.0,BUY,07-01 03:33,7.1 03:33，出现一笔买入看跌期权交易，成交量为3300张，未平仓数为4203张，V/OI值为0.9，交易金额为452100USD，合约行权价是360，到期日为2026/07/17
2026-06-30,US.TSM,,PUT,420.0,2026-09-18,4859,9792425.0,SELL,07-01 02:38,7.1 02:38，出现一笔卖出看跌期权交易，成交量为4859张，未平仓数为1408张，V/OI值为4.8，交易金额为9792425USD，合约行权价是420，到期日为2026/09/18
2026-06-30,US.TSM,,PUT,290.0,2026-09-18,1200,302400.0,BUY,07-01 00:41,7.1 00:41，出现一笔买入看跌期权交易，成交量为1200张，未平仓数为4927张，V/OI值为0.2，交易金额为302400USD，合约行权价是290，到期日为2026/09/18
2026-06-30,US.TWLO,,CALL,250.0,2026-08-21,169,145335.0,BUY,07-01 03:49,7.1 03:49，出现一笔买入看涨期权交易，成交量为169张，未平仓数为414张，V/OI值为0.4，交易金额为145335USD，合约行权价是250，到期日为2026/08/21
2026-06-30,US.TWLO,,PUT,135.0,2026-10-16,316,129560.0,SELL,07-01 00:20,7.1 00:20，出现一笔卖出看跌期权交易，成交量为316张，未平仓数为7张，V/OI值为45.1，交易金额为129560USD，合约行权价是135，到期日为2026/10/16
2026-06-30,US.UPST,,PUT,32.0,2026-07-17,632,51192.0,SELL,07-01 03:43,7.1 03:43，出现一笔卖出看跌期权交易，成交量为632张，未平仓数为59张，V/OI值为10.8，交易金额为51192USD，合约行权价是32，到期日为2026/07/17
2026-06-30,US.UPST,,CALL,24.5,2026-07-02,188,213192.0,BUY,07-01 01:34,7.1 01:34，出现一笔买入看涨期权交易，成交量为188张，未平仓数为83张，V/OI值为4.6，交易金额为213192USD，合约行权价是24.5，到期日为2026/07/02
2026-06-30,US.UPST,,CALL,25.0,2026-07-02,188,204544.0,BUY,07-01 01:33,7.1 01:33，出现一笔买入看涨期权交易，成交量为188张，未平仓数为97张，V/OI值为2.5，交易金额为204544USD，合约行权价是25，到期日为2026/07/02
2026-06-30,US.UPST,,CALL,24.5,2026-07-02,188,213756.0,SELL,07-01 01:33,7.1 01:33，出现一笔卖出看涨期权交易，成交量为188张，未平仓数为83张，V/OI值为2.3，交易金额为213756USD，合约行权价是24.5，到期日为2026/07/02
2026-06-30,US.UVXY,,PUT,10.0,2026-09-18,500,260000.0,SELL,07-01 00:03,7.1 00:03，出现一笔卖出看跌期权交易，成交量为500张，未平仓数为1711张，V/OI值为0.9，交易金额为260000USD，合约行权价是10，到期日为2026/09/18
2026-06-30,US.UVXY,,PUT,10.0,2026-09-18,500,260000.0,BUY,07-01 00:03,7.1 00:03，出现一笔买入看跌期权交易，成交量为500张，未平仓数为1711张，V/OI值为0.6，交易金额为260000USD，合约行权价是10，到期日为2026/09/18
2026-06-30,US.UVXY,,PUT,10.0,2026-09-18,500,260000.0,BUY,07-01 00:02,7.1 00:02，出现一笔买入看跌期权交易，成交量为500张，未平仓数为1711张，V/OI值为0.4，交易金额为260000USD，合约行权价是10，到期日为2026/09/18
2026-07-06,US.AAPL,,CALL,320.0,2026-07-31,3618,2261250.0,SELL,07-07 03:55,7.7 03:55，出现一笔卖出看涨期权交易，成交量为3618张，未平仓数为2965张，V/OI值为3.3，交易金额为2261250USD，合约行权价是320，到期日为2026/07/31
2026-07-06,US.AAPL,,CALL,320.0,2026-07-31,5000,3150002.0,SELL,07-07 03:54,7.7 03:54，出现一笔卖出看涨期权交易，成交量为5000张，未平仓数为2965张，V/OI值为1.9，交易金额为3150002USD，合约行权价是320，到期日为2026/07/31
2026-07-06,US.AAPL,,CALL,312.5,2026-07-08,1572,503095.0,SELL,07-07 03:39,7.7 03:39，出现一笔卖出看涨期权交易，成交量为1572张，未平仓数为2016张，V/OI值为11，交易金额为503095USD，合约行权价是312.5，到期日为2026/07/08
2026-07-06,US.AAPL,,CALL,310.0,2026-09-18,1000,1830000.0,SELL,07-07 02:55,7.7 02:55，出现一笔卖出看涨期权交易，成交量为1000张，未平仓数为17580张，V/OI值为0.1，交易金额为1830000USD，合约行权价是310，到期日为2026/09/18
2026-07-06,US.AAPL,,PUT,312.5,2026-07-10,1415,452794.0,BUY,07-07 02:36,7.7 02:36，出现一笔买入看跌期权交易，成交量为1415张，未平仓数为84张，V/OI值为37.7，交易金额为452794USD，合约行权价是312.5，到期日为2026/07/10
2026-07-06,US.AAPL,,CALL,350.0,2026-09-18,1000,390000.0,BUY,07-07 02:17,7.7 02:17，出现一笔买入看涨期权交易，成交量为1000张，未平仓数为38265张，V/OI值为0.1，交易金额为390000USD，合约行权价是350，到期日为2026/09/18
2026-07-06,US.AAPL,,CALL,312.5,2026-07-08,2095,565650.0,SELL,07-07 00:58,7.7 00:58，出现一笔卖出看涨期权交易，成交量为2095张，未平仓数为2016张，V/OI值为6.5，交易金额为565650USD，合约行权价是312.5，到期日为2026/07/08
2026-07-06,US.AAPL,,PUT,310.0,2026-07-08,1000,140000.0,BUY,07-07 00:11,7.7 00:11，出现一笔买入看跌期权交易，成交量为1000张，未平仓数为349张，V/OI值为16.3，交易金额为140000USD，合约行权价是310，到期日为2026/07/08
2026-07-06,US.AAPL,,PUT,310.0,2026-07-10,1260,294840.0,BUY,07-07 00:10,7.7 00:10，出现一笔买入看跌期权交易，成交量为1260张，未平仓数为2531张，V/OI值为1.7，交易金额为294840USD，合约行权价是310，到期日为2026/07/10
2026-07-06,US.AAPL,,PUT,320.0,2026-07-17,1260,1191960.0,SELL,07-07 00:10,7.7 00:10，出现一笔卖出看跌期权交易，成交量为1260张，未平仓数为804张，V/OI值为2.7，交易金额为1191960USD，合约行权价是320，到期日为2026/07/17
2026-07-06,US.AAPL,,PUT,315.0,2026-07-06,1286,293208.0,BUY,07-07 00:09,7.7 00:09，出现一笔买入看跌期权交易，成交量为1286张，未平仓数为71张，V/OI值为85.8，交易金额为293208USD，合约行权价是315，到期日为2026/07/06
2026-07-06,US.AMD,,CALL,590.0,2026-07-13,1500,1785000.0,BUY,07-07 00:35,7.7 00:35，出现一笔买入看涨期权交易，成交量为1500张，未平仓数为0张，V/OI值为0，交易金额为1785000USD，合约行权价是590，到期日为2026/07/13
2026-07-06,US.AMD,,CALL,720.0,2026-10-16,1000,4738000.0,SELL,07-07 00:20,7.7 00:20，出现一笔卖出看涨期权交易，成交量为1000张，未平仓数为258张，V/OI值为3.9，交易金额为4738000USD，合约行权价是720，到期日为2026/10/16
2026-07-06,US.AMD,,CALL,530.0,2026-07-10,1000,4148000.0,BUY,07-07 00:20,7.7 00:20，出现一笔买入看涨期权交易，成交量为1000张，未平仓数为6722张，V/OI值为1，交易金额为4148000USD，合约行权价是530，到期日为2026/07/10
2026-07-06,US.AMZN,,CALL,220.0,2028-12-15,1000,8300000.0,BUY,07-07 02:48,7.7 02:48，出现一笔买入看涨期权交易，成交量为1000张，未平仓数为4921张，V/OI值为0.2，交易金额为8300000USD，合约行权价是220，到期日为2028/12/15
2026-07-06,US.AMZN,,CALL,410.0,2028-12-15,1000,3025000.0,SELL,07-07 02:48,7.7 02:48，出现一笔卖出看涨期权交易，成交量为1000张，未平仓数为4877张，V/OI值为0.2，交易金额为3025000USD，合约行权价是410，到期日为2028/12/15
2026-07-06,US.AMZN,,PUT,215.0,2027-07-16,1500,2910000.0,BUY,07-07 01:19,7.7 01:19，出现一笔买入看跌期权交易，成交量为1500张，未平仓数为2889张，V/OI值为0.5，交易金额为2910000USD，合约行权价是215，到期日为2027/07/16
2026-07-06,US.AMZN,,CALL,275.0,2026-07-17,9475,265300.0,BUY,07-07 00:31,7.7 00:31，出现一笔买入看涨期权交易，成交量为9475张，未平仓数为27029张，V/OI值为0.4，交易金额为265300USD，合约行权价是275，到期日为2026/07/17
2026-07-06,US.AMZN,,CALL,245.0,2026-09-18,9475,17216075.0,BUY,07-07 00:31,7.7 00:31，出现一笔买入看涨期权交易，成交量为9475张，未平仓数为2979张，V/OI值为3.2，交易金额为17216075USD，合约行权价是245，到期日为2026/09/18
2026-07-06,US.APLD,,CALL,40.0,2026-09-18,1000,415000.0,BUY,07-07 03:33,7.7 03:33，出现一笔买入看涨期权交易，成交量为1000张，未平仓数为4384张，V/OI值为0.3，交易金额为415000USD，合约行权价是40，到期日为2026/09/18
2026-07-06,US.AVGO,,CALL,400.0,2026-07-10,1000,145000.0,SELL,07-07 00:28,7.7 00:28，出现一笔卖出看涨期权交易，成交量为1000张，未平仓数为6995张，V/OI值为2.3，交易金额为145000USD，合约行权价是400，到期日为2026/07/10
2026-07-06,US.BABA,,CALL,101.0,2026-07-10,1600,163200.0,BUY,07-07 03:46,7.7 03:46，出现一笔买入看涨期权交易，成交量为1600张，未平仓数为4230张，V/OI值为0.9，交易金额为163200USD，合约行权价是101，到期日为2026/07/10
2026-07-06,US.BABA,,CALL,110.0,2026-07-24,1125,87633.0,BUY,07-07 00:00,7.7 00:00，出现一笔买入看涨期权交易，成交量为1125张，未平仓数为4206张，V/OI值为0.3，交易金额为87633USD，合约行权价是110，到期日为2026/07/24
2026-07-06,US.BE,,PUT,255.0,2026-07-10,1394,885171.0,BUY,07-07 02:49,7.7 02:49，出现一笔买入看跌期权交易，成交量为1394张，未平仓数为948张，V/OI值为2.2，交易金额为885171USD，合约行权价是255，到期日为2026/07/10
2026-07-06,US.BE,,CALL,310.0,2026-07-24,1694,4852527.0,BUY,07-07 02:07,7.7 02:07，出现一笔买入看涨期权交易，成交量为1694张，未平仓数为172张，V/OI值为9.9，交易金额为4852527USD，合约行权价是310，到期日为2026/07/24
2026-07-06,US.COHR,,PUT,320.0,2026-07-10,485,407885.0,SELL,07-07 03:40,7.7 03:40，出现一笔卖出看跌期权交易，成交量为485张，未平仓数为1173张，V/OI值为0.5，交易金额为407885USD，合约行权价是320，到期日为2026/07/10
2026-07-06,US.COHR,,PUT,310.0,2026-07-10,485,285665.0,BUY,07-07 03:40,7.7 03:40，出现一笔买入看跌期权交易，成交量为485张，未平仓数为180张，V/OI值为2.9，交易金额为285665USD，合约行权价是310，到期日为2026/07/10
2026-07-06,US.COHR,,CALL,440.0,2026-07-17,750,180000.0,SELL,07-07 03:24,7.7 03:24，出现一笔卖出看涨期权交易，成交量为750张，未平仓数为1195张，V/OI值为0.6，交易金额为180000USD，合约行权价是440，到期日为2026/07/17
2026-07-06,US.COIN,,CALL,190.0,2026-07-17,11030,3033250.0,BUY,07-07 02:52,7.7 02:52，出现一笔买入看涨期权交易，成交量为11030张，未平仓数为16932张，V/OI值为0.7，交易金额为3033250USD，合约行权价是190，到期日为2026/07/17
2026-07-06,US.COIN,,CALL,170.0,2026-09-18,11030,26328610.0,BUY,07-07 02:52,7.7 02:52，出现一笔买入看涨期权交易，成交量为11030张，未平仓数为601张，V/OI值为18.4，交易金额为26328610USD，合约行权价是170，到期日为2026/09/18
2026-07-06,US.CRCL,,PUT,70.0,2026-07-17,536,257270.0,BUY,07-07 00:18,7.7 00:18，出现一笔买入看跌期权交易，成交量为536张，未平仓数为3145张，V/OI值为0.2，交易金额为257270USD，合约行权价是70，到期日为2026/07/17
2026-07-06,US.CRM,,CALL,172.5,2026-07-10,1950,222300.0,BUY,07-07 03:44,7.7 03:44，出现一笔买入看涨期权交易，成交量为1950张，未平仓数为596张，V/OI值为4.3，交易金额为222300USD，合约行权价是172.5，到期日为2026/07/10
2026-07-06,US.CRM,,CALL,175.0,2026-07-10,2200,151800.0,SELL,07-07 03:44,7.7 03:44，出现一笔卖出看涨期权交易，成交量为2200张，未平仓数为3507张，V/OI值为1.4，交易金额为151800USD，合约行权价是175，到期日为2026/07/10
2026-07-06,US.CRWD,,CALL,210.0,2027-03-19,400,1594800.0,SELL,07-07 02:04,7.7 02:04，出现一笔卖出看涨期权交易，成交量为400张，未平仓数为772张，V/OI值为0.9，交易金额为1594800USD，合约行权价是210，到期日为2027/03/19
2026-07-06,US.CRWD,,CALL,250.0,2027-06-17,400,1388800.0,BUY,07-07 02:04,7.7 02:04，出现一笔买入看涨期权交易，成交量为400张，未平仓数为56张，V/OI值为7.9，交易金额为1388800USD，合约行权价是250，到期日为2027/06/17
2026-07-06,US.CRWD,,CALL,200.0,2026-10-16,608,1744961.0,SELL,07-07 00:17,7.7 00:17，出现一笔卖出看涨期权交易，成交量为608张，未平仓数为608张，V/OI值为1，交易金额为1744961USD，合约行权价是200，到期日为2026/10/16
2026-07-06,US.CRWD,,CALL,212.5,2027-01-15,200,676000.0,SELL,07-07 00:17,7.7 00:17，出现一笔卖出看涨期权交易，成交量为200张，未平仓数为572张，V/OI值为0.4，交易金额为676000USD，合约行权价是212.5，到期日为2027/01/15
2026-07-06,US.CRWV,,CALL,86.0,2026-07-10,2859,1114996.0,BUY,07-07 01:03,7.7 01:03，出现一笔买入看涨期权交易，成交量为2859张，未平仓数为534张，V/OI值为7.6，交易金额为1114996USD，合约行权价是86，到期日为2026/07/10
2026-07-06,US.CRWV,,PUT,42.5,2028-12-15,1000,1270000.0,BUY,07-07 00:29,7.7 00:29，出现一笔买入看跌期权交易，成交量为1000张，未平仓数为31张，V/OI值为32.3，交易金额为1270000USD，合约行权价是42.5，到期日为2028/12/15
2026-07-06,US.DDOG,,CALL,180.0,2026-07-17,240,1805760.0,BUY,07-07 02:40,7.7 02:40，出现一笔买入看涨期权交易，成交量为240张，未平仓数为2801张，V/OI值为0.1，交易金额为1805760USD，合约行权价是180，到期日为2026/07/17
2026-07-06,US.DELL,,PUT,410.0,2026-07-10,258,432147.0,BUY,07-07 02:17,7.7 02:17，出现一笔买入看跌期权交易，成交量为258张，未平仓数为142张，V/OI值为3.9，交易金额为432147USD，合约行权价是410，到期日为2026/07/10
2026-07-06,US.DELL,,PUT,360.0,2026-07-17,337,237597.0,SELL,07-07 02:09,7.7 02:09，出现一笔卖出看跌期权交易，成交量为337张，未平仓数为757张，V/OI值为0.5，交易金额为237597USD，合约行权价是360，到期日为2026/07/17
2026-07-06,US.DELL,,CALL,450.0,2026-09-18,200,981000.0,SELL,07-07 00:53,7.7 00:53，出现一笔卖出看涨期权交易，成交量为200张，未平仓数为10112张，V/OI值为0.4，交易金额为981000USD，合约行权价是450，到期日为2026/09/18
2026-07-06,US.DELL,,CALL,390.0,2026-09-18,200,1479000.0,SELL,07-07 00:53,7.7 00:53，出现一笔卖出看涨期权交易，成交量为200张，未平仓数为511张，V/OI值为7.1，交易金额为1479000USD，合约行权价是390，到期日为2026/09/18
2026-07-06,US.DELL,,CALL,450.0,2026-09-18,200,986400.0,SELL,07-07 00:52,7.7 00:52，出现一笔卖出看涨期权交易，成交量为200张，未平仓数为10112张，V/OI值为0.4，交易金额为986400USD，合约行权价是450，到期日为2026/09/18
2026-07-06,US.DELL,,CALL,390.0,2026-09-18,200,1486400.0,BUY,07-07 00:52,7.7 00:52，出现一笔买入看涨期权交易，成交量为200张，未平仓数为511张，V/OI值为6.7，交易金额为1486400USD，合约行权价是390，到期日为2026/09/18
2026-07-06,US.DRAM,,PUT,40.0,2026-08-21,1250,125000.0,SELL,07-07 03:14,7.7 03:14，出现一笔卖出看跌期权交易，成交量为1250张，未平仓数为2714张，V/OI值为0.6，交易金额为125000USD，合约行权价是40，到期日为2026/08/21
2026-07-06,US.DRAM,,CALL,78.0,2026-07-31,1080,258120.0,SELL,07-07 02:25,7.7 02:25，出现一笔卖出看涨期权交易，成交量为1080张，未平仓数为266张，V/OI值为7.6，交易金额为258120USD，合约行权价是78，到期日为2026/07/31
2026-07-06,US.DRAM,,CALL,72.0,2026-07-31,1080,432000.0,BUY,07-07 02:25,7.7 02:25，出现一笔买入看涨期权交易，成交量为1080张，未平仓数为686张，V/OI值为3，交易金额为432000USD，合约行权价是72，到期日为2026/07/31
2026-07-06,US.DRAM,,CALL,64.5,2026-08-07,1000,775000.0,SELL,07-07 01:33,7.7 01:33，出现一笔卖出看涨期权交易，成交量为1000张，未平仓数为9张，V/OI值为112.6，交易金额为775000USD，合约行权价是64.5，到期日为2026/08/07
2026-07-06,US.DRAM,,CALL,75.0,2026-09-18,1000,775000.0,BUY,07-07 01:24,7.7 01:24，出现一笔买入看涨期权交易，成交量为1000张，未平仓数为8624张，V/OI值为0.1，交易金额为775000USD，合约行权价是75，到期日为2026/09/18
2026-07-06,US.DRAM,,PUT,40.0,2026-07-31,5242,209680.0,BUY,07-07 00:17,7.7 00:17，出现一笔买入看跌期权交易，成交量为5242张，未平仓数为1241张，V/OI值为4.4，交易金额为209680USD，合约行权价是40，到期日为2026/07/31
2026-07-06,US.GEV,,PUT,1040.0,2026-08-21,160,916800.0,SELL,07-07 03:17,7.7 03:17，出现一笔卖出看跌期权交易，成交量为160张，未平仓数为24张，V/OI值为7.4，交易金额为916800USD，合约行权价是1040，到期日为2026/08/21
2026-07-06,US.GLW,,CALL,240.0,2026-08-21,418,480700.0,BUY,07-07 03:52,7.7 03:52，出现一笔买入看涨期权交易，成交量为418张，未平仓数为2341张，V/OI值为0.2，交易金额为480700USD，合约行权价是240，到期日为2026/08/21
2026-07-06,US.GOOGL,,CALL,400.0,2026-08-21,1382,1209250.0,SELL,07-07 03:49,7.7 03:49，出现一笔卖出看涨期权交易，成交量为1382张，未平仓数为14631张，V/OI值为0.5，交易金额为1209250USD，合约行权价是400，到期日为2026/08/21
2026-07-06,US.GOOGL,,CALL,400.0,2026-08-21,1500,1365000.0,BUY,07-07 03:31,7.7 03:31，出现一笔买入看涨期权交易，成交量为1500张，未平仓数为14631张，V/OI值为0.3，交易金额为1365000USD，合约行权价是400，到期日为2026/08/21
2026-07-06,US.HOOD,,PUT,119.0,2026-07-17,1300,820300.0,BUY,07-07 00:03,7.7 00:03，出现一笔买入看跌期权交易，成交量为1300张，未平仓数为39张，V/OI值为33.3，交易金额为820300USD，合约行权价是119，到期日为2026/07/17
2026-07-06,US.HOOD,,PUT,114.0,2026-07-17,1300,518700.0,BUY,07-07 00:03,7.7 00:03，出现一笔买入看跌期权交易，成交量为1300张，未平仓数为139张，V/OI值为9.8，交易金额为518700USD，合约行权价是114，到期日为2026/07/17
2026-07-06,US.IBIT,,CALL,38.0,2026-07-17,3000,93000.0,SELL,07-07 01:32,7.7 01:32，出现一笔卖出看涨期权交易，成交量为3000张，未平仓数为18369张，V/OI值为0.4，交易金额为93000USD，合约行权价是38，到期日为2026/07/17
2026-07-06,US.IBIT,,PUT,35.0,2026-07-31,12489,1223922.0,SELL,07-07 00:42,7.7 00:42，出现一笔卖出看跌期权交易，成交量为12489张，未平仓数为5064张，V/OI值为4，交易金额为1223922USD，合约行权价是35，到期日为2026/07/31
2026-07-06,US.IGV,,CALL,95.0,2026-07-17,1000,218000.0,SELL,07-07 03:09,7.7 03:09，出现一笔卖出看涨期权交易，成交量为1000张，未平仓数为7792张，V/OI值为0.2，交易金额为218000USD，合约行权价是95，到期日为2026/07/17
2026-07-06,US.IGV,,PUT,95.0,2026-07-17,1000,251000.0,SELL,07-07 03:09,7.7 03:09，出现一笔卖出看跌期权交易，成交量为1000张，未平仓数为3474张，V/OI值为0.3，交易金额为251000USD，合约行权价是95，到期日为2026/07/17
2026-07-06,US.INTC,,CALL,125.0,2026-07-10,1093,491850.0,SELL,07-07 03:22,7.7 03:22，出现一笔卖出看涨期权交易，成交量为1093张，未平仓数为4582张，V/OI值为3.2，交易金额为491850USD，合约行权价是125，到期日为2026/07/10
2026-07-06,US.INTC,,CALL,122.0,2026-07-10,1711,923799.0,BUY,07-07 02:58,7.7 02:58，出现一笔买入看涨期权交易，成交量为1711张，未平仓数为704张，V/OI值为3.7，交易金额为923799USD，合约行权价是122，到期日为2026/07/10
2026-07-06,US.INTC,,CALL,130.0,2027-03-19,2700,9369000.0,BUY,07-07 00:07,7.7 00:07，出现一笔买入看涨期权交易，成交量为2700张，未平仓数为3086张，V/OI值为0.9，交易金额为9369000USD，合约行权价是130，到期日为2027/03/19
2026-07-06,US.IREN,,CALL,65.0,2026-12-18,1106,868441.0,SELL,07-07 03:57,7.7 03:57，出现一笔卖出看涨期权交易，成交量为1106张，未平仓数为4872张，V/OI值为1.4，交易金额为868441USD，合约行权价是65，到期日为2026/12/18
2026-07-06,US.IREN,,PUT,34.0,2026-07-17,10000,790000.0,BUY,07-07 02:33,7.7 02:33，出现一笔买入看跌期权交易，成交量为10000张，未平仓数为8442张，V/OI值为1.4，交易金额为790000USD，合约行权价是34，到期日为2026/07/17
2026-07-06,US.IREN,,PUT,42.0,2026-07-17,10000,3020000.0,SELL,07-07 02:33,7.7 02:33，出现一笔卖出看跌期权交易，成交量为10000张，未平仓数为3435张，V/OI值为3，交易金额为3020000USD，合约行权价是42，到期日为2026/07/17
2026-07-06,US.IREN,,CALL,55.0,2026-08-21,1430,620620.0,SELL,07-07 00:57,7.7 00:57，出现一笔卖出看涨期权交易，成交量为1430张，未平仓数为6146张，V/OI值为0.5，交易金额为620620USD，合约行权价是55，到期日为2026/08/21
2026-07-06,US.IWM,,PUT,255.0,2026-09-18,4000,556000.0,SELL,07-07 03:53,7.7 03:53，出现一笔卖出看跌期权交易，成交量为4000张，未平仓数为37365张，V/OI值为0.1，交易金额为556000USD，合约行权价是255，到期日为2026/09/18
2026-07-06,US.IWM,,PUT,280.0,2027-06-17,3000,4527000.0,BUY,07-07 03:41,7.7 03:41，出现一笔买入看跌期权交易，成交量为3000张，未平仓数为9468张，V/OI值为0.3，交易金额为4527000USD，合约行权价是280，到期日为2027/06/17
2026-07-06,US.IWM,,PUT,298.0,2026-07-10,4792,771512.0,SELL,07-07 03:21,7.7 03:21，出现一笔卖出看跌期权交易，成交量为4792张，未平仓数为419张，V/OI值为23，交易金额为771512USD，合约行权价是298，到期日为2026/07/10
2026-07-06,US.IWM,,CALL,302.0,2026-07-10,4731,477843.0,SELL,07-07 03:05,7.7 03:05，出现一笔卖出看涨期权交易，成交量为4731张，未平仓数为6999张，V/OI值为0.8，交易金额为477843USD，合约行权价是302，到期日为2026/07/10
2026-07-06,US.IWM,,PUT,291.0,2026-07-09,6430,122170.0,BUY,07-07 01:12,7.7 01:12，出现一笔买入看跌期权交易，成交量为6430张，未平仓数为203张，V/OI值为32.2，交易金额为122170USD，合约行权价是291，到期日为2026/07/09
2026-07-06,US.IWM,,CALL,300.0,2026-07-09,4080,832320.0,SELL,07-07 00:52,7.7 00:52，出现一笔卖出看涨期权交易，成交量为4080张，未平仓数为444张，V/OI值为10.4，交易金额为832320USD，合约行权价是300，到期日为2026/07/09
2026-07-06,US.IWM,,PUT,255.0,2027-03-19,6000,3924000.0,SELL,07-07 00:41,7.7 00:41，出现一笔卖出看跌期权交易，成交量为6000张，未平仓数为8799张，V/OI值为0.7，交易金额为3924000USD，合约行权价是255，到期日为2027/03/19
2026-07-06,US.IWM,,PUT,235.0,2026-12-18,6000,1380000.0,BUY,07-07 00:41,7.7 00:41，出现一笔买入看跌期权交易，成交量为6000张，未平仓数为36960张，V/OI值为0.2，交易金额为1380000USD，合约行权价是235，到期日为2026/12/18
2026-07-06,US.IWM,,PUT,300.0,2026-10-16,3000,3603000.0,SELL,07-07 00:20,7.7 00:20，出现一笔卖出看跌期权交易，成交量为3000张，未平仓数为1407张，V/OI值为2.1，交易金额为3603000USD，合约行权价是300，到期日为2026/10/16
2026-07-06,US.IWM,,PUT,290.0,2026-07-17,3000,333000.0,BUY,07-07 00:20,7.7 00:20，出现一笔买入看跌期权交易，成交量为3000张，未平仓数为164170张，V/OI值为0，交易金额为333000USD，合约行权价是290，到期日为2026/07/17
2026-07-06,US.META,,CALL,600.0,2027-09-17,1415,17263000.0,BUY,07-07 03:56,7.7 03:56，出现一笔买入看涨期权交易，成交量为1415张，未平仓数为172张，V/OI值为8.3，交易金额为17263000USD，合约行权价是600，到期日为2027/09/17
2026-07-06,US.META,,CALL,600.0,2026-07-06,1951,406140.0,SELL,07-07 02:43,7.7 02:43，出现一笔卖出看涨期权交易，成交量为1951张，未平仓数为3694张，V/OI值为13.4，交易金额为406140USD，合约行权价是600，到期日为2026/07/06
2026-07-06,US.META,,CALL,660.0,2026-07-17,1800,324000.0,SELL,07-07 02:13,7.7 02:13，出现一笔卖出看涨期权交易，成交量为1800张，未平仓数为6599张，V/OI值为0.3，交易金额为324000USD，合约行权价是660，到期日为2026/07/17
2026-07-06,US.META,,CALL,690.0,2026-07-17,2998,188874.0,BUY,07-07 01:42,7.7 01:42，出现一笔买入看涨期权交易，成交量为2998张，未平仓数为5118张，V/OI值为0.6，交易金额为188874USD，合约行权价是690，到期日为2026/07/17
2026-07-06,US.META,,CALL,1070.0,2028-01-21,2000,6772000.0,BUY,07-07 01:02,7.7 01:02，出现一笔买入看涨期权交易，成交量为2000张，未平仓数为321张，V/OI值为6.2，交易金额为6772000USD，合约行权价是1070，到期日为2028/01/21
2026-07-06,US.MRVL,,CALL,365.0,2026-07-17,1486,83216.0,SELL,07-07 02:50,7.7 02:50，出现一笔卖出看涨期权交易，成交量为1486张，未平仓数为172张，V/OI值为23.3，交易金额为83216USD，合约行权价是365，到期日为2026/07/17
2026-07-06,US.MSFT,,CALL,397.5,2026-07-08,1010,95950.0,SELL,07-07 02:24,7.7 02:24，出现一笔卖出看涨期权交易，成交量为1010张，未平仓数为1325张，V/OI值为1.5，交易金额为95950USD，合约行权价是397.5，到期日为2026/07/08
2026-07-06,US.MSFT,,CALL,450.0,2026-08-21,1000,545000.0,BUY,07-07 01:22,7.7 01:22，出现一笔买入看涨期权交易，成交量为1000张，未平仓数为30594张，V/OI值为0.8，交易金额为545000USD，合约行权价是450，到期日为2026/08/21
2026-07-06,US.MSFT,,CALL,405.0,2026-08-21,1250,1866250.0,BUY,07-07 00:17,7.7 00:17，出现一笔买入看涨期权交易，成交量为1250张，未平仓数为4891张，V/OI值为0.6，交易金额为1866250USD，合约行权价是405，到期日为2026/08/21
2026-07-06,US.MSFT,,CALL,455.0,2026-08-21,1875,866250.0,SELL,07-07 00:17,7.7 00:17，出现一笔卖出看涨期权交易，成交量为1875张，未平仓数为2330张，V/OI值为2，交易金额为866250USD，合约行权价是455，到期日为2026/08/21
2026-07-06,US.MSTR,,CALL,100.0,2026-09-18,11633,20997565.0,SELL,07-07 03:49,7.7 03:49，出现一笔卖出看涨期权交易，成交量为11633张，未平仓数为1526张，V/OI值为19.2，交易金额为20997565USD，合约行权价是100，到期日为2026/09/18
2026-07-06,US.MSTR,,CALL,180.0,2026-07-17,11633,104697.0,BUY,07-07 03:49,7.7 03:49，出现一笔买入看涨期权交易，成交量为11633张，未平仓数为39424张，V/OI值为0.7，交易金额为104697USD，合约行权价是180，到期日为2026/07/17
2026-07-06,US.MSTR,,CALL,100.0,2026-09-18,5817,10499685.0,SELL,07-07 03:48,7.7 03:48，出现一笔卖出看涨期权交易，成交量为5817张，未平仓数为1526张，V/OI值为11.5，交易金额为10499685USD，合约行权价是100，到期日为2026/09/18
2026-07-06,US.MSTR,,CALL,100.0,2026-09-18,11550,23100000.0,SELL,07-07 01:27,7.7 01:27，出现一笔卖出看涨期权交易，成交量为11550张，未平仓数为1526张，V/OI值为7.7，交易金额为23100000USD，合约行权价是100，到期日为2026/09/18
2026-07-06,US.MSTR,,CALL,180.0,2026-07-17,11550,92400.0,BUY,07-07 01:27,7.7 01:27，出现一笔买入看涨期权交易，成交量为11550张，未平仓数为39424张，V/OI值为0.3，交易金额为92400USD，合约行权价是180，到期日为2026/07/17
2026-07-06,US.NET,,CALL,265.0,2026-07-31,470,491150.0,BUY,07-07 01:52,7.7 01:52，出现一笔买入看涨期权交易，成交量为470张，未平仓数为76张，V/OI值为7.4，交易金额为491150USD，合约行权价是265，到期日为2026/07/31
2026-07-06,US.NET,,PUT,225.0,2026-07-31,196,162215.0,SELL,07-07 01:38,7.7 01:38，出现一笔卖出看跌期权交易，成交量为196张，未平仓数为26张，V/OI值为7.6，交易金额为162215USD，合约行权价是225，到期日为2026/07/31
2026-07-06,US.NOK,,PUT,12.0,2027-06-17,10500,3045000.0,SELL,07-07 03:38,7.7 03:38，出现一笔卖出看跌期权交易，成交量为10500张，未平仓数为19094张，V/OI值为0.6，交易金额为3045000USD，合约行权价是12，到期日为2027/06/17
2026-07-06,US.NOK,,PUT,11.0,2026-10-16,1292,153748.0,BUY,07-07 03:35,7.7 03:35，出现一笔买入看跌期权交易，成交量为1292张，未平仓数为5328张，V/OI值为0.5，交易金额为153748USD，合约行权价是11，到期日为2026/10/16
2026-07-06,US.NOK,,PUT,10.0,2026-10-16,1408,114048.0,BUY,07-07 02:01,7.7 02:01，出现一笔买入看跌期权交易，成交量为1408张，未平仓数为8243张，V/OI值为0.2，交易金额为114048USD，合约行权价是10，到期日为2026/10/16
2026-07-06,US.NOK,,PUT,9.0,2027-01-15,3000,255000.0,SELL,07-07 01:38,7.7 01:38，出现一笔卖出看跌期权交易，成交量为3000张，未平仓数为2551张，V/OI值为1.2，交易金额为255000USD，合约行权价是9，到期日为2027/01/15
2026-07-06,US.NOK,,PUT,11.0,2026-08-21,1161,87075.0,BUY,07-07 01:37,7.7 01:37，出现一笔买入看跌期权交易，成交量为1161张，未平仓数为8322张，V/OI值为0.2，交易金额为87075USD，合约行权价是11，到期日为2026/08/21
2026-07-06,US.NOK,,CALL,17.0,2026-09-18,5898,383370.0,BUY,07-07 00:40,7.7 00:40，出现一笔买入看涨期权交易，成交量为5898张，未平仓数为9203张，V/OI值为0.7，交易金额为383370USD，合约行权价是17，到期日为2026/09/18
2026-07-06,US.NOK,,CALL,14.0,2026-08-21,4311,422478.0,BUY,07-07 00:09,7.7 00:09，出现一笔买入看涨期权交易，成交量为4311张，未平仓数为16639张，V/OI值为0.7，交易金额为422478USD，合约行权价是14，到期日为2026/08/21
2026-07-06,US.NOW,,CALL,120.0,2026-08-21,1442,915670.0,SELL,07-07 03:49,7.7 03:49，出现一笔卖出看涨期权交易，成交量为1442张，未平仓数为15634张，V/OI值为0.4，交易金额为915670USD，合约行权价是120，到期日为2026/08/21
2026-07-06,US.NOW,,CALL,120.0,2026-08-21,1500,959980.0,BUY,07-07 03:35,7.7 03:35，出现一笔买入看涨期权交易，成交量为1500张，未平仓数为15634张，V/OI值为0.3，交易金额为959980USD，合约行权价是120，到期日为2026/08/21
2026-07-06,US.NOW,,CALL,110.0,2026-08-21,1211,1350328.0,SELL,07-07 01:15,7.7 01:15，出现一笔卖出看涨期权交易，成交量为1211张，未平仓数为15016张，V/OI值为0.2，交易金额为1350328USD，合约行权价是110，到期日为2026/08/21
2026-07-06,US.NVDA,,CALL,310.0,2026-09-18,2690,88770.0,SELL,07-07 03:43,7.7 03:43，出现一笔卖出看涨期权交易，成交量为2690张，未平仓数为36399张，V/OI值为0.1，交易金额为88770USD，合约行权价是310，到期日为2026/09/18
2026-07-06,US.NVDA,,PUT,175.0,2026-07-17,3198,143910.0,SELL,07-07 03:28,7.7 03:28，出现一笔卖出看跌期权交易，成交量为3198张，未平仓数为30179张，V/OI值为0.2，交易金额为143910USD，合约行权价是175，到期日为2026/07/17
2026-07-06,US.NVDA,,PUT,197.5,2026-07-10,2497,923864.0,BUY,07-07 00:56,7.7 00:56，出现一笔买入看跌期权交易，成交量为2497张，未平仓数为3110张，V/OI值为1.5，交易金额为923864USD，合约行权价是197.5，到期日为2026/07/10
2026-07-06,US.NVDA,,CALL,200.0,2026-07-08,6302,680616.0,SELL,07-07 00:41,7.7 00:41，出现一笔卖出看涨期权交易，成交量为6302张，未平仓数为8262张，V/OI值为4.6，交易金额为680616USD，合约行权价是200，到期日为2026/07/08
2026-07-06,US.NVDA,,CALL,197.5,2026-07-06,3315,96374.0,BUY,07-07 00:09,7.7 00:09，出现一笔买入看涨期权交易，成交量为3315张，未平仓数为8076张，V/OI值为23.4，交易金额为96374USD，合约行权价是197.5，到期日为2026/07/06
2026-07-06,US.OPEN,,CALL,5.0,2026-07-10,4051,162040.0,SELL,07-07 01:12,7.7 01:12，出现一笔卖出看涨期权交易，成交量为4051张，未平仓数为17393张，V/OI值为1，交易金额为162040USD，合约行权价是5，到期日为2026/07/10
2026-07-06,US.PLTR,,CALL,135.0,2026-09-18,14951,20094144.0,BUY,07-07 01:34,7.7 01:34，出现一笔买入看涨期权交易，成交量为14951张，未平仓数为6566张，V/OI值为2.3，交易金额为20094144USD，合约行权价是135，到期日为2026/09/18
2026-07-06,US.PLTR,,CALL,150.0,2026-07-17,14951,1076472.0,SELL,07-07 01:34,7.7 01:34，出现一笔卖出看涨期权交易，成交量为14951张，未平仓数为36186张，V/OI值为0.5，交易金额为1076472USD，合约行权价是150，到期日为2026/07/17
2026-07-06,US.RDDT,,PUT,205.0,2026-08-14,300,676525.0,SELL,07-07 01:06,7.7 01:06，出现一笔卖出看跌期权交易，成交量为300张，未平仓数为0张，V/OI值为0，交易金额为676525USD，合约行权价是205，到期日为2026/08/14
2026-07-06,US.RDDT,,PUT,130.0,2026-09-18,796,266674.0,SELL,07-07 00:20,7.7 00:20，出现一笔卖出看跌期权交易，成交量为796张，未平仓数为1247张，V/OI值为0.7，交易金额为266674USD，合约行权价是130，到期日为2026/09/18
2026-07-06,US.SMCI,,PUT,26.0,2026-09-18,2000,790000.0,SELL,07-07 03:00,7.7 03:00，出现一笔卖出看跌期权交易，成交量为2000张，未平仓数为1239张，V/OI值为1.6，交易金额为790000USD，合约行权价是26，到期日为2026/09/18
2026-07-06,US.SMCI,,PUT,28.0,2027-06-17,1700,1538500.0,SELL,07-07 00:58,7.7 00:58，出现一笔卖出看跌期权交易，成交量为1700张，未平仓数为108张，V/OI值为15.7，交易金额为1538500USD，合约行权价是28，到期日为2027/06/17
2026-07-06,US.SNOW,,CALL,300.0,2026-09-18,251,461840.0,BUY,07-07 01:58,7.7 01:58，出现一笔买入看涨期权交易，成交量为251张，未平仓数为1461张，V/OI值为0.3，交易金额为461840USD，合约行权价是300，到期日为2026/09/18
2026-07-06,US.SOFI,,CALL,20.0,2026-11-20,1000,261000.0,SELL,07-07 01:48,7.7 01:48，出现一笔卖出看涨期权交易，成交量为1000张，未平仓数为3952张，V/OI值为0.3，交易金额为261000USD，合约行权价是20，到期日为2026/11/20
2026-07-06,US.SOFI,,PUT,20.0,2026-07-10,1386,153846.0,BUY,07-07 00:11,7.7 00:11，出现一笔买入看跌期权交易，成交量为1386张，未平仓数为255张，V/OI值为6.1，交易金额为153846USD，合约行权价是20，到期日为2026/07/10
2026-07-06,US.TSLA,,PUT,362.5,2026-07-17,1154,107322.0,SELL,07-07 03:55,7.7 03:55，出现一笔卖出看跌期权交易，成交量为1154张，未平仓数为1149张，V/OI值为1.1，交易金额为107322USD，合约行权价是362.5，到期日为2026/07/17
2026-07-06,US.TSLA,,PUT,417.5,2026-07-06,1956,89973.0,SELL,07-07 03:48,7.7 03:48，出现一笔卖出看跌期权交易，成交量为1956张，未平仓数为508张，V/OI值为218.4，交易金额为89973USD，合约行权价是417.5，到期日为2026/07/06
2026-07-06,US.TSLA,,PUT,415.0,2026-07-06,1355,184342.0,SELL,07-07 02:10,7.7 02:10，出现一笔卖出看跌期权交易，成交量为1355张，未平仓数为1127张，V/OI值为113.2，交易金额为184342USD，合约行权价是415，到期日为2026/07/06
2026-07-06,US.TSLA,,PUT,415.0,2026-07-06,1181,148806.0,BUY,07-07 02:04,7.7 02:04，出现一笔买入看跌期权交易，成交量为1181张，未平仓数为1127张，V/OI值为107.7，交易金额为148806USD，合约行权价是415，到期日为2026/07/06
2026-07-06,US.TSLA,,PUT,415.0,2026-07-06,1557,239113.0,BUY,07-07 01:35,7.7 01:35，出现一笔买入看跌期权交易，成交量为1557张，未平仓数为1127张，V/OI值为79.8，交易金额为239113USD，合约行权价是415，到期日为2026/07/06
2026-07-06,US.TSLA,,PUT,417.5,2026-07-08,1230,744190.0,SELL,07-07 01:04,7.7 01:04，出现一笔卖出看跌期权交易，成交量为1230张，未平仓数为420张，V/OI值为9.3，交易金额为744190USD，合约行权价是417.5，到期日为2026/07/08
2026-07-06,US.TSLA,,CALL,395.0,2026-07-17,3681,10325205.0,SELL,07-07 00:54,7.7 00:54，出现一笔卖出看涨期权交易，成交量为3681张，未平仓数为12105张，V/OI值为1，交易金额为10325205USD，合约行权价是395，到期日为2026/07/17
2026-07-06,US.TSLA,,CALL,395.0,2026-07-17,6000,16740000.0,SELL,07-07 00:53,7.7 00:53，出现一笔卖出看涨期权交易，成交量为6000张，未平仓数为12105张，V/OI值为0.6，交易金额为16740000USD，合约行权价是395，到期日为2026/07/17
2026-07-06,US.TSLA,,PUT,417.5,2026-07-06,1220,280600.0,SELL,07-07 00:46,7.7 00:46，出现一笔卖出看跌期权交易，成交量为1220张，未平仓数为508张，V/OI值为39.6，交易金额为280600USD，合约行权价是417.5，到期日为2026/07/06
2026-07-06,US.TSLA,,CALL,415.0,2026-07-08,1067,826810.0,BUY,07-07 00:08,7.7 00:08，出现一笔买入看涨期权交易，成交量为1067张，未平仓数为1281张，V/OI值为11.7，交易金额为826810USD，合约行权价是415，到期日为2026/07/08
2026-07-06,US.TSM,,PUT,320.0,2026-10-16,1000,677000.0,SELL,07-07 03:10,7.7 03:10，出现一笔卖出看跌期权交易，成交量为1000张，未平仓数为1896张，V/OI值为0.5，交易金额为677000USD，合约行权价是320，到期日为2026/10/16
2026-07-06,US.TSM,,PUT,340.0,2026-08-21,1074,349058.0,SELL,07-07 00:06,7.7 00:06，出现一笔卖出看跌期权交易，成交量为1074张，未平仓数为3167张，V/OI值为0.4，交易金额为349058USD，合约行权价是340，到期日为2026/08/21
2026-07-06,US.UPST,,CALL,37.5,2028-01-21,156,210600.0,BUY,07-07 01:40,7.7 01:40，出现一笔买入看涨期权交易，成交量为156张，未平仓数为172张，V/OI值为1，交易金额为210600USD，合约行权价是37.5，到期日为2028/01/21
2026-07-06,US.UPST,,CALL,42.5,2026-08-21,624,124717.0,BUY,07-07 00:14,7.7 00:14，出现一笔买入看涨期权交易，成交量为624张，未平仓数为2141张，V/OI值为0.4，交易金额为124717USD，合约行权价是42.5，到期日为2026/08/21
2026-07-06,US.UVXY,,CALL,30.0,2026-07-31,1000,75000.0,BUY,07-07 01:43,7.7 01:43，出现一笔买入看涨期权交易，成交量为1000张，未平仓数为397张，V/OI值为12.4，交易金额为75000USD，合约行权价是30，到期日为2026/07/31
2026-07-07,US.AAPL,,PUT,315.0,2026-07-10,1004,517060.0,BUY,07-08 03:55,7.8 03:55，出现一笔买入看跌期权交易，成交量为1004张，未平仓数为1374张，V/OI值为3.2，交易金额为517060USD，合约行权价是315，到期日为2026/07/10
2026-07-07,US.AAPL,,PUT,310.0,2026-07-13,1051,274311.0,BUY,07-08 02:16,7.8 02:16，出现一笔买入看跌期权交易，成交量为1051张，未平仓数为333张，V/OI值为5.8，交易金额为274311USD，合约行权价是310，到期日为2026/07/13
2026-07-07,US.AAPL,,CALL,310.0,2026-07-08,2151,742219.0,SELL,07-08 01:42,7.8 01:42，出现一笔卖出看涨期权交易，成交量为2151张，未平仓数为2695张，V/OI值为3，交易金额为742219USD，合约行权价是310，到期日为2026/07/08
2026-07-07,US.AAPL,,CALL,400.0,2026-12-18,1000,239000.0,BUY,07-08 01:35,7.8 01:35，出现一笔买入看涨期权交易，成交量为1000张，未平仓数为4418张，V/OI值为0.2，交易金额为239000USD，合约行权价是400，到期日为2026/12/18
2026-07-07,US.AAPL,,PUT,315.0,2026-07-08,1230,375150.0,BUY,07-08 00:34,7.8 00:34，出现一笔买入看跌期权交易，成交量为1230张，未平仓数为1014张，V/OI值为6.7，交易金额为375150USD，合约行权价是315，到期日为2026/07/08
2026-07-07,US.AAPL,,PUT,315.0,2026-07-10,1015,360311.0,BUY,07-08 00:06,7.8 00:06，出现一笔买入看跌期权交易，成交量为1015张，未平仓数为1374张，V/OI值为1.7，交易金额为360311USD，合约行权价是315，到期日为2026/07/10
2026-07-07,US.AMD,,CALL,515.0,2026-07-10,1504,2105600.0,BUY,07-08 03:26,7.8 03:26，出现一笔买入看涨期权交易，成交量为1504张，未平仓数为6558张，V/OI值为1，交易金额为2105600USD，合约行权价是515，到期日为2026/07/10
2026-07-07,US.AMD,,PUT,450.0,2026-07-10,1283,153960.0,SELL,07-08 00:13,7.8 00:13，出现一笔卖出看跌期权交易，成交量为1283张，未平仓数为2561张，V/OI值为1.4，交易金额为153960USD，合约行权价是450，到期日为2026/07/10
2026-07-07,US.AMD,,CALL,520.0,2026-07-10,1010,1580613.0,BUY,07-08 00:01,7.8 00:01，出现一笔买入看涨期权交易，成交量为1010张，未平仓数为642张，V/OI值为5.7，交易金额为1580613USD，合约行权价是520，到期日为2026/07/10
2026-07-07,US.AMZN,,CALL,270.0,2026-08-21,3500,2082500.0,SELL,07-08 03:24,7.8 03:24，出现一笔卖出看涨期权交易，成交量为3500张，未平仓数为57935张，V/OI值为0.1，交易金额为2082500USD，合约行权价是270，到期日为2026/08/21
2026-07-07,US.AMZN,,PUT,220.0,2026-09-18,1500,930000.0,SELL,07-08 01:29,7.8 01:29，出现一笔卖出看跌期权交易，成交量为1500张，未平仓数为11103张，V/OI值为0.2，交易金额为930000USD，合约行权价是220，到期日为2026/09/18
2026-07-07,US.AMZN,,CALL,330.0,2026-12-18,1005,527635.0,SELL,07-08 01:25,7.8 01:25，出现一笔卖出看涨期权交易，成交量为1005张，未平仓数为7559张，V/OI值为0.1，交易金额为527635USD，合约行权价是330，到期日为2026/12/18
2026-07-07,US.AMZN,,CALL,245.0,2026-07-10,2176,783330.0,BUY,07-08 00:33,7.8 00:33，出现一笔买入看涨期权交易，成交量为2176张，未平仓数为9665张，V/OI值为0.8，交易金额为783330USD，合约行权价是245，到期日为2026/07/10
2026-07-07,US.BABA,,PUT,100.0,2027-03-19,1000,1438000.0,SELL,07-08 01:22,7.8 01:22，出现一笔卖出看跌期权交易，成交量为1000张，未平仓数为4322张，V/OI值为0.2，交易金额为1438000USD，合约行权价是100，到期日为2027/03/19
2026-07-07,US.BABA,,CALL,120.0,2026-08-21,5000,610000.0,SELL,07-08 01:16,7.8 01:16，出现一笔卖出看涨期权交易，成交量为5000张，未平仓数为7617张，V/OI值为1.4，交易金额为610000USD，合约行权价是120，到期日为2026/08/21
2026-07-07,US.BABA,,PUT,95.0,2027-01-15,1500,1521000.0,SELL,07-08 01:07,7.8 01:07，出现一笔卖出看跌期权交易，成交量为1500张，未平仓数为9257张，V/OI值为0.2，交易金额为1521000USD，合约行权价是95，到期日为2027/01/15
2026-07-07,US.BABA,,PUT,95.0,2027-06-17,1500,2032500.0,BUY,07-08 01:07,7.8 01:07，出现一笔买入看跌期权交易，成交量为1500张，未平仓数为399张，V/OI值为3.8，交易金额为2032500USD，合约行权价是95，到期日为2027/06/17
2026-07-07,US.BABA,,CALL,110.0,2026-12-18,1500,1215000.0,SELL,07-08 00:00,7.8 00:00，出现一笔卖出看涨期权交易，成交量为1500张，未平仓数为1375张，V/OI值为1.1，交易金额为1215000USD，合约行权价是110，到期日为2026/12/18
2026-07-07,US.CBRS,,CALL,500.0,2026-07-17,2224,55600.0,BUY,07-08 00:11,7.8 00:11，出现一笔买入看涨期权交易，成交量为2224张，未平仓数为27342张，V/OI值为0.2，交易金额为55600USD，合约行权价是500，到期日为2026/07/17
2026-07-07,US.CBRS,,CALL,500.0,2026-07-17,1477,36925.0,BUY,07-08 00:10,7.8 00:10，出现一笔买入看涨期权交易，成交量为1477张，未平仓数为27342张，V/OI值为0.1，交易金额为36925USD，合约行权价是500，到期日为2026/07/17
2026-07-07,US.COHR,,CALL,510.0,2026-08-21,800,660000.0,SELL,07-08 01:59,7.8 01:59，出现一笔卖出看涨期权交易，成交量为800张，未平仓数为1972张，V/OI值为0.8，交易金额为660000USD，合约行权价是510，到期日为2026/08/21
2026-07-07,US.COHR,,CALL,450.0,2026-08-21,600,832200.0,SELL,07-08 01:59,7.8 01:59，出现一笔卖出看涨期权交易，成交量为600张，未平仓数为1377张，V/OI值为0.8，交易金额为832200USD，合约行权价是450，到期日为2026/08/21
2026-07-07,US.CRM,,CALL,165.0,2026-07-31,200,221000.0,BUY,07-08 03:04,7.8 03:04，出现一笔买入看涨期权交易，成交量为200张，未平仓数为1071张，V/OI值为0.3，交易金额为221000USD，合约行权价是165，到期日为2026/07/31
2026-07-07,US.CRM,,PUT,165.0,2026-09-18,235,246750.0,BUY,07-08 02:20,7.8 02:20，出现一笔买入看跌期权交易，成交量为235张，未平仓数为2314张，V/OI值为0.1，交易金额为246750USD，合约行权价是165，到期日为2026/09/18
2026-07-07,US.CRM,,CALL,185.0,2026-10-16,891,1042622.0,SELL,07-08 02:15,7.8 02:15，出现一笔卖出看涨期权交易，成交量为891张，未平仓数为113张，V/OI值为8，交易金额为1042622USD，合约行权价是185，到期日为2026/10/16
2026-07-07,US.CRM,,PUT,165.0,2026-08-21,1783,1194626.0,SELL,07-08 02:09,7.8 02:09，出现一笔卖出看跌期权交易，成交量为1783张，未平仓数为5237张，V/OI值为0.4，交易金额为1194626USD，合约行权价是165，到期日为2026/08/21
2026-07-07,US.CRM,,CALL,180.0,2026-08-21,2390,1744754.0,SELL,07-08 00:58,7.8 00:58，出现一笔卖出看涨期权交易，成交量为2390张，未平仓数为13546张，V/OI值为0.2，交易金额为1744754USD，合约行权价是180，到期日为2026/08/21
2026-07-07,US.CRWD,,CALL,207.5,2026-08-21,1375,1952488.0,BUY,07-08 00:20,7.8 00:20，出现一笔买入看涨期权交易，成交量为1375张，未平仓数为552张，V/OI值为2.5，交易金额为1952488USD，合约行权价是207.5，到期日为2026/08/21
2026-07-07,US.DDOG,,CALL,290.0,2026-07-24,262,153270.0,SELL,07-08 03:00,7.8 03:00，出现一笔卖出看涨期权交易，成交量为262张，未平仓数为20张，V/OI值为13.5，交易金额为153270USD，合约行权价是290，到期日为2026/07/24
2026-07-07,US.DDOG,,CALL,330.0,2026-08-21,385,400399.0,BUY,07-08 00:29,7.8 00:29，出现一笔买入看涨期权交易，成交量为385张，未平仓数为442张，V/OI值为0.9，交易金额为400399USD，合约行权价是330，到期日为2026/08/21
2026-07-07,US.DELL,,PUT,407.5,2026-07-10,210,229110.0,BUY,07-08 03:03,7.8 03:03，出现一笔买入看跌期权交易，成交量为210张，未平仓数为52张，V/OI值为8.7，交易金额为229110USD，合约行权价是407.5，到期日为2026/07/10
2026-07-07,US.DELL,,CALL,500.0,2026-07-17,500,200000.0,SELL,07-08 02:59,7.8 02:59，出现一笔卖出看涨期权交易，成交量为500张，未平仓数为3096张，V/OI值为1，交易金额为200000USD，合约行权价是500，到期日为2026/07/17
2026-07-07,US.DRAM,,CALL,65.0,2026-07-10,4818,457710.0,BUY,07-08 03:58,7.8 03:58，出现一笔买入看涨期权交易，成交量为4818张，未平仓数为2952张，V/OI值为10.5，交易金额为457710USD，合约行权价是65，到期日为2026/07/10
2026-07-07,US.DRAM,,CALL,65.0,2026-07-10,1135,101015.0,SELL,07-08 03:49,7.8 03:49，出现一笔卖出看涨期权交易，成交量为1135张，未平仓数为2952张，V/OI值为8.7，交易金额为101015USD，合约行权价是65，到期日为2026/07/10
2026-07-07,US.DRAM,,PUT,45.0,2026-12-18,1000,645000.0,SELL,07-08 03:47,7.8 03:47，出现一笔卖出看跌期权交易，成交量为1000张，未平仓数为2538张，V/OI值为0.4，交易金额为645000USD，合约行权价是45，到期日为2026/12/18
2026-07-07,US.DRAM,,CALL,65.0,2026-07-10,3174,278893.0,BUY,07-08 03:46,7.8 03:46，出现一笔买入看涨期权交易，成交量为3174张，未平仓数为2952张，V/OI值为8.3，交易金额为278893USD，合约行权价是65，到期日为2026/07/10
2026-07-07,US.DRAM,,CALL,65.0,2026-07-10,3001,255083.0,BUY,07-08 03:46,7.8 03:46，出现一笔买入看涨期权交易，成交量为3001张，未平仓数为2952张，V/OI值为7.2，交易金额为255083USD，合约行权价是65，到期日为2026/07/10
2026-07-07,US.DRAM,,CALL,65.0,2026-07-10,2256,179541.0,SELL,07-08 03:00,7.8 03:00，出现一笔卖出看涨期权交易，成交量为2256张，未平仓数为2952张，V/OI值为5.8，交易金额为179541USD，合约行权价是65，到期日为2026/07/10
2026-07-07,US.DRAM,,CALL,65.0,2026-07-10,2150,177493.0,SELL,07-08 02:59,7.8 02:59，出现一笔卖出看涨期权交易，成交量为2150张，未平仓数为2952张，V/OI值为4.8，交易金额为177493USD，合约行权价是65，到期日为2026/07/10
2026-07-07,US.DRAM,,PUT,63.5,2026-08-07,2700,2308500.0,BUY,07-08 02:23,7.8 02:23，出现一笔买入看跌期权交易，成交量为2700张，未平仓数为52张，V/OI值为52.2，交易金额为2308500USD，合约行权价是63.5，到期日为2026/08/07
2026-07-07,US.DRAM,,PUT,50.0,2026-07-17,2322,243810.0,SELL,07-08 00:36,7.8 00:36，出现一笔卖出看跌期权交易，成交量为2322张，未平仓数为21865张，V/OI值为0.4，交易金额为243810USD，合约行权价是50，到期日为2026/07/17
2026-07-07,US.DUOL,,PUT,130.0,2026-07-10,500,117500.0,SELL,07-08 01:01,7.8 01:01，出现一笔卖出看跌期权交易，成交量为500张，未平仓数为513张，V/OI值为1，交易金额为117500USD，合约行权价是130，到期日为2026/07/10
2026-07-07,US.GEV,,PUT,1070.0,2026-07-10,191,655512.0,BUY,07-08 03:18,7.8 03:18，出现一笔买入看跌期权交易，成交量为191张，未平仓数为242张，V/OI值为1，交易金额为655512USD，合约行权价是1070，到期日为2026/07/10
2026-07-07,US.GFS,,PUT,50.0,2026-10-16,298,113230.0,BUY,07-08 03:08,7.8 03:08，出现一笔买入看跌期权交易，成交量为298张，未平仓数为387张，V/OI值为1.1，交易金额为113230USD，合约行权价是50，到期日为2026/10/16
2026-07-07,US.GFS,,CALL,75.0,2026-07-17,503,42755.0,SELL,07-08 01:19,7.8 01:19，出现一笔卖出看涨期权交易，成交量为503张，未平仓数为631张，V/OI值为2.4，交易金额为42755USD，合约行权价是75，到期日为2026/07/17
2026-07-07,US.GLW,,PUT,150.0,2026-09-18,1250,1561250.0,BUY,07-08 03:53,7.8 03:53，出现一笔买入看跌期权交易，成交量为1250张，未平仓数为8757张，V/OI值为0.2，交易金额为1561250USD，合约行权价是150，到期日为2026/09/18
2026-07-07,US.GLW,,PUT,150.0,2026-09-18,232,279560.0,SELL,07-08 02:06,7.8 02:06，出现一笔卖出看跌期权交易，成交量为232张，未平仓数为8757张，V/OI值为0.1，交易金额为279560USD，合约行权价是150，到期日为2026/09/18
2026-07-07,US.GLW,,PUT,150.0,2026-09-18,262,315709.0,BUY,07-08 01:43,7.8 01:43，出现一笔买入看跌期权交易，成交量为262张，未平仓数为8757张，V/OI值为0，交易金额为315709USD，合约行权价是150，到期日为2026/09/18
2026-07-07,US.GOOGL,,PUT,360.0,2026-07-08,1722,113652.0,BUY,07-08 03:42,7.8 03:42，出现一笔买入看跌期权交易，成交量为1722张，未平仓数为224张，V/OI值为22.5，交易金额为113652USD，合约行权价是360，到期日为2026/07/08
2026-07-07,US.GOOGL,,CALL,400.0,2026-08-21,1000,810000.0,SELL,07-08 03:35,7.8 03:35，出现一笔卖出看涨期权交易，成交量为1000张，未平仓数为20272张，V/OI值为0.5，交易金额为810000USD，合约行权价是400，到期日为2026/08/21
2026-07-07,US.GOOGL,,CALL,400.0,2026-08-21,1001,795870.0,SELL,07-08 03:34,7.8 03:34，出现一笔卖出看涨期权交易，成交量为1001张，未平仓数为20272张，V/OI值为0.4，交易金额为795870USD，合约行权价是400，到期日为2026/08/21
2026-07-07,US.GOOGL,,CALL,400.0,2026-08-21,1500,1252602.0,SELL,07-08 03:34,7.8 03:34，出现一笔卖出看涨期权交易，成交量为1500张，未平仓数为20272张，V/OI值为0.4，交易金额为1252602USD，合约行权价是400，到期日为2026/08/21
2026-07-07,US.GOOGL,,PUT,400.0,2026-07-17,6975,21622500.0,BUY,07-08 01:50,7.8 01:50，出现一笔买入看跌期权交易，成交量为6975张，未平仓数为162张，V/OI值为43.1，交易金额为21622500USD，合约行权价是400，到期日为2026/07/17
2026-07-07,US.GOOGL,,CALL,400.0,2026-08-21,1000,897000.0,SELL,07-08 00:52,7.8 00:52，出现一笔卖出看涨期权交易，成交量为1000张，未平仓数为20272张，V/OI值为0.2，交易金额为897000USD，合约行权价是400，到期日为2026/08/21
2026-07-07,US.GOOGL,,PUT,335.0,2026-08-21,1000,599000.0,SELL,07-08 00:52,7.8 00:52，出现一笔卖出看跌期权交易，成交量为1000张，未平仓数为3479张，V/OI值为0.8，交易金额为599000USD，合约行权价是335，到期日为2026/08/21
2026-07-07,US.IBIT,,CALL,38.0,2026-09-18,2650,492900.0,BUY,07-08 04:08,7.8 04:08，出现一笔买入看涨期权交易，成交量为2650张，未平仓数为4829张，V/OI值为0.6，交易金额为492900USD，合约行权价是38，到期日为2026/09/18
2026-07-07,US.IBIT,,CALL,40.0,2026-09-18,2241,268920.0,BUY,07-08 03:38,7.8 03:38，出现一笔买入看涨期权交易，成交量为2241张，未平仓数为24027张，V/OI值为0.3，交易金额为268920USD，合约行权价是40，到期日为2026/09/18
2026-07-07,US.IBIT,,PUT,36.0,2026-07-10,2826,132822.0,BUY,07-08 02:59,7.8 02:59，出现一笔买入看跌期权交易，成交量为2826张，未平仓数为4840张，V/OI值为0.8，交易金额为132822USD，合约行权价是36，到期日为2026/07/10
2026-07-07,US.IBIT,,CALL,39.0,2026-07-17,7500,105000.0,BUY,07-08 01:40,7.8 01:40，出现一笔买入看涨期权交易，成交量为7500张，未平仓数为7105张，V/OI值为1.1，交易金额为105000USD，合约行权价是39，到期日为2026/07/17
2026-07-07,US.IBIT,,PUT,35.0,2026-09-18,2400,463200.0,SELL,07-08 00:50,7.8 00:50，出现一笔卖出看跌期权交易，成交量为2400张，未平仓数为26205张，V/OI值为0.1，交易金额为463200USD，合约行权价是35，到期日为2026/09/18
2026-07-07,US.IBIT,,PUT,36.5,2026-07-10,3254,214764.0,BUY,07-08 00:36,7.8 00:36，出现一笔买入看跌期权交易，成交量为3254张，未平仓数为216张，V/OI值为16.3，交易金额为214764USD，合约行权价是36.5，到期日为2026/07/10
2026-07-07,US.IBIT,,CALL,36.0,2026-07-17,3724,372400.0,SELL,07-08 00:11,7.8 00:11，出现一笔卖出看涨期权交易，成交量为3724张，未平仓数为14680张，V/OI值为0.7，交易金额为372400USD，合约行权价是36，到期日为2026/07/17
2026-07-07,US.IBIT,,CALL,45.0,2026-08-31,3299,85774.0,SELL,07-08 00:11,7.8 00:11，出现一笔卖出看涨期权交易，成交量为3299张，未平仓数为2677张，V/OI值为1.3，交易金额为85774USD，合约行权价是45，到期日为2026/08/31
2026-07-07,US.IBIT,,CALL,36.5,2026-07-08,5495,120890.0,SELL,07-08 00:05,7.8 00:05，出现一笔卖出看涨期权交易，成交量为5495张，未平仓数为6379张，V/OI值为1.6，交易金额为120890USD，合约行权价是36.5，到期日为2026/07/08
2026-07-07,US.IBM,,CALL,317.5,2026-07-10,610,204329.0,BUY,07-08 02:58,7.8 02:58，出现一笔买入看涨期权交易，成交量为610张，未平仓数为42张，V/OI值为41.1，交易金额为204329USD，合约行权价是317.5，到期日为2026/07/10
2026-07-07,US.IBM,,CALL,470.0,2027-01-15,348,287100.0,BUY,07-08 01:06,7.8 01:06，出现一笔买入看涨期权交易，成交量为348张，未平仓数为1270张，V/OI值为0.4，交易金额为287100USD，合约行权价是470，到期日为2027/01/15
2026-07-07,US.IBM,,CALL,450.0,2027-01-15,348,344520.0,BUY,07-08 01:06,7.8 01:06，出现一笔买入看涨期权交易，成交量为348张，未平仓数为1557张，V/OI值为0.3，交易金额为344520USD，合约行权价是450，到期日为2027/01/15
2026-07-07,US.IGV,,CALL,94.0,2026-07-10,1054,159154.0,SELL,07-08 03:26,7.8 03:26，出现一笔卖出看涨期权交易，成交量为1054张，未平仓数为2179张，V/OI值为1，交易金额为159154USD，合约行权价是94，到期日为2026/07/10
2026-07-07,US.INTC,,CALL,100.0,2026-07-10,1000,1080000.0,BUY,07-08 03:56,7.8 03:56，出现一笔买入看涨期权交易，成交量为1000张，未平仓数为536张，V/OI值为2.8，交易金额为1080000USD，合约行权价是100，到期日为2026/07/10
2026-07-07,US.INTC,,PUT,90.0,2027-01-15,1420,2129995.0,BUY,07-08 03:41,7.8 03:41，出现一笔买入看跌期权交易，成交量为1420张，未平仓数为6960张，V/OI值为0.2，交易金额为2129995USD，合约行权价是90，到期日为2027/01/15
2026-07-07,US.INTC,,CALL,130.0,2026-08-21,1400,1062600.0,BUY,07-08 03:20,7.8 03:20，出现一笔买入看涨期权交易，成交量为1400张，未平仓数为6879张，V/OI值为0.4，交易金额为1062600USD，合约行权价是130，到期日为2026/08/21
2026-07-07,US.INTC,,PUT,80.0,2026-10-16,2000,1230000.0,SELL,07-08 02:49,7.8 02:49，出现一笔卖出看跌期权交易，成交量为2000张，未平仓数为12940张，V/OI值为0.2，交易金额为1230000USD，合约行权价是80，到期日为2026/10/16
2026-07-07,US.INTC,,PUT,110.0,2028-12-15,2000,9260000.0,BUY,07-08 01:00,7.8 01:00，出现一笔买入看跌期权交易，成交量为2000张，未平仓数为905张，V/OI值为2.2，交易金额为9260000USD，合约行权价是110，到期日为2028/12/15
2026-07-07,US.INTC,,PUT,65.0,2027-01-15,1000,560000.0,BUY,07-08 00:45,7.8 00:45，出现一笔买入看跌期权交易，成交量为1000张，未平仓数为5330张，V/OI值为0.2，交易金额为560000USD，合约行权价是65，到期日为2027/01/15
2026-07-07,US.INTC,,PUT,111.0,2026-07-10,1334,573599.0,BUY,07-08 00:39,7.8 00:39，出现一笔买入看跌期权交易，成交量为1334张，未平仓数为892张，V/OI值为3.4，交易金额为573599USD，合约行权价是111，到期日为2026/07/10
2026-07-07,US.INTU,,PUT,250.0,2026-09-18,215,322548.0,SELL,07-08 01:16,7.8 01:16，出现一笔卖出看跌期权交易，成交量为215张，未平仓数为652张，V/OI值为1，交易金额为322548USD，合约行权价是250，到期日为2026/09/18
2026-07-07,US.IREN,,PUT,30.0,2026-08-21,1316,302680.0,SELL,07-08 02:51,7.8 02:51，出现一笔卖出看跌期权交易，成交量为1316张，未平仓数为9510张，V/OI值为0.7，交易金额为302680USD，合约行权价是30，到期日为2026/08/21
2026-07-07,US.IREN,,CALL,50.0,2026-09-18,2772,1746443.0,SELL,07-08 01:44,7.8 01:44，出现一笔卖出看涨期权交易，成交量为2772张，未平仓数为21026张，V/OI值为0.3，交易金额为1746443USD，合约行权价是50，到期日为2026/09/18
2026-07-07,US.IREN,,CALL,70.0,2026-09-18,3177,848259.0,SELL,07-08 01:39,7.8 01:39，出现一笔卖出看涨期权交易，成交量为3177张，未平仓数为8632张，V/OI值为0.5，交易金额为848259USD，合约行权价是70，到期日为2026/09/18
2026-07-07,US.IREN,,PUT,34.0,2026-07-24,1031,170115.0,BUY,07-08 00:54,7.8 00:54，出现一笔买入看跌期权交易，成交量为1031张，未平仓数为88张，V/OI值为22.5，交易金额为170115USD，合约行权价是34，到期日为2026/07/24
2026-07-07,US.IREN,,CALL,65.0,2026-12-18,1000,690000.0,BUY,07-08 00:32,7.8 00:32，出现一笔买入看涨期权交易，成交量为1000张，未平仓数为11287张，V/OI值为0.6，交易金额为690000USD，合约行权价是65，到期日为2026/12/18
2026-07-07,US.IWM,,PUT,288.0,2026-07-17,3883,520411.0,SELL,07-08 04:10,7.8 04:10，出现一笔卖出看跌期权交易，成交量为3883张，未平仓数为46329张，V/OI值为0.2，交易金额为520411USD，合约行权价是288，到期日为2026/07/17
2026-07-07,US.IWM,,PUT,280.0,2026-08-21,16826,5317016.0,BUY,07-08 04:04,7.8 04:04，出现一笔买入看跌期权交易，成交量为16826张，未平仓数为42462张，V/OI值为0.6，交易金额为5317016USD，合约行权价是280，到期日为2026/08/21
2026-07-07,US.IWM,,PUT,285.0,2026-08-21,16826,7050094.0,SELL,07-08 04:04,7.8 04:04，出现一笔卖出看跌期权交易，成交量为16826张，未平仓数为44585张，V/OI值为0.8，交易金额为7050094USD，合约行权价是285，到期日为2026/08/21
2026-07-07,US.IWM,,PUT,297.0,2026-07-07,3208,346464.0,SELL,07-08 03:22,7.8 03:22，出现一笔卖出看跌期权交易，成交量为3208张，未平仓数为2238张，V/OI值为49.2，交易金额为346464USD，合约行权价是297，到期日为2026/07/07
2026-07-07,US.IWM,,CALL,297.0,2026-07-07,12918,297114.0,BUY,07-08 02:50,7.8 02:50，出现一笔买入看涨期权交易，成交量为12918张，未平仓数为1293张，V/OI值为102，交易金额为297114USD，合约行权价是297，到期日为2026/07/07
2026-07-07,US.IWM,,PUT,280.0,2026-07-17,3081,123240.0,BUY,07-08 02:15,7.8 02:15，出现一笔买入看跌期权交易，成交量为3081张，未平仓数为121117张，V/OI值为0，交易金额为123240USD，合约行权价是280，到期日为2026/07/17
2026-07-07,US.IWM,,CALL,298.0,2026-07-07,5691,170730.0,SELL,07-08 00:51,7.8 00:51，出现一笔卖出看涨期权交易，成交量为5691张，未平仓数为625张，V/OI值为155.9，交易金额为170730USD，合约行权价是298，到期日为2026/07/07
2026-07-07,US.IWM,,PUT,297.0,2026-07-07,4112,131581.0,BUY,07-08 00:34,7.8 00:34，出现一笔买入看跌期权交易，成交量为4112张，未平仓数为2238张，V/OI值为27.5，交易金额为131581USD，合约行权价是297，到期日为2026/07/07
2026-07-07,US.IWM,,CALL,390.0,2027-01-15,3000,219000.0,SELL,07-08 00:31,7.8 00:31，出现一笔卖出看涨期权交易，成交量为3000张，未平仓数为577张，V/OI值为5.2，交易金额为219000USD，合约行权价是390，到期日为2027/01/15
2026-07-07,US.LITE,,PUT,652.5,2026-07-10,210,264600.0,SELL,07-08 00:59,7.8 00:59，出现一笔卖出看跌期权交易，成交量为210张，未平仓数为4张，V/OI值为52.5，交易金额为264600USD，合约行权价是652.5，到期日为2026/07/10
2026-07-07,US.LITE,,PUT,680.0,2026-07-10,210,438060.0,BUY,07-08 00:59,7.8 00:59，出现一笔买入看跌期权交易，成交量为210张，未平仓数为551张，V/OI值为0.5，交易金额为438060USD，合约行权价是680，到期日为2026/07/10
2026-07-07,US.LITE,,CALL,732.5,2026-07-10,210,423570.0,BUY,07-08 00:59,7.8 00:59，出现一笔买入看涨期权交易，成交量为210张，未平仓数为22张，V/OI值为9.5，交易金额为423570USD，合约行权价是732.5，到期日为2026/07/10
2026-07-07,US.LITE,,CALL,770.0,2026-07-10,210,209370.0,SELL,07-08 00:59,7.8 00:59，出现一笔卖出看涨期权交易，成交量为210张，未平仓数为488张，V/OI值为0.6，交易金额为209370USD，合约行权价是770，到期日为2026/07/10
2026-07-07,US.MARA,,CALL,13.0,2026-07-17,3316,152536.0,SELL,07-08 03:32,7.8 03:32，出现一笔卖出看涨期权交易，成交量为3316张，未平仓数为6519张，V/OI值为0.7，交易金额为152536USD，合约行权价是13，到期日为2026/07/17
2026-07-07,US.MARA,,PUT,12.5,2026-07-17,4220,341820.0,BUY,07-08 02:10,7.8 02:10，出现一笔买入看跌期权交易，成交量为4220张，未平仓数为1848张，V/OI值为2.4，交易金额为341820USD，合约行权价是12.5，到期日为2026/07/17
2026-07-07,US.MDB,,PUT,355.0,2026-07-17,308,337260.0,BUY,07-08 00:51,7.8 00:51，出现一笔买入看跌期权交易，成交量为308张，未平仓数为98张，V/OI值为3.2，交易金额为337260USD，合约行权价是355，到期日为2026/07/17
2026-07-07,US.MDB,,PUT,370.0,2026-07-17,208,371280.0,BUY,07-08 00:51,7.8 00:51，出现一笔买入看跌期权交易，成交量为208张，未平仓数为43张，V/OI值为4.9，交易金额为371280USD，合约行权价是370，到期日为2026/07/17
2026-07-07,US.META,,CALL,1070.0,2028-01-21,2000,8144000.0,BUY,07-08 03:37,7.8 03:37，出现一笔买入看涨期权交易，成交量为2000张，未平仓数为2244张，V/OI值为0.9，交易金额为8144000USD，合约行权价是1070，到期日为2028/01/21
2026-07-07,US.META,,PUT,580.0,2026-07-17,3600,1141200.0,SELL,07-08 02:31,7.8 02:31，出现一笔卖出看跌期权交易，成交量为3600张，未平仓数为3599张，V/OI值为1.1，交易金额为1141200USD，合约行权价是580，到期日为2026/07/17
2026-07-07,US.META,,PUT,615.0,2026-07-17,1800,2293200.0,BUY,07-08 02:31,7.8 02:31，出现一笔买入看跌期权交易，成交量为1800张，未平仓数为2295张，V/OI值为0.9，交易金额为2293200USD，合约行权价是615，到期日为2026/07/17
2026-07-07,US.META,,CALL,750.0,2027-01-15,4600,13915000.0,SELL,07-08 02:12,7.8 02:12，出现一笔卖出看涨期权交易，成交量为4600张，未平仓数为208519张，V/OI值为0，交易金额为13915000USD，合约行权价是750，到期日为2027/01/15
2026-07-07,US.META,,CALL,660.0,2026-08-07,1500,2190000.0,SELL,07-08 01:09,7.8 01:09，出现一笔卖出看涨期权交易，成交量为1500张，未平仓数为749张，V/OI值为2.1，交易金额为2190000USD，合约行权价是660，到期日为2026/08/07
2026-07-07,US.META,,CALL,660.0,2026-07-31,1500,1950000.0,BUY,07-08 01:09,7.8 01:09，出现一笔买入看涨期权交易，成交量为1500张，未平仓数为799张，V/OI值为1.9，交易金额为1950000USD，合约行权价是660，到期日为2026/07/31
2026-07-07,US.META,,CALL,640.0,2026-08-07,2000,4100000.0,BUY,07-08 01:09,7.8 01:09，出现一笔买入看涨期权交易，成交量为2000张，未平仓数为120张，V/OI值为16.8，交易金额为4100000USD，合约行权价是640，到期日为2026/08/07
2026-07-07,US.META,,CALL,750.0,2027-01-15,5000,15125000.0,SELL,07-08 01:01,7.8 01:01，出现一笔卖出看涨期权交易，成交量为5000张，未平仓数为208519张，V/OI值为0，交易金额为15125000USD，合约行权价是750，到期日为2027/01/15
2026-07-07,US.MRVL,,CALL,300.0,2026-07-17,2000,269972.0,BUY,07-08 01:59,7.8 01:59，出现一笔买入看涨期权交易，成交量为2000张，未平仓数为8861张，V/OI值为0.4，交易金额为269972USD，合约行权价是300，到期日为2026/07/17
2026-07-07,US.MRVL,,CALL,275.0,2026-07-17,1000,331138.0,SELL,07-08 01:52,7.8 01:52，出现一笔卖出看涨期权交易，成交量为1000张，未平仓数为667张，V/OI值为1.7，交易金额为331138USD，合约行权价是275，到期日为2026/07/17
2026-07-07,US.MRVL,,CALL,265.0,2026-07-31,2400,2721600.0,SELL,07-08 00:41,7.8 00:41，出现一笔卖出看涨期权交易，成交量为2400张，未平仓数为92张，V/OI值为26.4，交易金额为2721600USD，合约行权价是265，到期日为2026/07/31
2026-07-07,US.MRVL,,CALL,280.0,2026-07-31,1680,1335600.0,SELL,07-08 00:41,7.8 00:41，出现一笔卖出看涨期权交易，成交量为1680张，未平仓数为276张，V/OI值为6.3，交易金额为1335600USD，合约行权价是280，到期日为2026/07/31
2026-07-07,US.MRVL,,CALL,300.0,2026-07-31,1680,848400.0,SELL,07-08 00:41,7.8 00:41，出现一笔卖出看涨期权交易，成交量为1680张，未平仓数为1180张，V/OI值为1.8，交易金额为848400USD，合约行权价是300，到期日为2026/07/31
2026-07-07,US.MRVL,,CALL,255.0,2026-07-17,2000,1486000.0,BUY,07-08 00:16,7.8 00:16，出现一笔买入看涨期权交易，成交量为2000张，未平仓数为167张，V/OI值为13.2，交易金额为1486000USD，合约行权价是255，到期日为2026/07/17
2026-07-07,US.MSFT,,CALL,397.5,2026-07-10,1121,302670.0,BUY,07-08 03:40,7.8 03:40，出现一笔买入看涨期权交易，成交量为1121张，未平仓数为822张，V/OI值为4.9，交易金额为302670USD，合约行权价是397.5，到期日为2026/07/10
2026-07-07,US.MSFT,,PUT,360.0,2026-08-21,1386,1199168.0,SELL,07-08 01:22,7.8 01:22，出现一笔卖出看跌期权交易，成交量为1386张，未平仓数为7884张，V/OI值为0.3，交易金额为1199168USD，合约行权价是360，到期日为2026/08/21
2026-07-07,US.MSTR,,CALL,96.5,2026-07-10,1500,1125000.0,BUY,07-08 01:25,7.8 01:25，出现一笔买入看涨期权交易，成交量为1500张，未平仓数为3122张，V/OI值为0.5，交易金额为1125000USD，合约行权价是96.5，到期日为2026/07/10
2026-07-07,US.MSTR,,CALL,106.0,2026-07-10,1790,483310.0,BUY,07-08 00:59,7.8 00:59，出现一笔买入看涨期权交易，成交量为1790张，未平仓数为17014张，V/OI值为0.4，交易金额为483310USD，合约行权价是106，到期日为2026/07/10
2026-07-07,US.NET,,PUT,240.0,2026-08-21,597,859721.0,SELL,07-08 01:50,7.8 01:50，出现一笔卖出看跌期权交易，成交量为597张，未平仓数为414张，V/OI值为1.8，交易金额为859721USD，合约行权价是240，到期日为2026/08/21
2026-07-07,US.NET,,PUT,277.5,2026-07-10,386,499866.0,BUY,07-08 00:53,7.8 00:53，出现一笔买入看跌期权交易，成交量为386张，未平仓数为0张，V/OI值为0，交易金额为499866USD，合约行权价是277.5，到期日为2026/07/10
2026-07-07,US.NET,,PUT,225.0,2026-07-17,666,75924.0,SELL,07-08 00:14,7.8 00:14，出现一笔卖出看跌期权交易，成交量为666张，未平仓数为1052张，V/OI值为0.7，交易金额为75924USD，合约行权价是225，到期日为2026/07/17
2026-07-07,US.NOK,,CALL,13.0,2026-12-18,2900,571300.0,BUY,07-08 03:33,7.8 03:33，出现一笔买入看涨期权交易，成交量为2900张，未平仓数为4504张，V/OI值为0.7，交易金额为571300USD，合约行权价是13，到期日为2026/12/18
2026-07-07,US.NOK,,PUT,8.0,2026-12-18,2000,106000.0,SELL,07-08 03:32,7.8 03:32，出现一笔卖出看跌期权交易，成交量为2000张，未平仓数为7114张，V/OI值为0.3，交易金额为106000USD，合约行权价是8，到期日为2026/12/18
2026-07-07,US.NOK,,CALL,12.0,2026-07-10,3000,81000.0,SELL,07-08 02:55,7.8 02:55，出现一笔卖出看涨期权交易，成交量为3000张，未平仓数为1087张，V/OI值为14.7，交易金额为81000USD，合约行权价是12，到期日为2026/07/10
2026-07-07,US.NOK,,PUT,12.0,2026-08-21,5000,665000.0,SELL,07-08 02:17,7.8 02:17，出现一笔卖出看跌期权交易，成交量为5000张，未平仓数为25804张，V/OI值为0.2，交易金额为665000USD，合约行权价是12，到期日为2026/08/21
2026-07-07,US.NOK,,PUT,10.0,2026-09-18,2724,193404.0,BUY,07-08 01:46,7.8 01:46，出现一笔买入看跌期权交易，成交量为2724张，未平仓数为30579张，V/OI值为0.2，交易金额为193404USD，合约行权价是10，到期日为2026/09/18
2026-07-07,US.NOW,,CALL,120.0,2026-08-21,1494,1120500.0,BUY,07-08 03:34,7.8 03:34，出现一笔买入看涨期权交易，成交量为1494张，未平仓数为18202张，V/OI值为0.6，交易金额为1120500USD，合约行权价是120，到期日为2026/08/21
2026-07-07,US.NOW,,CALL,120.0,2026-08-21,1500,1125000.0,SELL,07-08 03:33,7.8 03:33，出现一笔卖出看涨期权交易，成交量为1500张，未平仓数为18202张，V/OI值为0.5，交易金额为1125000USD，合约行权价是120，到期日为2026/08/21
2026-07-07,US.NOW,,CALL,116.0,2026-07-10,1940,226978.0,BUY,07-08 03:32,7.8 03:32，出现一笔买入看涨期权交易，成交量为1940张，未平仓数为586张，V/OI值为4.5，交易金额为226978USD，合约行权价是116，到期日为2026/07/10
2026-07-07,US.NOW,,CALL,200.0,2027-01-15,1125,445038.0,SELL,07-08 01:19,7.8 01:19，出现一笔卖出看涨期权交易，成交量为1125张，未平仓数为13950张，V/OI值为0.1，交易金额为445038USD，合约行权价是200，到期日为2027/01/15
2026-07-07,US.NOW,,CALL,113.0,2026-07-10,1240,354644.0,SELL,07-08 01:11,7.8 01:11，出现一笔卖出看涨期权交易，成交量为1240张，未平仓数为3554张，V/OI值为1.4，交易金额为354644USD，合约行权价是113，到期日为2026/07/10
2026-07-07,US.NVDA,,PUT,192.5,2026-07-17,5434,1983400.0,BUY,07-08 03:38,7.8 03:38，出现一笔买入看跌期权交易，成交量为5434张，未平仓数为4556张，V/OI值为1.8，交易金额为1983400USD，合约行权价是192.5，到期日为2026/07/17
2026-07-07,US.NVDA,,CALL,215.0,2026-07-17,4750,280250.0,BUY,07-08 03:01,7.8 03:01，出现一笔买入看涨期权交易，成交量为4750张，未平仓数为39181张，V/OI值为0.4，交易金额为280250USD，合约行权价是215，到期日为2026/07/17
2026-07-07,US.NVDA,,CALL,215.0,2026-07-17,7000,469000.0,BUY,07-08 02:30,7.8 02:30，出现一笔买入看涨期权交易，成交量为7000张，未平仓数为39181张，V/OI值为0.3，交易金额为469000USD，合约行权价是215，到期日为2026/07/17
2026-07-07,US.NVDA,,CALL,200.0,2026-07-15,2942,1044380.0,BUY,07-08 01:48,7.8 01:48，出现一笔买入看涨期权交易，成交量为2942张，未平仓数为781张，V/OI值为6.8，交易金额为1044380USD，合约行权价是200，到期日为2026/07/15
2026-07-07,US.NVDA,,CALL,202.5,2026-07-08,2939,105804.0,BUY,07-08 01:21,7.8 01:21，出现一笔买入看涨期权交易，成交量为2939张，未平仓数为9740张，V/OI值为4.9，交易金额为105804USD，合约行权价是202.5，到期日为2026/07/08
2026-07-07,US.NVDA,,CALL,220.0,2026-12-18,2512,3843292.0,BUY,07-08 01:04,7.8 01:04，出现一笔买入看涨期权交易，成交量为2512张，未平仓数为18791张，V/OI值为0.2，交易金额为3843292USD，合约行权价是220，到期日为2026/12/18
2026-07-07,US.NVDA,,PUT,180.0,2026-09-18,3000,2160000.0,BUY,07-08 01:00,7.8 01:00，出现一笔买入看跌期权交易，成交量为3000张，未平仓数为53007张，V/OI值为0.1，交易金额为2160000USD，合约行权价是180，到期日为2026/09/18
2026-07-07,US.NVDA,,CALL,202.5,2026-07-17,3148,975880.0,SELL,07-08 00:43,7.8 00:43，出现一笔卖出看涨期权交易，成交量为3148张，未平仓数为7956张，V/OI值为0.8，交易金额为975880USD，合约行权价是202.5，到期日为2026/07/17
2026-07-07,US.NVDA,,CALL,195.0,2026-07-08,3148,982176.0,SELL,07-08 00:43,7.8 00:43，出现一笔卖出看涨期权交易，成交量为3148张，未平仓数为4254张，V/OI值为28.5，交易金额为982176USD，合约行权价是195，到期日为2026/07/08
2026-07-07,US.NVDA,,PUT,200.0,2026-08-21,2843,3437181.0,BUY,07-08 00:37,7.8 00:37，出现一笔买入看跌期权交易，成交量为2843张，未平仓数为32731张，V/OI值为0.3，交易金额为3437181USD，合约行权价是200，到期日为2026/08/21
2026-07-07,US.NVDA,,PUT,155.0,2026-10-16,6000,2010000.0,BUY,07-08 00:25,7.8 00:25，出现一笔买入看跌期权交易，成交量为6000张，未平仓数为11533张，V/OI值为0.5，交易金额为2010000USD，合约行权价是155，到期日为2026/10/16
2026-07-07,US.NVDA,,PUT,195.0,2026-10-16,8000,12200000.0,SELL,07-08 00:25,7.8 00:25，出现一笔卖出看跌期权交易，成交量为8000张，未平仓数为9674张，V/OI值为0.9，交易金额为12200000USD，合约行权价是195，到期日为2026/10/16
2026-07-07,US.NVDA,,PUT,170.0,2026-11-20,4500,3870000.0,BUY,07-08 00:16,7.8 00:16，出现一笔买入看跌期权交易，成交量为4500张，未平仓数为12612张，V/OI值为0.4，交易金额为3870000USD，合约行权价是170，到期日为2026/11/20
2026-07-07,US.NVDA,,CALL,250.0,2026-11-20,3000,1785000.0,SELL,07-08 00:16,7.8 00:16，出现一笔卖出看涨期权交易，成交量为3000张，未平仓数为14441张，V/OI值为0.2，交易金额为1785000USD，合约行权价是250，到期日为2026/11/20
2026-07-07,US.NVDA,,CALL,205.0,2026-07-31,3600,1584000.0,BUY,07-08 00:08,7.8 00:08，出现一笔买入看涨期权交易，成交量为3600张，未平仓数为6794张，V/OI值为1，交易金额为1584000USD，合约行权价是205，到期日为2026/07/31
2026-07-07,US.NVDA,,CALL,210.0,2026-07-31,2520,771120.0,BUY,07-08 00:08,7.8 00:08，出现一笔买入看涨期权交易，成交量为2520张，未平仓数为7666张，V/OI值为0.7，交易金额为771120USD，合约行权价是210，到期日为2026/07/31
2026-07-07,US.NVDA,,CALL,220.0,2026-07-31,2520,347760.0,BUY,07-08 00:08,7.8 00:08，出现一笔买入看涨期权交易，成交量为2520张，未平仓数为8646张，V/OI值为0.9，交易金额为347760USD，合约行权价是220，到期日为2026/07/31
2026-07-07,US.OKLO,,PUT,50.0,2026-07-10,1130,344650.0,SELL,07-08 03:49,7.8 03:49，出现一笔卖出看跌期权交易，成交量为1130张，未平仓数为2204张，V/OI值为0.6，交易金额为344650USD，合约行权价是50，到期日为2026/07/10
2026-07-07,US.ORCL,,PUT,160.0,2027-03-19,1300,5193500.0,BUY,07-08 02:59,7.8 02:59，出现一笔买入看跌期权交易，成交量为1300张，未平仓数为2629张，V/OI值为0.5，交易金额为5193500USD，合约行权价是160，到期日为2027/03/19
2026-07-07,US.ORCL,,CALL,200.0,2027-01-15,2000,2150000.0,SELL,07-08 02:47,7.8 02:47，出现一笔卖出看涨期权交易，成交量为2000张，未平仓数为10821张，V/OI值为0.3，交易金额为2150000USD，合约行权价是200，到期日为2027/01/15
2026-07-07,US.ORCL,,CALL,147.0,2026-07-31,2000,1280000.0,BUY,07-08 00:53,7.8 00:53，出现一笔买入看涨期权交易，成交量为2000张，未平仓数为799张，V/OI值为3.2，交易金额为1280000USD，合约行权价是147，到期日为2026/07/31
2026-07-07,US.PLTR,,CALL,145.0,2026-07-17,1437,382241.0,BUY,07-08 02:04,7.8 02:04，出现一笔买入看涨期权交易，成交量为1437张，未平仓数为17210张，V/OI值为0.6，交易金额为382241USD，合约行权价是145，到期日为2026/07/17
2026-07-07,US.PLTR,,CALL,145.0,2026-07-17,2370,630420.0,BUY,07-08 01:57,7.8 01:57，出现一笔买入看涨期权交易，成交量为2370张，未平仓数为17210张，V/OI值为0.5，交易金额为630420USD，合约行权价是145，到期日为2026/07/17
2026-07-07,US.PLTR,,PUT,140.0,2026-08-21,3000,3705000.0,BUY,07-08 01:56,7.8 01:56，出现一笔买入看跌期权交易，成交量为3000张，未平仓数为9394张，V/OI值为0.6，交易金额为3705000USD，合约行权价是140，到期日为2026/08/21
2026-07-07,US.PLTR,,PUT,105.0,2028-12-15,1000,2440000.0,BUY,07-08 01:47,7.8 01:47，出现一笔买入看跌期权交易，成交量为1000张，未平仓数为4342张，V/OI值为0.2，交易金额为2440000USD，合约行权价是105，到期日为2028/12/15
2026-07-07,US.PLTR,,PUT,92.5,2027-12-17,1100,1397000.0,BUY,07-08 01:43,7.8 01:43，出现一笔买入看跌期权交易，成交量为1100张，未平仓数为1885张，V/OI值为0.6，交易金额为1397000USD，合约行权价是92.5，到期日为2027/12/17
2026-07-07,US.PLTR,,CALL,145.0,2026-07-17,1211,322126.0,BUY,07-08 01:43,7.8 01:43，出现一笔买入看涨期权交易，成交量为1211张，未平仓数为17210张，V/OI值为0.3，交易金额为322126USD，合约行权价是145，到期日为2026/07/17
2026-07-07,US.RDDT,,PUT,205.0,2026-07-10,589,438798.0,BUY,07-08 01:10,7.8 01:10，出现一笔买入看跌期权交易，成交量为589张，未平仓数为145张，V/OI值为4.2，交易金额为438798USD，合约行权价是205，到期日为2026/07/10
2026-07-07,US.SOFI,,CALL,18.5,2026-07-10,5000,120000.0,BUY,07-08 02:57,7.8 02:57，出现一笔买入看涨期权交易，成交量为5000张，未平仓数为11590张，V/OI值为2.4，交易金额为120000USD，合约行权价是18.5，到期日为2026/07/10
2026-07-07,US.TSLA,,CALL,435.0,2026-07-13,1510,184220.0,BUY,07-08 03:49,7.8 03:49，出现一笔买入看涨期权交易，成交量为1510张，未平仓数为516张，V/OI值为7.4，交易金额为184220USD，合约行权价是435，到期日为2026/07/13
2026-07-07,US.TSLA,,CALL,435.0,2026-07-13,1128,128592.0,SELL,07-08 03:08,7.8 03:08，出现一笔卖出看涨期权交易，成交量为1128张，未平仓数为516张，V/OI值为3.6，交易金额为128592USD，合约行权价是435，到期日为2026/07/13
2026-07-07,US.TSLA,,CALL,405.0,2026-07-10,1303,912078.0,BUY,07-08 03:04,7.8 03:04，出现一笔买入看涨期权交易，成交量为1303张，未平仓数为7949张，V/OI值为1.4，交易金额为912078USD，合约行权价是405，到期日为2026/07/10
2026-07-07,US.TSLA,,PUT,400.0,2026-07-08,1196,308568.0,BUY,07-08 02:51,7.8 02:51，出现一笔买入看跌期权交易，成交量为1196张，未平仓数为3997张，V/OI值为21.6，交易金额为308568USD，合约行权价是400，到期日为2026/07/08
2026-07-07,US.TSLA,,PUT,405.0,2026-07-08,1752,604471.0,SELL,07-08 02:24,7.8 02:24，出现一笔卖出看跌期权交易，成交量为1752张，未平仓数为2074张，V/OI值为34.4，交易金额为604471USD，合约行权价是405，到期日为2026/07/08
2026-07-07,US.TSLA,,PUT,407.5,2026-07-08,1243,578009.0,SELL,07-08 01:55,7.8 01:55，出现一笔卖出看跌期权交易，成交量为1243张，未平仓数为1569张，V/OI值为40.1，交易金额为578009USD，合约行权价是407.5，到期日为2026/07/08
2026-07-07,US.TSLA,,CALL,405.0,2026-07-08,1133,662791.0,BUY,07-08 01:26,7.8 01:26，出现一笔买入看涨期权交易，成交量为1133张，未平仓数为1619张，V/OI值为15.5，交易金额为662791USD，合约行权价是405，到期日为2026/07/08
2026-07-07,US.TSLA,,CALL,410.0,2026-07-08,1013,481165.0,BUY,07-08 00:54,7.8 00:54，出现一笔买入看涨期权交易，成交量为1013张，未平仓数为3236张，V/OI值为16.6，交易金额为481165USD，合约行权价是410，到期日为2026/07/08
2026-07-07,US.TSLA,,CALL,410.0,2026-07-08,1143,497125.0,BUY,07-08 00:53,7.8 00:53，出现一笔买入看涨期权交易，成交量为1143张，未平仓数为3236张，V/OI值为16.1，交易金额为497125USD，合约行权价是410，到期日为2026/07/08
2026-07-07,US.TSLA,,CALL,410.0,2026-07-08,1014,456300.0,BUY,07-08 00:51,7.8 00:51，出现一笔买入看涨期权交易，成交量为1014张，未平仓数为3236张，V/OI值为15.4，交易金额为456300USD，合约行权价是410，到期日为2026/07/08
2026-07-07,US.TSLA,,CALL,440.0,2026-07-10,1433,117506.0,BUY,07-08 00:48,7.8 00:48，出现一笔买入看涨期权交易，成交量为1433张，未平仓数为12649张，V/OI值为1.3，交易金额为117506USD，合约行权价是440，到期日为2026/07/10
2026-07-07,US.TSLA,,PUT,407.5,2026-07-08,1377,612794.0,SELL,07-08 00:35,7.8 00:35，出现一笔卖出看跌期权交易，成交量为1377张，未平仓数为1569张，V/OI值为34，交易金额为612794USD，合约行权价是407.5，到期日为2026/07/08
2026-07-07,US.TSLA,,CALL,430.0,2026-07-24,1026,1036185.0,BUY,07-08 00:03,7.8 00:03，出现一笔买入看涨期权交易，成交量为1026张，未平仓数为3267张，V/OI值为0.5，交易金额为1036185USD，合约行权价是430，到期日为2026/07/24
2026-07-07,US.TSM,,CALL,510.0,2026-07-17,1054,138074.0,SELL,07-08 03:35,7.8 03:35，出现一笔卖出看涨期权交易，成交量为1054张，未平仓数为1211张，V/OI值为1.1，交易金额为138074USD，合约行权价是510，到期日为2026/07/17
2026-07-07,US.TSM,,PUT,350.0,2026-12-18,1000,2230000.0,SELL,07-08 03:25,7.8 03:25，出现一笔卖出看跌期权交易，成交量为1000张，未平仓数为7267张，V/OI值为0.1，交易金额为2230000USD，合约行权价是350，到期日为2026/12/18
2026-07-07,US.TSM,,PUT,350.0,2026-07-17,3000,528000.0,SELL,07-08 02:22,7.8 02:22，出现一笔卖出看跌期权交易，成交量为3000张，未平仓数为23697张，V/OI值为0.2，交易金额为528000USD，合约行权价是350，到期日为2026/07/17
2026-07-07,US.TSM,,PUT,425.0,2026-07-17,1285,1715473.0,BUY,07-08 01:50,7.8 01:50，出现一笔买入看跌期权交易，成交量为1285张，未平仓数为1661张，V/OI值为0.9，交易金额为1715473USD，合约行权价是425，到期日为2026/07/17
2026-07-07,US.TWLO,,CALL,220.0,2026-08-21,360,743040.0,SELL,07-08 03:50,7.8 03:50，出现一笔卖出看涨期权交易，成交量为360张，未平仓数为3182张，V/OI值为0.1，交易金额为743040USD，合约行权价是220，到期日为2026/08/21
2026-07-07,US.TWLO,,CALL,250.0,2026-08-21,237,296250.0,BUY,07-08 02:12,7.8 02:12，出现一笔买入看涨期权交易，成交量为237张，未平仓数为297张，V/OI值为0.9，交易金额为296250USD，合约行权价是250，到期日为2026/08/21
2026-07-07,US.TWLO,,PUT,215.0,2026-08-07,119,218960.0,SELL,07-08 01:07,7.8 01:07，出现一笔卖出看跌期权交易，成交量为119张，未平仓数为0张，V/OI值为0，交易金额为218960USD，合约行权价是215，到期日为2026/08/07
2026-07-07,US.TWLO,,PUT,222.5,2026-07-10,244,229347.0,BUY,07-08 00:15,7.8 00:15，出现一笔买入看跌期权交易，成交量为244张，未平仓数为1张，V/OI值为244，交易金额为229347USD，合约行权价是222.5，到期日为2026/07/10
2026-07-07,US.VST,,PUT,155.0,2026-07-24,311,223916.0,BUY,07-08 02:20,7.8 02:20，出现一笔买入看跌期权交易，成交量为311张，未平仓数为26张，V/OI值为12.1，交易金额为223916USD，合约行权价是155，到期日为2026/07/24
2026-07-08,US.AAPL,,CALL,322.5,2026-07-17,1000,181000.0,BUY,07-09 02:47,7.9 02:47，出现一笔买入看涨期权交易，成交量为1000张，未平仓数为2219张，V/OI值为0.9，交易金额为181000USD，合约行权价是322.5，到期日为2026/07/17
2026-07-08,US.AAPL,,CALL,317.5,2026-07-17,1000,342000.0,SELL,07-09 02:47,7.9 02:47，出现一笔卖出看涨期权交易，成交量为1000张，未平仓数为4856张，V/OI值为0.5，交易金额为342000USD，合约行权价是317.5，到期日为2026/07/17
2026-07-08,US.AAPL,,CALL,310.0,2026-07-31,1000,1225000.0,SELL,07-09 02:11,7.9 02:11，出现一笔卖出看涨期权交易，成交量为1000张，未平仓数为2449张，V/OI值为1，交易金额为1225000USD，合约行权价是310，到期日为2026/07/31
2026-07-08,US.AAPL,,CALL,345.0,2026-09-18,1052,483921.0,SELL,07-09 01:36,7.9 01:36，出现一笔卖出看涨期权交易，成交量为1052张，未平仓数为6275张，V/OI值为0.3，交易金额为483921USD，合约行权价是345，到期日为2026/09/18
2026-07-08,US.AAPL,,PUT,320.0,2026-07-17,1321,1056836.0,SELL,07-09 01:32,7.9 01:32，出现一笔卖出看跌期权交易，成交量为1321张，未平仓数为2824张，V/OI值为0.5，交易金额为1056836USD，合约行权价是320，到期日为2026/07/17
2026-07-08,US.AAPL,,CALL,335.0,2026-08-07,1000,297000.0,BUY,07-09 01:30,7.9 01:30，出现一笔买入看涨期权交易，成交量为1000张，未平仓数为3471张，V/OI值为0.4，交易金额为297000USD，合约行权价是335，到期日为2026/08/07
2026-07-08,US.AAPL,,CALL,325.0,2026-08-07,1000,575000.0,SELL,07-09 01:30,7.9 01:30，出现一笔卖出看涨期权交易，成交量为1000张，未平仓数为797张，V/OI值为4.3，交易金额为575000USD，合约行权价是325，到期日为2026/08/07
2026-07-08,US.AAPL,,PUT,315.0,2026-07-10,1003,401200.0,SELL,07-09 00:47,7.9 00:47，出现一笔卖出看跌期权交易，成交量为1003张，未平仓数为3537张，V/OI值为0.9，交易金额为401200USD，合约行权价是315，到期日为2026/07/10
2026-07-08,US.AAPL,,PUT,315.0,2026-07-10,1000,410000.0,SELL,07-09 00:46,7.9 00:46，出现一笔卖出看跌期权交易，成交量为1000张，未平仓数为3537张，V/OI值为0.6，交易金额为410000USD，合约行权价是315，到期日为2026/07/10
2026-07-08,US.AMD,,PUT,380.0,2026-10-16,1000,2338000.0,SELL,07-09 02:01,7.9 02:01，出现一笔卖出看跌期权交易，成交量为1000张，未平仓数为1260张，V/OI值为0.8，交易金额为2338000USD，合约行权价是380，到期日为2026/10/16
2026-07-08,US.AMD,,PUT,502.5,2026-07-10,1000,888000.0,BUY,07-09 02:01,7.9 02:01，出现一笔买入看跌期权交易，成交量为1000张，未平仓数为2546张，V/OI值为0.7，交易金额为888000USD，合约行权价是502.5，到期日为2026/07/10
2026-07-08,US.AMZN,,CALL,247.5,2026-07-13,1332,213120.0,BUY,07-09 02:50,7.9 02:50，出现一笔买入看涨期权交易，成交量为1332张，未平仓数为414张，V/OI值为4.1，交易金额为213120USD，合约行权价是247.5，到期日为2026/07/13
2026-07-08,US.AMZN,,CALL,252.5,2026-07-17,1099,180236.0,SELL,07-09 01:55,7.9 01:55，出现一笔卖出看涨期权交易，成交量为1099张，未平仓数为4365张，V/OI值为0.9，交易金额为180236USD，合约行权价是252.5，到期日为2026/07/17
2026-07-08,US.APLD,,CALL,30.0,2027-01-15,363,342672.0,BUY,07-09 02:08,7.9 02:08，出现一笔买入看涨期权交易，成交量为363张，未平仓数为17109张，V/OI值为0，交易金额为342672USD，合约行权价是30，到期日为2027/01/15
2026-07-08,US.AVGO,,CALL,400.0,2026-07-10,1000,260000.0,BUY,07-09 03:52,7.9 03:52，出现一笔买入看涨期权交易，成交量为1000张，未平仓数为9636张，V/OI值为2.4，交易金额为260000USD，合约行权价是400，到期日为2026/07/10
2026-07-08,US.AVGO,,PUT,340.0,2027-03-19,1500,5700000.0,BUY,07-09 03:44,7.9 03:44，出现一笔买入看跌期权交易，成交量为1500张，未平仓数为2366张，V/OI值为0.6，交易金额为5700000USD，合约行权价是340，到期日为2027/03/19
2026-07-08,US.AVGO,,CALL,395.0,2026-07-20,1111,1310980.0,SELL,07-09 03:37,7.9 03:37，出现一笔卖出看涨期权交易，成交量为1111张，未平仓数为2张，V/OI值为563，交易金额为1310980USD，合约行权价是395，到期日为2026/07/20
2026-07-08,US.AVGO,,CALL,400.0,2026-09-18,2225,8110179.0,SELL,07-09 01:22,7.9 01:22，出现一笔卖出看涨期权交易，成交量为2225张，未平仓数为7568张，V/OI值为0.5，交易金额为8110179USD，合约行权价是400，到期日为2026/09/18
2026-07-08,US.AVGO,,CALL,435.0,2026-07-31,1467,1051839.0,SELL,07-09 01:14,7.9 01:14，出现一笔卖出看涨期权交易，成交量为1467张，未平仓数为165张，V/OI值为29.9，交易金额为1051839USD，合约行权价是435，到期日为2026/07/31
2026-07-08,US.AVGO,,CALL,410.0,2026-07-31,1467,2100744.0,BUY,07-09 01:14,7.9 01:14，出现一笔买入看涨期权交易，成交量为1467张，未平仓数为5045张，V/OI值为1.1，交易金额为2100744USD，合约行权价是410，到期日为2026/07/31
2026-07-08,US.AVGO,,CALL,407.5,2026-07-15,1099,626430.0,SELL,07-09 00:29,7.9 00:29，出现一笔卖出看涨期权交易，成交量为1099张，未平仓数为8张，V/OI值为139.1，交易金额为626430USD，合约行权价是407.5，到期日为2026/07/15
2026-07-08,US.AVGO,,PUT,240.0,2027-06-17,1100,1496000.0,BUY,07-09 00:22,7.9 00:22，出现一笔买入看跌期权交易，成交量为1100张，未平仓数为3410张，V/OI值为0.3，交易金额为1496000USD，合约行权价是240，到期日为2027/06/17
2026-07-08,US.BABA,,CALL,113.0,2026-07-10,1917,161020.0,BUY,07-09 03:27,7.9 03:27，出现一笔买入看涨期权交易，成交量为1917张，未平仓数为234张，V/OI值为16.2，交易金额为161020USD，合约行权价是113，到期日为2026/07/10
2026-07-08,US.BABA,,CALL,101.0,2026-07-10,1884,1648500.0,BUY,07-09 02:34,7.9 02:34，出现一笔买入看涨期权交易，成交量为1884张，未平仓数为6097张，V/OI值为0.5，交易金额为1648500USD，合约行权价是101，到期日为2026/07/10
2026-07-08,US.BABA,,PUT,105.0,2026-07-17,1884,301440.0,SELL,07-09 02:34,7.9 02:34，出现一笔卖出看跌期权交易，成交量为1884张，未平仓数为10402张，V/OI值为0.6，交易金额为301440USD，合约行权价是105，到期日为2026/07/17
2026-07-08,US.BABA,,PUT,101.0,2026-07-17,3768,248688.0,SELL,07-09 02:34,7.9 02:34，出现一笔卖出看跌期权交易，成交量为3768张，未平仓数为203张，V/OI值为26.2，交易金额为248688USD，合约行权价是101，到期日为2026/07/17
2026-07-08,US.BABA,,CALL,116.0,2026-07-17,1884,243036.0,SELL,07-09 02:34,7.9 02:34，出现一笔卖出看涨期权交易，成交量为1884张，未平仓数为104张，V/OI值为26.7，交易金额为243036USD，合约行权价是116，到期日为2026/07/17
2026-07-08,US.BABA,,CALL,110.0,2026-08-21,1000,701940.0,SELL,07-09 00:52,7.9 00:52，出现一笔卖出看涨期权交易，成交量为1000张，未平仓数为6635张，V/OI值为0.9，交易金额为701940USD，合约行权价是110，到期日为2026/08/21
2026-07-08,US.BABA,,PUT,105.0,2026-10-16,2500,2012500.0,BUY,07-09 00:17,7.9 00:17，出现一笔买入看跌期权交易，成交量为2500张，未平仓数为1850张，V/OI值为1.4，交易金额为2012500USD，合约行权价是105，到期日为2026/10/16
2026-07-08,US.BABA,,CALL,120.0,2026-07-24,2000,256000.0,BUY,07-09 00:07,7.9 00:07，出现一笔买入看涨期权交易，成交量为2000张，未平仓数为1068张，V/OI值为3.7，交易金额为256000USD，合约行权价是120，到期日为2026/07/24
2026-07-08,US.BABA,,CALL,110.0,2026-07-24,2000,826000.0,SELL,07-09 00:07,7.9 00:07，出现一笔卖出看涨期权交易，成交量为2000张，未平仓数为5494张，V/OI值为1.1，交易金额为826000USD，合约行权价是110，到期日为2026/07/24
2026-07-08,US.BABA,,CALL,112.0,2026-07-10,1470,144056.0,BUY,07-09 00:03,7.9 00:03，出现一笔买入看涨期权交易，成交量为1470张，未平仓数为337张，V/OI值为15.8，交易金额为144056USD，合约行权价是112，到期日为2026/07/10
2026-07-08,US.BE,,PUT,50.0,2026-12-18,1000,280000.0,SELL,07-09 01:35,7.9 01:35，出现一笔卖出看跌期权交易，成交量为1000张，未平仓数为155张，V/OI值为6.5，交易金额为280000USD，合约行权价是50，到期日为2026/12/18
2026-07-08,US.BE,,PUT,235.0,2026-07-10,1493,2209640.0,BUY,07-09 01:01,7.9 01:01，出现一笔买入看跌期权交易，成交量为1493张，未平仓数为1597张，V/OI值为5.2，交易金额为2209640USD，合约行权价是235，到期日为2026/07/10
2026-07-08,US.BE,,PUT,170.0,2027-02-19,1000,4514000.0,SELL,07-09 00:35,7.9 00:35，出现一笔卖出看跌期权交易，成交量为1000张，未平仓数为1张，V/OI值为1000，交易金额为4514000USD，合约行权价是170，到期日为2027/02/19
2026-07-08,US.BE,,PUT,170.0,2026-09-18,1000,2236000.0,SELL,07-09 00:35,7.9 00:35，出现一笔卖出看跌期权交易，成交量为1000张，未平仓数为757张，V/OI值为1.3，交易金额为2236000USD，合约行权价是170，到期日为2026/09/18
2026-07-08,US.CBRS,,CALL,192.5,2026-07-17,1059,902268.0,BUY,07-09 00:39,7.9 00:39，出现一笔买入看涨期权交易，成交量为1059张，未平仓数为34张，V/OI值为31.3，交易金额为902268USD，合约行权价是192.5，到期日为2026/07/17
2026-07-08,US.CRM,,CALL,175.0,2026-09-18,2129,2299406.0,SELL,07-09 03:38,7.9 03:38，出现一笔卖出看涨期权交易，成交量为2129张，未平仓数为4419张，V/OI值为0.5，交易金额为2299406USD，合约行权价是175，到期日为2026/09/18
2026-07-08,US.CRWV,,CALL,115.0,2026-08-21,1014,453518.0,SELL,07-09 03:57,7.9 03:57，出现一笔卖出看涨期权交易，成交量为1014张，未平仓数为2098张，V/OI值为0.8，交易金额为453518USD，合约行权价是115，到期日为2026/08/21
2026-07-08,US.CRWV,,CALL,100.0,2026-08-21,2000,1390000.0,SELL,07-09 01:43,7.9 01:43，出现一笔卖出看涨期权交易，成交量为2000张，未平仓数为26423张，V/OI值为0.1，交易金额为1390000USD，合约行权价是100，到期日为2026/08/21
2026-07-08,US.CRWV,,CALL,105.0,2026-07-17,2000,98000.0,SELL,07-09 00:52,7.9 00:52，出现一笔卖出看涨期权交易，成交量为2000张，未平仓数为5013张，V/OI值为0.5，交易金额为98000USD，合约行权价是105，到期日为2026/07/17
2026-07-08,US.DDOG,,CALL,300.0,2028-06-16,625,5375000.0,SELL,07-09 03:40,7.9 03:40，出现一笔卖出看涨期权交易，成交量为625张，未平仓数为1055张，V/OI值为0.6，交易金额为5375000USD，合约行权价是300，到期日为2028/06/16
2026-07-08,US.DDOG,,CALL,255.0,2026-07-10,370,223856.0,SELL,07-09 00:19,7.9 00:19，出现一笔卖出看涨期权交易，成交量为370张，未平仓数为142张，V/OI值为2.7，交易金额为223856USD，合约行权价是255，到期日为2026/07/10
2026-07-08,US.DELL,,CALL,440.0,2026-07-10,200,244200.0,SELL,07-09 01:33,7.9 01:33，出现一笔卖出看涨期权交易，成交量为200张，未平仓数为968张，V/OI值为2.7，交易金额为244200USD，合约行权价是440，到期日为2026/07/10
2026-07-08,US.DELL,,CALL,440.0,2026-07-10,200,213620.0,SELL,07-09 00:56,7.9 00:56，出现一笔卖出看涨期权交易，成交量为200张，未平仓数为968张，V/OI值为2.2，交易金额为213620USD，合约行权价是440，到期日为2026/07/10
2026-07-08,US.DELL,,CALL,435.0,2026-07-17,229,565630.0,BUY,07-09 00:54,7.9 00:54，出现一笔买入看涨期权交易，成交量为229张，未平仓数为268张，V/OI值为2.6，交易金额为565630USD，合约行权价是435，到期日为2026/07/17
2026-07-08,US.DELL,,CALL,435.0,2026-07-17,241,568760.0,SELL,07-09 00:48,7.9 00:48，出现一笔卖出看涨期权交易，成交量为241张，未平仓数为268张，V/OI值为1.5，交易金额为568760USD，合约行权价是435，到期日为2026/07/17
2026-07-08,US.DELL,,PUT,250.0,2027-01-15,257,514000.0,SELL,07-09 00:26,7.9 00:26，出现一笔卖出看跌期权交易，成交量为257张，未平仓数为6981张，V/OI值为0.1，交易金额为514000USD，合约行权价是250，到期日为2027/01/15
2026-07-08,US.DELL,,CALL,425.0,2026-07-17,400,1016020.0,BUY,07-09 00:15,7.9 00:15，出现一笔买入看涨期权交易，成交量为400张，未平仓数为280张，V/OI值为3.3，交易金额为1016020USD，合约行权价是425，到期日为2026/07/17
2026-07-08,US.DRAM,,PUT,45.0,2027-01-15,1500,1020000.0,BUY,07-09 03:55,7.9 03:55，出现一笔买入看跌期权交易，成交量为1500张，未平仓数为2065张，V/OI值为0.7，交易金额为1020000USD，合约行权价是45，到期日为2027/01/15
2026-07-08,US.DRAM,,CALL,63.5,2026-07-10,2167,344435.0,BUY,07-09 03:52,7.9 03:52，出现一笔买入看涨期权交易，成交量为2167张，未平仓数为902张，V/OI值为2.9，交易金额为344435USD，合约行权价是63.5，到期日为2026/07/10
2026-07-08,US.DRAM,,PUT,40.0,2027-06-17,2437,1791195.0,SELL,07-09 03:21,7.9 03:21，出现一笔卖出看跌期权交易，成交量为2437张，未平仓数为17959张，V/OI值为0.2，交易金额为1791195USD，合约行权价是40，到期日为2027/06/17
2026-07-08,US.DRAM,,PUT,40.0,2027-06-17,1626,1203240.0,SELL,07-09 03:21,7.9 03:21，出现一笔卖出看跌期权交易，成交量为1626张，未平仓数为17959张，V/OI值为0.1，交易金额为1203240USD，合约行权价是40，到期日为2027/06/17
2026-07-08,US.DRAM,,CALL,65.0,2026-07-10,1250,105000.0,SELL,07-09 03:08,7.9 03:08，出现一笔卖出看涨期权交易，成交量为1250张，未平仓数为15792张，V/OI值为1.4，交易金额为105000USD，合约行权价是65，到期日为2026/07/10
2026-07-08,US.DRAM,,CALL,65.0,2026-07-10,1250,105000.0,SELL,07-09 03:08,7.9 03:08，出现一笔卖出看涨期权交易，成交量为1250张，未平仓数为15792张，V/OI值为1.3，交易金额为105000USD，合约行权价是65，到期日为2026/07/10
2026-07-08,US.DRAM,,PUT,55.0,2026-07-10,1362,81720.0,SELL,07-09 00:56,7.9 00:56，出现一笔卖出看跌期权交易，成交量为1362张，未平仓数为6956张，V/OI值为0.4，交易金额为81720USD，合约行权价是55，到期日为2026/07/10
2026-07-08,US.DRAM,,CALL,70.0,2026-07-17,2500,245000.0,BUY,07-09 00:20,7.9 00:20，出现一笔买入看涨期权交易，成交量为2500张，未平仓数为16749张，V/OI值为0.4，交易金额为245000USD，合约行权价是70，到期日为2026/07/17
2026-07-08,US.DRAM,,CALL,75.0,2026-07-17,2500,110000.0,BUY,07-09 00:20,7.9 00:20，出现一笔买入看涨期权交易，成交量为2500张，未平仓数为35780张，V/OI值为0.1，交易金额为110000USD，合约行权价是75，到期日为2026/07/17
2026-07-08,US.GDS,,CALL,33.0,2026-07-17,302,40773.0,SELL,07-09 02:40,7.9 02:40，出现一笔卖出看涨期权交易，成交量为302张，未平仓数为315张，V/OI值为1.4，交易金额为40773USD，合约行权价是33，到期日为2026/07/17
2026-07-08,US.GFS,,CALL,100.0,2026-08-21,900,107100.0,SELL,07-09 02:30,7.9 02:30，出现一笔卖出看涨期权交易，成交量为900张，未平仓数为1191张，V/OI值为0.8，交易金额为107100USD，合约行权价是100，到期日为2026/08/21
2026-07-08,US.GLW,,CALL,175.0,2026-09-18,236,779272.0,SELL,07-09 03:31,7.9 03:31，出现一笔卖出看涨期权交易，成交量为236张，未平仓数为321张，V/OI值为1.1，交易金额为779272USD，合约行权价是175，到期日为2026/09/18
2026-07-08,US.GOOGL,,CALL,470.0,2026-09-18,1000,148000.0,SELL,07-09 02:46,7.9 02:46，出现一笔卖出看涨期权交易，成交量为1000张，未平仓数为1592张，V/OI值为0.6，交易金额为148000USD，合约行权价是470，到期日为2026/09/18
2026-07-08,US.GOOGL,,PUT,250.0,2027-06-17,1000,757000.0,BUY,07-09 02:07,7.9 02:07，出现一笔买入看跌期权交易，成交量为1000张，未平仓数为3726张，V/OI值为0.3，交易金额为757000USD，合约行权价是250，到期日为2027/06/17
2026-07-08,US.HPE,,CALL,43.0,2026-07-31,798,315210.0,SELL,07-09 02:31,7.9 02:31，出现一笔卖出看涨期权交易，成交量为798张，未平仓数为12张，V/OI值为119，交易金额为315210USD，合约行权价是43，到期日为2026/07/31
2026-07-08,US.HPE,,CALL,45.0,2026-07-17,1045,180785.0,SELL,07-09 01:18,7.9 01:18，出现一笔卖出看涨期权交易，成交量为1045张，未平仓数为1617张，V/OI值为0.7，交易金额为180785USD，合约行权价是45，到期日为2026/07/17
2026-07-08,US.HPE,,PUT,44.5,2026-07-31,896,300160.0,SELL,07-09 00:05,7.9 00:05，出现一笔卖出看跌期权交易，成交量为896张，未平仓数为2张，V/OI值为459，交易金额为300160USD，合约行权价是44.5，到期日为2026/07/31
2026-07-08,US.IBIT,,PUT,33.0,2026-07-17,3410,88660.0,SELL,07-09 00:31,7.9 00:31，出现一笔卖出看跌期权交易，成交量为3410张，未平仓数为20533张，V/OI值为0.3，交易金额为88660USD，合约行权价是33，到期日为2026/07/17
2026-07-08,US.IBIT,,CALL,39.0,2026-08-21,7329,425082.0,SELL,07-09 00:02,7.9 00:02，出现一笔卖出看涨期权交易，成交量为7329张，未平仓数为8451张，V/OI值为0.9，交易金额为425082USD，合约行权价是39，到期日为2026/08/21
2026-07-08,US.IGV,,PUT,91.0,2026-07-24,2000,480000.0,BUY,07-09 00:48,7.9 00:48，出现一笔买入看跌期权交易，成交量为2000张，未平仓数为163张，V/OI值为12.3，交易金额为480000USD，合约行权价是91，到期日为2026/07/24
2026-07-08,US.INTC,,CALL,110.0,2026-08-21,1400,2059400.0,SELL,07-09 03:58,7.9 03:58，出现一笔卖出看涨期权交易，成交量为1400张，未平仓数为11368张，V/OI值为0.3，交易金额为2059400USD，合约行权价是110，到期日为2026/08/21
2026-07-08,US.INTC,,CALL,110.0,2026-07-17,1000,570000.0,SELL,07-09 03:54,7.9 03:54，出现一笔卖出看涨期权交易，成交量为1000张，未平仓数为8975张，V/OI值为1.4，交易金额为570000USD，合约行权价是110，到期日为2026/07/17
2026-07-08,US.INTC,,PUT,90.0,2027-01-15,4000,5920000.0,SELL,07-09 03:52,7.9 03:52，出现一笔卖出看跌期权交易，成交量为4000张，未平仓数为7514张，V/OI值为0.6，交易金额为5920000USD，合约行权价是90，到期日为2027/01/15
2026-07-08,US.INTC,,CALL,110.0,2026-07-13,1739,599900.0,BUY,07-09 03:49,7.9 03:49，出现一笔买入看涨期权交易，成交量为1739张，未平仓数为429张，V/OI值为5.9，交易金额为599900USD，合约行权价是110，到期日为2026/07/13
2026-07-08,US.INTC,,PUT,67.5,2026-08-21,1754,219250.0,SELL,07-09 03:34,7.9 03:34，出现一笔卖出看跌期权交易，成交量为1754张，未平仓数为1505张，V/OI值为1.2，交易金额为219250USD，合约行权价是67.5，到期日为2026/08/21
2026-07-08,US.INTC,,CALL,160.0,2026-08-21,1500,420000.0,BUY,07-09 02:31,7.9 02:31，出现一笔买入看涨期权交易，成交量为1500张，未平仓数为10238张，V/OI值为0.2，交易金额为420000USD，合约行权价是160，到期日为2026/08/21
2026-07-08,US.INTC,,CALL,120.0,2026-07-24,4149,2136735.0,SELL,07-09 01:56,7.9 01:56，出现一笔卖出看涨期权交易，成交量为4149张，未平仓数为2432张，V/OI值为2.4，交易金额为2136735USD，合约行权价是120，到期日为2026/07/24
2026-07-08,US.INTC,,PUT,105.0,2026-08-21,1285,1599825.0,BUY,07-09 01:55,7.9 01:55，出现一笔买入看跌期权交易，成交量为1285张，未平仓数为7457张，V/OI值为0.3，交易金额为1599825USD，合约行权价是105，到期日为2026/08/21
2026-07-08,US.INTC,,CALL,125.0,2026-07-31,1498,792442.0,BUY,07-09 01:53,7.9 01:53，出现一笔买入看涨期权交易，成交量为1498张，未平仓数为2036张，V/OI值为1.4，交易金额为792442USD，合约行权价是125，到期日为2026/07/31
2026-07-08,US.INTC,,PUT,100.0,2026-07-31,1498,1065078.0,SELL,07-09 01:53,7.9 01:53，出现一笔卖出看跌期权交易，成交量为1498张，未平仓数为2227张，V/OI值为1.1，交易金额为1065078USD，合约行权价是100，到期日为2026/07/31
2026-07-08,US.INTC,,PUT,85.0,2026-10-16,1000,815000.0,BUY,07-09 01:53,7.9 01:53，出现一笔买入看跌期权交易，成交量为1000张，未平仓数为939张，V/OI值为3.3，交易金额为815000USD，合约行权价是85，到期日为2026/10/16
2026-07-08,US.INTC,,CALL,110.0,2026-09-18,2000,3250000.0,SELL,07-09 01:13,7.9 01:13，出现一笔卖出看涨期权交易，成交量为2000张，未平仓数为7473张，V/OI值为0.4，交易金额为3250000USD，合约行权价是110，到期日为2026/09/18
2026-07-08,US.INTC,,CALL,120.0,2027-01-15,3000,6780000.0,BUY,07-09 01:06,7.9 01:06，出现一笔买入看涨期权交易，成交量为3000张，未平仓数为10827张，V/OI值为0.3，交易金额为6780000USD，合约行权价是120，到期日为2027/01/15
2026-07-08,US.INTC,,PUT,97.0,2026-07-10,1640,100040.0,SELL,07-09 00:41,7.9 00:41，出现一笔卖出看跌期权交易，成交量为1640张，未平仓数为1142张，V/OI值为1.8，交易金额为100040USD，合约行权价是97，到期日为2026/07/10
2026-07-08,US.INTC,,CALL,110.0,2026-07-17,1000,495000.0,SELL,07-09 00:35,7.9 00:35，出现一笔卖出看涨期权交易，成交量为1000张，未平仓数为8975张，V/OI值为1.1，交易金额为495000USD，合约行权价是110，到期日为2026/07/17
2026-07-08,US.INTC,,CALL,210.0,2026-09-18,1058,165048.0,BUY,07-09 00:19,7.9 00:19，出现一笔买入看涨期权交易，成交量为1058张，未平仓数为765张，V/OI值为2.4，交易金额为165048USD，合约行权价是210，到期日为2026/09/18
2026-07-08,US.INTC,,PUT,65.0,2026-12-18,1550,806000.0,BUY,07-09 00:19,7.9 00:19，出现一笔买入看跌期权交易，成交量为1550张，未平仓数为3500张，V/OI值为0.5，交易金额为806000USD，合约行权价是65，到期日为2026/12/18
2026-07-08,US.INTC,,CALL,110.0,2026-07-17,4879,2049180.0,SELL,07-09 00:06,7.9 00:06，出现一笔卖出看涨期权交易，成交量为4879张，未平仓数为8975张，V/OI值为1，交易金额为2049180USD，合约行权价是110，到期日为2026/07/17
2026-07-08,US.INTU,,PUT,250.0,2026-07-17,743,159748.0,SELL,07-09 00:57,7.9 00:57，出现一笔卖出看跌期权交易，成交量为743张，未平仓数为858张，V/OI值为0.9，交易金额为159748USD，合约行权价是250，到期日为2026/07/17
2026-07-08,US.IREN,,PUT,30.0,2026-07-17,4188,125640.0,SELL,07-09 03:17,7.9 03:17，出现一笔卖出看跌期权交易，成交量为4188张，未平仓数为7273张，V/OI值为0.6，交易金额为125640USD，合约行权价是30，到期日为2026/07/17
2026-07-08,US.IREN,,PUT,34.0,2026-07-17,10000,920000.0,BUY,07-09 03:03,7.9 03:03，出现一笔买入看跌期权交易，成交量为10000张，未平仓数为19569张，V/OI值为0.5，交易金额为920000USD，合约行权价是34，到期日为2026/07/17
2026-07-08,US.IREN,,PUT,38.5,2026-07-10,2007,130455.0,BUY,07-09 02:40,7.9 02:40，出现一笔买入看跌期权交易，成交量为2007张，未平仓数为9187张，V/OI值为0.8，交易金额为130455USD，合约行权价是38.5，到期日为2026/07/10
2026-07-08,US.IREN,,PUT,38.5,2026-07-10,1762,114530.0,SELL,07-09 02:40,7.9 02:40，出现一笔卖出看跌期权交易，成交量为1762张，未平仓数为9187张，V/OI值为0.6，交易金额为114530USD，合约行权价是38.5，到期日为2026/07/10
2026-07-08,US.IREN,,PUT,47.0,2026-08-21,1000,1058212.0,BUY,07-09 01:43,7.9 01:43，出现一笔买入看跌期权交易，成交量为1000张，未平仓数为677张，V/OI值为1.5，交易金额为1058212USD，合约行权价是47，到期日为2026/08/21
2026-07-08,US.IWM,,PUT,290.0,2026-07-17,4000,996000.0,BUY,07-09 04:13,7.9 04:13，出现一笔买入看跌期权交易，成交量为4000张，未平仓数为164228张，V/OI值为0.2，交易金额为996000USD，合约行权价是290，到期日为2026/07/17
2026-07-08,US.IWM,,PUT,284.0,2026-07-17,5000,535000.0,BUY,07-09 04:03,7.9 04:03，出现一笔买入看跌期权交易，成交量为5000张，未平仓数为39489张，V/OI值为1.3，交易金额为535000USD，合约行权价是284，到期日为2026/07/17
2026-07-08,US.IWM,,PUT,285.0,2026-07-17,5000,605000.0,SELL,07-09 04:03,7.9 04:03，出现一笔卖出看跌期权交易，成交量为5000张，未平仓数为105986张，V/OI值为0.6，交易金额为605000USD，合约行权价是285，到期日为2026/07/17
2026-07-08,US.IWM,,PUT,284.0,2026-07-17,4000,432000.0,BUY,07-09 04:03,7.9 04:03，出现一笔买入看跌期权交易，成交量为4000张，未平仓数为39489张，V/OI值为1.1，交易金额为432000USD，合约行权价是284，到期日为2026/07/17
2026-07-08,US.IWM,,CALL,297.0,2026-07-10,4015,168630.0,SELL,07-09 03:28,7.9 03:28，出现一笔卖出看涨期权交易，成交量为4015张，未平仓数为1018张，V/OI值为6.4，交易金额为168630USD，合约行权价是297，到期日为2026/07/10
2026-07-08,US.IWM,,PUT,265.0,2027-01-15,3632,2800272.0,BUY,07-09 02:17,7.9 02:17，出现一笔买入看跌期权交易，成交量为3632张，未平仓数为16324张，V/OI值为0.6，交易金额为2800272USD，合约行权价是265，到期日为2027/01/15
2026-07-08,US.IWM,,PUT,272.0,2026-07-31,3886,411916.0,BUY,07-09 01:27,7.9 01:27，出现一笔买入看跌期权交易，成交量为3886张，未平仓数为177张，V/OI值为22.1，交易金额为411916USD，合约行权价是272，到期日为2026/07/31
2026-07-08,US.IWM,,CALL,300.0,2026-07-10,10032,100320.0,BUY,07-09 00:51,7.9 00:51，出现一笔买入看涨期权交易，成交量为10032张，未平仓数为3468张，V/OI值为4.6，交易金额为100320USD，合约行权价是300，到期日为2026/07/10
2026-07-08,US.IWM,,PUT,290.0,2026-07-17,4000,1068000.0,BUY,07-09 00:48,7.9 00:48，出现一笔买入看跌期权交易，成交量为4000张，未平仓数为164228张，V/OI值为0.2，交易金额为1068000USD，合约行权价是290，到期日为2026/07/17
2026-07-08,US.IWM,,CALL,293.0,2026-07-08,5509,137660.0,SELL,07-09 00:38,7.9 00:38，出现一笔卖出看涨期权交易，成交量为5509张，未平仓数为105张，V/OI值为500.9，交易金额为137660USD，合约行权价是293，到期日为2026/07/08
2026-07-08,US.IWM,,PUT,284.0,2026-07-17,4669,733033.0,SELL,07-09 00:10,7.9 00:10，出现一笔卖出看跌期权交易，成交量为4669张，未平仓数为39489张，V/OI值为0.8，交易金额为733033USD，合约行权价是284，到期日为2026/07/17
2026-07-08,US.MARA,,CALL,13.5,2026-07-17,6124,128604.0,BUY,07-09 03:06,7.9 03:06，出现一笔买入看涨期权交易，成交量为6124张，未平仓数为2483张，V/OI值为13.3，交易金额为128604USD，合约行权价是13.5，到期日为2026/07/17
2026-07-08,US.MARA,,CALL,13.5,2026-07-17,4119,86499.0,BUY,07-09 03:06,7.9 03:06，出现一笔买入看涨期权交易，成交量为4119张，未平仓数为2483张，V/OI值为10.8，交易金额为86499USD，合约行权价是13.5，到期日为2026/07/17
2026-07-08,US.MARA,,CALL,12.5,2026-07-17,6124,269456.0,SELL,07-09 03:06,7.9 03:06，出现一笔卖出看涨期权交易，成交量为6124张，未平仓数为788张，V/OI值为41.9，交易金额为269456USD，合约行权价是12.5，到期日为2026/07/17
2026-07-08,US.MARA,,CALL,12.5,2026-07-17,4119,181236.0,SELL,07-09 03:06,7.9 03:06，出现一笔卖出看涨期权交易，成交量为4119张，未平仓数为788张，V/OI值为34.1，交易金额为181236USD，合约行权价是12.5，到期日为2026/07/17
2026-07-08,US.MARA,,CALL,13.5,2026-07-17,4950,94050.0,BUY,07-09 00:36,7.9 00:36，出现一笔买入看涨期权交易，成交量为4950张，未平仓数为2483张，V/OI值为8.8，交易金额为94050USD，合约行权价是13.5，到期日为2026/07/17
2026-07-08,US.MARA,,CALL,12.5,2026-07-17,4950,188100.0,SELL,07-09 00:36,7.9 00:36，出现一笔卖出看涨期权交易，成交量为4950张，未平仓数为788张，V/OI值为27.5，交易金额为188100USD，合约行权价是12.5，到期日为2026/07/17
2026-07-08,US.META,,CALL,750.0,2027-01-15,2500,8000000.0,BUY,07-09 03:55,7.9 03:55，出现一笔买入看涨期权交易，成交量为2500张，未平仓数为210672张，V/OI值为0，交易金额为8000000USD，合约行权价是750，到期日为2027/01/15
2026-07-08,US.META,,CALL,700.0,2027-01-15,2500,11000000.0,BUY,07-09 03:55,7.9 03:55，出现一笔买入看涨期权交易，成交量为2500张，未平仓数为113102张，V/OI值为0，交易金额为11000000USD，合约行权价是700，到期日为2027/01/15
2026-07-08,US.META,,PUT,600.0,2026-07-08,1005,194964.0,SELL,07-09 03:28,7.9 03:28，出现一笔卖出看跌期权交易，成交量为1005张，未平仓数为1763张，V/OI值为14.3，交易金额为194964USD，合约行权价是600，到期日为2026/07/08
2026-07-08,US.META,,CALL,1010.0,2026-09-18,1500,151500.0,BUY,07-09 02:53,7.9 02:53，出现一笔买入看涨期权交易，成交量为1500张，未平仓数为100张，V/OI值为15.4，交易金额为151500USD，合约行权价是1010，到期日为2026/09/18
2026-07-08,US.MSFT,,CALL,385.0,2026-07-08,9210,92102.0,SELL,07-09 03:17,7.9 03:17，出现一笔卖出看涨期权交易，成交量为9210张，未平仓数为635张，V/OI值为90.8，交易金额为92102USD，合约行权价是385，到期日为2026/07/08
2026-07-08,US.MSFT,,CALL,450.0,2027-01-15,1100,2235200.0,SELL,07-09 03:12,7.9 03:12，出现一笔卖出看涨期权交易，成交量为1100张，未平仓数为21683张，V/OI值为0.1，交易金额为2235200USD，合约行权价是450，到期日为2027/01/15
2026-07-08,US.MSFT,,PUT,230.0,2027-06-17,1500,603000.0,SELL,07-09 01:18,7.9 01:18，出现一笔卖出看跌期权交易，成交量为1500张，未平仓数为392张，V/OI值为3.8，交易金额为603000USD，合约行权价是230，到期日为2027/06/17
2026-07-08,US.MSTR,,CALL,106.0,2026-07-10,2500,80000.0,BUY,07-09 02:41,7.9 02:41，出现一笔买入看涨期权交易，成交量为2500张，未平仓数为15994张，V/OI值为0.2，交易金额为80000USD，合约行权价是106，到期日为2026/07/10
2026-07-08,US.MSTR,,CALL,98.5,2026-07-17,2500,935000.0,SELL,07-09 02:38,7.9 02:38，出现一笔卖出看涨期权交易，成交量为2500张，未平仓数为235张，V/OI值为10.8，交易金额为935000USD，合约行权价是98.5，到期日为2026/07/17
2026-07-08,US.MSTR,,CALL,105.0,2026-07-17,2500,490000.0,BUY,07-09 02:38,7.9 02:38，出现一笔买入看涨期权交易，成交量为2500张，未平仓数为3333张，V/OI值为1.6，交易金额为490000USD，合约行权价是105，到期日为2026/07/17
2026-07-08,US.MSTR,,PUT,50.0,2027-12-17,5000,6375000.0,SELL,07-09 02:36,7.9 02:36，出现一笔卖出看跌期权交易，成交量为5000张，未平仓数为12026张，V/OI值为0.4，交易金额为6375000USD，合约行权价是50，到期日为2027/12/17
2026-07-08,US.NBIS,,PUT,210.0,2026-09-18,5400,24732000.0,BUY,07-09 03:24,7.9 03:24，出现一笔买入看跌期权交易，成交量为5400张，未平仓数为2192张，V/OI值为2.5，交易金额为24732000USD，合约行权价是210，到期日为2026/09/18
2026-07-08,US.NBIS,,CALL,240.0,2026-08-21,3000,8223000.0,SELL,07-09 01:29,7.9 01:29，出现一笔卖出看涨期权交易，成交量为3000张，未平仓数为738张，V/OI值为5.6，交易金额为8223000USD，合约行权价是240，到期日为2026/08/21
2026-07-08,US.NBIS,,CALL,240.0,2026-08-21,1000,2740000.0,SELL,07-09 01:29,7.9 01:29，出现一笔卖出看涨期权交易，成交量为1000张，未平仓数为738张，V/OI值为1.5，交易金额为2740000USD，合约行权价是240，到期日为2026/08/21
2026-07-08,US.NBIS,,PUT,180.0,2026-08-21,1000,2387000.0,SELL,07-09 01:29,7.9 01:29，出现一笔卖出看跌期权交易，成交量为1000张，未平仓数为3383张，V/OI值为0.3，交易金额为2387000USD，合约行权价是180，到期日为2026/08/21
2026-07-08,US.NET,,CALL,360.0,2026-09-18,284,275477.0,BUY,07-09 03:40,7.9 03:40，出现一笔买入看涨期权交易，成交量为284张，未平仓数为1559张，V/OI值为0.2，交易金额为275477USD，合约行权价是360，到期日为2026/09/18
2026-07-08,US.NET,,CALL,290.0,2026-08-21,800,1508000.0,SELL,07-09 02:38,7.9 02:38，出现一笔卖出看涨期权交易，成交量为800张，未平仓数为408张，V/OI值为2，交易金额为1508000USD，合约行权价是290，到期日为2026/08/21
2026-07-08,US.NET,,CALL,260.0,2026-07-10,425,463252.0,SELL,07-09 02:28,7.9 02:28，出现一笔卖出看涨期权交易，成交量为425张，未平仓数为170张，V/OI值为3，交易金额为463252USD，合约行权价是260，到期日为2026/07/10
2026-07-08,US.NOK,,PUT,12.5,2026-07-10,1999,139258.0,SELL,07-09 03:38,7.9 03:38，出现一笔卖出看跌期权交易，成交量为1999张，未平仓数为5176张，V/OI值为0.8，交易金额为139258USD，合约行权价是12.5，到期日为2026/07/10
2026-07-08,US.NOK,,PUT,9.0,2026-12-18,3000,246000.0,SELL,07-09 03:07,7.9 03:07，出现一笔卖出看跌期权交易，成交量为3000张，未平仓数为3611张，V/OI值为0.9，交易金额为246000USD，合约行权价是9，到期日为2026/12/18
2026-07-08,US.NOK,,PUT,12.0,2027-01-15,1000,242000.0,SELL,07-09 01:55,7.9 01:55，出现一笔卖出看跌期权交易，成交量为1000张，未平仓数为7065张，V/OI值为0.1，交易金额为242000USD，合约行权价是12，到期日为2027/01/15
2026-07-08,US.NOK,,PUT,10.0,2026-09-18,4000,292000.0,SELL,07-09 00:27,7.9 00:27，出现一笔卖出看跌期权交易，成交量为4000张，未平仓数为35804张，V/OI值为0.1，交易金额为292000USD，合约行权价是10，到期日为2026/09/18
2026-07-08,US.NVDA,,CALL,205.0,2026-07-10,3999,1019745.0,SELL,07-09 03:20,7.9 03:20，出现一笔卖出看涨期权交易，成交量为3999张，未平仓数为72559张，V/OI值为2.1，交易金额为1019745USD，合约行权价是205，到期日为2026/07/10
2026-07-08,US.NVDA,,CALL,217.5,2026-07-17,3999,543864.0,SELL,07-09 03:20,7.9 03:20，出现一笔卖出看涨期权交易，成交量为3999张，未平仓数为5078张，V/OI值为1.8，交易金额为543864USD，合约行权价是217.5，到期日为2026/07/17
2026-07-08,US.NVDA,,CALL,200.0,2026-07-10,3999,2255436.0,SELL,07-09 03:20,7.9 03:20，出现一笔卖出看涨期权交易，成交量为3999张，未平仓数为63809张，V/OI值为2，交易金额为2255436USD，合约行权价是200，到期日为2026/07/10
2026-07-08,US.NVDA,,CALL,200.0,2026-07-08,2865,1260600.0,SELL,07-09 03:19,7.9 03:19，出现一笔卖出看涨期权交易，成交量为2865张，未平仓数为33985张，V/OI值为18.8，交易金额为1260600USD，合约行权价是200，到期日为2026/07/08
2026-07-08,US.NVDA,,CALL,212.5,2026-07-10,5000,185000.0,SELL,07-09 02:53,7.9 02:53，出现一笔卖出看涨期权交易，成交量为5000张，未平仓数为7068张，V/OI值为3.7，交易金额为185000USD，合约行权价是212.5，到期日为2026/07/10
2026-07-08,US.NVDA,,CALL,202.5,2026-07-10,5000,1625000.0,SELL,07-09 02:53,7.9 02:53，出现一笔卖出看涨期权交易，成交量为5000张，未平仓数为39549张，V/OI值为1.8，交易金额为1625000USD，合约行权价是202.5，到期日为2026/07/10
2026-07-08,US.NVDA,,CALL,197.5,2026-07-10,5000,3380000.0,SELL,07-09 02:53,7.9 02:53，出现一笔卖出看涨期权交易，成交量为5000张，未平仓数为37091张，V/OI值为1.3，交易金额为3380000USD，合约行权价是197.5，到期日为2026/07/10
2026-07-08,US.NVDA,,CALL,207.5,2026-07-10,5000,615000.0,SELL,07-09 02:53,7.9 02:53，出现一笔卖出看涨期权交易，成交量为5000张，未平仓数为24173张，V/OI值为2，交易金额为615000USD，合约行权价是207.5，到期日为2026/07/10
2026-07-08,US.NVDA,,CALL,212.5,2026-07-10,2500,90000.0,BUY,07-09 02:47,7.9 02:47，出现一笔买入看涨期权交易，成交量为2500张，未平仓数为7068张，V/OI值为2.9，交易金额为90000USD，合约行权价是212.5，到期日为2026/07/10
2026-07-08,US.NVDA,,CALL,202.5,2026-07-20,5049,3054611.0,BUY,07-09 02:36,7.9 02:36，出现一笔买入看涨期权交易，成交量为5049张，未平仓数为188张，V/OI值为51.4，交易金额为3054611USD，合约行权价是202.5，到期日为2026/07/20
2026-07-08,US.NVDA,,CALL,202.5,2026-07-20,4001,2420585.0,BUY,07-09 02:28,7.9 02:28，出现一笔买入看涨期权交易，成交量为4001张，未平仓数为188张，V/OI值为22.6，交易金额为2420585USD，合约行权价是202.5，到期日为2026/07/20
2026-07-08,US.NVDA,,PUT,130.0,2026-12-18,3000,609000.0,SELL,07-09 02:28,7.9 02:28，出现一笔卖出看跌期权交易，成交量为3000张，未平仓数为11063张，V/OI值为0.3，交易金额为609000USD，合约行权价是130，到期日为2026/12/18
2026-07-08,US.NVDA,,CALL,260.0,2026-11-20,3000,1859990.0,BUY,07-09 02:26,7.9 02:26，出现一笔买入看涨期权交易，成交量为3000张，未平仓数为8212张，V/OI值为0.4，交易金额为1859990USD，合约行权价是260，到期日为2026/11/20
2026-07-08,US.NVDA,,CALL,200.0,2026-07-13,4564,2259133.0,BUY,07-09 02:09,7.9 02:09，出现一笔买入看涨期权交易，成交量为4564张，未平仓数为3976张，V/OI值为5.4，交易金额为2259133USD，合约行权价是200，到期日为2026/07/13
2026-07-08,US.NVDA,,CALL,207.5,2026-07-10,5000,565000.0,SELL,07-09 01:33,7.9 01:33，出现一笔卖出看涨期权交易，成交量为5000张，未平仓数为24173张，V/OI值为1.2，交易金额为565000USD，合约行权价是207.5，到期日为2026/07/10
2026-07-08,US.NVDA,,CALL,212.5,2026-07-10,5000,175000.0,SELL,07-09 01:33,7.9 01:33，出现一笔卖出看涨期权交易，成交量为5000张，未平仓数为7068张，V/OI值为1.5，交易金额为175000USD，合约行权价是212.5，到期日为2026/07/10
2026-07-08,US.NVDA,,CALL,202.5,2026-07-10,5000,1500000.0,SELL,07-09 01:33,7.9 01:33，出现一笔卖出看涨期权交易，成交量为5000张，未平仓数为39549张，V/OI值为1.3，交易金额为1500000USD，合约行权价是202.5，到期日为2026/07/10
2026-07-08,US.NVDA,,CALL,197.5,2026-07-10,5000,3190000.0,SELL,07-09 01:33,7.9 01:33，出现一笔卖出看涨期权交易，成交量为5000张，未平仓数为37091张，V/OI值为1.1，交易金额为3190000USD，合约行权价是197.5，到期日为2026/07/10
2026-07-08,US.NVDA,,CALL,197.5,2026-07-13,3712,1688940.0,BUY,07-09 00:34,7.9 00:34，出现一笔买入看涨期权交易，成交量为3712张，未平仓数为1228张，V/OI值为5.5，交易金额为1688940USD，合约行权价是197.5，到期日为2026/07/13
2026-07-08,US.NVDA,,PUT,190.0,2026-07-17,5000,1010000.0,BUY,07-09 00:13,7.9 00:13，出现一笔买入看跌期权交易，成交量为5000张，未平仓数为45184张，V/OI值为0.2，交易金额为1010000USD，合约行权价是190，到期日为2026/07/17
2026-07-08,US.NVDA,,CALL,190.0,2026-07-17,5000,5355000.0,SELL,07-09 00:13,7.9 00:13，出现一笔卖出看涨期权交易，成交量为5000张，未平仓数为28078张，V/OI值为0.2，交易金额为5355000USD，合约行权价是190，到期日为2026/07/17
2026-07-08,US.OKLO,,PUT,55.0,2026-08-21,548,627479.0,SELL,07-09 01:50,7.9 01:50，出现一笔卖出看跌期权交易，成交量为548张，未平仓数为3727张，V/OI值为0.2，交易金额为627479USD，合约行权价是55，到期日为2026/08/21
2026-07-08,US.OKLO,,CALL,210.0,2028-01-21,491,389306.0,SELL,07-09 00:16,7.9 00:16，出现一笔卖出看涨期权交易，成交量为491张，未平仓数为279张，V/OI值为1.8，交易金额为389306USD，合约行权价是210，到期日为2028/01/21
2026-07-08,US.ORCL,,CALL,146.0,2026-07-10,1796,132904.0,BUY,07-09 03:39,7.9 03:39，出现一笔买入看涨期权交易，成交量为1796张，未平仓数为1461张，V/OI值为2.4，交易金额为132904USD，合约行权价是146，到期日为2026/07/10
2026-07-08,US.ORCL,,CALL,144.0,2026-07-10,1700,190398.0,BUY,07-09 03:39,7.9 03:39，出现一笔买入看涨期权交易，成交量为1700张，未平仓数为949张，V/OI值为2.6，交易金额为190398USD，合约行权价是144，到期日为2026/07/10
2026-07-08,US.ORCL,,CALL,145.0,2026-07-17,1959,564192.0,SELL,07-09 02:12,7.9 02:12，出现一笔卖出看涨期权交易，成交量为1959张，未平仓数为5115张，V/OI值为0.9，交易金额为564192USD，合约行权价是145，到期日为2026/07/17
2026-07-08,US.ORCL,,CALL,145.0,2026-07-24,1749,724086.0,BUY,07-09 00:05,7.9 00:05，出现一笔买入看涨期权交易，成交量为1749张，未平仓数为470张，V/OI值为4，交易金额为724086USD，合约行权价是145，到期日为2026/07/24
2026-07-08,US.ORCL,,CALL,160.0,2026-07-24,1749,206382.0,SELL,07-09 00:05,7.9 00:05，出现一笔卖出看涨期权交易，成交量为1749张，未平仓数为753张，V/OI值为2.7，交易金额为206382USD，合约行权价是160，到期日为2026/07/24
2026-07-08,US.ORCL,,CALL,250.0,2027-01-15,2600,1170000.0,SELL,07-09 00:00,7.9 00:00，出现一笔卖出看涨期权交易，成交量为2600张，未平仓数为11232张，V/OI值为0.2，交易金额为1170000USD，合约行权价是250，到期日为2027/01/15
2026-07-08,US.ORCL,,CALL,150.0,2027-01-15,2600,5665400.0,BUY,07-09 00:00,7.9 00:00，出现一笔买入看涨期权交易，成交量为2600张，未平仓数为3612张，V/OI值为0.8，交易金额为5665400USD，合约行权价是150，到期日为2027/01/15
2026-07-08,US.PANW,,CALL,320.0,2026-07-24,307,448205.0,BUY,07-09 03:12,7.9 03:12，出现一笔买入看涨期权交易，成交量为307张，未平仓数为57张，V/OI值为7，交易金额为448205USD，合约行权价是320，到期日为2026/07/24
2026-07-08,US.PANW,,PUT,340.0,2026-09-18,447,1969040.0,SELL,07-09 02:17,7.9 02:17，出现一笔卖出看跌期权交易，成交量为447张，未平仓数为121张，V/OI值为6.6，交易金额为1969040USD，合约行权价是340，到期日为2026/09/18
2026-07-08,US.PANW,,PUT,340.0,2026-09-18,300,1287000.0,SELL,07-09 01:28,7.9 01:28，出现一笔卖出看跌期权交易，成交量为300张，未平仓数为121张，V/OI值为2.6，交易金额为1287000USD，合约行权价是340，到期日为2026/09/18
2026-07-08,US.PLTR,,CALL,175.0,2026-08-21,1051,148191.0,BUY,07-09 03:13,7.9 03:13，出现一笔买入看涨期权交易，成交量为1051张，未平仓数为6055张，V/OI值为0.3，交易金额为148191USD，合约行权价是175，到期日为2026/08/21
2026-07-08,US.PLTR,,CALL,85.0,2026-09-18,4400,20825200.0,BUY,07-09 03:05,7.9 03:05，出现一笔买入看涨期权交易，成交量为4400张，未平仓数为5328张，V/OI值为0.8，交易金额为20825200USD，合约行权价是85，到期日为2026/09/18
2026-07-08,US.PLTR,,CALL,95.0,2026-07-17,4400,15844400.0,BUY,07-09 03:05,7.9 03:05，出现一笔买入看涨期权交易，成交量为4400张，未平仓数为4743张，V/OI值为1，交易金额为15844400USD，合约行权价是95，到期日为2026/07/17
2026-07-08,US.PLTR,,PUT,130.0,2026-09-18,1000,1255000.0,SELL,07-09 02:30,7.9 02:30，出现一笔卖出看跌期权交易，成交量为1000张，未平仓数为12427张，V/OI值为0.1，交易金额为1255000USD，合约行权价是130，到期日为2026/09/18
2026-07-08,US.QCOM,,PUT,210.0,2026-09-18,1500,5542500.0,SELL,07-09 02:53,7.9 02:53，出现一笔卖出看跌期权交易，成交量为1500张，未平仓数为1293张，V/OI值为1.2，交易金额为5542500USD，合约行权价是210，到期日为2026/09/18
2026-07-08,US.QCOM,,PUT,165.0,2027-03-19,2250,5850000.0,SELL,07-09 02:53,7.9 02:53，出现一笔卖出看跌期权交易，成交量为2250张，未平仓数为244张，V/OI值为9.2，交易金额为5850000USD，合约行权价是165，到期日为2027/03/19
2026-07-08,US.RDDT,,CALL,210.0,2026-08-21,200,337000.0,BUY,07-09 03:03,7.9 03:03，出现一笔买入看涨期权交易，成交量为200张，未平仓数为1027张，V/OI值为1，交易金额为337000USD，合约行权价是210，到期日为2026/08/21
2026-07-08,US.RDDT,,CALL,210.0,2026-08-21,300,504000.0,BUY,07-09 02:57,7.9 02:57，出现一笔买入看涨期权交易，成交量为300张，未平仓数为1027张，V/OI值为0.8，交易金额为504000USD，合约行权价是210，到期日为2026/08/21
2026-07-08,US.RDDT,,CALL,210.0,2026-08-21,200,337000.0,BUY,07-09 02:52,7.9 02:52，出现一笔买入看涨期权交易，成交量为200张，未平仓数为1027张，V/OI值为0.3，交易金额为337000USD，合约行权价是210，到期日为2026/08/21
2026-07-08,US.SMCI,,CALL,29.0,2026-07-31,4962,1066830.0,BUY,07-09 03:57,7.9 03:57，出现一笔买入看涨期权交易，成交量为4962张，未平仓数为6423张，V/OI值为0.9，交易金额为1066830USD，合约行权价是29，到期日为2026/07/31
2026-07-08,US.SNOW,,CALL,360.0,2026-09-18,500,315013.0,SELL,07-09 02:20,7.9 02:20，出现一笔卖出看涨期权交易，成交量为500张，未平仓数为416张，V/OI值为1.2，交易金额为315013USD，合约行权价是360，到期日为2026/09/18
2026-07-08,US.SOFI,,CALL,18.0,2026-07-17,1598,81498.0,BUY,07-09 03:36,7.9 03:36，出现一笔买入看涨期权交易，成交量为1598张，未平仓数为24893张，V/OI值为0.2，交易金额为81498USD，合约行权价是18，到期日为2026/07/17
2026-07-08,US.TEAM,,PUT,85.0,2026-09-18,154,170940.0,SELL,07-09 03:17,7.9 03:17，出现一笔卖出看跌期权交易，成交量为154张，未平仓数为956张，V/OI值为0.2，交易金额为170940USD，合约行权价是85，到期日为2026/09/18
2026-07-08,US.TEAM,,CALL,90.0,2026-08-21,200,160000.0,SELL,07-09 03:11,7.9 03:11，出现一笔卖出看涨期权交易，成交量为200张，未平仓数为826张，V/OI值为0.3，交易金额为160000USD，合约行权价是90，到期日为2026/08/21
2026-07-08,US.TSLA,,PUT,360.0,2026-09-18,1600,2568000.0,SELL,07-09 03:58,7.9 03:58，出现一笔卖出看跌期权交易，成交量为1600张，未平仓数为5788张，V/OI值为0.3，交易金额为2568000USD，合约行权价是360，到期日为2026/09/18
2026-07-08,US.TSLA,,PUT,380.0,2026-07-31,1600,2072000.0,BUY,07-09 03:58,7.9 03:58，出现一笔买入看跌期权交易，成交量为1600张，未平仓数为1293张，V/OI值为1.4，交易金额为2072000USD，合约行权价是380，到期日为2026/07/31
2026-07-08,US.TSLA,,CALL,427.5,2026-07-13,2592,184032.0,BUY,07-09 03:51,7.9 03:51，出现一笔买入看涨期权交易，成交量为2592张，未平仓数为542张，V/OI值为21.8，交易金额为184032USD，合约行权价是427.5，到期日为2026/07/13
2026-07-08,US.TSLA,,PUT,395.0,2026-07-08,1403,315676.0,SELL,07-09 03:30,7.9 03:30，出现一笔卖出看跌期权交易，成交量为1403张，未平仓数为3786张，V/OI值为31.6，交易金额为315676USD，合约行权价是395，到期日为2026/07/08
2026-07-08,US.TSLA,,CALL,405.0,2026-07-15,1112,583787.0,BUY,07-09 00:26,7.9 00:26，出现一笔买入看涨期权交易，成交量为1112张，未平仓数为355张，V/OI值为6.1，交易金额为583787USD，合约行权价是405，到期日为2026/07/15
2026-07-08,US.TSM,,CALL,502.5,2026-07-17,1132,179988.0,SELL,07-09 00:07,7.9 00:07，出现一笔卖出看涨期权交易，成交量为1132张，未平仓数为0张，V/OI值为0，交易金额为179988USD，合约行权价是502.5，到期日为2026/07/17
2026-07-08,US.VST,,CALL,190.0,2026-11-20,200,201600.0,BUY,07-09 03:42,7.9 03:42，出现一笔买入看涨期权交易，成交量为200张，未平仓数为44张，V/OI值为92，交易金额为201600USD，合约行权价是190，到期日为2026/11/20
2026-07-08,US.VST,,CALL,190.0,2026-11-20,538,529392.0,BUY,07-09 03:40,7.9 03:40，出现一笔买入看涨期权交易，成交量为538张，未平仓数为44张，V/OI值为71.3，交易金额为529392USD，合约行权价是190，到期日为2026/11/20
2026-07-08,US.VST,,CALL,190.0,2026-11-20,598,587834.0,BUY,07-09 03:40,7.9 03:40，出现一笔买入看涨期权交易，成交量为598张，未平仓数为44张，V/OI值为59，交易金额为587834USD，合约行权价是190，到期日为2026/11/20
2026-07-08,US.VST,,CALL,190.0,2026-11-20,498,491028.0,BUY,07-09 03:40,7.9 03:40，出现一笔买入看涨期权交易，成交量为498张，未平仓数为44张，V/OI值为45.4，交易金额为491028USD，合约行权价是190，到期日为2026/11/20
2026-07-08,US.VST,,CALL,190.0,2026-11-20,500,494000.0,BUY,07-09 03:40,7.9 03:40，出现一笔买入看涨期权交易，成交量为500张，未平仓数为44张，V/OI值为34.1，交易金额为494000USD，合约行权价是190，到期日为2026/11/20
2026-07-08,US.VST,,CALL,190.0,2026-11-20,598,581256.0,BUY,07-09 03:39,7.9 03:39，出现一笔买入看涨期权交易，成交量为598张，未平仓数为44张，V/OI值为22.7，交易金额为581256USD，合约行权价是190，到期日为2026/11/20
2026-07-08,US.VST,,CALL,190.0,2026-11-20,400,390800.0,SELL,07-09 03:38,7.9 03:38，出现一笔卖出看涨期权交易，成交量为400张，未平仓数为44张，V/OI值为9.1，交易金额为390800USD，合约行权价是190，到期日为2026/11/20
2026-07-08,US.VST,,CALL,185.0,2026-12-18,960,1158720.0,BUY,07-09 02:33,7.9 02:33，出现一笔买入看涨期权交易，成交量为960张，未平仓数为168张，V/OI值为17.9，交易金额为1158720USD，合约行权价是185，到期日为2026/12/18
2026-07-08,US.VST,,CALL,235.0,2026-12-18,960,400320.0,SELL,07-09 02:33,7.9 02:33，出现一笔卖出看涨期权交易，成交量为960张，未平仓数为28张，V/OI值为92.7，交易金额为400320USD，合约行权价是235，到期日为2026/12/18
2026-07-08,US.VST,,CALL,185.0,2026-12-18,199,237407.0,BUY,07-09 02:29,7.9 02:29，出现一笔买入看涨期权交易，成交量为199张，未平仓数为168张，V/OI值为3.6，交易金额为237407USD，合约行权价是185，到期日为2026/12/18
2026-07-08,US.VST,,CALL,185.0,2026-12-18,200,238600.0,BUY,07-09 02:29,7.9 02:29，出现一笔买入看涨期权交易，成交量为200张，未平仓数为168张，V/OI值为2.4，交易金额为238600USD，合约行权价是185，到期日为2026/12/18
2026-07-08,US.VST,,CALL,190.0,2026-09-18,20000,8800000.0,SELL,07-09 02:24,7.9 02:24，出现一笔卖出看涨期权交易，成交量为20000张，未平仓数为22723张，V/OI值为0.9，交易金额为8800000USD，合约行权价是190，到期日为2026/09/18
2026-07-08,US.VST,,CALL,200.0,2026-09-18,12500,3975000.0,SELL,07-09 02:24,7.9 02:24，出现一笔卖出看涨期权交易，成交量为12500张，未平仓数为5902张，V/OI值为2.1，交易金额为3975000USD，合约行权价是200，到期日为2026/09/18
2026-07-08,US.VST,,CALL,215.0,2026-09-18,20000,4000000.0,SELL,07-09 02:24,7.9 02:24，出现一笔卖出看涨期权交易，成交量为20000张，未平仓数为20100张，V/OI值为1，交易金额为4000000USD，合约行权价是215，到期日为2026/09/18
2026-07-08,US.VST,,CALL,175.0,2026-09-18,12500,9225000.0,BUY,07-09 02:24,7.9 02:24，出现一笔买入看涨期权交易，成交量为12500张，未平仓数为5681张，V/OI值为2.2，交易金额为9225000USD，合约行权价是175，到期日为2026/09/18
2026-07-10,US.AAPL,,CALL,317.5,2026-07-13,1000,88154.0,SELL,07-11 03:55,7.11 03:55，出现一笔卖出看涨期权交易，成交量为1000张，未平仓数为3035张，V/OI值为10.1，交易金额为88154USD，合约行权价是317.5，到期日为2026/07/13
2026-07-10,US.AAPL,,PUT,315.0,2026-07-13,1190,151130.0,SELL,07-11 03:54,7.11 03:54，出现一笔卖出看跌期权交易，成交量为1190张，未平仓数为1748张，V/OI值为5.6，交易金额为151130USD，合约行权价是315，到期日为2026/07/13
2026-07-10,US.AAPL,,CALL,320.0,2026-09-18,1320,1874456.0,SELL,07-11 03:39,7.11 03:39，出现一笔卖出看涨期权交易，成交量为1320张，未平仓数为36715张，V/OI值为0.1，交易金额为1874456USD，合约行权价是320，到期日为2026/09/18
2026-07-10,US.AAPL,,CALL,257.5,2026-07-10,1000,5860000.0,SELL,07-11 03:29,7.11 03:29，出现一笔卖出看涨期权交易，成交量为1000张，未平仓数为1002张，V/OI值为1.3，交易金额为5860000USD，合约行权价是257.5，到期日为2026/07/10
2026-07-10,US.AAPL,,CALL,257.5,2026-07-17,1000,5883000.0,BUY,07-11 03:29,7.11 03:29，出现一笔买入看涨期权交易，成交量为1000张，未平仓数为0张，V/OI值为0，交易金额为5883000USD，合约行权价是257.5，到期日为2026/07/17
2026-07-10,US.AAPL,,CALL,320.0,2026-07-15,1178,208506.0,SELL,07-11 03:27,7.11 03:27，出现一笔卖出看涨期权交易，成交量为1178张，未平仓数为1341张，V/OI值为8.4，交易金额为208506USD，合约行权价是320，到期日为2026/07/15
2026-07-10,US.AAPL,,CALL,320.0,2026-07-15,1019,184483.0,SELL,07-11 03:23,7.11 03:23，出现一笔卖出看涨期权交易，成交量为1019张，未平仓数为1341张，V/OI值为7.1，交易金额为184483USD，合约行权价是320，到期日为2026/07/15
2026-07-10,US.AAPL,,CALL,320.0,2026-07-15,5000,814996.0,BUY,07-11 03:18,7.11 03:18，出现一笔买入看涨期权交易，成交量为5000张，未平仓数为1341张，V/OI值为5.7，交易金额为814996USD，合约行权价是320，到期日为2026/07/15
2026-07-10,US.AAPL,,CALL,380.0,2027-06-17,1000,1485000.0,SELL,07-11 03:13,7.11 03:13，出现一笔卖出看涨期权交易，成交量为1000张，未平仓数为2479张，V/OI值为0.5，交易金额为1485000USD，合约行权价是380，到期日为2027/06/17
2026-07-10,US.AAPL,,PUT,280.0,2027-06-17,1000,1515000.0,SELL,07-11 03:13,7.11 03:13，出现一笔卖出看跌期权交易，成交量为1000张，未平仓数为4746张，V/OI值为0.3，交易金额为1515000USD，合约行权价是280，到期日为2027/06/17
2026-07-10,US.AAPL,,CALL,340.0,2026-08-14,1623,413876.0,SELL,07-11 03:12,7.11 03:12，出现一笔卖出看涨期权交易，成交量为1623张，未平仓数为361张，V/OI值为8.2，交易金额为413876USD，合约行权价是340，到期日为2026/08/14
2026-07-10,US.AAPL,,CALL,302.5,2026-07-10,1900,2485200.0,BUY,07-11 03:07,7.11 03:07，出现一笔买入看涨期权交易，成交量为1900张，未平仓数为4551张，V/OI值为0.5，交易金额为2485200USD，合约行权价是302.5，到期日为2026/07/10
2026-07-10,US.AAPL,,CALL,297.5,2026-07-10,1900,3435200.0,SELL,07-11 03:07,7.11 03:07，出现一笔卖出看涨期权交易，成交量为1900张，未平仓数为4954张，V/OI值为0.4，交易金额为3435200USD，合约行权价是297.5，到期日为2026/07/10
2026-07-10,US.AAPL,,PUT,320.0,2026-08-21,1000,1300000.0,SELL,07-11 03:03,7.11 03:03，出现一笔卖出看跌期权交易，成交量为1000张，未平仓数为4056张，V/OI值为0.6，交易金额为1300000USD，合约行权价是320，到期日为2026/08/21
2026-07-10,US.AAPL,,CALL,325.0,2026-07-17,2700,205157.0,BUY,07-11 01:57,7.11 01:57，出现一笔买入看涨期权交易，成交量为2700张，未平仓数为30479张，V/OI值为0.3，交易金额为205157USD，合约行权价是325，到期日为2026/07/17
2026-07-10,US.AAPL,,PUT,320.0,2026-08-21,1200,1620000.0,SELL,07-11 00:43,7.11 00:43，出现一笔卖出看跌期权交易，成交量为1200张，未平仓数为4056张，V/OI值为0.3，交易金额为1620000USD，合约行权价是320，到期日为2026/08/21
2026-07-10,US.AAPL,,CALL,300.0,2026-07-17,1126,1682244.0,SELL,07-11 00:33,7.11 00:33，出现一笔卖出看涨期权交易，成交量为1126张，未平仓数为34348张，V/OI值为0.1，交易金额为1682244USD，合约行权价是300，到期日为2026/07/17
2026-07-10,US.AAPL,,CALL,305.0,2026-07-31,1126,1627070.0,BUY,07-11 00:33,7.11 00:33，出现一笔买入看涨期权交易，成交量为1126张，未平仓数为4454张，V/OI值为0.3，交易金额为1627070USD，合约行权价是305，到期日为2026/07/31
2026-07-10,US.AAPL,,CALL,325.0,2026-07-17,1240,93000.0,SELL,07-11 00:32,7.11 00:32，出现一笔卖出看涨期权交易，成交量为1240张，未平仓数为30479张，V/OI值为0.2，交易金额为93000USD，合约行权价是325，到期日为2026/07/17
2026-07-10,US.AAPL,,PUT,290.0,2026-12-18,1379,1544480.0,SELL,07-10 23:50,7.10 23:50，出现一笔卖出看跌期权交易，成交量为1379张，未平仓数为5578张，V/OI值为0.3，交易金额为1544480USD，合约行权价是290，到期日为2026/12/18
2026-07-10,US.AAPL,,CALL,340.0,2026-12-18,1379,1806490.0,BUY,07-10 23:50,7.10 23:50，出现一笔买入看涨期权交易，成交量为1379张，未平仓数为5432张，V/OI值为0.3，交易金额为1806490USD，合约行权价是340，到期日为2026/12/18
2026-07-10,US.AAPL,,CALL,325.0,2026-08-21,2000,1348000.0,BUY,07-10 23:34,7.10 23:34，出现一笔买入看涨期权交易，成交量为2000张，未平仓数为14885张，V/OI值为0.1，交易金额为1348000USD，合约行权价是325，到期日为2026/08/21
2026-07-10,US.AAPL,,CALL,315.0,2026-07-15,1090,272500.0,BUY,07-10 23:32,7.10 23:32，出现一笔买入看涨期权交易，成交量为1090张，未平仓数为1126张，V/OI值为2.1，交易金额为272500USD，合约行权价是315，到期日为2026/07/15
2026-07-10,US.AAPL,,CALL,312.5,2026-07-10,1312,171858.0,SELL,07-10 22:25,7.10 22:25，出现一笔卖出看涨期权交易，成交量为1312张，未平仓数为6468张，V/OI值为1，交易金额为171858USD，合约行权价是312.5，到期日为2026/07/10
2026-07-10,US.AMD,,CALL,530.0,2026-07-10,4000,9824000.0,SELL,07-11 03:48,7.11 03:48，出现一笔卖出看涨期权交易，成交量为4000张，未平仓数为7043张，V/OI值为1.1，交易金额为9824000USD，合约行权价是530，到期日为2026/07/10
2026-07-10,US.AMD,,CALL,515.0,2026-07-10,4000,15824000.0,BUY,07-11 03:48,7.11 03:48，出现一笔买入看涨期权交易，成交量为4000张，未平仓数为4752张，V/OI值为0.9，交易金额为15824000USD，合约行权价是515，到期日为2026/07/10
2026-07-10,US.AMD,,PUT,545.0,2026-07-13,1000,565000.0,BUY,07-11 02:43,7.11 02:43，出现一笔买入看跌期权交易，成交量为1000张，未平仓数为59张，V/OI值为43.1，交易金额为565000USD，合约行权价是545，到期日为2026/07/13
2026-07-10,US.AMD,,PUT,545.0,2026-07-13,1000,520000.0,BUY,07-11 02:36,7.11 02:36，出现一笔买入看跌期权交易，成交量为1000张，未平仓数为59张，V/OI值为26，交易金额为520000USD，合约行权价是545，到期日为2026/07/13
2026-07-10,US.AMD,,PUT,480.0,2026-07-22,1500,780000.0,BUY,07-11 02:31,7.11 02:31，出现一笔买入看跌期权交易，成交量为1500张，未平仓数为1022张，V/OI值为1.5，交易金额为780000USD，合约行权价是480，到期日为2026/07/22
2026-07-10,US.AMD,,PUT,517.5,2026-07-13,1110,146520.0,BUY,07-11 01:49,7.11 01:49，出现一笔买入看跌期权交易，成交量为1110张，未平仓数为306张，V/OI值为4，交易金额为146520USD，合约行权价是517.5，到期日为2026/07/13
2026-07-10,US.AMD,,CALL,570.0,2026-08-21,1000,5460000.0,BUY,07-11 00:53,7.11 00:53，出现一笔买入看涨期权交易，成交量为1000张，未平仓数为834张，V/OI值为1.4，交易金额为5460000USD，合约行权价是570，到期日为2026/08/21
2026-07-10,US.AMD,,PUT,457.5,2026-07-17,1514,234670.0,SELL,07-11 00:50,7.11 00:50，出现一笔卖出看跌期权交易，成交量为1514张，未平仓数为43张，V/OI值为36.9，交易金额为234670USD，合约行权价是457.5，到期日为2026/07/17
2026-07-10,US.AMD,,PUT,515.0,2026-07-13,1102,166402.0,BUY,07-11 00:25,7.11 00:25，出现一笔买入看跌期权交易，成交量为1102张，未平仓数为326张，V/OI值为7.2，交易金额为166402USD，合约行权价是515，到期日为2026/07/13
2026-07-10,US.AMD,,PUT,515.0,2026-07-13,1186,188593.0,BUY,07-11 00:11,7.11 00:11，出现一笔买入看跌期权交易，成交量为1186张，未平仓数为326张，V/OI值为3.8，交易金额为188593USD，合约行权价是515，到期日为2026/07/13
2026-07-10,US.AMD,,CALL,555.0,2026-07-10,2142,409122.0,BUY,07-10 23:18,7.10 23:18，出现一笔买入看涨期权交易，成交量为2142张，未平仓数为1747张，V/OI值为10.4，交易金额为409122USD，合约行权价是555，到期日为2026/07/10
2026-07-10,US.AMD,,CALL,557.5,2026-07-13,1750,1032507.0,SELL,07-10 22:59,7.10 22:59，出现一笔卖出看涨期权交易，成交量为1750张，未平仓数为121张，V/OI值为15.1，交易金额为1032507USD，合约行权价是557.5，到期日为2026/07/13
2026-07-10,US.AMD,,CALL,567.5,2026-07-17,1099,1633114.0,BUY,07-10 22:49,7.10 22:49，出现一笔买入看涨期权交易，成交量为1099张，未平仓数为110张，V/OI值为10.1，交易金额为1633114USD，合约行权价是567.5，到期日为2026/07/17
2026-07-10,US.AMD,,CALL,582.5,2026-07-17,1099,1128673.0,SELL,07-10 22:49,7.10 22:49，出现一笔卖出看涨期权交易，成交量为1099张，未平仓数为73张，V/OI值为15.7，交易金额为1128673USD，合约行权价是582.5，到期日为2026/07/17
2026-07-10,US.AMD,,CALL,450.0,2026-10-16,2000,28060000.0,SELL,07-10 22:40,7.10 22:40，出现一笔卖出看涨期权交易，成交量为2000张，未平仓数为17494张，V/OI值为0.1，交易金额为28060000USD，合约行权价是450，到期日为2026/10/16
2026-07-10,US.AMD,,PUT,530.0,2026-07-17,1902,3014654.0,BUY,07-10 22:22,7.10 22:22，出现一笔买入看跌期权交易，成交量为1902张，未平仓数为1424张，V/OI值为1.6，交易金额为3014654USD，合约行权价是530，到期日为2026/07/17
2026-07-10,US.AMD,,PUT,515.0,2026-07-17,2066,1942003.0,BUY,07-10 22:03,7.10 22:03，出现一笔买入看跌期权交易，成交量为2066张，未平仓数为1126张，V/OI值为1.9，交易金额为1942003USD，合约行权价是515，到期日为2026/07/17
2026-07-10,US.AMZN,,CALL,250.0,2026-07-17,1597,423205.0,SELL,07-11 03:51,7.11 03:51，出现一笔卖出看涨期权交易，成交量为1597张，未平仓数为35781张，V/OI值为0.6，交易金额为423205USD，合约行权价是250，到期日为2026/07/17
2026-07-10,US.AMZN,,CALL,245.0,2026-07-10,1597,135745.0,BUY,07-11 03:51,7.11 03:51，出现一笔买入看涨期权交易，成交量为1597张，未平仓数为12898张，V/OI值为4.6，交易金额为135745USD，合约行权价是245，到期日为2026/07/10
2026-07-10,US.AMZN,,CALL,245.0,2026-07-10,2332,214544.0,BUY,07-11 03:46,7.11 03:46，出现一笔买入看涨期权交易，成交量为2332张，未平仓数为12898张，V/OI值为4.4，交易金额为214544USD，合约行权价是245，到期日为2026/07/10
2026-07-10,US.AMZN,,CALL,247.5,2026-07-17,2332,851180.0,SELL,07-11 03:46,7.11 03:46，出现一笔卖出看涨期权交易，成交量为2332张，未平仓数为6946张，V/OI值为1.1，交易金额为851180USD，合约行权价是247.5，到期日为2026/07/17
2026-07-10,US.AMZN,,CALL,255.0,2026-07-17,2332,319484.0,BUY,07-11 03:46,7.11 03:46，出现一笔买入看涨期权交易，成交量为2332张，未平仓数为13357张，V/OI值为1，交易金额为319484USD，合约行权价是255，到期日为2026/07/17
2026-07-10,US.AMZN,,CALL,260.0,2026-08-21,1500,1260000.0,SELL,07-11 03:29,7.11 03:29，出现一笔卖出看涨期权交易，成交量为1500张，未平仓数为41992张，V/OI值为0.3，交易金额为1260000USD，合约行权价是260，到期日为2026/08/21
2026-07-10,US.AMZN,,CALL,300.0,2026-10-16,1388,659300.0,SELL,07-11 03:23,7.11 03:23，出现一笔卖出看涨期权交易，成交量为1388张，未平仓数为9638张，V/OI值为0.2，交易金额为659300USD，合约行权价是300，到期日为2026/10/16
2026-07-10,US.AMZN,,PUT,160.0,2027-01-15,2900,588700.0,SELL,07-11 02:54,7.11 02:54，出现一笔卖出看跌期权交易，成交量为2900张，未平仓数为15530张，V/OI值为0.2，交易金额为588700USD，合约行权价是160，到期日为2027/01/15
2026-07-10,US.AMZN,,CALL,260.0,2026-08-21,1500,1215000.0,BUY,07-11 01:50,7.11 01:50，出现一笔买入看涨期权交易，成交量为1500张，未平仓数为41992张，V/OI值为0.2，交易金额为1215000USD，合约行权价是260，到期日为2026/08/21
2026-07-10,US.AMZN,,CALL,247.5,2026-07-17,1129,364667.0,SELL,07-11 01:46,7.11 01:46，出现一笔卖出看涨期权交易，成交量为1129张，未平仓数为6946张，V/OI值为0.7，交易金额为364667USD，合约行权价是247.5，到期日为2026/07/17
2026-07-10,US.AMZN,,CALL,255.0,2026-07-17,1129,136609.0,BUY,07-11 01:46,7.11 01:46，出现一笔买入看涨期权交易，成交量为1129张，未平仓数为13357张，V/OI值为0.7，交易金额为136609USD，合约行权价是255，到期日为2026/07/17
2026-07-10,US.AMZN,,CALL,250.0,2026-07-17,1000,244000.0,BUY,07-11 01:32,7.11 01:32，出现一笔买入看涨期权交易，成交量为1000张，未平仓数为35781张，V/OI值为0.4，交易金额为244000USD，合约行权价是250，到期日为2026/07/17
2026-07-10,US.AMZN,,CALL,245.0,2026-07-17,1917,977639.0,BUY,07-11 00:49,7.11 00:49，出现一笔买入看涨期权交易，成交量为1917张，未平仓数为27536张，V/OI值为0.1，交易金额为977639USD，合约行权价是245，到期日为2026/07/17
2026-07-10,US.AMZN,,PUT,240.0,2026-07-17,2000,394000.0,SELL,07-11 00:12,7.11 00:12，出现一笔卖出看跌期权交易，成交量为2000张，未平仓数为19703张，V/OI值为0.2，交易金额为394000USD，合约行权价是240，到期日为2026/07/17
2026-07-10,US.AMZN,,CALL,245.0,2026-07-10,1003,148570.0,BUY,07-10 23:31,7.10 23:31，出现一笔买入看涨期权交易，成交量为1003张，未平仓数为12898张，V/OI值为1.3，交易金额为148570USD，合约行权价是245，到期日为2026/07/10
2026-07-10,US.AMZN,,PUT,220.0,2026-08-07,1010,313105.0,SELL,07-10 23:09,7.10 23:09，出现一笔卖出看跌期权交易，成交量为1010张，未平仓数为505张，V/OI值为2.1，交易金额为313105USD，合约行权价是220，到期日为2026/08/07
2026-07-10,US.AMZN,,CALL,250.0,2026-07-17,1255,379010.0,BUY,07-10 22:51,7.10 22:51，出现一笔买入看涨期权交易，成交量为1255张，未平仓数为35781张，V/OI值为0.2，交易金额为379010USD，合约行权价是250，到期日为2026/07/17
2026-07-10,US.AMZN,,CALL,257.5,2026-07-17,1255,141815.0,SELL,07-10 22:51,7.10 22:51，出现一笔卖出看涨期权交易，成交量为1255张，未平仓数为3535张，V/OI值为0.8，交易金额为141815USD，合约行权价是257.5，到期日为2026/07/17
2026-07-10,US.AMZN,,CALL,242.5,2026-07-10,1255,405365.0,SELL,07-10 22:51,7.10 22:51，出现一笔卖出看涨期权交易，成交量为1255张，未平仓数为6599张，V/OI值为0.4，交易金额为405365USD，合约行权价是242.5，到期日为2026/07/10
2026-07-10,US.AMZN,,PUT,242.5,2026-07-13,2178,219978.0,SELL,07-10 22:32,7.10 22:32，出现一笔卖出看跌期权交易，成交量为2178张，未平仓数为390张，V/OI值为8.8，交易金额为219978USD，合约行权价是242.5，到期日为2026/07/13
2026-07-10,US.AMZN,,PUT,200.0,2027-01-15,2100,1551943.0,SELL,07-10 22:09,7.10 22:09，出现一笔卖出看跌期权交易，成交量为2100张，未平仓数为30087张，V/OI值为0.1，交易金额为1551943USD，合约行权价是200，到期日为2027/01/15
2026-07-10,US.AMZN,,CALL,275.0,2026-07-31,1199,281765.0,SELL,07-10 22:01,7.10 22:01，出现一笔卖出看涨期权交易，成交量为1199张，未平仓数为1804张，V/OI值为1.4，交易金额为281765USD，合约行权价是275，到期日为2026/07/31
2026-07-10,US.AMZN,,CALL,275.0,2026-07-31,1154,305810.0,BUY,07-10 21:45,7.10 21:45，出现一笔买入看涨期权交易，成交量为1154张，未平仓数为1804张，V/OI值为0.7，交易金额为305810USD，合约行权价是275，到期日为2026/07/31
2026-07-10,US.AMZN,,CALL,250.0,2026-07-31,1154,1129766.0,SELL,07-10 21:45,7.10 21:45，出现一笔卖出看涨期权交易，成交量为1154张，未平仓数为4109张，V/OI值为0.4，交易金额为1129766USD，合约行权价是250，到期日为2026/07/31
2026-07-10,US.APLD,,PUT,30.0,2027-01-15,5000,3850000.0,BUY,07-11 03:44,7.11 03:44，出现一笔买入看跌期权交易，成交量为5000张，未平仓数为1097张，V/OI值为4.6，交易金额为3850000USD，合约行权价是30，到期日为2027/01/15
2026-07-10,US.APLD,,CALL,35.0,2026-08-21,979,332860.0,SELL,07-11 01:28,7.11 01:28，出现一笔卖出看涨期权交易，成交量为979张，未平仓数为7163张，V/OI值为0.7，交易金额为332860USD，合约行权价是35，到期日为2026/08/21
2026-07-10,US.APLD,,CALL,35.0,2026-08-21,738,250920.0,SELL,07-11 01:07,7.11 01:07，出现一笔卖出看涨期权交易，成交量为738张，未平仓数为7163张，V/OI值为0.5，交易金额为250920USD，合约行权价是35，到期日为2026/08/21
2026-07-10,US.APLD,,CALL,35.0,2026-08-21,948,322320.0,BUY,07-11 00:54,7.11 00:54，出现一笔买入看涨期权交易，成交量为948张，未平仓数为7163张，V/OI值为0.3，交易金额为322320USD，合约行权价是35，到期日为2026/08/21
2026-07-10,US.AVGO,,CALL,500.0,2026-09-18,1046,1035589.0,SELL,07-10 23:05,7.10 23:05，出现一笔卖出看涨期权交易，成交量为1046张，未平仓数为5724张，V/OI值为0.2，交易金额为1035589USD，合约行权价是500，到期日为2026/09/18
2026-07-10,US.AVGO,,PUT,180.0,2027-01-15,1000,187000.0,BUY,07-10 23:04,7.10 23:04，出现一笔买入看跌期权交易，成交量为1000张，未平仓数为1892张，V/OI值为0.5，交易金额为187000USD，合约行权价是180，到期日为2027/01/15
2026-07-10,US.AVGO,,CALL,377.5,2026-07-10,1480,3143520.0,SELL,07-10 23:02,7.10 23:02，出现一笔卖出看涨期权交易，成交量为1480张，未平仓数为1853张，V/OI值为0.9，交易金额为3143520USD，合约行权价是377.5，到期日为2026/07/10
2026-07-10,US.AVGO,,CALL,387.5,2026-07-10,1480,1673880.0,BUY,07-10 23:02,7.10 23:02，出现一笔买入看涨期权交易，成交量为1480张，未平仓数为1868张，V/OI值为0.8，交易金额为1673880USD，合约行权价是387.5，到期日为2026/07/10
2026-07-10,US.AVGO,,PUT,250.0,2026-09-18,1200,216000.0,SELL,07-10 22:04,7.10 22:04，出现一笔卖出看跌期权交易，成交量为1200张，未平仓数为11123张，V/OI值为0.1，交易金额为216000USD，合约行权价是250，到期日为2026/09/18
2026-07-10,US.BABA,,PUT,100.0,2026-12-18,1500,1000500.0,SELL,07-11 02:17,7.11 02:17，出现一笔卖出看跌期权交易，成交量为1500张，未平仓数为31547张，V/OI值为0.1，交易金额为1000500USD，合约行权价是100，到期日为2026/12/18
2026-07-10,US.BABA,,CALL,130.0,2026-10-16,1000,545000.0,SELL,07-11 00:57,7.11 00:57，出现一笔卖出看涨期权交易，成交量为1000张，未平仓数为5667张，V/OI值为0.7，交易金额为545000USD，合约行权价是130，到期日为2026/10/16
2026-07-10,US.BABA,,CALL,130.0,2026-10-16,2500,1362500.0,SELL,07-11 00:56,7.11 00:56，出现一笔卖出看涨期权交易，成交量为2500张，未平仓数为5667张，V/OI值为0.5，交易金额为1362500USD，合约行权价是130，到期日为2026/10/16
2026-07-10,US.BABA,,CALL,120.0,2026-07-17,2005,240600.0,SELL,07-10 22:25,7.10 22:25，出现一笔卖出看涨期权交易，成交量为2005张，未平仓数为13773张，V/OI值为0.4，交易金额为240600USD，合约行权价是120，到期日为2026/07/17
2026-07-10,US.BABA,,CALL,114.0,2026-07-10,2187,136258.0,SELL,07-10 21:44,7.10 21:44，出现一笔卖出看涨期权交易，成交量为2187张，未平仓数为7109张，V/OI值为0.5，交易金额为136258USD，合约行权价是114，到期日为2026/07/10
2026-07-10,US.BABA,,PUT,113.0,2026-07-10,2135,94003.0,BUY,07-10 21:43,7.10 21:43，出现一笔买入看跌期权交易，成交量为2135张，未平仓数为289张，V/OI值为8.3，交易金额为94003USD，合约行权价是113，到期日为2026/07/10
2026-07-10,US.BABA,,CALL,112.0,2026-07-10,1300,227500.0,BUY,07-10 21:42,7.10 21:42，出现一笔买入看涨期权交易，成交量为1300张，未平仓数为16181张，V/OI值为0.8，交易金额为227500USD，合约行权价是112，到期日为2026/07/10
2026-07-10,US.BABA,,CALL,115.0,2026-07-10,15432,277776.0,SELL,07-10 21:42,7.10 21:42，出现一笔卖出看涨期权交易，成交量为15432张，未平仓数为29686张，V/OI值为0.9，交易金额为277776USD，合约行权价是115，到期日为2026/07/10
2026-07-10,US.BABA,,CALL,112.0,2026-07-10,1171,202439.0,SELL,07-10 21:41,7.10 21:41，出现一笔卖出看涨期权交易，成交量为1171张，未平仓数为16181张，V/OI值为0.6，交易金额为202439USD，合约行权价是112，到期日为2026/07/10
2026-07-10,US.BABA,,CALL,112.0,2026-07-10,4768,935216.0,SELL,07-10 21:40,7.10 21:40，出现一笔卖出看涨期权交易，成交量为4768张，未平仓数为16181张，V/OI值为0.4，交易金额为935216USD，合约行权价是112，到期日为2026/07/10
2026-07-10,US.BABA,,CALL,112.0,2026-07-10,1168,245280.0,BUY,07-10 21:35,7.10 21:35，出现一笔买入看涨期权交易，成交量为1168张，未平仓数为16181张，V/OI值为0.1，交易金额为245280USD，合约行权价是112，到期日为2026/07/10
2026-07-10,US.BE,,CALL,230.0,2026-07-10,1600,2459200.0,BUY,07-11 03:39,7.11 03:39，出现一笔买入看涨期权交易，成交量为1600张，未平仓数为2057张，V/OI值为1.2，交易金额为2459200USD，合约行权价是230，到期日为2026/07/10
2026-07-10,US.BE,,CALL,230.0,2026-07-17,1200,3060000.0,SELL,07-11 03:39,7.11 03:39，出现一笔卖出看涨期权交易，成交量为1200张，未平仓数为879张，V/OI值为1.7，交易金额为3060000USD，合约行权价是230，到期日为2026/07/17
2026-07-10,US.BE,,PUT,250.0,2026-07-10,1139,757508.0,SELL,07-11 02:21,7.11 02:21，出现一笔卖出看跌期权交易，成交量为1139张，未平仓数为9323张，V/OI值为0.6，交易金额为757508USD，合约行权价是250，到期日为2026/07/10
2026-07-10,US.BE,,PUT,235.0,2026-07-17,1689,2339265.0,BUY,07-10 22:12,7.10 22:12，出现一笔买入看跌期权交易，成交量为1689张，未平仓数为9686张，V/OI值为0.2，交易金额为2339265USD，合约行权价是235，到期日为2026/07/17
2026-07-10,US.CBRS,,CALL,215.0,2026-07-10,1000,85000.0,SELL,07-11 02:30,7.11 02:30，出现一笔卖出看涨期权交易，成交量为1000张，未平仓数为1310张，V/OI值为1.4，交易金额为85000USD，合约行权价是215，到期日为2026/07/10
2026-07-10,US.CBRS,,CALL,225.0,2026-07-31,318,477000.0,BUY,07-11 01:21,7.11 01:21，出现一笔买入看涨期权交易，成交量为318张，未平仓数为46张，V/OI值为13.9，交易金额为477000USD，合约行权价是225，到期日为2026/07/31
2026-07-10,US.CBRS,,CALL,225.0,2026-07-31,300,528000.0,SELL,07-10 23:55,7.10 23:55，出现一笔卖出看涨期权交易，成交量为300张，未平仓数为46张，V/OI值为6.7，交易金额为528000USD，合约行权价是225，到期日为2026/07/31
2026-07-10,US.CBRS,,CALL,215.0,2026-07-31,281,547950.0,BUY,07-10 23:53,7.10 23:53，出现一笔买入看涨期权交易，成交量为281张，未平仓数为107张，V/OI值为5.5，交易金额为547950USD，合约行权价是215，到期日为2026/07/31
2026-07-10,US.CBRS,,CALL,215.0,2026-07-31,280,469594.0,SELL,07-10 23:04,7.10 23:04，出现一笔卖出看涨期权交易，成交量为280张，未平仓数为107张，V/OI值为2.6，交易金额为469594USD，合约行权价是215，到期日为2026/07/31
2026-07-10,US.COHR,,CALL,320.0,2026-07-10,970,526710.0,SELL,07-11 02:55,7.11 02:55，出现一笔卖出看涨期权交易，成交量为970张，未平仓数为992张，V/OI值为1.1，交易金额为526710USD，合约行权价是320，到期日为2026/07/10
2026-07-10,US.COHR,,CALL,340.0,2026-07-17,970,948660.0,BUY,07-11 02:55,7.11 02:55，出现一笔买入看涨期权交易，成交量为970张，未平仓数为1146张，V/OI值为1.2，交易金额为948660USD，合约行权价是340，到期日为2026/07/17
2026-07-10,US.COHR,,PUT,290.0,2026-07-17,224,150080.0,SELL,07-10 22:39,7.10 22:39，出现一笔卖出看跌期权交易，成交量为224张，未平仓数为703张，V/OI值为0.5，交易金额为150080USD，合约行权价是290，到期日为2026/07/17
2026-07-10,US.COIN,,PUT,170.0,2026-07-10,2100,2247000.0,SELL,07-11 02:57,7.11 02:57，出现一笔卖出看跌期权交易，成交量为2100张，未平仓数为3933张，V/OI值为0.6，交易金额为2247000USD，合约行权价是170，到期日为2026/07/10
2026-07-10,US.COIN,,PUT,145.0,2026-07-17,4200,504000.0,SELL,07-11 02:57,7.11 02:57，出现一笔卖出看跌期权交易，成交量为4200张，未平仓数为5925张，V/OI值为0.9，交易金额为504000USD，合约行权价是145，到期日为2026/07/17
2026-07-10,US.COIN,,PUT,165.0,2026-07-17,4200,3927000.0,SELL,07-11 02:57,7.11 02:57，出现一笔卖出看跌期权交易，成交量为4200张，未平仓数为803张，V/OI值为5.5，交易金额为3927000USD，合约行权价是165，到期日为2026/07/17
2026-07-10,US.COIN,,CALL,200.0,2027-01-15,2100,4651500.0,SELL,07-11 02:24,7.11 02:24，出现一笔卖出看涨期权交易，成交量为2100张，未平仓数为3682张，V/OI值为0.6，交易金额为4651500USD，合约行权价是200，到期日为2027/01/15
2026-07-10,US.COIN,,CALL,172.5,2026-07-17,1498,317576.0,SELL,07-10 23:16,7.10 23:16，出现一笔卖出看涨期权交易，成交量为1498张，未平仓数为9839张，V/OI值为0.7，交易金额为317576USD，合约行权价是172.5，到期日为2026/07/17
2026-07-10,US.COIN,,CALL,165.0,2026-07-17,1498,615678.0,SELL,07-10 23:16,7.10 23:16，出现一笔卖出看涨期权交易，成交量为1498张，未平仓数为11033张，V/OI值为0.7，交易金额为615678USD，合约行权价是165，到期日为2026/07/17
2026-07-10,US.COIN,,CALL,172.5,2026-07-17,1998,521478.0,SELL,07-10 22:23,7.10 22:23，出现一笔卖出看涨期权交易，成交量为1998张，未平仓数为9839张，V/OI值为0.4，交易金额为521478USD，合约行权价是172.5，到期日为2026/07/17
2026-07-10,US.COIN,,CALL,165.0,2026-07-17,1998,965034.0,SELL,07-10 22:23,7.10 22:23，出现一笔卖出看涨期权交易，成交量为1998张，未平仓数为11033张，V/OI值为0.4，交易金额为965034USD，合约行权价是165，到期日为2026/07/17
2026-07-10,US.COIN,,CALL,170.0,2026-07-10,1021,132847.0,BUY,07-10 21:31,7.10 21:31，出现一笔买入看涨期权交易，成交量为1021张，未平仓数为11206张，V/OI值为0.3，交易金额为132847USD，合约行权价是170，到期日为2026/07/10
2026-07-10,US.CRCL,,CALL,70.0,2026-08-07,509,246865.0,SELL,07-11 02:44,7.11 02:44，出现一笔卖出看涨期权交易，成交量为509张，未平仓数为781张，V/OI值为2.1，交易金额为246865USD，合约行权价是70，到期日为2026/08/07
2026-07-10,US.CRCL,,CALL,70.0,2026-08-07,600,312069.0,SELL,07-11 01:26,7.11 01:26，出现一笔卖出看涨期权交易，成交量为600张，未平仓数为781张，V/OI值为1，交易金额为312069USD，合约行权价是70，到期日为2026/08/07
2026-07-10,US.CRCL,,CALL,70.0,2026-07-31,581,240970.0,SELL,07-11 01:24,7.11 01:24，出现一笔卖出看涨期权交易，成交量为581张，未平仓数为4155张，V/OI值为1，交易金额为240970USD，合约行权价是70，到期日为2026/07/31
2026-07-10,US.CRCL,,CALL,70.0,2026-07-31,500,207678.0,SELL,07-11 01:23,7.11 01:23，出现一笔卖出看涨期权交易，成交量为500张，未平仓数为4155张，V/OI值为0.9，交易金额为207678USD，合约行权价是70，到期日为2026/07/31
2026-07-10,US.CRCL,,CALL,70.0,2026-07-31,500,209710.0,SELL,07-11 01:21,7.11 01:21，出现一笔卖出看涨期权交易，成交量为500张，未平仓数为4155张，V/OI值为0.7，交易金额为209710USD，合约行权价是70，到期日为2026/07/31
2026-07-10,US.CRCL,,CALL,70.0,2026-07-31,500,206995.0,SELL,07-11 01:19,7.11 01:19，出现一笔卖出看涨期权交易，成交量为500张，未平仓数为4155张，V/OI值为0.6，交易金额为206995USD，合约行权价是70，到期日为2026/07/31
2026-07-10,US.CRCL,,CALL,85.0,2026-08-21,1700,552500.0,SELL,07-10 23:06,7.10 23:06，出现一笔卖出看涨期权交易，成交量为1700张，未平仓数为2572张，V/OI值为0.7，交易金额为552500USD，合约行权价是85，到期日为2026/08/21
2026-07-10,US.CRCL,,PUT,55.0,2026-08-21,1700,515100.0,BUY,07-10 23:06,7.10 23:06，出现一笔买入看跌期权交易，成交量为1700张，未平仓数为3301张，V/OI值为0.7，交易金额为515100USD，合约行权价是55，到期日为2026/08/21
2026-07-10,US.CRCL,,PUT,68.0,2026-07-24,457,224844.0,BUY,07-10 22:53,7.10 22:53，出现一笔买入看跌期权交易，成交量为457张，未平仓数为17张，V/OI值为27.8，交易金额为224844USD，合约行权价是68，到期日为2026/07/24
2026-07-10,US.CRCL,,PUT,60.0,2026-08-21,500,232500.0,BUY,07-10 21:47,7.10 21:47，出现一笔买入看跌期权交易，成交量为500张，未平仓数为2127张，V/OI值为0.2，交易金额为232500USD，合约行权价是60，到期日为2026/08/21
2026-07-10,US.CRCL,,CALL,75.0,2026-07-10,2000,214804.0,BUY,07-10 21:36,7.10 21:36，出现一笔买入看涨期权交易，成交量为2000张，未平仓数为8489张，V/OI值为0.9，交易金额为214804USD，合约行权价是75，到期日为2026/07/10
2026-07-10,US.CRM,,CALL,175.0,2026-08-21,717,363519.0,SELL,07-11 02:01,7.11 02:01，出现一笔卖出看涨期权交易，成交量为717张，未平仓数为5502张，V/OI值为0.2，交易金额为363519USD，合约行权价是175，到期日为2026/08/21
2026-07-10,US.CRM,,CALL,165.0,2026-08-21,717,632394.0,BUY,07-11 02:01,7.11 02:01，出现一笔买入看涨期权交易，成交量为717张，未平仓数为3508张，V/OI值为0.2，交易金额为632394USD，合约行权价是165，到期日为2026/08/21
2026-07-10,US.CRM,,CALL,175.0,2026-10-16,366,411764.0,SELL,07-11 01:06,7.11 01:06，出现一笔卖出看涨期权交易，成交量为366张，未平仓数为224张，V/OI值为1.8，交易金额为411764USD，合约行权价是175，到期日为2026/10/16
2026-07-10,US.CRWD,,CALL,190.0,2026-07-17,1000,412000.0,SELL,07-11 03:58,7.11 03:58，出现一笔卖出看涨期权交易，成交量为1000张，未平仓数为6016张，V/OI值为0.3，交易金额为412000USD，合约行权价是190，到期日为2026/07/17
2026-07-10,US.CRWD,,CALL,205.0,2026-07-17,1000,74000.0,SELL,07-11 03:58,7.11 03:58，出现一笔卖出看涨期权交易，成交量为1000张，未平仓数为3362张，V/OI值为0.4，交易金额为74000USD，合约行权价是205，到期日为2026/07/17
2026-07-10,US.CRWD,,PUT,155.0,2026-08-28,750,342000.0,SELL,07-11 03:42,7.11 03:42，出现一笔卖出看跌期权交易，成交量为750张，未平仓数为107张，V/OI值为7.5，交易金额为342000USD，合约行权价是155，到期日为2026/08/28
2026-07-10,US.CRWD,,PUT,177.5,2026-12-18,1056,2376000.0,SELL,07-10 22:58,7.10 22:58，出现一笔卖出看跌期权交易，成交量为1056张，未平仓数为1088张，V/OI值为1，交易金额为2376000USD，合约行权价是177.5，到期日为2026/12/18
2026-07-10,US.CRWD,,CALL,200.0,2026-08-21,200,213000.0,SELL,07-10 22:55,7.10 22:55，出现一笔卖出看涨期权交易，成交量为200张，未平仓数为4480张，V/OI值为0.1，交易金额为213000USD，合约行权价是200，到期日为2026/08/21
2026-07-10,US.CRWV,,PUT,81.0,2026-07-17,1358,156170.0,SELL,07-11 03:28,7.11 03:28，出现一笔卖出看跌期权交易，成交量为1358张，未平仓数为199张，V/OI值为9.1，交易金额为156170USD，合约行权价是81，到期日为2026/07/17
2026-07-10,US.CRWV,,CALL,97.5,2026-07-17,1358,175182.0,BUY,07-11 03:28,7.11 03:28，出现一笔买入看涨期权交易，成交量为1358张，未平仓数为3656张，V/OI值为0.5，交易金额为175182USD，合约行权价是97.5，到期日为2026/07/17
2026-07-10,US.CRWV,,PUT,82.5,2026-07-17,1095,164250.0,BUY,07-11 03:28,7.11 03:28，出现一笔买入看跌期权交易，成交量为1095张，未平仓数为2861张，V/OI值为0.9，交易金额为164250USD，合约行权价是82.5，到期日为2026/07/17
2026-07-10,US.CRWV,,CALL,96.0,2026-07-17,1063,169017.0,BUY,07-11 03:25,7.11 03:25，出现一笔买入看涨期权交易，成交量为1063张，未平仓数为511张，V/OI值为2.9，交易金额为169017USD，合约行权价是96，到期日为2026/07/17
2026-07-10,US.CRWV,,PUT,82.5,2026-07-17,1063,157324.0,SELL,07-11 03:25,7.11 03:25，出现一笔卖出看跌期权交易，成交量为1063张，未平仓数为2861张，V/OI值为0.5，交易金额为157324USD，合约行权价是82.5，到期日为2026/07/17
2026-07-10,US.CRWV,,CALL,85.0,2026-08-07,1000,1191000.0,BUY,07-11 02:49,7.11 02:49，出现一笔买入看涨期权交易，成交量为1000张，未平仓数为92张，V/OI值为10.9，交易金额为1191000USD，合约行权价是85，到期日为2026/08/07
2026-07-10,US.CRWV,,CALL,65.0,2026-08-21,1000,2761000.0,SELL,07-11 02:49,7.11 02:49，出现一笔卖出看涨期权交易，成交量为1000张，未平仓数为132张，V/OI值为7.7，交易金额为2761000USD，合约行权价是65，到期日为2026/08/21
2026-07-10,US.DDOG,,PUT,220.0,2026-08-21,183,177510.0,BUY,07-11 02:10,7.11 02:10，出现一笔买入看跌期权交易，成交量为183张，未平仓数为1806张，V/OI值为0.2，交易金额为177510USD，合约行权价是220，到期日为2026/08/21
2026-07-10,US.DDOG,,PUT,220.0,2026-08-21,191,184315.0,BUY,07-11 02:10,7.11 02:10，出现一笔买入看跌期权交易，成交量为191张，未平仓数为1806张，V/OI值为0.1，交易金额为184315USD，合约行权价是220，到期日为2026/08/21
2026-07-10,US.DDOG,,PUT,200.0,2026-08-21,690,355360.0,SELL,07-11 01:59,7.11 01:59，出现一笔卖出看跌期权交易，成交量为690张，未平仓数为233张，V/OI值为3，交易金额为355360USD，合约行权价是200，到期日为2026/08/21
2026-07-10,US.DDOG,,PUT,260.0,2026-08-21,231,608685.0,SELL,07-11 00:38,7.11 00:38，出现一笔卖出看跌期权交易，成交量为231张，未平仓数为149张，V/OI值为1.6，交易金额为608685USD，合约行权价是260，到期日为2026/08/21
2026-07-10,US.DDOG,,CALL,340.0,2026-08-21,581,331215.0,SELL,07-10 23:30,7.10 23:30，出现一笔卖出看涨期权交易，成交量为581张，未平仓数为164张，V/OI值为3.5，交易金额为331215USD，合约行权价是340，到期日为2026/08/21
2026-07-10,US.DDOG,,CALL,330.0,2026-08-21,462,392715.0,SELL,07-10 22:01,7.10 22:01，出现一笔卖出看涨期权交易，成交量为462张，未平仓数为762张，V/OI值为0.6，交易金额为392715USD，合约行权价是330，到期日为2026/08/21
2026-07-10,US.DELL,,CALL,450.0,2028-12-15,300,6195000.0,SELL,07-10 23:40,7.10 23:40，出现一笔卖出看涨期权交易，成交量为300张，未平仓数为409张，V/OI值为0.7，交易金额为6195000USD，合约行权价是450，到期日为2028/12/15
2026-07-10,US.DELL,,CALL,450.0,2026-07-17,200,332000.0,BUY,07-10 22:33,7.10 22:33，出现一笔买入看涨期权交易，成交量为200张，未平仓数为2702张，V/OI值为0.2，交易金额为332000USD，合约行权价是450，到期日为2026/07/17
2026-07-10,US.DELL,,CALL,460.0,2026-07-17,250,332480.0,BUY,07-10 21:35,7.10 21:35，出现一笔买入看涨期权交易，成交量为250张，未平仓数为1886张，V/OI值为0.2，交易金额为332480USD，合约行权价是460，到期日为2026/07/17
2026-07-10,US.DRAM,,PUT,40.0,2026-08-21,2000,208000.0,SELL,07-10 23:08,7.10 23:08，出现一笔卖出看跌期权交易，成交量为2000张，未平仓数为4784张，V/OI值为0.4，交易金额为208000USD，合约行权价是40，到期日为2026/08/21
2026-07-10,US.DRAM,,CALL,61.5,2026-07-10,1394,193766.0,SELL,07-10 21:58,7.10 21:58，出现一笔卖出看涨期权交易，成交量为1394张，未平仓数为2129张，V/OI值为0.7，交易金额为193766USD，合约行权价是61.5，到期日为2026/07/10
2026-07-10,US.FIG,,CALL,20.0,2027-01-15,450,263250.0,BUY,07-11 03:56,7.11 03:56，出现一笔买入看涨期权交易，成交量为450张，未平仓数为3453张，V/OI值为0.3，交易金额为263250USD，合约行权价是20，到期日为2027/01/15
2026-07-10,US.FUTU,,PUT,97.0,2026-08-07,2000,1150000.0,SELL,07-11 01:06,7.11 01:06，出现一笔卖出看跌期权交易，成交量为2000张，未平仓数为3张，V/OI值为666.7，交易金额为1150000USD，合约行权价是97，到期日为2026/08/07
2026-07-10,US.FUTU,,PUT,92.0,2026-07-17,382,45076.0,BUY,07-10 21:51,7.10 21:51，出现一笔买入看跌期权交易，成交量为382张，未平仓数为885张，V/OI值为0.5，交易金额为45076USD，合约行权价是92，到期日为2026/07/17
2026-07-10,US.GFS,,CALL,75.0,2026-10-16,227,206560.0,BUY,07-11 02:55,7.11 02:55，出现一笔买入看涨期权交易，成交量为227张，未平仓数为200张，V/OI值为1.1，交易金额为206560USD，合约行权价是75，到期日为2026/10/16
2026-07-10,US.GLW,,CALL,195.0,2026-07-24,200,212200.0,BUY,07-11 03:16,7.11 03:16，出现一笔买入看涨期权交易，成交量为200张，未平仓数为421张，V/OI值为1.1，交易金额为212200USD，合约行权价是195，到期日为2026/07/24
2026-07-10,US.GLW,,CALL,185.0,2026-07-24,476,740157.0,BUY,07-11 00:21,7.11 00:21，出现一笔买入看涨期权交易，成交量为476张，未平仓数为127张，V/OI值为3.8，交易金额为740157USD，合约行权价是185，到期日为2026/07/24
2026-07-10,US.GLW,,CALL,220.0,2026-09-18,300,529674.0,BUY,07-10 22:31,7.10 22:31，出现一笔买入看涨期权交易，成交量为300张，未平仓数为1335张，V/OI值为0.3，交易金额为529674USD，合约行权价是220，到期日为2026/09/18
2026-07-10,US.GOOGL,,CALL,370.0,2026-07-17,1699,254850.0,BUY,07-11 03:12,7.11 03:12，出现一笔买入看涨期权交易，成交量为1699张，未平仓数为12830张，V/OI值为0.4，交易金额为254850USD，合约行权价是370，到期日为2026/07/17
2026-07-10,US.GOOGL,,CALL,355.0,2026-07-10,3818,419980.0,BUY,07-11 03:12,7.11 03:12，出现一笔买入看涨期权交易，成交量为3818张，未平仓数为2689张，V/OI值为14.7，交易金额为419980USD，合约行权价是355，到期日为2026/07/10
2026-07-10,US.GOOGL,,CALL,430.0,2028-12-15,1600,11612800.0,BUY,07-10 23:50,7.10 23:50，出现一笔买入看涨期权交易，成交量为1600张，未平仓数为324张，V/OI值为4.9，交易金额为11612800USD，合约行权价是430，到期日为2028/12/15
2026-07-10,US.GOOGL,,CALL,520.0,2028-12-15,1600,7988800.0,SELL,07-10 23:50,7.10 23:50，出现一笔卖出看涨期权交易，成交量为1600张，未平仓数为203张，V/OI值为7.9，交易金额为7988800USD，合约行权价是520，到期日为2028/12/15
2026-07-10,US.GOOGL,,CALL,360.0,2026-07-17,1199,563530.0,BUY,07-10 21:57,7.10 21:57，出现一笔买入看涨期权交易，成交量为1199张，未平仓数为5230张，V/OI值为0.5，交易金额为563530USD，合约行权价是360，到期日为2026/07/17
2026-07-10,US.GOOGL,,CALL,367.5,2026-07-17,1199,280566.0,SELL,07-10 21:57,7.10 21:57，出现一笔卖出看涨期权交易，成交量为1199张，未平仓数为1361张，V/OI值为1.5，交易金额为280566USD，合约行权价是367.5，到期日为2026/07/17
2026-07-10,US.GOOGL,,PUT,285.0,2027-01-15,2200,1872248.0,SELL,07-10 21:43,7.10 21:43，出现一笔卖出看跌期权交易，成交量为2200张，未平仓数为4308张，V/OI值为0.5，交易金额为1872248USD，合约行权价是285，到期日为2027/01/15
2026-07-10,US.HOOD,,PUT,104.0,2026-07-17,1779,169005.0,SELL,07-11 03:27,7.11 03:27，出现一笔卖出看跌期权交易，成交量为1779张，未平仓数为520张，V/OI值为4.5，交易金额为169005USD，合约行权价是104，到期日为2026/07/17
2026-07-10,US.HOOD,,CALL,115.0,2026-07-17,1779,489225.0,SELL,07-11 03:27,7.11 03:27，出现一笔卖出看涨期权交易，成交量为1779张，未平仓数为10336张，V/OI值为0.7，交易金额为489225USD，合约行权价是115，到期日为2026/07/17
2026-07-10,US.HOOD,,CALL,118.0,2026-07-17,2730,453180.0,BUY,07-11 03:21,7.11 03:21，出现一笔买入看涨期权交易，成交量为2730张，未平仓数为1198张，V/OI值为6.6，交易金额为453180USD，合约行权价是118，到期日为2026/07/17
2026-07-10,US.HOOD,,CALL,112.0,2026-07-10,2730,103740.0,SELL,07-11 03:21,7.11 03:21，出现一笔卖出看涨期权交易，成交量为2730张，未平仓数为3853张，V/OI值为3.9，交易金额为103740USD，合约行权价是112，到期日为2026/07/10
2026-07-10,US.HOOD,,CALL,113.0,2026-07-17,2730,920010.0,SELL,07-11 03:21,7.11 03:21，出现一笔卖出看涨期权交易，成交量为2730张，未平仓数为557张，V/OI值为11，交易金额为920010USD，合约行权价是113，到期日为2026/07/17
2026-07-10,US.HOOD,,CALL,85.0,2026-07-10,1387,3740678.0,SELL,07-11 02:49,7.11 02:49，出现一笔卖出看涨期权交易，成交量为1387张，未平仓数为1624张，V/OI值为0.9，交易金额为3740678USD，合约行权价是85，到期日为2026/07/10
2026-07-10,US.HOOD,,CALL,118.0,2026-07-17,1150,225400.0,BUY,07-11 01:56,7.11 01:56，出现一笔买入看涨期权交易，成交量为1150张，未平仓数为1198张，V/OI值为4.1，交易金额为225400USD，合约行权价是118，到期日为2026/07/17
2026-07-10,US.HOOD,,CALL,114.0,2026-07-17,1150,382950.0,SELL,07-11 01:56,7.11 01:56，出现一笔卖出看涨期权交易，成交量为1150张，未平仓数为926张，V/OI值为4.1，交易金额为382950USD，合约行权价是114，到期日为2026/07/17
2026-07-10,US.HOOD,,PUT,104.0,2026-07-24,1000,213000.0,BUY,07-11 00:25,7.11 00:25，出现一笔买入看跌期权交易，成交量为1000张，未平仓数为996张，V/OI值为1.1，交易金额为213000USD，合约行权价是104，到期日为2026/07/24
2026-07-10,US.HOOD,,CALL,165.0,2027-12-17,1016,2494280.0,SELL,07-11 00:25,7.11 00:25，出现一笔卖出看涨期权交易，成交量为1016张，未平仓数为2403张，V/OI值为4.9，交易金额为2494280USD，合约行权价是165，到期日为2027/12/17
2026-07-10,US.HOOD,,CALL,90.0,2026-07-17,1157,2736305.0,BUY,07-11 00:25,7.11 00:25，出现一笔买入看涨期权交易，成交量为1157张，未平仓数为13087张，V/OI值为0.4，交易金额为2736305USD，合约行权价是90，到期日为2026/07/17
2026-07-10,US.HOOD,,CALL,165.0,2027-12-17,1157,2852005.0,SELL,07-11 00:25,7.11 00:25，出现一笔卖出看涨期权交易，成交量为1157张，未平仓数为2403张，V/OI值为1.7，交易金额为2852005USD，合约行权价是165，到期日为2027/12/17
2026-07-10,US.HOOD,,CALL,90.0,2026-07-17,1092,2582580.0,BUY,07-11 00:25,7.11 00:25，出现一笔买入看涨期权交易，成交量为1092张，未平仓数为13087张，V/OI值为0.2，交易金额为2582580USD，合约行权价是90，到期日为2026/07/17
2026-07-10,US.HOOD,,CALL,165.0,2027-12-17,1092,2691780.0,SELL,07-11 00:25,7.11 00:25，出现一笔卖出看涨期权交易，成交量为1092张，未平仓数为2403张，V/OI值为0.6，交易金额为2691780USD，合约行权价是165，到期日为2027/12/17
2026-07-10,US.HOOD,,CALL,108.0,2026-07-10,1698,718254.0,BUY,07-10 23:36,7.10 23:36，出现一笔买入看涨期权交易，成交量为1698张，未平仓数为3326张，V/OI值为0.6，交易金额为718254USD，合约行权价是108，到期日为2026/07/10
2026-07-10,US.HOOD,,CALL,118.0,2026-07-17,1698,332808.0,BUY,07-10 23:36,7.10 23:36，出现一笔买入看涨期权交易，成交量为1698张，未平仓数为1198张，V/OI值为2.7，交易金额为332808USD，合约行权价是118，到期日为2026/07/17
2026-07-10,US.HOOD,,CALL,114.0,2026-07-17,1698,556944.0,SELL,07-10 23:36,7.10 23:36，出现一笔卖出看涨期权交易，成交量为1698张，未平仓数为926张，V/OI值为2.2，交易金额为556944USD，合约行权价是114，到期日为2026/07/17
2026-07-10,US.HOOD,,CALL,113.0,2026-07-10,1698,86598.0,BUY,07-10 23:36,7.10 23:36，出现一笔买入看涨期权交易，成交量为1698张，未平仓数为4744张，V/OI值为2.2，交易金额为86598USD，合约行权价是113，到期日为2026/07/10
2026-07-10,US.HOOD,,CALL,113.0,2026-07-17,1000,339000.0,SELL,07-10 22:32,7.10 22:32，出现一笔卖出看涨期权交易，成交量为1000张，未平仓数为557张，V/OI值为2.7，交易金额为339000USD，合约行权价是113，到期日为2026/07/17
2026-07-10,US.HOOD,,CALL,110.0,2026-07-24,1729,1123929.0,SELL,07-10 22:07,7.10 22:07，出现一笔卖出看涨期权交易，成交量为1729张，未平仓数为1967张，V/OI值为0.9，交易金额为1123929USD，合约行权价是110，到期日为2026/07/24
2026-07-10,US.HOOD,,CALL,110.0,2026-07-17,2452,1385419.0,SELL,07-10 21:47,7.10 21:47，出现一笔卖出看涨期权交易，成交量为2452张，未平仓数为13942张，V/OI值为0.2，交易金额为1385419USD，合约行权价是110，到期日为2026/07/17
2026-07-10,US.HOOD,,PUT,117.0,2026-07-10,1000,170000.0,SELL,07-10 21:30,7.10 21:30，出现一笔卖出看跌期权交易，成交量为1000张，未平仓数为900张，V/OI值为1.1，交易金额为170000USD，合约行权价是117，到期日为2026/07/10
2026-07-10,US.HPE,,CALL,50.0,2026-08-21,499,232035.0,BUY,07-10 22:33,7.10 22:33，出现一笔买入看涨期权交易，成交量为499张，未平仓数为2384张，V/OI值为0.3，交易金额为232035USD，合约行权价是50，到期日为2026/08/21
2026-07-10,US.IBIT,,CALL,35.0,2026-07-10,5799,724875.0,BUY,07-11 03:35,7.11 03:35，出现一笔买入看涨期权交易，成交量为5799张，未平仓数为23702张，V/OI值为0.7，交易金额为724875USD，合约行权价是35，到期日为2026/07/10
2026-07-10,US.IBIT,,CALL,36.0,2026-07-10,5799,144975.0,SELL,07-11 03:35,7.11 03:35，出现一笔卖出看涨期权交易，成交量为5799张，未平仓数为24466张，V/OI值为1，交易金额为144975USD，合约行权价是36，到期日为2026/07/10
2026-07-10,US.IBIT,,CALL,35.0,2026-07-10,2500,310000.0,BUY,07-11 03:35,7.11 03:35，出现一笔买入看涨期权交易，成交量为2500张，未平仓数为23702张，V/OI值为0.4，交易金额为310000USD，合约行权价是35，到期日为2026/07/10
2026-07-10,US.IBIT,,CALL,34.5,2026-07-10,3300,554400.0,BUY,07-11 03:17,7.11 03:17，出现一笔买入看涨期权交易，成交量为3300张，未平仓数为5695张，V/OI值为0.7，交易金额为554400USD，合约行权价是34.5，到期日为2026/07/10
2026-07-10,US.IBIT,,CALL,36.5,2026-08-07,1544,197632.0,SELL,07-11 02:51,7.11 02:51，出现一笔卖出看涨期权交易，成交量为1544张，未平仓数为1036张，V/OI值为2.8，交易金额为197632USD，合约行权价是36.5，到期日为2026/08/07
2026-07-10,US.IBIT,,CALL,35.0,2026-07-10,1497,173652.0,BUY,07-11 02:49,7.11 02:49，出现一笔买入看涨期权交易，成交量为1497张，未平仓数为23702张，V/OI值为0.2，交易金额为173652USD，合约行权价是35，到期日为2026/07/10
2026-07-10,US.IBIT,,CALL,34.0,2026-07-10,1500,327000.0,SELL,07-11 02:40,7.11 02:40，出现一笔卖出看涨期权交易，成交量为1500张，未平仓数为7807张，V/OI值为0.3，交易金额为327000USD，合约行权价是34，到期日为2026/07/10
2026-07-10,US.IBIT,,CALL,35.5,2026-07-10,1500,102000.0,SELL,07-11 02:40,7.11 02:40，出现一笔卖出看涨期权交易，成交量为1500张，未平仓数为13873张，V/OI值为0.3，交易金额为102000USD，合约行权价是35.5，到期日为2026/07/10
2026-07-10,US.IBIT,,PUT,36.0,2026-08-07,2478,317184.0,SELL,07-11 02:26,7.11 02:26，出现一笔卖出看跌期权交易，成交量为2478张，未平仓数为677张，V/OI值为5.2，交易金额为317184USD，合约行权价是36，到期日为2026/08/07
2026-07-10,US.IBIT,,CALL,39.0,2026-09-18,3500,472500.0,SELL,07-11 02:22,7.11 02:22，出现一笔卖出看涨期权交易，成交量为3500张，未平仓数为4919张，V/OI值为0.7，交易金额为472500USD，合约行权价是39，到期日为2026/09/18
2026-07-10,US.IBIT,,PUT,38.0,2026-07-17,10000,1890000.0,BUY,07-11 01:38,7.11 01:38，出现一笔买入看跌期权交易，成交量为10000张，未平仓数为30686张，V/OI值为0.3，交易金额为1890000USD，合约行权价是38，到期日为2026/07/17
2026-07-10,US.IBIT,,PUT,37.0,2026-07-17,10000,1110000.0,SELL,07-11 01:38,7.11 01:38，出现一笔卖出看跌期权交易，成交量为10000张，未平仓数为21726张，V/OI值为0.5，交易金额为1110000USD，合约行权价是37，到期日为2026/07/17
2026-07-10,US.IBIT,,CALL,38.0,2026-08-21,5300,593600.0,SELL,07-11 01:07,7.11 01:07，出现一笔卖出看涨期权交易，成交量为5300张，未平仓数为22176张，V/OI值为0.3，交易金额为593600USD，合约行权价是38，到期日为2026/08/21
2026-07-10,US.IBIT,,CALL,70.0,2028-12-15,4640,2528785.0,BUY,07-10 23:44,7.10 23:44，出现一笔买入看涨期权交易，成交量为4640张，未平仓数为2294张，V/OI值为2，交易金额为2528785USD，合约行权价是70，到期日为2028/12/15
2026-07-10,US.IBIT,,CALL,37.0,2026-07-17,4800,187200.0,SELL,07-10 23:25,7.10 23:25，出现一笔卖出看涨期权交易，成交量为4800张，未平仓数为23721张，V/OI值为0.7，交易金额为187200USD，合约行权价是37，到期日为2026/07/17
2026-07-10,US.IBIT,,PUT,36.0,2026-07-24,20498,1742330.0,BUY,07-10 23:14,7.10 23:14，出现一笔买入看跌期权交易，成交量为20498张，未平仓数为2248张，V/OI值为9.3，交易金额为1742330USD，合约行权价是36，到期日为2026/07/24
2026-07-10,US.IBIT,,CALL,40.0,2026-08-21,1600,88000.0,BUY,07-10 23:12,7.10 23:12，出现一笔买入看涨期权交易，成交量为1600张，未平仓数为30161张，V/OI值为0.1，交易金额为88000USD，合约行权价是40，到期日为2026/08/21
2026-07-10,US.IBIT,,PUT,30.0,2026-09-18,1600,97600.0,BUY,07-10 23:12,7.10 23:12，出现一笔买入看跌期权交易，成交量为1600张，未平仓数为49775张，V/OI值为0，交易金额为97600USD，合约行权价是30，到期日为2026/09/18
2026-07-10,US.IBIT,,CALL,37.0,2026-07-17,5091,188367.0,SELL,07-10 22:27,7.10 22:27，出现一笔卖出看涨期权交易，成交量为5091张，未平仓数为23721张，V/OI值为0.4，交易金额为188367USD，合约行权价是37，到期日为2026/07/17
2026-07-10,US.IBM,,CALL,365.0,2026-09-18,1295,569800.0,SELL,07-11 02:37,7.11 02:37，出现一笔卖出看涨期权交易，成交量为1295张，未平仓数为8张，V/OI值为162.2，交易金额为569800USD，合约行权价是365，到期日为2026/09/18
2026-07-10,US.IBM,,PUT,290.0,2026-07-17,321,200633.0,SELL,07-11 01:29,7.11 01:29，出现一笔卖出看跌期权交易，成交量为321张，未平仓数为1466张，V/OI值为0.4，交易金额为200633USD，合约行权价是290，到期日为2026/07/17
2026-07-10,US.IGV,,PUT,90.0,2026-08-21,7500,2257504.0,SELL,07-11 03:37,7.11 03:37，出现一笔卖出看跌期权交易，成交量为7500张，未平仓数为107978张，V/OI值为0.1，交易金额为2257504USD，合约行权价是90，到期日为2026/08/21
2026-07-10,US.IGV,,CALL,103.0,2026-08-21,8000,1000000.0,BUY,07-10 23:58,7.10 23:58，出现一笔买入看涨期权交易，成交量为8000张，未平仓数为342张，V/OI值为29.5，交易金额为1000000USD，合约行权价是103，到期日为2026/08/21
2026-07-10,US.IGV,,CALL,103.0,2026-08-21,1000,123000.0,BUY,07-10 23:57,7.10 23:57，出现一笔买入看涨期权交易，成交量为1000张，未平仓数为342张，V/OI值为6.1，交易金额为123000USD，合约行权价是103，到期日为2026/08/21
2026-07-10,US.IGV,,CALL,103.0,2026-08-21,1000,121003.0,BUY,07-10 23:56,7.10 23:56，出现一笔买入看涨期权交易，成交量为1000张，未平仓数为342张，V/OI值为3.2，交易金额为121003USD，合约行权价是103，到期日为2026/08/21
2026-07-10,US.IGV,,PUT,85.0,2026-09-18,17500,4130000.0,BUY,07-10 23:34,7.10 23:34，出现一笔买入看跌期权交易，成交量为17500张，未平仓数为21084张，V/OI值为0.8，交易金额为4130000USD，合约行权价是85，到期日为2026/09/18
2026-07-10,US.IGV,,PUT,80.0,2026-08-21,20000,1300000.0,SELL,07-10 23:34,7.10 23:34，出现一笔卖出看跌期权交易，成交量为20000张，未平仓数为69658张，V/OI值为0.3，交易金额为1300000USD，合约行权价是80，到期日为2026/08/21
2026-07-10,US.INTC,,CALL,150.0,2026-07-31,1000,153000.0,SELL,07-11 03:58,7.11 03:58，出现一笔卖出看涨期权交易，成交量为1000张，未平仓数为4213张，V/OI值为1.6，交易金额为153000USD，合约行权价是150，到期日为2026/07/31
2026-07-10,US.INTC,,CALL,120.0,2026-07-24,1343,678215.0,SELL,07-11 03:57,7.11 03:57，出现一笔卖出看涨期权交易，成交量为1343张，未平仓数为11343张，V/OI值为0.3，交易金额为678215USD，合约行权价是120，到期日为2026/07/24
2026-07-10,US.INTC,,CALL,150.0,2026-07-31,1500,225000.0,SELL,07-11 03:53,7.11 03:53，出现一笔卖出看涨期权交易，成交量为1500张，未平仓数为4213张，V/OI值为1.1，交易金额为225000USD，合约行权价是150，到期日为2026/07/31
2026-07-10,US.INTC,,CALL,62.5,2027-01-15,1502,8119812.0,SELL,07-11 01:43,7.11 01:43，出现一笔卖出看涨期权交易，成交量为1502张，未平仓数为3346张，V/OI值为0.8，交易金额为8119812USD，合约行权价是62.5，到期日为2027/01/15
2026-07-10,US.INTC,,PUT,95.0,2026-07-17,1746,106506.0,SELL,07-11 01:43,7.11 01:43，出现一笔卖出看跌期权交易，成交量为1746张，未平仓数为10649张，V/OI值为0.3，交易金额为106506USD，合约行权价是95，到期日为2026/07/17
2026-07-10,US.INTC,,CALL,125.0,2026-08-21,5000,4030000.0,SELL,07-11 00:44,7.11 00:44，出现一笔卖出看涨期权交易，成交量为5000张，未平仓数为5124张，V/OI值为1，交易金额为4030000USD，合约行权价是125，到期日为2026/08/21
2026-07-10,US.INTC,,PUT,62.5,2026-07-17,20370,101846.0,BUY,07-10 23:05,7.10 23:05，出现一笔买入看跌期权交易，成交量为20370张，未平仓数为2921张，V/OI值为7，交易金额为101846USD，合约行权价是62.5，到期日为2026/07/17
2026-07-10,US.INTC,,PUT,99.0,2026-07-31,3518,2040440.0,BUY,07-10 23:05,7.10 23:05，出现一笔买入看跌期权交易，成交量为3518张，未平仓数为207张，V/OI值为17.1，交易金额为2040440USD，合约行权价是99，到期日为2026/07/31
2026-07-10,US.INTC,,PUT,100.0,2026-07-13,5169,160239.0,BUY,07-10 22:44,7.10 22:44，出现一笔买入看跌期权交易，成交量为5169张，未平仓数为1040张，V/OI值为5.1，交易金额为160239USD，合约行权价是100，到期日为2026/07/13
2026-07-10,US.INTC,,PUT,60.0,2026-12-18,1000,345000.0,SELL,07-10 22:42,7.10 22:42，出现一笔卖出看跌期权交易，成交量为1000张，未平仓数为8347张，V/OI值为0.1，交易金额为345000USD，合约行权价是60，到期日为2026/12/18
2026-07-10,US.INTC,,PUT,65.0,2026-08-28,20825,1915900.0,SELL,07-10 22:38,7.10 22:38，出现一笔卖出看跌期权交易，成交量为20825张，未平仓数为0张，V/OI值为0，交易金额为1915900USD，合约行权价是65，到期日为2026/08/28
2026-07-10,US.INTC,,PUT,105.0,2026-07-10,4475,80550.0,BUY,07-10 22:37,7.10 22:37，出现一笔买入看跌期权交易，成交量为4475张，未平仓数为5987张，V/OI值为1.1，交易金额为80550USD，合约行权价是105，到期日为2026/07/10
2026-07-10,US.INTC,,CALL,111.0,2026-07-10,1581,126480.0,SELL,07-10 21:49,7.10 21:49，出现一笔卖出看涨期权交易，成交量为1581张，未平仓数为1958张，V/OI值为1.6，交易金额为126480USD，合约行权价是111，到期日为2026/07/10
2026-07-10,US.INTC,,PUT,109.0,2026-07-17,1339,768586.0,BUY,07-10 21:43,7.10 21:43，出现一笔买入看跌期权交易，成交量为1339张，未平仓数为421张，V/OI值为3.3，交易金额为768586USD，合约行权价是109，到期日为2026/07/17
2026-07-10,US.INTU,,CALL,290.0,2026-10-16,221,607758.0,SELL,07-10 23:31,7.10 23:31，出现一笔卖出看涨期权交易，成交量为221张，未平仓数为91张，V/OI值为2.5，交易金额为607758USD，合约行权价是290，到期日为2026/10/16
2026-07-10,US.IREN,,CALL,42.0,2026-07-17,1030,238960.0,SELL,07-11 03:16,7.11 03:16，出现一笔卖出看涨期权交易，成交量为1030张，未平仓数为4764张，V/OI值为1.9，交易金额为238960USD，合约行权价是42，到期日为2026/07/17
2026-07-10,US.IREN,,PUT,31.0,2026-07-24,1942,112636.0,BUY,07-11 02:57,7.11 02:57，出现一笔买入看跌期权交易，成交量为1942张，未平仓数为1563张，V/OI值为1.3，交易金额为112636USD，合约行权价是31，到期日为2026/07/24
2026-07-10,US.IREN,,PUT,36.0,2026-07-17,12300,799500.0,BUY,07-11 02:26,7.11 02:26，出现一笔买入看跌期权交易，成交量为12300张，未平仓数为2670张，V/OI值为4.9，交易金额为799500USD，合约行权价是36，到期日为2026/07/17
2026-07-10,US.IREN,,PUT,40.0,2026-07-17,7500,1237500.0,SELL,07-11 02:26,7.11 02:26，出现一笔卖出看跌期权交易，成交量为7500张，未平仓数为21686张，V/OI值为0.5，交易金额为1237500USD，合约行权价是40，到期日为2026/07/17
2026-07-10,US.IREN,,PUT,39.0,2026-07-17,12300,1660500.0,BUY,07-11 02:26,7.11 02:26，出现一笔买入看跌期权交易，成交量为12300张，未平仓数为27064张，V/OI值为0.9，交易金额为1660500USD，合约行权价是39，到期日为2026/07/17
2026-07-10,US.IREN,,CALL,45.0,2026-07-17,1300,195000.0,SELL,07-11 01:22,7.11 01:22，出现一笔卖出看涨期权交易，成交量为1300张，未平仓数为5333张，V/OI值为1.1，交易金额为195000USD，合约行权价是45，到期日为2026/07/17
2026-07-10,US.IREN,,PUT,30.0,2027-01-15,50000,31000000.0,BUY,07-11 01:12,7.11 01:12，出现一笔买入看跌期权交易，成交量为50000张，未平仓数为34753张，V/OI值为1.4，交易金额为31000000USD，合约行权价是30，到期日为2027/01/15
2026-07-10,US.IREN,,CALL,110.0,2027-01-15,50000,14050000.0,SELL,07-11 01:12,7.11 01:12，出现一笔卖出看涨期权交易，成交量为50000张，未平仓数为77148张，V/OI值为0.7，交易金额为14050000USD，合约行权价是110，到期日为2027/01/15
2026-07-10,US.IREN,,CALL,45.0,2026-07-17,1000,165000.0,BUY,07-11 00:53,7.11 00:53，出现一笔买入看涨期权交易，成交量为1000张，未平仓数为5333张，V/OI值为0.8，交易金额为165000USD，合约行权价是45，到期日为2026/07/17
2026-07-10,US.IREN,,CALL,42.0,2026-07-17,3187,640587.0,BUY,07-11 00:15,7.11 00:15，出现一笔买入看涨期权交易，成交量为3187张，未平仓数为4764张，V/OI值为1.1，交易金额为640587USD，合约行权价是42，到期日为2026/07/17
2026-07-10,US.IREN,,PUT,32.0,2026-07-31,10000,1420000.0,BUY,07-11 00:03,7.11 00:03，出现一笔买入看跌期权交易，成交量为10000张，未平仓数为13张，V/OI值为795.2，交易金额为1420000USD，合约行权价是32，到期日为2026/07/31
2026-07-10,US.IREN,,PUT,39.0,2026-07-17,10000,1750000.0,SELL,07-11 00:03,7.11 00:03，出现一笔卖出看跌期权交易，成交量为10000张，未平仓数为27064张，V/OI值为0.4，交易金额为1750000USD，合约行权价是39，到期日为2026/07/17
2026-07-10,US.IREN,,PUT,24.0,2026-07-17,18000,108000.0,SELL,07-10 23:18,7.10 23:18，出现一笔卖出看跌期权交易，成交量为18000张，未平仓数为736张，V/OI值为24.8，交易金额为108000USD，合约行权价是24，到期日为2026/07/17
2026-07-10,US.IREN,,PUT,41.0,2026-07-17,7000,2002000.0,SELL,07-10 22:39,7.10 22:39，出现一笔卖出看跌期权交易，成交量为7000张，未平仓数为24601张，V/OI值为0.3，交易金额为2002000USD，合约行权价是41，到期日为2026/07/17
2026-07-10,US.IREN,,CALL,41.0,2026-07-17,7000,1638000.0,SELL,07-10 22:39,7.10 22:39，出现一笔卖出看涨期权交易，成交量为7000张，未平仓数为7529张，V/OI值为1，交易金额为1638000USD，合约行权价是41，到期日为2026/07/17
2026-07-10,US.IREN,,CALL,48.0,2026-07-17,1000,90000.0,BUY,07-10 21:30,7.10 21:30，出现一笔买入看涨期权交易，成交量为1000张，未平仓数为8581张，V/OI值为0.1，交易金额为90000USD，合约行权价是48，到期日为2026/07/17
2026-07-10,US.IWM,,CALL,280.0,2027-12-17,3000,14310000.0,BUY,07-11 03:55,7.11 03:55，出现一笔买入看涨期权交易，成交量为3000张，未平仓数为11784张，V/OI值为0.3，交易金额为14310000USD，合约行权价是280，到期日为2027/12/17
2026-07-10,US.IWM,,PUT,285.0,2026-08-21,5032,1800046.0,BUY,07-11 03:27,7.11 03:27，出现一笔买入看跌期权交易，成交量为5032张，未平仓数为61377张，V/OI值为0.3，交易金额为1800046USD，合约行权价是285，到期日为2026/08/21
2026-07-10,US.IWM,,PUT,200.0,2026-12-18,5500,555500.0,BUY,07-11 02:33,7.11 02:33，出现一笔买入看跌期权交易，成交量为5500张，未平仓数为70848张，V/OI值为0.1，交易金额为555500USD，合约行权价是200，到期日为2026/12/18
2026-07-10,US.IWM,,PUT,287.0,2026-07-17,3733,175451.0,SELL,07-11 01:59,7.11 01:59，出现一笔卖出看跌期权交易，成交量为3733张，未平仓数为70196张，V/OI值为0.2，交易金额为175451USD，合约行权价是287，到期日为2026/07/17
2026-07-10,US.IWM,,PUT,280.0,2026-08-21,3198,837876.0,BUY,07-11 01:59,7.11 01:59，出现一笔买入看跌期权交易，成交量为3198张，未平仓数为57179张，V/OI值为0.3，交易金额为837876USD，合约行权价是280，到期日为2026/08/21
2026-07-10,US.IWM,,PUT,285.0,2026-08-21,6299,2456875.0,SELL,07-11 00:10,7.11 00:10，出现一笔卖出看跌期权交易，成交量为6299张，未平仓数为61377张，V/OI值为0.2，交易金额为2456875USD，合约行权价是285，到期日为2026/08/21
2026-07-10,US.IWM,,CALL,320.0,2027-03-19,3000,3948000.0,SELL,07-10 23:32,7.10 23:32，出现一笔卖出看涨期权交易，成交量为3000张，未平仓数为7156张，V/OI值为0.4，交易金额为3948000USD，合约行权价是320，到期日为2027/03/19
2026-07-10,US.IWM,,CALL,295.0,2026-09-18,3000,3453000.0,SELL,07-10 23:32,7.10 23:32，出现一笔卖出看涨期权交易，成交量为3000张，未平仓数为9317张，V/OI值为0.3，交易金额为3453000USD，合约行权价是295，到期日为2026/09/18
2026-07-10,US.IWM,,CALL,296.0,2026-07-10,5849,111134.0,SELL,07-10 23:15,7.10 23:15，出现一笔卖出看涨期权交易，成交量为5849张，未平仓数为2298张，V/OI值为25，交易金额为111134USD，合约行权价是296，到期日为2026/07/10
2026-07-10,US.IWM,,PUT,290.0,2026-07-24,4000,900000.0,SELL,07-10 22:36,7.10 22:36，出现一笔卖出看跌期权交易，成交量为4000张，未平仓数为1697张，V/OI值为2.5，交易金额为900000USD，合约行权价是290，到期日为2026/07/24
2026-07-10,US.IWM,,PUT,295.0,2026-07-17,4000,1136000.0,BUY,07-10 22:36,7.10 22:36，出现一笔买入看跌期权交易，成交量为4000张，未平仓数为15026张，V/OI值为0.5，交易金额为1136000USD，合约行权价是295，到期日为2026/07/17
2026-07-10,US.IWM,,PUT,255.0,2026-09-18,4000,592000.0,BUY,07-10 21:58,7.10 21:58，出现一笔买入看跌期权交易，成交量为4000张，未平仓数为35260张，V/OI值为0.1，交易金额为592000USD，合约行权价是255，到期日为2026/09/18
2026-07-10,US.IWM,,CALL,297.5,2026-07-10,8169,302253.0,BUY,07-10 21:50,7.10 21:50，出现一笔买入看涨期权交易，成交量为8169张，未平仓数为1232张，V/OI值为14.3，交易金额为302253USD，合约行权价是297.5，到期日为2026/07/10
2026-07-10,US.LITE,,CALL,732.5,2026-07-10,210,1099770.0,BUY,07-11 01:49,7.11 01:49，出现一笔买入看涨期权交易，成交量为210张，未平仓数为230张，V/OI值为0.9，交易金额为1099770USD，合约行权价是732.5，到期日为2026/07/10
2026-07-10,US.LITE,,CALL,805.0,2026-07-17,210,592410.0,BUY,07-10 23:18,7.10 23:18，出现一笔买入看涨期权交易，成交量为210张，未平仓数为43张，V/OI值为5，交易金额为592410USD，合约行权价是805，到期日为2026/07/17
2026-07-10,US.LITE,,PUT,720.0,2026-07-17,210,363720.0,SELL,07-10 23:18,7.10 23:18，出现一笔卖出看跌期权交易，成交量为210张，未平仓数为359张，V/OI值为1.1，交易金额为363720USD，合约行权价是720，到期日为2026/07/17
2026-07-10,US.LITE,,CALL,725.0,2026-07-10,210,1121610.0,SELL,07-10 23:18,7.10 23:18，出现一笔卖出看涨期权交易，成交量为210张，未平仓数为248张，V/OI值为0.8，交易金额为1121610USD，合约行权价是725，到期日为2026/07/10
2026-07-10,US.MARA,,CALL,13.0,2026-07-17,14455,578200.0,SELL,07-10 23:08,7.10 23:08，出现一笔卖出看涨期权交易，成交量为14455张，未平仓数为11470张，V/OI值为2.9，交易金额为578200USD，合约行权价是13，到期日为2026/07/17
2026-07-10,US.MARA,,CALL,14.0,2026-07-17,14455,245735.0,BUY,07-10 23:08,7.10 23:08，出现一笔买入看涨期权交易，成交量为14455张，未平仓数为13480张，V/OI值为2.5，交易金额为245735USD，合约行权价是14，到期日为2026/07/17
2026-07-10,US.MARA,,PUT,10.5,2026-07-24,6000,96000.0,SELL,07-10 22:16,7.10 22:16，出现一笔卖出看跌期权交易，成交量为6000张，未平仓数为5184张，V/OI值为1.2，交易金额为96000USD，合约行权价是10.5，到期日为2026/07/24
2026-07-10,US.MARA,,CALL,13.0,2026-07-17,1666,81634.0,SELL,07-10 22:14,7.10 22:14，出现一笔卖出看涨期权交易，成交量为1666张，未平仓数为11470张，V/OI值为1.6，交易金额为81634USD，合约行权价是13，到期日为2026/07/17
2026-07-10,US.MARA,,CALL,13.0,2026-07-17,13647,641409.0,SELL,07-10 22:12,7.10 22:12，出现一笔卖出看涨期权交易，成交量为13647张，未平仓数为11470张，V/OI值为1.3，交易金额为641409USD，合约行权价是13，到期日为2026/07/17
2026-07-10,US.MARA,,CALL,14.0,2026-07-17,13647,300234.0,BUY,07-10 22:12,7.10 22:12，出现一笔买入看涨期权交易，成交量为13647张，未平仓数为13480张，V/OI值为1.1，交易金额为300234USD，合约行权价是14，到期日为2026/07/17
2026-07-10,US.META,,CALL,635.0,2026-07-10,4536,12927600.0,BUY,07-11 01:43,7.11 01:43，出现一笔买入看涨期权交易，成交量为4536张，未平仓数为7269张，V/OI值为1，交易金额为12927600USD，合约行权价是635，到期日为2026/07/10
2026-07-10,US.META,,CALL,625.0,2026-07-10,4536,17463600.0,BUY,07-11 01:43,7.11 01:43，出现一笔买入看涨期权交易，成交量为4536张，未平仓数为7358张，V/OI值为0.9，交易金额为17463600USD，合约行权价是625，到期日为2026/07/10
2026-07-10,US.META,,PUT,500.0,2026-12-18,2500,3960000.0,BUY,07-10 23:29,7.10 23:29，出现一笔买入看跌期权交易，成交量为2500张，未平仓数为7747张，V/OI值为1.1，交易金额为3960000USD，合约行权价是500，到期日为2026/12/18
2026-07-10,US.META,,CALL,700.0,2026-12-18,2500,19387500.0,SELL,07-10 23:29,7.10 23:29，出现一笔卖出看涨期权交易，成交量为2500张，未平仓数为3998张，V/OI值为1.3，交易金额为19387500USD，合约行权价是700，到期日为2026/12/18
2026-07-10,US.META,,PUT,500.0,2026-12-18,2500,3975000.0,BUY,07-10 23:27,7.10 23:27，出现一笔买入看跌期权交易，成交量为2500张，未平仓数为7747张，V/OI值为0.8，交易金额为3975000USD，合约行权价是500，到期日为2026/12/18
2026-07-10,US.META,,CALL,700.0,2026-12-18,2500,19302500.0,SELL,07-10 23:27,7.10 23:27，出现一笔卖出看涨期权交易，成交量为2500张，未平仓数为3998张，V/OI值为0.7，交易金额为19302500USD，合约行权价是700，到期日为2026/12/18
2026-07-10,US.META,,CALL,650.0,2026-07-17,4000,12528000.0,SELL,07-10 23:17,7.10 23:17，出现一笔卖出看涨期权交易，成交量为4000张，未平仓数为29785张，V/OI值为0.6，交易金额为12528000USD，合约行权价是650，到期日为2026/07/17
2026-07-10,US.META,,CALL,700.0,2026-07-24,6000,9750000.0,SELL,07-10 23:17,7.10 23:17，出现一笔卖出看涨期权交易，成交量为6000张，未平仓数为1342张，V/OI值为10.5，交易金额为9750000USD，合约行权价是700，到期日为2026/07/24
2026-07-10,US.META,,CALL,775.0,2026-07-24,6000,1962000.0,SELL,07-10 23:17,7.10 23:17，出现一笔卖出看涨期权交易，成交量为6000张，未平仓数为34张，V/OI值为370.4，交易金额为1962000USD，合约行权价是775，到期日为2026/07/24
2026-07-10,US.META,,CALL,750.0,2026-09-18,3000,9510000.0,SELL,07-10 23:10,7.10 23:10，出现一笔卖出看涨期权交易，成交量为3000张，未平仓数为11101张，V/OI值为0.3，交易金额为9510000USD，合约行权价是750，到期日为2026/09/18
2026-07-10,US.META,,PUT,760.0,2027-12-17,1500,26542500.0,SELL,07-10 22:55,7.10 22:55，出现一笔卖出看跌期权交易，成交量为1500张，未平仓数为1694张，V/OI值为0.9，交易金额为26542500USD，合约行权价是760，到期日为2027/12/17
2026-07-10,US.META,,CALL,690.0,2026-07-10,2741,230244.0,BUY,07-10 22:40,7.10 22:40，出现一笔买入看涨期权交易，成交量为2741张，未平仓数为1039张，V/OI值为12.7，交易金额为230244USD，合约行权价是690，到期日为2026/07/10
2026-07-10,US.META,,CALL,700.0,2026-07-17,1500,1290000.0,BUY,07-10 22:24,7.10 22:24，出现一笔买入看涨期权交易，成交量为1500张，未平仓数为24604张，V/OI值为0.7，交易金额为1290000USD，合约行权价是700，到期日为2026/07/17
2026-07-10,US.META,,CALL,800.0,2026-07-17,7000,651000.0,SELL,07-10 22:13,7.10 22:13，出现一笔卖出看涨期权交易，成交量为7000张，未平仓数为12897张，V/OI值为0.7，交易金额为651000USD，合约行权价是800，到期日为2026/07/17
2026-07-10,US.META,,CALL,750.0,2026-07-17,7000,1848000.0,BUY,07-10 22:13,7.10 22:13，出现一笔买入看涨期权交易，成交量为7000张，未平仓数为16380张，V/OI值为0.6，交易金额为1848000USD，合约行权价是750，到期日为2026/07/17
2026-07-10,US.META,,PUT,670.0,2026-09-18,2500,13265000.0,SELL,07-10 22:03,7.10 22:03，出现一笔卖出看跌期权交易，成交量为2500张，未平仓数为1011张，V/OI值为2.5，交易金额为13265000USD，合约行权价是670，到期日为2026/09/18
2026-07-10,US.META,,CALL,670.0,2026-09-18,2500,15735000.0,SELL,07-10 22:03,7.10 22:03，出现一笔卖出看涨期权交易，成交量为2500张，未平仓数为2145张，V/OI值为1.2，交易金额为15735000USD，合约行权价是670，到期日为2026/09/18
2026-07-10,US.META,,PUT,500.0,2026-12-18,3700,5827500.0,BUY,07-10 21:59,7.10 21:59，出现一笔买入看跌期权交易，成交量为3700张，未平仓数为7747张，V/OI值为0.5，交易金额为5827500USD，合约行权价是500，到期日为2026/12/18
2026-07-10,US.META,,CALL,720.0,2026-08-21,1420,4075400.0,SELL,07-10 21:46,7.10 21:46，出现一笔卖出看涨期权交易，成交量为1420张，未平仓数为26649张，V/OI值为0.2，交易金额为4075400USD，合约行权价是720，到期日为2026/08/21
2026-07-10,US.META,,PUT,535.0,2026-08-07,2110,816570.0,SELL,07-10 21:41,7.10 21:41，出现一笔卖出看跌期权交易，成交量为2110张，未平仓数为118张，V/OI值为18.1，交易金额为816570USD，合约行权价是535，到期日为2026/08/07
2026-07-10,US.META,,CALL,685.0,2026-07-31,3000,10500000.0,BUY,07-10 21:39,7.10 21:39，出现一笔买入看涨期权交易，成交量为3000张，未平仓数为168张，V/OI值为18.1，交易金额为10500000USD，合约行权价是685，到期日为2026/07/31
2026-07-10,US.META,,CALL,705.0,2026-07-10,1000,96000.0,BUY,07-10 21:39,7.10 21:39，出现一笔买入看涨期权交易，成交量为1000张，未平仓数为484张，V/OI值为3.4，交易金额为96000USD，合约行权价是705，到期日为2026/07/10
2026-07-10,US.META,,CALL,600.0,2026-07-24,3000,22500000.0,SELL,07-10 21:39,7.10 21:39，出现一笔卖出看涨期权交易，成交量为3000张，未平仓数为3787张，V/OI值为0.8，交易金额为22500000USD，合约行权价是600，到期日为2026/07/24
2026-07-10,US.MRVL,,CALL,275.0,2026-07-17,1000,177546.0,SELL,07-11 01:23,7.11 01:23，出现一笔卖出看涨期权交易，成交量为1000张，未平仓数为2507张，V/OI值为0.8，交易金额为177546USD，合约行权价是275，到期日为2026/07/17
2026-07-10,US.MRVL,,PUT,150.0,2026-07-17,7000,126000.0,BUY,07-10 23:29,7.10 23:29，出现一笔买入看跌期权交易，成交量为7000张，未平仓数为8524张，V/OI值为0.8，交易金额为126000USD，合约行权价是150，到期日为2026/07/17
2026-07-10,US.MRVL,,CALL,255.0,2026-07-17,2390,1233240.0,BUY,07-10 22:39,7.10 22:39，出现一笔买入看涨期权交易，成交量为2390张，未平仓数为2596张，V/OI值为1.2，交易金额为1233240USD，合约行权价是255，到期日为2026/07/17
2026-07-10,US.MRVL,,CALL,235.0,2026-08-07,1000,2585000.0,SELL,07-10 21:59,7.10 21:59，出现一笔卖出看涨期权交易，成交量为1000张，未平仓数为451张，V/OI值为7.8，交易金额为2585000USD，合约行权价是235，到期日为2026/08/07
2026-07-10,US.MSFT,,CALL,410.0,2026-08-21,1298,1661440.0,SELL,07-11 03:54,7.11 03:54，出现一笔卖出看涨期权交易，成交量为1298张，未平仓数为10775张，V/OI值为0.6，交易金额为1661440USD，合约行权价是410，到期日为2026/08/21
2026-07-10,US.MSFT,,PUT,435.0,2026-07-17,1050,5234250.0,SELL,07-11 03:35,7.11 03:35，出现一笔卖出看跌期权交易，成交量为1050张，未平仓数为1026张，V/OI值为1，交易金额为5234250USD，合约行权价是435，到期日为2026/07/17
2026-07-10,US.MSFT,,PUT,450.0,2026-07-17,1254,8144730.0,BUY,07-11 03:20,7.11 03:20，出现一笔买入看跌期权交易，成交量为1254张，未平仓数为915张，V/OI值为1.5，交易金额为8144730USD，合约行权价是450，到期日为2026/07/17
2026-07-10,US.MSFT,,PUT,385.0,2026-07-10,1151,142724.0,SELL,07-11 01:33,7.11 01:33，出现一笔卖出看跌期权交易，成交量为1151张，未平仓数为1832张，V/OI值为7.4，交易金额为142724USD，合约行权价是385，到期日为2026/07/10
2026-07-10,US.MSFT,,CALL,450.0,2026-08-21,1341,630270.0,BUY,07-11 01:27,7.11 01:27，出现一笔买入看涨期权交易，成交量为1341张，未平仓数为41515张，V/OI值为0.3，交易金额为630270USD，合约行权价是450，到期日为2026/08/21
2026-07-10,US.MSFT,,CALL,410.0,2026-08-21,1500,1867500.0,SELL,07-10 23:51,7.10 23:51，出现一笔卖出看涨期权交易，成交量为1500张，未平仓数为10775张，V/OI值为0.4，交易金额为1867500USD，合约行权价是410，到期日为2026/08/21
2026-07-10,US.MSFT,,CALL,450.0,2026-08-21,2022,1011000.0,SELL,07-10 23:37,7.10 23:37，出现一笔卖出看涨期权交易，成交量为2022张，未平仓数为41515张，V/OI值为0.2，交易金额为1011000USD，合约行权价是450，到期日为2026/08/21
2026-07-10,US.MSFT,,CALL,380.0,2026-07-10,1463,636365.0,BUY,07-10 23:36,7.10 23:36，出现一笔买入看涨期权交易，成交量为1463张，未平仓数为3366张，V/OI值为1.1，交易金额为636365USD，合约行权价是380，到期日为2026/07/10
2026-07-10,US.MSFT,,CALL,450.0,2026-08-21,1185,509550.0,SELL,07-10 23:05,7.10 23:05，出现一笔卖出看涨期权交易，成交量为1185张，未平仓数为41515张，V/OI值为0.1，交易金额为509550USD，合约行权价是450，到期日为2026/08/21
2026-07-10,US.MSFT,,CALL,382.5,2026-07-10,1419,475279.0,BUY,07-10 22:08,7.10 22:08，出现一笔买入看涨期权交易，成交量为1419张，未平仓数为2462张，V/OI值为1，交易金额为475279USD，合约行权价是382.5，到期日为2026/07/10
2026-07-10,US.MSFT,,CALL,440.0,2026-08-21,1000,585000.0,SELL,07-10 22:05,7.10 22:05，出现一笔卖出看涨期权交易，成交量为1000张，未平仓数为10045张，V/OI值为0.1，交易金额为585000USD，合约行权价是440，到期日为2026/08/21
2026-07-10,US.MSTR,,CALL,30.0,2026-07-17,3410,22069520.0,SELL,07-11 03:59,7.11 03:59，出现一笔卖出看涨期权交易，成交量为3410张，未平仓数为35张，V/OI值为126.3，交易金额为22069520USD，合约行权价是30，到期日为2026/07/17
2026-07-10,US.MSTR,,CALL,35.0,2026-07-10,4609,27497294.0,SELL,07-11 03:59,7.11 03:59，出现一笔卖出看涨期权交易，成交量为4609张，未平仓数为4609张，V/OI值为1，交易金额为27497294USD，合约行权价是35，到期日为2026/07/10
2026-07-10,US.MSTR,,PUT,100.0,2026-07-10,2500,1287500.0,SELL,07-11 02:43,7.11 02:43，出现一笔卖出看跌期权交易，成交量为2500张，未平仓数为6307张，V/OI值为0.7，交易金额为1287500USD，合约行权价是100，到期日为2026/07/10
2026-07-10,US.MSTR,,PUT,80.0,2026-07-24,5550,749250.0,SELL,07-11 02:43,7.11 02:43，出现一笔卖出看跌期权交易，成交量为5550张，未平仓数为725张，V/OI值为8.2，交易金额为749250USD，合约行权价是80，到期日为2026/07/24
2026-07-10,US.MSTR,,PUT,100.0,2026-07-24,2850,2562150.0,SELL,07-11 02:43,7.11 02:43，出现一笔卖出看跌期权交易，成交量为2850张，未平仓数为2075张，V/OI值为3.1，交易金额为2562150USD，合约行权价是100，到期日为2026/07/24
2026-07-10,US.MSTR,,PUT,100.0,2026-07-24,2700,2424600.0,SELL,07-11 02:43,7.11 02:43，出现一笔卖出看跌期权交易，成交量为2700张，未平仓数为2075张，V/OI值为1.7，交易金额为2424600USD，合约行权价是100，到期日为2026/07/24
2026-07-10,US.MSTR,,CALL,97.0,2026-07-17,2700,812700.0,SELL,07-11 01:54,7.11 01:54，出现一笔卖出看涨期权交易，成交量为2700张，未平仓数为2343张，V/OI值为1.6，交易金额为812700USD，合约行权价是97，到期日为2026/07/17
2026-07-10,US.MSTR,,PUT,80.0,2026-07-17,2000,116000.0,BUY,07-11 01:21,7.11 01:21，出现一笔买入看跌期权交易，成交量为2000张，未平仓数为13587张，V/OI值为0.3，交易金额为116000USD，合约行权价是80，到期日为2026/07/17
2026-07-10,US.MSTR,,PUT,96.5,2026-07-10,1998,471528.0,BUY,07-10 23:54,7.10 23:54，出现一笔买入看跌期权交易，成交量为1998张，未平仓数为4332张，V/OI值为0.6，交易金额为471528USD，合约行权价是96.5，到期日为2026/07/10
2026-07-10,US.MSTR,,PUT,91.5,2026-07-17,1998,599400.0,SELL,07-10 23:54,7.10 23:54，出现一笔卖出看跌期权交易，成交量为1998张，未平仓数为289张，V/OI值为7.7，交易金额为599400USD，合约行权价是91.5，到期日为2026/07/17
2026-07-10,US.MSTR,,CALL,104.0,2026-07-17,1510,202340.0,BUY,07-10 23:46,7.10 23:46，出现一笔买入看涨期权交易，成交量为1510张，未平仓数为7423张，V/OI值为1.5，交易金额为202340USD，合约行权价是104，到期日为2026/07/17
2026-07-10,US.MSTR,,CALL,97.5,2026-07-17,1510,449980.0,SELL,07-10 23:46,7.10 23:46，出现一笔卖出看涨期权交易，成交量为1510张，未平仓数为793张，V/OI值为7.9，交易金额为449980USD，合约行权价是97.5，到期日为2026/07/17
2026-07-10,US.MSTR,,CALL,97.5,2026-07-17,1840,612720.0,BUY,07-10 23:02,7.10 23:02，出现一笔买入看涨期权交易，成交量为1840张，未平仓数为793张，V/OI值为2.4，交易金额为612720USD，合约行权价是97.5，到期日为2026/07/17
2026-07-10,US.MSTR,,CALL,98.0,2026-07-17,1465,465870.0,SELL,07-10 22:56,7.10 22:56，出现一笔卖出看涨期权交易，成交量为1465张，未平仓数为8458张，V/OI值为0.3，交易金额为465870USD，合约行权价是98，到期日为2026/07/17
2026-07-10,US.MSTR,,CALL,104.0,2026-07-17,1465,231470.0,BUY,07-10 22:56,7.10 22:56，出现一笔买入看涨期权交易，成交量为1465张，未平仓数为7423张，V/OI值为0.4，交易金额为231470USD，合约行权价是104，到期日为2026/07/17
2026-07-10,US.MSTR,,CALL,100.0,2026-07-17,1846,590720.0,SELL,07-10 22:19,7.10 22:19，出现一笔卖出看涨期权交易，成交量为1846张，未平仓数为12380张，V/OI值为0.3，交易金额为590720USD，合约行权价是100，到期日为2026/07/17
2026-07-10,US.MSTR,,CALL,106.0,2026-07-17,1846,293514.0,BUY,07-10 22:19,7.10 22:19，出现一笔买入看涨期权交易，成交量为1846张，未平仓数为5382张，V/OI值为0.4，交易金额为293514USD，合约行权价是106，到期日为2026/07/17
2026-07-10,US.MSTR,,CALL,107.0,2026-07-17,2000,320000.0,SELL,07-10 22:01,7.10 22:01，出现一笔卖出看涨期权交易，成交量为2000张，未平仓数为656张，V/OI值为3.2，交易金额为320000USD，合约行权价是107，到期日为2026/07/17
2026-07-10,US.MSTR,,CALL,101.0,2026-07-17,2000,644000.0,BUY,07-10 22:01,7.10 22:01，出现一笔买入看涨期权交易，成交量为2000张，未平仓数为1072张，V/OI值为2，交易金额为644000USD，合约行权价是101，到期日为2026/07/17
2026-07-10,US.MSTR,,CALL,96.5,2026-07-10,1500,390000.0,SELL,07-10 21:46,7.10 21:46，出现一笔卖出看涨期权交易，成交量为1500张，未平仓数为3476张，V/OI值为0.5，交易金额为390000USD，合约行权价是96.5，到期日为2026/07/10
2026-07-10,US.MSTR,,CALL,108.0,2026-07-17,3000,489000.0,SELL,07-10 21:45,7.10 21:45，出现一笔卖出看涨期权交易，成交量为3000张，未平仓数为931张，V/OI值为3.3，交易金额为489000USD，合约行权价是108，到期日为2026/07/17
2026-07-10,US.MSTR,,CALL,102.0,2026-07-17,3000,990000.0,BUY,07-10 21:45,7.10 21:45，出现一笔买入看涨期权交易，成交量为3000张，未平仓数为1112张，V/OI值为2.7，交易金额为990000USD，合约行权价是102，到期日为2026/07/17
2026-07-10,US.NBIS,,PUT,175.0,2026-07-24,1500,868500.0,BUY,07-11 03:35,7.11 03:35，出现一笔买入看跌期权交易，成交量为1500张，未平仓数为348张，V/OI值为4.4，交易金额为868500USD，合约行权价是175，到期日为2026/07/24
2026-07-10,US.NBIS,,PUT,170.0,2026-07-31,1000,690000.0,BUY,07-11 01:06,7.11 01:06，出现一笔买入看跌期权交易，成交量为1000张，未平仓数为680张，V/OI值为1.5，交易金额为690000USD，合约行权价是170，到期日为2026/07/31
2026-07-10,US.NBIS,,CALL,250.0,2026-08-21,1950,5304000.0,SELL,07-11 00:20,7.11 00:20，出现一笔卖出看涨期权交易，成交量为1950张，未平仓数为16472张，V/OI值为0.1，交易金额为5304000USD，合约行权价是250，到期日为2026/08/21
2026-07-10,US.NBIS,,CALL,240.0,2026-08-21,1950,5968950.0,SELL,07-11 00:20,7.11 00:20，出现一笔卖出看涨期权交易，成交量为1950张，未平仓数为4614张，V/OI值为0.4，交易金额为5968950USD，合约行权价是240，到期日为2026/08/21
2026-07-10,US.NBIS,,PUT,210.0,2026-07-10,2951,289249.0,SELL,07-10 23:42,7.10 23:42，出现一笔卖出看跌期权交易，成交量为2951张，未平仓数为1127张，V/OI值为3.7，交易金额为289249USD，合约行权价是210，到期日为2026/07/10
2026-07-10,US.NET,,PUT,230.0,2026-07-17,750,64500.0,BUY,07-10 23:25,7.10 23:25，出现一笔买入看跌期权交易，成交量为750张，未平仓数为685张，V/OI值为1.1，交易金额为64500USD，合约行权价是230，到期日为2026/07/17
2026-07-10,US.NET,,PUT,250.0,2026-07-17,1500,339000.0,BUY,07-10 22:55,7.10 22:55，出现一笔买入看跌期权交易，成交量为1500张，未平仓数为1232张，V/OI值为1.2，交易金额为339000USD，合约行权价是250，到期日为2026/07/17
2026-07-10,US.NET,,CALL,350.0,2026-09-18,158,172220.0,BUY,07-10 22:03,7.10 22:03，出现一笔买入看涨期权交易，成交量为158张，未平仓数为457张，V/OI值为0.4，交易金额为172220USD，合约行权价是350，到期日为2026/09/18
2026-07-10,US.NET,,CALL,290.0,2026-08-21,797,1753400.0,BUY,07-10 21:34,7.10 21:34，出现一笔买入看涨期权交易，成交量为797张，未平仓数为1454张，V/OI值为0.6，交易金额为1753400USD，合约行权价是290，到期日为2026/08/21
2026-07-10,US.NOK,,CALL,18.0,2026-09-18,3652,138776.0,SELL,07-10 23:07,7.10 23:07，出现一笔卖出看涨期权交易，成交量为3652张，未平仓数为35989张，V/OI值为0.1，交易金额为138776USD，合约行权价是18，到期日为2026/09/18
2026-07-10,US.NOK,,CALL,12.0,2027-01-15,5654,1673584.0,BUY,07-10 21:31,7.10 21:31，出现一笔买入看涨期权交易，成交量为5654张，未平仓数为15700张，V/OI值为0.4，交易金额为1673584USD，合约行权价是12，到期日为2027/01/15
2026-07-10,US.NVDA,,PUT,205.0,2026-07-31,6210,3260213.0,BUY,07-11 03:40,7.11 03:40，出现一笔买入看跌期权交易，成交量为6210张，未平仓数为1722张，V/OI值为4.4，交易金额为3260213USD，合约行权价是205，到期日为2026/07/31
2026-07-10,US.NVDA,,PUT,190.0,2026-08-21,7173,2582280.0,BUY,07-11 03:29,7.11 03:29，出现一笔买入看跌期权交易，成交量为7173张，未平仓数为35797张，V/OI值为0.4，交易金额为2582280USD，合约行权价是190，到期日为2026/08/21
2026-07-10,US.NVDA,,PUT,200.0,2026-08-21,3477,2225349.0,SELL,07-11 03:19,7.11 03:19，出现一笔卖出看跌期权交易，成交量为3477张，未平仓数为45359张，V/OI值为0.2，交易金额为2225349USD，合约行权价是200，到期日为2026/08/21
2026-07-10,US.NVDA,,CALL,207.5,2026-07-10,3004,893201.0,BUY,07-11 03:10,7.11 03:10，出现一笔买入看涨期权交易，成交量为3004张，未平仓数为55370张，V/OI值为8.5，交易金额为893201USD，合约行权价是207.5，到期日为2026/07/10
2026-07-10,US.NVDA,,CALL,207.5,2026-07-10,2505,751500.0,SELL,07-11 03:08,7.11 03:08，出现一笔卖出看涨期权交易，成交量为2505张，未平仓数为55370张，V/OI值为8.5，交易金额为751500USD，合约行权价是207.5，到期日为2026/07/10
2026-07-10,US.NVDA,,PUT,197.5,2026-07-17,2776,213752.0,SELL,07-11 02:57,7.11 02:57，出现一笔卖出看跌期权交易，成交量为2776张，未平仓数为13503张，V/OI值为1，交易金额为213752USD，合约行权价是197.5，到期日为2026/07/17
2026-07-10,US.NVDA,,CALL,205.0,2026-07-13,2303,1301208.0,SELL,07-11 02:35,7.11 02:35，出现一笔卖出看涨期权交易，成交量为2303张，未平仓数为14104张，V/OI值为2.7，交易金额为1301208USD，合约行权价是205，到期日为2026/07/13
2026-07-10,US.NVDA,,CALL,200.0,2026-07-10,10000,10300000.0,BUY,07-11 02:32,7.11 02:32，出现一笔买入看涨期权交易，成交量为10000张，未平仓数为52941张，V/OI值为1，交易金额为10300000USD，合约行权价是200，到期日为2026/07/10
2026-07-10,US.NVDA,,CALL,205.0,2026-07-10,10000,5300000.0,BUY,07-11 02:32,7.11 02:32，出现一笔买入看涨期权交易，成交量为10000张，未平仓数为92473张，V/OI值为3.1，交易金额为5300000USD，合约行权价是205，到期日为2026/07/10
2026-07-10,US.NVDA,,CALL,205.0,2026-07-10,10600,5936000.0,BUY,07-11 02:26,7.11 02:26，出现一笔买入看涨期权交易，成交量为10600张，未平仓数为92473张，V/OI值为3，交易金额为5936000USD，合约行权价是205，到期日为2026/07/10
2026-07-10,US.NVDA,,CALL,200.0,2026-07-10,10600,11236000.0,BUY,07-11 02:26,7.11 02:26，出现一笔买入看涨期权交易，成交量为10600张，未平仓数为52941张，V/OI值为0.8，交易金额为11236000USD，合约行权价是200，到期日为2026/07/10
2026-07-10,US.NVDA,,CALL,220.0,2026-07-17,4108,501176.0,BUY,07-11 02:05,7.11 02:05，出现一笔买入看涨期权交易，成交量为4108张，未平仓数为82333张，V/OI值为0.6，交易金额为501176USD，合约行权价是220，到期日为2026/07/17
2026-07-10,US.NVDA,,CALL,217.5,2026-07-17,5000,865000.0,SELL,07-11 01:55,7.11 01:55，出现一笔卖出看涨期权交易，成交量为5000张，未平仓数为11164张，V/OI值为1.7，交易金额为865000USD，合约行权价是217.5，到期日为2026/07/17
2026-07-10,US.NVDA,,CALL,207.5,2026-07-10,5000,1500000.0,BUY,07-11 01:55,7.11 01:55，出现一笔买入看涨期权交易，成交量为5000张，未平仓数为55370张，V/OI值为8.3，交易金额为1500000USD，合约行权价是207.5，到期日为2026/07/10
2026-07-10,US.NVDA,,PUT,212.5,2026-07-10,3939,779923.0,BUY,07-11 01:49,7.11 01:49，出现一笔买入看跌期权交易，成交量为3939张，未平仓数为2张，V/OI值为4125，交易金额为779923USD，合约行权价是212.5，到期日为2026/07/10
2026-07-10,US.NVDA,,CALL,212.5,2026-07-13,5452,703308.0,SELL,07-11 01:47,7.11 01:47，出现一笔卖出看涨期权交易，成交量为5452张，未平仓数为4731张，V/OI值为8.5，交易金额为703308USD，合约行权价是212.5，到期日为2026/07/13
2026-07-10,US.NVDA,,PUT,210.0,2026-07-22,5668,3145720.0,BUY,07-11 01:16,7.11 01:16，出现一笔买入看跌期权交易，成交量为5668张，未平仓数为16张，V/OI值为359.6，交易金额为3145720USD，合约行权价是210，到期日为2026/07/22
2026-07-10,US.NVDA,,CALL,310.0,2026-09-18,2500,147500.0,SELL,07-11 01:09,7.11 01:09，出现一笔卖出看涨期权交易，成交量为2500张，未平仓数为38122张，V/OI值为0.1，交易金额为147500USD，合约行权价是310，到期日为2026/09/18
2026-07-10,US.NVDA,,PUT,202.5,2026-07-22,6083,1672825.0,BUY,07-11 00:56,7.11 00:56，出现一笔买入看跌期权交易，成交量为6083张，未平仓数为1129张，V/OI值为5.7，交易金额为1672825USD，合约行权价是202.5，到期日为2026/07/22
2026-07-10,US.NVDA,,CALL,250.0,2027-01-15,4052,5409420.0,SELL,07-11 00:49,7.11 00:49，出现一笔卖出看涨期权交易，成交量为4052张，未平仓数为48444张，V/OI值为0.2，交易金额为5409420USD，合约行权价是250，到期日为2027/01/15
2026-07-10,US.NVDA,,CALL,250.0,2027-01-15,4191,5730665.0,SELL,07-11 00:24,7.11 00:24，出现一笔卖出看涨期权交易，成交量为4191张，未平仓数为48444张，V/OI值为0.1，交易金额为5730665USD，合约行权价是250，到期日为2027/01/15
2026-07-10,US.NVDA,,CALL,230.0,2026-08-21,2456,1115096.0,BUY,07-11 00:20,7.11 00:20，出现一笔买入看涨期权交易，成交量为2456张，未平仓数为38839张，V/OI值为0.3，交易金额为1115096USD，合约行权价是230，到期日为2026/08/21
2026-07-10,US.NVDA,,PUT,160.0,2026-12-18,3000,1623000.0,SELL,07-11 00:00,7.11 00:00，出现一笔卖出看跌期权交易，成交量为3000张，未平仓数为35669张，V/OI值为0.1，交易金额为1623000USD，合约行权价是160，到期日为2026/12/18
2026-07-10,US.NVDA,,PUT,190.0,2026-07-17,3318,126084.0,SELL,07-10 23:49,7.10 23:49，出现一笔卖出看跌期权交易，成交量为3318张，未平仓数为45744张，V/OI值为0.2，交易金额为126084USD，合约行权价是190，到期日为2026/07/17
2026-07-10,US.NVDA,,CALL,215.0,2026-07-17,5000,1005000.0,SELL,07-10 23:46,7.10 23:46，出现一笔卖出看涨期权交易，成交量为5000张，未平仓数为56369张，V/OI值为1，交易金额为1005000USD，合约行权价是215，到期日为2026/07/17
2026-07-10,US.NVDA,,CALL,210.0,2026-07-17,5000,1945000.0,BUY,07-10 23:46,7.10 23:46，出现一笔买入看涨期权交易，成交量为5000张，未平仓数为67013张，V/OI值为1.3，交易金额为1945000USD，合约行权价是210，到期日为2026/07/17
2026-07-10,US.NVDA,,CALL,207.5,2026-07-10,5000,825000.0,BUY,07-10 23:46,7.10 23:46，出现一笔买入看涨期权交易，成交量为5000张，未平仓数为55370张，V/OI值为7.3，交易金额为825000USD，合约行权价是207.5，到期日为2026/07/10
2026-07-10,US.NVDA,,CALL,202.5,2026-07-10,2993,1807772.0,SELL,07-10 23:36,7.10 23:36，出现一笔卖出看涨期权交易，成交量为2993张，未平仓数为32407张，V/OI值为1.2，交易金额为1807772USD，合约行权价是202.5，到期日为2026/07/10
2026-07-10,US.NVDA,,CALL,217.5,2026-07-17,2993,401062.0,SELL,07-10 23:36,7.10 23:36，出现一笔卖出看涨期权交易，成交量为2993张，未平仓数为11164张，V/OI值为0.6，交易金额为401062USD，合约行权价是217.5，到期日为2026/07/17
2026-07-10,US.NVDA,,CALL,212.5,2026-07-17,2993,808110.0,BUY,07-10 23:36,7.10 23:36，出现一笔买入看涨期权交易，成交量为2993张，未平仓数为9957张，V/OI值为0.8，交易金额为808110USD，合约行权价是212.5，到期日为2026/07/17
2026-07-10,US.NVDA,,CALL,207.5,2026-07-10,2993,439971.0,SELL,07-10 23:36,7.10 23:36，出现一笔卖出看涨期权交易，成交量为2993张，未平仓数为55370张，V/OI值为6.9，交易金额为439971USD，合约行权价是207.5，到期日为2026/07/10
2026-07-10,US.NVDA,,CALL,207.5,2026-07-15,5122,2099964.0,BUY,07-10 23:34,7.10 23:34，出现一笔买入看涨期权交易，成交量为5122张，未平仓数为2022张，V/OI值为4.8，交易金额为2099964USD，合约行权价是207.5，到期日为2026/07/15
2026-07-10,US.NVDA,,PUT,90.0,2027-01-15,3000,141000.0,BUY,07-10 23:09,7.10 23:09，出现一笔买入看跌期权交易，成交量为3000张，未平仓数为27187张，V/OI值为0.1，交易金额为141000USD，合约行权价是90，到期日为2027/01/15
2026-07-10,US.NVDA,,CALL,202.5,2026-07-10,4994,1897689.0,BUY,07-10 22:56,7.10 22:56，出现一笔买入看涨期权交易，成交量为4994张，未平仓数为32407张，V/OI值为1，交易金额为1897689USD，合约行权价是202.5，到期日为2026/07/10
2026-07-10,US.NVDA,,CALL,215.0,2026-07-17,6800,1271600.0,BUY,07-10 22:36,7.10 22:36，出现一笔买入看涨期权交易，成交量为6800张，未平仓数为56369张，V/OI值为0.6，交易金额为1271600USD，合约行权价是215，到期日为2026/07/17
2026-07-10,US.NVDA,,CALL,210.0,2026-07-17,6800,2352800.0,SELL,07-10 22:36,7.10 22:36，出现一笔卖出看涨期权交易，成交量为6800张，未平仓数为67013张，V/OI值为0.9，交易金额为2352800USD，合约行权价是210，到期日为2026/07/17
2026-07-10,US.NVDA,,CALL,215.0,2026-07-17,9958,1822314.0,BUY,07-10 22:31,7.10 22:31，出现一笔买入看涨期权交易，成交量为9958张，未平仓数为56369张，V/OI值为0.5，交易金额为1822314USD，合约行权价是215，到期日为2026/07/17
2026-07-10,US.NVDA,,CALL,210.0,2026-07-17,9958,3385720.0,SELL,07-10 22:31,7.10 22:31，出现一笔卖出看涨期权交易，成交量为9958张，未平仓数为67013张，V/OI值为0.8，交易金额为3385720USD，合约行权价是210，到期日为2026/07/17
2026-07-10,US.NVDA,,CALL,215.0,2026-07-17,3359,554235.0,BUY,07-10 22:26,7.10 22:26，出现一笔买入看涨期权交易，成交量为3359张，未平仓数为56369张，V/OI值为0.2，交易金额为554235USD，合约行权价是215，到期日为2026/07/17
2026-07-10,US.NVDA,,CALL,210.0,2026-07-17,3359,1058085.0,SELL,07-10 22:26,7.10 22:26，出现一笔卖出看涨期权交易，成交量为3359张，未平仓数为67013张，V/OI值为0.5，交易金额为1058085USD，合约行权价是210，到期日为2026/07/17
2026-07-10,US.NVDA,,CALL,227.5,2026-07-17,3073,101409.0,SELL,07-10 22:15,7.10 22:15，出现一笔卖出看涨期权交易，成交量为3073张，未平仓数为2036张，V/OI值为2，交易金额为101409USD，合约行权价是227.5，到期日为2026/07/17
2026-07-10,US.NVDA,,CALL,210.0,2026-07-17,3484,1114826.0,BUY,07-10 21:58,7.10 21:58，出现一笔买入看涨期权交易，成交量为3484张，未平仓数为67013张，V/OI值为0.3，交易金额为1114826USD，合约行权价是210，到期日为2026/07/17
2026-07-10,US.NVDA,,CALL,205.0,2026-07-22,3946,2564853.0,BUY,07-10 21:53,7.10 21:53，出现一笔买入看涨期权交易，成交量为3946张，未平仓数为1054张，V/OI值为4.2，交易金额为2564853USD，合约行权价是205，到期日为2026/07/22
2026-07-10,US.NVDA,,CALL,205.0,2026-07-17,3956,1978000.0,BUY,07-10 21:48,7.10 21:48，出现一笔买入看涨期权交易，成交量为3956张，未平仓数为30047张，V/OI值为0.5，交易金额为1978000USD，合约行权价是205，到期日为2026/07/17
2026-07-10,US.NVDA,,PUT,200.0,2026-07-22,6155,2277330.0,BUY,07-10 21:45,7.10 21:45，出现一笔买入看跌期权交易，成交量为6155张，未平仓数为241张，V/OI值为25.6，交易金额为2277330USD，合约行权价是200，到期日为2026/07/22
2026-07-10,US.NVDA,,CALL,207.5,2026-07-10,3002,108072.0,BUY,07-10 21:31,7.10 21:31，出现一笔买入看涨期权交易，成交量为3002张，未平仓数为55370张，V/OI值为0.1，交易金额为108072USD，合约行权价是207.5，到期日为2026/07/10
2026-07-10,US.OKLO,,PUT,55.0,2026-09-18,240,285120.0,SELL,07-10 23:55,7.10 23:55，出现一笔卖出看跌期权交易，成交量为240张，未平仓数为2185张，V/OI值为0.2，交易金额为285120USD，合约行权价是55，到期日为2026/09/18
2026-07-10,US.OKLO,,PUT,55.0,2026-09-18,240,285120.0,SELL,07-10 23:55,7.10 23:55，出现一笔卖出看跌期权交易，成交量为240张，未平仓数为2185张，V/OI值为0.1，交易金额为285120USD，合约行权价是55，到期日为2026/09/18
2026-07-10,US.ORCL,,CALL,230.0,2026-11-20,1155,473570.0,SELL,07-11 03:02,7.11 03:02，出现一笔卖出看涨期权交易，成交量为1155张，未平仓数为2381张，V/OI值为0.5，交易金额为473570USD，合约行权价是230，到期日为2026/11/20
2026-07-10,US.ORCL,,CALL,162.5,2026-07-17,2000,80000.0,SELL,07-11 01:11,7.11 01:11，出现一笔卖出看涨期权交易，成交量为2000张，未平仓数为4294张，V/OI值为0.6，交易金额为80000USD，合约行权价是162.5，到期日为2026/07/17
2026-07-10,US.ORCL,,CALL,165.0,2026-09-18,2000,1826000.0,BUY,07-11 01:11,7.11 01:11，出现一笔买入看涨期权交易，成交量为2000张，未平仓数为2452张，V/OI值为1.2，交易金额为1826000USD，合约行权价是165，到期日为2026/09/18
2026-07-10,US.ORCL,,CALL,135.0,2026-07-17,2000,1710000.0,SELL,07-11 01:09,7.11 01:09，出现一笔卖出看涨期权交易，成交量为2000张，未平仓数为1127张，V/OI值为3.7，交易金额为1710000USD，合约行权价是135，到期日为2026/07/17
2026-07-10,US.ORCL,,CALL,150.0,2026-07-17,1121,211869.0,SELL,07-11 01:07,7.11 01:07，出现一笔卖出看涨期权交易，成交量为1121张，未平仓数为14719张，V/OI值为0.8，交易金额为211869USD，合约行权价是150，到期日为2026/07/17
2026-07-10,US.ORCL,,CALL,140.0,2026-07-24,1000,795000.0,SELL,07-11 00:54,7.11 00:54，出现一笔卖出看涨期权交易，成交量为1000张，未平仓数为316张，V/OI值为4，交易金额为795000USD，合约行权价是140，到期日为2026/07/24
2026-07-10,US.ORCL,,PUT,140.0,2026-07-17,2163,648954.0,SELL,07-11 00:51,7.11 00:51，出现一笔卖出看跌期权交易，成交量为2163张，未平仓数为8732张，V/OI值为0.5，交易金额为648954USD，合约行权价是140，到期日为2026/07/17
2026-07-10,US.ORCL,,CALL,145.0,2026-07-17,2000,610000.0,BUY,07-11 00:17,7.11 00:17，出现一笔买入看涨期权交易，成交量为2000张，未平仓数为6817张，V/OI值为1，交易金额为610000USD，合约行权价是145，到期日为2026/07/17
2026-07-10,US.ORCL,,CALL,135.0,2026-07-17,2000,1620000.0,BUY,07-11 00:14,7.11 00:14，出现一笔买入看涨期权交易，成交量为2000张，未平仓数为1127张，V/OI值为1.9，交易金额为1620000USD，合约行权价是135，到期日为2026/07/17
2026-07-10,US.ORCL,,CALL,190.0,2026-08-21,1000,158000.0,BUY,07-10 22:41,7.10 22:41，出现一笔买入看涨期权交易，成交量为1000张，未平仓数为3969张，V/OI值为0.5，交易金额为158000USD，合约行权价是190，到期日为2026/08/21
2026-07-10,US.ORCL,,PUT,144.0,2026-07-10,1553,512490.0,BUY,07-10 22:32,7.10 22:32，出现一笔买入看跌期权交易，成交量为1553张，未平仓数为535张，V/OI值为3.2，交易金额为512490USD，合约行权价是144，到期日为2026/07/10
2026-07-10,US.PLTR,,CALL,130.0,2026-07-17,2479,473507.0,SELL,07-11 03:58,7.11 03:58，出现一笔卖出看涨期权交易，成交量为2479张，未平仓数为16990张，V/OI值为1.1，交易金额为473507USD，合约行权价是130，到期日为2026/07/17
2026-07-10,US.PLTR,,CALL,122.0,2026-07-10,1140,558600.0,SELL,07-11 03:45,7.11 03:45，出现一笔卖出看涨期权交易，成交量为1140张，未平仓数为1890张，V/OI值为0.8，交易金额为558600USD，合约行权价是122，到期日为2026/07/10
2026-07-10,US.PLTR,,CALL,119.0,2026-07-10,1140,900600.0,SELL,07-11 03:45,7.11 03:45，出现一笔卖出看涨期权交易，成交量为1140张，未平仓数为1420张，V/OI值为0.9，交易金额为900600USD，合约行权价是119，到期日为2026/07/10
2026-07-10,US.PLTR,,PUT,135.0,2026-07-17,1425,1296750.0,BUY,07-11 03:18,7.11 03:18，出现一笔买入看跌期权交易，成交量为1425张，未平仓数为10120张，V/OI值为0.2，交易金额为1296750USD，合约行权价是135，到期日为2026/07/17
2026-07-10,US.PLTR,,PUT,130.0,2026-07-10,1500,535500.0,SELL,07-11 02:34,7.11 02:34，出现一笔卖出看跌期权交易，成交量为1500张，未平仓数为5594张，V/OI值为0.8，交易金额为535500USD，合约行权价是130，到期日为2026/07/10
2026-07-10,US.PLTR,,PUT,115.0,2026-07-24,3000,342000.0,SELL,07-11 02:34,7.11 02:34，出现一笔卖出看跌期权交易，成交量为3000张，未平仓数为1177张，V/OI值为2.7，交易金额为342000USD，合约行权价是115，到期日为2026/07/24
2026-07-10,US.PLTR,,PUT,132.0,2026-07-24,3000,2451000.0,SELL,07-11 02:34,7.11 02:34，出现一笔卖出看跌期权交易，成交量为3000张，未平仓数为190张，V/OI值为15.8，交易金额为2451000USD，合约行权价是132，到期日为2026/07/24
2026-07-10,US.PLTR,,CALL,140.0,2026-08-21,1301,722053.0,BUY,07-11 02:25,7.11 02:25，出现一笔买入看涨期权交易，成交量为1301张，未平仓数为21542张，V/OI值为0.1，交易金额为722053USD，合约行权价是140，到期日为2026/08/21
2026-07-10,US.PLTR,,CALL,130.0,2026-07-17,1080,250560.0,BUY,07-10 23:52,7.10 23:52，出现一笔买入看涨期权交易，成交量为1080张，未平仓数为16990张，V/OI值为0.4，交易金额为250560USD，合约行权价是130，到期日为2026/07/17
2026-07-10,US.PLTR,,CALL,125.0,2026-11-20,1200,2347200.0,BUY,07-10 23:49,7.10 23:49，出现一笔买入看涨期权交易，成交量为1200张，未平仓数为990张，V/OI值为2.5，交易金额为2347200USD，合约行权价是125，到期日为2026/11/20
2026-07-10,US.PLTR,,CALL,150.0,2026-11-20,1200,1267200.0,SELL,07-10 23:49,7.10 23:49，出现一笔卖出看涨期权交易，成交量为1200张，未平仓数为2546张，V/OI值为1，交易金额为1267200USD，合约行权价是150，到期日为2026/11/20
2026-07-10,US.PLTR,,CALL,190.0,2026-09-18,1110,139860.0,BUY,07-10 23:25,7.10 23:25，出现一笔买入看涨期权交易，成交量为1110张，未平仓数为8520张，V/OI值为0.1，交易金额为139860USD，合约行权价是190，到期日为2026/09/18
2026-07-10,US.PLTR,,CALL,131.0,2026-07-17,1250,221250.0,BUY,07-10 23:14,7.10 23:14，出现一笔买入看涨期权交易，成交量为1250张，未平仓数为961张，V/OI值为12.9，交易金额为221250USD，合约行权价是131，到期日为2026/07/17
2026-07-10,US.PLTR,,CALL,131.0,2026-07-17,1929,341433.0,BUY,07-10 23:14,7.10 23:14，出现一笔买入看涨期权交易，成交量为1929张，未平仓数为961张，V/OI值为11.6，交易金额为341433USD，合约行权价是131，到期日为2026/07/17
2026-07-10,US.PLTR,,CALL,131.0,2026-07-17,4194,742338.0,BUY,07-10 23:14,7.10 23:14，出现一笔买入看涨期权交易，成交量为4194张，未平仓数为961张，V/OI值为9.6，交易金额为742338USD，合约行权价是131，到期日为2026/07/17
2026-07-10,US.PLTR,,CALL,128.0,2026-07-17,1250,353750.0,SELL,07-10 23:14,7.10 23:14，出现一笔卖出看涨期权交易，成交量为1250张，未平仓数为1577张，V/OI值为8.2，交易金额为353750USD，合约行权价是128，到期日为2026/07/17
2026-07-10,US.PLTR,,CALL,128.0,2026-07-17,1929,545907.0,SELL,07-10 23:14,7.10 23:14，出现一笔卖出看涨期权交易，成交量为1929张，未平仓数为1577张，V/OI值为7.4，交易金额为545907USD，合约行权价是128，到期日为2026/07/17
2026-07-10,US.PLTR,,CALL,128.0,2026-07-17,4194,1186902.0,SELL,07-10 23:14,7.10 23:14，出现一笔卖出看涨期权交易，成交量为4194张，未平仓数为1577张，V/OI值为6.2，交易金额为1186902USD，合约行权价是128，到期日为2026/07/17
2026-07-10,US.PLTR,,CALL,130.0,2026-07-31,2373,1139040.0,SELL,07-10 22:33,7.10 22:33，出现一笔卖出看涨期权交易，成交量为2373张，未平仓数为3783张，V/OI值为0.9，交易金额为1139040USD，合约行权价是130，到期日为2026/07/31
2026-07-10,US.PLTR,,PUT,90.0,2026-12-18,2000,890000.0,BUY,07-10 22:08,7.10 22:08，出现一笔买入看跌期权交易，成交量为2000张，未平仓数为4588张，V/OI值为0.4，交易金额为890000USD，合约行权价是90，到期日为2026/12/18
2026-07-10,US.QCOM,,PUT,190.0,2026-07-10,1040,145600.0,BUY,07-11 03:29,7.11 03:29，出现一笔买入看跌期权交易，成交量为1040张，未平仓数为6528张，V/OI值为0.4，交易金额为145600USD，合约行权价是190，到期日为2026/07/10
2026-07-10,US.QCOM,,CALL,192.5,2026-07-17,1601,773283.0,BUY,07-10 23:43,7.10 23:43，出现一笔买入看涨期权交易，成交量为1601张，未平仓数为119张，V/OI值为14.8，交易金额为773283USD，合约行权价是192.5，到期日为2026/07/17
2026-07-10,US.QCOM,,CALL,197.5,2026-07-17,1601,512320.0,BUY,07-10 23:43,7.10 23:43，出现一笔买入看涨期权交易，成交量为1601张，未平仓数为70张，V/OI值为28.1，交易金额为512320USD，合约行权价是197.5，到期日为2026/07/17
2026-07-10,US.RDDT,,CALL,240.0,2026-08-21,300,230102.0,BUY,07-11 03:59,7.11 03:59，出现一笔买入看涨期权交易，成交量为300张，未平仓数为1700张，V/OI值为0.5，交易金额为230102USD，合约行权价是240，到期日为2026/08/21
2026-07-10,US.RDDT,,CALL,200.0,2026-07-17,611,250503.0,BUY,07-11 03:46,7.11 03:46，出现一笔买入看涨期权交易，成交量为611张，未平仓数为5195张，V/OI值为0.3，交易金额为250503USD，合约行权价是200，到期日为2026/07/17
2026-07-10,US.RDDT,,CALL,180.0,2026-07-10,895,1276270.0,SELL,07-11 02:45,7.11 02:45，出现一笔卖出看涨期权交易，成交量为895张，未平仓数为1222张，V/OI值为0.8，交易金额为1276270USD，合约行权价是180，到期日为2026/07/10
2026-07-10,US.RDDT,,CALL,205.0,2026-08-07,939,1323187.0,SELL,07-11 02:45,7.11 02:45，出现一笔卖出看涨期权交易，成交量为939张，未平仓数为67张，V/OI值为14.4，交易金额为1323187USD，合约行权价是205，到期日为2026/08/07
2026-07-10,US.RDDT,,PUT,220.0,2026-08-21,222,788085.0,BUY,07-10 23:11,7.10 23:11，出现一笔买入看跌期权交易，成交量为222张，未平仓数为71张，V/OI值为3.1，交易金额为788085USD，合约行权价是220，到期日为2026/08/21
2026-07-10,US.RDDT,,CALL,202.5,2026-07-17,1137,558267.0,BUY,07-10 22:26,7.10 22:26，出现一笔买入看涨期权交易，成交量为1137张，未平仓数为45张，V/OI值为37.3，交易金额为558267USD，合约行权价是202.5，到期日为2026/07/17
2026-07-10,US.RDDT,,PUT,180.0,2026-07-17,1137,220578.0,SELL,07-10 22:26,7.10 22:26，出现一笔卖出看跌期权交易，成交量为1137张，未平仓数为1334张，V/OI值为1.2，交易金额为220578USD，合约行权价是180，到期日为2026/07/17
2026-07-10,US.SAP,,CALL,155.0,2026-08-21,271,352309.0,SELL,07-10 21:43,7.10 21:43，出现一笔卖出看涨期权交易，成交量为271张，未平仓数为87张，V/OI值为3.1，交易金额为352309USD，合约行权价是155，到期日为2026/08/21
2026-07-10,US.SMCI,,CALL,29.5,2026-07-17,2051,192794.0,SELL,07-11 02:07,7.11 02:07，出现一笔卖出看涨期权交易，成交量为2051张，未平仓数为817张，V/OI值为48，交易金额为192794USD，合约行权价是29.5，到期日为2026/07/17
2026-07-10,US.SMCI,,CALL,29.5,2026-07-17,1613,151622.0,SELL,07-11 02:07,7.11 02:07，出现一笔卖出看涨期权交易，成交量为1613张，未平仓数为817张，V/OI值为45.5，交易金额为151622USD，合约行权价是29.5，到期日为2026/07/17
2026-07-10,US.SMCI,,CALL,29.5,2026-07-17,1201,112894.0,SELL,07-11 02:07,7.11 02:07，出现一笔卖出看涨期权交易，成交量为1201张，未平仓数为817张，V/OI值为43.5，交易金额为112894USD，合约行权价是29.5，到期日为2026/07/17
2026-07-10,US.SMCI,,CALL,29.5,2026-07-17,1200,112800.0,SELL,07-11 02:07,7.11 02:07，出现一笔卖出看涨期权交易，成交量为1200张，未平仓数为817张，V/OI值为42，交易金额为112800USD，合约行权价是29.5，到期日为2026/07/17
2026-07-10,US.SMCI,,CALL,31.5,2026-07-17,2051,90244.0,BUY,07-11 02:07,7.11 02:07，出现一笔买入看涨期权交易，成交量为2051张，未平仓数为1100张，V/OI值为35.5，交易金额为90244USD，合约行权价是31.5，到期日为2026/07/17
2026-07-10,US.SMCI,,CALL,28.5,2026-07-10,3798,170910.0,BUY,07-11 00:27,7.11 00:27，出现一笔买入看涨期权交易，成交量为3798张，未平仓数为13794张，V/OI值为0.4，交易金额为170910USD，合约行权价是28.5，到期日为2026/07/10
2026-07-10,US.SMCI,,CALL,29.5,2026-07-17,1200,117600.0,SELL,07-11 00:27,7.11 00:27，出现一笔卖出看涨期权交易，成交量为1200张，未平仓数为817张，V/OI值为40.1，交易金额为117600USD，合约行权价是29.5，到期日为2026/07/17
2026-07-10,US.SMCI,,CALL,29.5,2026-07-17,3798,372204.0,SELL,07-11 00:27,7.11 00:27，出现一笔卖出看涨期权交易，成交量为3798张，未平仓数为817张，V/OI值为38.6，交易金额为372204USD，合约行权价是29.5，到期日为2026/07/17
2026-07-10,US.SMCI,,CALL,29.5,2026-07-17,3177,295461.0,SELL,07-10 23:22,7.10 23:22，出现一笔卖出看涨期权交易，成交量为3177张，未平仓数为817张，V/OI值为33.6，交易金额为295461USD，合约行权价是29.5，到期日为2026/07/17
2026-07-10,US.SMCI,,CALL,29.5,2026-07-17,2000,186000.0,SELL,07-10 23:22,7.10 23:22，出现一笔卖出看涨期权交易，成交量为2000张，未平仓数为817张，V/OI值为29.7，交易金额为186000USD，合约行权价是29.5，到期日为2026/07/17
2026-07-10,US.SMCI,,CALL,29.5,2026-07-17,2000,186000.0,SELL,07-10 23:22,7.10 23:22，出现一笔卖出看涨期权交易，成交量为2000张，未平仓数为817张，V/OI值为27.2，交易金额为186000USD，合约行权价是29.5，到期日为2026/07/17
2026-07-10,US.SMCI,,CALL,31.5,2026-07-17,3177,130257.0,BUY,07-10 23:22,7.10 23:22，出现一笔买入看涨期权交易，成交量为3177张，未平仓数为1100张，V/OI值为25.1，交易金额为130257USD，合约行权价是31.5，到期日为2026/07/17
2026-07-10,US.SMCI,,CALL,31.0,2026-07-17,2500,115000.0,BUY,07-10 22:51,7.10 22:51，出现一笔买入看涨期权交易，成交量为2500张，未平仓数为5020张，V/OI值为0.6，交易金额为115000USD，合约行权价是31，到期日为2026/07/17
2026-07-10,US.SMCI,,PUT,28.0,2027-01-15,4850,3108850.0,SELL,07-10 22:41,7.10 22:41，出现一笔卖出看跌期权交易，成交量为4850张，未平仓数为2142张，V/OI值为2.3，交易金额为3108850USD，合约行权价是28，到期日为2027/01/15
2026-07-10,US.SMCI,,CALL,29.5,2026-07-17,3413,354952.0,SELL,07-10 21:59,7.10 21:59，出现一笔卖出看涨期权交易，成交量为3413张，未平仓数为817张，V/OI值为23.9，交易金额为354952USD，合约行权价是29.5，到期日为2026/07/17
2026-07-10,US.SMCI,,CALL,29.5,2026-07-17,2584,268736.0,SELL,07-10 21:59,7.10 21:59，出现一笔卖出看涨期权交易，成交量为2584张，未平仓数为817张，V/OI值为19.7，交易金额为268736USD，合约行权价是29.5，到期日为2026/07/17
2026-07-10,US.SMCI,,CALL,29.5,2026-07-17,1286,133744.0,SELL,07-10 21:59,7.10 21:59，出现一笔卖出看涨期权交易，成交量为1286张，未平仓数为817张，V/OI值为16.5，交易金额为133744USD，合约行权价是29.5，到期日为2026/07/17
2026-07-10,US.SMCI,,CALL,29.5,2026-07-17,1250,130000.0,SELL,07-10 21:59,7.10 21:59，出现一笔卖出看涨期权交易，成交量为1250张，未平仓数为817张，V/OI值为14.9，交易金额为130000USD，合约行权价是29.5，到期日为2026/07/17
2026-07-10,US.SMCI,,CALL,31.5,2026-07-17,3413,167237.0,BUY,07-10 21:59,7.10 21:59，出现一笔买入看涨期权交易，成交量为3413张，未平仓数为1100张，V/OI值为17.8，交易金额为167237USD，合约行权价是31.5，到期日为2026/07/17
2026-07-10,US.SMCI,,CALL,31.5,2026-07-17,2584,126616.0,BUY,07-10 21:59,7.10 21:59，出现一笔买入看涨期权交易，成交量为2584张，未平仓数为1100张，V/OI值为14.7，交易金额为126616USD，合约行权价是31.5，到期日为2026/07/17
2026-07-10,US.SMCI,,CALL,29.5,2026-07-17,4399,378314.0,SELL,07-10 21:44,7.10 21:44，出现一笔卖出看涨期权交易，成交量为4399张，未平仓数为817张，V/OI值为12.5，交易金额为378314USD，合约行权价是29.5，到期日为2026/07/17
2026-07-10,US.SMCI,,CALL,29.5,2026-07-17,3354,288444.0,SELL,07-10 21:44,7.10 21:44，出现一笔卖出看涨期权交易，成交量为3354张，未平仓数为817张，V/OI值为7.1，交易金额为288444USD，合约行权价是29.5，到期日为2026/07/17
2026-07-10,US.SMCI,,CALL,29.5,2026-07-17,1200,103200.0,SELL,07-10 21:44,7.10 21:44，出现一笔卖出看涨期权交易，成交量为1200张，未平仓数为817张，V/OI值为3，交易金额为103200USD，合约行权价是29.5，到期日为2026/07/17
2026-07-10,US.SMCI,,CALL,29.5,2026-07-17,1200,103200.0,SELL,07-10 21:44,7.10 21:44，出现一笔卖出看涨期权交易，成交量为1200张，未平仓数为817张，V/OI值为1.5，交易金额为103200USD，合约行权价是29.5，到期日为2026/07/17
2026-07-10,US.SMCI,,CALL,31.5,2026-07-17,4399,175960.0,BUY,07-10 21:44,7.10 21:44，出现一笔买入看涨期权交易，成交量为4399张，未平仓数为1100张，V/OI值为9.3，交易金额为175960USD，合约行权价是31.5，到期日为2026/07/17
2026-07-10,US.SMCI,,CALL,31.5,2026-07-17,3354,134160.0,BUY,07-10 21:44,7.10 21:44，出现一笔买入看涨期权交易，成交量为3354张，未平仓数为1100张，V/OI值为5.3，交易金额为134160USD，合约行权价是31.5，到期日为2026/07/17
2026-07-10,US.SNOW,,PUT,300.0,2026-12-18,262,1735226.0,BUY,07-11 02:46,7.11 02:46，出现一笔买入看跌期权交易，成交量为262张，未平仓数为22张，V/OI值为14.2，交易金额为1735226USD，合约行权价是300，到期日为2026/12/18
2026-07-10,US.SNOW,,CALL,300.0,2027-09-17,288,1975680.0,SELL,07-10 21:47,7.10 21:47，出现一笔卖出看涨期权交易，成交量为288张，未平仓数为640张，V/OI值为0.5，交易金额为1975680USD，合约行权价是300，到期日为2027/09/17
2026-07-10,US.SNOW,,CALL,320.0,2027-12-17,288,2029248.0,BUY,07-10 21:47,7.10 21:47，出现一笔买入看涨期权交易，成交量为288张，未平仓数为101张，V/OI值为3，交易金额为2029248USD，合约行权价是320，到期日为2027/12/17
2026-07-10,US.SOFI,,PUT,17.0,2026-08-21,1000,83000.0,SELL,07-11 03:57,7.11 03:57，出现一笔卖出看跌期权交易，成交量为1000张，未平仓数为5165张，V/OI值为0.4，交易金额为83000USD，合约行权价是17，到期日为2026/08/21
2026-07-10,US.SOFI,,CALL,20.0,2026-07-31,49167,3884193.0,BUY,07-11 03:48,7.11 03:48，出现一笔买入看涨期权交易，成交量为49167张，未平仓数为10570张，V/OI值为5，交易金额为3884193USD，合约行权价是20，到期日为2026/07/31
2026-07-10,US.SOFI,,CALL,23.0,2026-07-31,49167,885006.0,SELL,07-11 03:48,7.11 03:48，出现一笔卖出看涨期权交易，成交量为49167张，未平仓数为4693张，V/OI值为10.7，交易金额为885006USD，合约行权价是23，到期日为2026/07/31
2026-07-10,US.SOFI,,CALL,17.0,2026-07-10,1259,229138.0,SELL,07-11 02:47,7.11 02:47，出现一笔卖出看涨期权交易，成交量为1259张，未平仓数为10351张，V/OI值为0.8，交易金额为229138USD，合约行权价是17，到期日为2026/07/10
2026-07-10,US.SOFI,,CALL,17.0,2026-07-10,1258,223924.0,BUY,07-11 02:46,7.11 02:46，出现一笔买入看涨期权交易，成交量为1258张，未平仓数为10351张，V/OI值为0.5，交易金额为223924USD，合约行权价是17，到期日为2026/07/10
2026-07-10,US.SOFI,,CALL,19.5,2026-08-07,1258,138380.0,SELL,07-11 02:46,7.11 02:46，出现一笔卖出看涨期权交易，成交量为1258张，未平仓数为770张，V/OI值为6.3，交易金额为138380USD，合约行权价是19.5，到期日为2026/08/07
2026-07-10,US.SOFI,,CALL,19.5,2026-07-31,1000,102000.0,SELL,07-11 00:38,7.11 00:38，出现一笔卖出看涨期权交易，成交量为1000张，未平仓数为2471张，V/OI值为2.3，交易金额为102000USD，合约行权价是19.5，到期日为2026/07/31
2026-07-10,US.SOFI,,CALL,19.5,2026-07-31,2000,212000.0,BUY,07-10 23:49,7.10 23:49，出现一笔买入看涨期权交易，成交量为2000张，未平仓数为2471张，V/OI值为1.9，交易金额为212000USD，合约行权价是19.5，到期日为2026/07/31
2026-07-10,US.SOFI,,CALL,19.5,2026-07-31,1994,197406.0,SELL,07-10 23:43,7.10 23:43，出现一笔卖出看涨期权交易，成交量为1994张，未平仓数为2471张，V/OI值为1.1，交易金额为197406USD，合约行权价是19.5，到期日为2026/07/31
2026-07-10,US.SOFI,,CALL,18.0,2026-07-17,1000,108000.0,SELL,07-10 23:42,7.10 23:42，出现一笔卖出看涨期权交易，成交量为1000张，未平仓数为28350张，V/OI值为0.2，交易金额为108000USD，合约行权价是18，到期日为2026/07/17
2026-07-10,US.SOFI,,CALL,19.0,2026-08-21,1367,296162.0,BUY,07-10 21:38,7.10 21:38，出现一笔买入看涨期权交易，成交量为1367张，未平仓数为17973张，V/OI值为0.1，交易金额为296162USD，合约行权价是19，到期日为2026/08/21
2026-07-10,US.SOFI,,PUT,25.0,2027-03-19,2000,1512000.0,BUY,07-10 21:36,7.10 21:36，出现一笔买入看跌期权交易，成交量为2000张，未平仓数为1217张，V/OI值为1.6，交易金额为1512000USD，合约行权价是25，到期日为2027/03/19
2026-07-10,US.SOFI,,PUT,25.0,2026-12-18,2000,1382000.0,SELL,07-10 21:36,7.10 21:36，出现一笔卖出看跌期权交易，成交量为2000张，未平仓数为8252张，V/OI值为0.2，交易金额为1382000USD，合约行权价是25，到期日为2026/12/18
2026-07-10,US.SOFI,,CALL,20.0,2026-11-20,1000,310000.0,BUY,07-10 21:36,7.10 21:36，出现一笔买入看涨期权交易，成交量为1000张，未平仓数为5434张，V/OI值为0.3，交易金额为310000USD，合约行权价是20，到期日为2026/11/20
2026-07-10,US.SOFI,,CALL,19.0,2026-07-17,2801,232483.0,BUY,07-10 21:32,7.10 21:32，出现一笔买入看涨期权交易，成交量为2801张，未平仓数为32890张，V/OI值为0.1，交易金额为232483USD，合约行权价是19，到期日为2026/07/17
2026-07-10,US.TEAM,,PUT,75.0,2026-12-18,155,156550.0,SELL,07-11 02:58,7.11 02:58，出现一笔卖出看跌期权交易，成交量为155张，未平仓数为322张，V/OI值为0.6，交易金额为156550USD，合约行权价是75，到期日为2026/12/18
2026-07-10,US.TSLA,,CALL,415.0,2026-07-15,1544,872360.0,BUY,07-11 03:46,7.11 03:46，出现一笔买入看涨期权交易，成交量为1544张，未平仓数为2420张，V/OI值为3.2，交易金额为872360USD，合约行权价是415，到期日为2026/07/15
2026-07-10,US.TSLA,,CALL,427.5,2026-07-24,1136,1056469.0,BUY,07-11 03:37,7.11 03:37，出现一笔买入看涨期权交易，成交量为1136张，未平仓数为0张，V/OI值为0，交易金额为1056469USD，合约行权价是427.5，到期日为2026/07/24
2026-07-10,US.TSLA,,CALL,420.0,2026-08-07,1081,1800946.0,SELL,07-11 02:51,7.11 02:51，出现一笔卖出看涨期权交易，成交量为1081张，未平仓数为3488张，V/OI值为0.4，交易金额为1800946USD，合约行权价是420，到期日为2026/08/07
2026-07-10,US.TSLA,,CALL,410.0,2026-07-10,1055,148176.0,BUY,07-11 02:16,7.11 02:16，出现一笔买入看涨期权交易，成交量为1055张，未平仓数为12942张，V/OI值为23.6，交易金额为148176USD，合约行权价是410，到期日为2026/07/10
2026-07-10,US.TSLA,,CALL,410.0,2026-07-10,1162,116198.0,BUY,07-11 02:00,7.11 02:00，出现一笔买入看涨期权交易，成交量为1162张，未平仓数为12942张，V/OI值为21.8，交易金额为116198USD，合约行权价是410，到期日为2026/07/10
2026-07-10,US.TSLA,,CALL,450.0,2026-07-17,1675,137350.0,SELL,07-11 01:34,7.11 01:34，出现一笔卖出看涨期权交易，成交量为1675张，未平仓数为22145张，V/OI值为0.4，交易金额为137350USD，合约行权价是450，到期日为2026/07/17
2026-07-10,US.TSLA,,CALL,415.0,2026-07-17,1758,1350144.0,BUY,07-11 01:24,7.11 01:24，出现一笔买入看涨期权交易，成交量为1758张，未平仓数为8467张，V/OI值为1.3，交易金额为1350144USD，合约行权价是415，到期日为2026/07/17
2026-07-10,US.TSLA,,CALL,405.0,2026-07-10,1758,963384.0,SELL,07-11 01:24,7.11 01:24，出现一笔卖出看涨期权交易，成交量为1758张，未平仓数为12247张，V/OI值为2.5，交易金额为963384USD，合约行权价是405，到期日为2026/07/10
2026-07-10,US.TSLA,,CALL,427.5,2026-07-17,1758,627606.0,SELL,07-11 01:24,7.11 01:24，出现一笔卖出看涨期权交易，成交量为1758张，未平仓数为439张，V/OI值为5.7，交易金额为627606USD，合约行权价是427.5，到期日为2026/07/17
2026-07-10,US.TSLA,,PUT,360.0,2028-12-15,1000,7940000.0,SELL,07-11 01:19,7.11 01:19，出现一笔卖出看跌期权交易，成交量为1000张，未平仓数为730张，V/OI值为1.4，交易金额为7940000USD，合约行权价是360，到期日为2028/12/15
2026-07-10,US.TSLA,,CALL,560.0,2028-12-15,1000,10210000.0,BUY,07-11 01:19,7.11 01:19，出现一笔买入看涨期权交易，成交量为1000张，未平仓数为5292张，V/OI值为0.2，交易金额为10210000USD，合约行权价是560，到期日为2028/12/15
2026-07-10,US.TSLA,,CALL,420.0,2026-07-15,1000,405000.0,SELL,07-11 01:08,7.11 01:08，出现一笔卖出看涨期权交易，成交量为1000张，未平仓数为10625张，V/OI值为1.2，交易金额为405000USD，合约行权价是420，到期日为2026/07/15
2026-07-10,US.TSLA,,CALL,420.0,2026-07-15,1015,411075.0,SELL,07-11 01:07,7.11 01:07，出现一笔卖出看涨期权交易，成交量为1015张，未平仓数为10625张，V/OI值为1.1，交易金额为411075USD，合约行权价是420，到期日为2026/07/15
2026-07-10,US.TSLA,,CALL,600.0,2027-12-17,1905,10668000.0,BUY,07-11 00:51,7.11 00:51，出现一笔买入看涨期权交易，成交量为1905张，未平仓数为3098张，V/OI值为1.6，交易金额为10668000USD，合约行权价是600，到期日为2027/12/17
2026-07-10,US.TSLA,,CALL,430.0,2026-07-17,2075,715851.0,BUY,07-11 00:44,7.11 00:44，出现一笔买入看涨期权交易，成交量为2075张，未平仓数为28919张，V/OI值为0.3，交易金额为715851USD，合约行权价是430，到期日为2026/07/17
2026-07-10,US.TSLA,,CALL,415.0,2026-07-20,1000,940000.0,SELL,07-11 00:44,7.11 00:44，出现一笔卖出看涨期权交易，成交量为1000张，未平仓数为1006张，V/OI值为2.6，交易金额为940000USD，合约行权价是415，到期日为2026/07/20
2026-07-10,US.TSLA,,PUT,410.0,2026-07-10,1116,145090.0,BUY,07-11 00:36,7.11 00:36，出现一笔买入看跌期权交易，成交量为1116张，未平仓数为2613张，V/OI值为21.1，交易金额为145090USD，合约行权价是410，到期日为2026/07/10
2026-07-10,US.TSLA,,CALL,430.0,2026-07-24,1000,940000.0,SELL,07-11 00:23,7.11 00:23，出现一笔卖出看涨期权交易，成交量为1000张，未平仓数为6495张，V/OI值为0.5，交易金额为940000USD，合约行权价是430，到期日为2026/07/24
2026-07-10,US.TSLA,,CALL,430.0,2026-07-24,1000,935000.0,SELL,07-11 00:16,7.11 00:16，出现一笔卖出看涨期权交易，成交量为1000张，未平仓数为6495张，V/OI值为0.4，交易金额为935000USD，合约行权价是430，到期日为2026/07/24
2026-07-10,US.TSLA,,CALL,412.5,2026-07-10,1017,127086.0,SELL,07-11 00:10,7.11 00:10，出现一笔卖出看涨期权交易，成交量为1017张，未平仓数为4020张，V/OI值为29.9，交易金额为127086USD，合约行权价是412.5，到期日为2026/07/10
2026-07-10,US.TSLA,,CALL,420.0,2026-07-17,1606,891291.0,BUY,07-10 23:54,7.10 23:54，出现一笔买入看涨期权交易，成交量为1606张，未平仓数为16885张，V/OI值为0.8，交易金额为891291USD，合约行权价是420，到期日为2026/07/17
2026-07-10,US.TSLA,,CALL,500.0,2026-12-18,1029,2623950.0,BUY,07-10 23:34,7.10 23:34，出现一笔买入看涨期权交易，成交量为1029张，未平仓数为17806张，V/OI值为0.1，交易金额为2623950USD，合约行权价是500，到期日为2026/12/18
2026-07-10,US.TSLA,,CALL,407.5,2026-07-13,1198,521148.0,SELL,07-10 23:04,7.10 23:04，出现一笔卖出看涨期权交易，成交量为1198张，未平仓数为1616张，V/OI值为6.3，交易金额为521148USD，合约行权价是407.5，到期日为2026/07/13
2026-07-10,US.TSLA,,PUT,417.5,2026-07-10,1300,1436500.0,SELL,07-10 23:02,7.10 23:02，出现一笔卖出看跌期权交易，成交量为1300张，未平仓数为1794张，V/OI值为2.6，交易金额为1436500USD，合约行权价是417.5，到期日为2026/07/10
2026-07-10,US.TSLA,,PUT,420.0,2026-07-10,1300,1761500.0,BUY,07-10 23:02,7.10 23:02，出现一笔买入看跌期权交易，成交量为1300张，未平仓数为2469张，V/OI值为4.9，交易金额为1761500USD，合约行权价是420，到期日为2026/07/10
2026-07-10,US.TSLA,,PUT,420.0,2026-07-13,1300,1874600.0,SELL,07-10 23:02,7.10 23:02，出现一笔卖出看跌期权交易，成交量为1300张，未平仓数为404张，V/OI值为11.5，交易金额为1874600USD，合约行权价是420，到期日为2026/07/13
2026-07-10,US.TSLA,,CALL,400.0,2026-07-10,1422,1228608.0,SELL,07-10 22:48,7.10 22:48，出现一笔卖出看涨期权交易，成交量为1422张，未平仓数为13533张，V/OI值为1.9，交易金额为1228608USD，合约行权价是400，到期日为2026/07/10
2026-07-10,US.TSLA,,CALL,395.0,2026-07-10,1422,1896948.0,BUY,07-10 22:48,7.10 22:48，出现一笔买入看涨期权交易，成交量为1422张，未平仓数为5122张，V/OI值为1.4，交易金额为1896948USD，合约行权价是395，到期日为2026/07/10
2026-07-10,US.TSLA,,CALL,412.5,2026-07-10,1151,166900.0,BUY,07-10 22:20,7.10 22:20，出现一笔买入看涨期权交易，成交量为1151张，未平仓数为4020张，V/OI值为13.5，交易金额为166900USD，合约行权价是412.5，到期日为2026/07/10
2026-07-10,US.TSLA,,PUT,402.5,2026-07-10,1924,413418.0,BUY,07-10 21:40,7.10 21:40，出现一笔买入看跌期权交易，成交量为1924张，未平仓数为2204张，V/OI值为2.2，交易金额为413418USD，合约行权价是402.5，到期日为2026/07/10
2026-07-10,US.TSLA,,CALL,417.5,2026-07-10,1154,115400.0,SELL,07-10 21:38,7.10 21:38，出现一笔卖出看涨期权交易，成交量为1154张，未平仓数为5498张，V/OI值为2.1，交易金额为115400USD，合约行权价是417.5，到期日为2026/07/10
2026-07-10,US.TSLA,,CALL,400.0,2026-07-10,1989,2138175.0,BUY,07-10 21:37,7.10 21:37，出现一笔买入看涨期权交易，成交量为1989张，未平仓数为13533张，V/OI值为0.3，交易金额为2138175USD，合约行权价是400，到期日为2026/07/10
2026-07-10,US.TSLA,,CALL,415.0,2026-07-10,1034,278395.0,BUY,07-10 21:34,7.10 21:34，出现一笔买入看涨期权交易，成交量为1034张，未平仓数为7242张，V/OI值为2，交易金额为278395USD，合约行权价是415，到期日为2026/07/10
2026-07-10,US.TSLA,,CALL,600.0,2027-12-17,1922,10763200.0,BUY,07-10 21:33,7.10 21:33，出现一笔买入看涨期权交易，成交量为1922张，未平仓数为3098张，V/OI值为0.8，交易金额为10763200USD，合约行权价是600，到期日为2027/12/17
2026-07-10,US.TSLA,,CALL,420.0,2026-07-20,1000,820000.0,BUY,07-10 21:33,7.10 21:33，出现一笔买入看涨期权交易，成交量为1000张，未平仓数为2383张，V/OI值为0.5，交易金额为820000USD，合约行权价是420，到期日为2026/07/20
2026-07-10,US.TSLA,,CALL,420.0,2026-07-15,1003,551647.0,BUY,07-10 21:33,7.10 21:33，出现一笔买入看涨期权交易，成交量为1003张，未平仓数为10625张，V/OI值为0.2，交易金额为551647USD，合约行权价是420，到期日为2026/07/15
2026-07-10,US.TSM,,PUT,390.0,2026-07-17,2000,442000.0,BUY,07-11 01:43,7.11 01:43，出现一笔买入看跌期权交易，成交量为2000张，未平仓数为8235张，V/OI值为0.3，交易金额为442000USD，合约行权价是390，到期日为2026/07/17
2026-07-10,US.TSM,,CALL,460.0,2026-07-31,1609,2389327.0,BUY,07-11 01:38,7.11 01:38，出现一笔买入看涨期权交易，成交量为1609张，未平仓数为867张，V/OI值为1.9，交易金额为2389327USD，合约行权价是460，到期日为2026/07/31
2026-07-10,US.TSM,,PUT,405.0,2026-07-17,5000,1730000.0,SELL,07-11 00:59,7.11 00:59，出现一笔卖出看跌期权交易，成交量为5000张，未平仓数为12319张，V/OI值为0.5，交易金额为1730000USD，合约行权价是405，到期日为2026/07/17
2026-07-10,US.TSM,,PUT,320.0,2026-09-18,1000,465000.0,BUY,07-10 21:48,7.10 21:48，出现一笔买入看跌期权交易，成交量为1000张，未平仓数为7487张，V/OI值为0.1，交易金额为465000USD，合约行权价是320，到期日为2026/09/18
2026-07-10,US.TSM,,CALL,460.0,2026-07-17,2417,1220591.0,SELL,07-10 21:42,7.10 21:42，出现一笔卖出看涨期权交易，成交量为2417张，未平仓数为6697张，V/OI值为0.4，交易金额为1220591USD，合约行权价是460，到期日为2026/07/17
2026-07-10,US.TWLO,,CALL,200.0,2026-08-21,243,721714.0,SELL,07-11 02:34,7.11 02:34，出现一笔卖出看涨期权交易，成交量为243张，未平仓数为304张，V/OI值为0.9，交易金额为721714USD，合约行权价是200，到期日为2026/08/21
2026-07-10,US.VST,,CALL,180.0,2026-12-18,200,316600.0,SELL,07-11 02:33,7.11 02:33，出现一笔卖出看涨期权交易，成交量为200张，未平仓数为266张，V/OI值为7.5，交易金额为316600USD，合约行权价是180，到期日为2026/12/18
2026-07-10,US.VST,,CALL,180.0,2026-12-18,200,316400.0,SELL,07-11 02:30,7.11 02:30，出现一笔卖出看涨期权交易，成交量为200张，未平仓数为266张，V/OI值为6.8，交易金额为316400USD，合约行权价是180，到期日为2026/12/18
2026-07-10,US.VST,,CALL,170.0,2026-09-18,200,219600.0,BUY,07-11 02:30,7.11 02:30，出现一笔买入看涨期权交易，成交量为200张，未平仓数为2636张，V/OI值为0.1，交易金额为219600USD，合约行权价是170，到期日为2026/09/18
2026-07-10,US.VST,,CALL,180.0,2026-12-18,1500,2365500.0,BUY,07-11 01:15,7.11 01:15，出现一笔买入看涨期权交易，成交量为1500张，未平仓数为266张，V/OI值为5.6，交易金额为2365500USD，合约行权价是180，到期日为2026/12/18
2026-07-10,US.VST,,CALL,180.0,2026-09-18,1500,1165500.0,SELL,07-11 01:15,7.11 01:15，出现一笔卖出看涨期权交易，成交量为1500张，未平仓数为3351张，V/OI值为0.5，交易金额为1165500USD，合约行权价是180，到期日为2026/09/18
